[22:04:53 INF] Microsoft.Hosting.Lifetime Now listening on: http://localhost:5213
[22:04:53 INF] Microsoft.Hosting.Lifetime Application started. Press Ctrl+C to shut down.
[22:04:53 INF] Microsoft.Hosting.Lifetime Hosting environment: Development
[22:04:53 INF] Microsoft.Hosting.Lifetime Content root path: /Users/lukaosojnik/Documents/Coding/simple-bloomberg-terminal/simple-bloomberg-terminal
[22:04:53 INF] simple_bloomberg_terminal.Services.Provisioning.WeeklyVolumeRefreshService Weekly volume refresh: 7 companies with stale volume
[22:04:53 INF] System.Net.Http.HttpClient.IStockApiClient.LogicalHandler Start processing HTTP request GET https://www.sec.gov/files/company_tickers.json
[22:04:53 INF] System.Net.Http.HttpClient.IStockApiClient.ClientHandler Sending HTTP request GET https://www.sec.gov/files/company_tickers.json
[22:04:53 INF] System.Net.Http.HttpClient.IStockApiClient.ClientHandler Received HTTP response headers after 206.9075ms - 200
[22:04:53 INF] System.Net.Http.HttpClient.IStockApiClient.LogicalHandler End processing HTTP request after 211.823ms - 200
[22:04:53 INF] System.Net.Http.HttpClient.IYahooFinanceClient.LogicalHandler Start processing HTTP request GET https://query1.finance.yahoo.com/v8/finance/chart/MMM?*
[22:04:53 INF] System.Net.Http.HttpClient.IYahooFinanceClient.ClientHandler Sending HTTP request GET https://query1.finance.yahoo.com/v8/finance/chart/MMM?*
[22:04:54 INF] System.Net.Http.HttpClient.IYahooFinanceClient.ClientHandler Received HTTP response headers after 390.1841ms - 200
[22:04:54 INF] System.Net.Http.HttpClient.IYahooFinanceClient.LogicalHandler End processing HTTP request after 390.6384ms - 200
[22:04:54 INF] simple_bloomberg_terminal.Services.Provisioning.WeeklyVolumeRefreshService Company 143: appended 10 new weekly bars
[22:04:54 INF] System.Net.Http.HttpClient.IStockApiClient.LogicalHandler Start processing HTTP request GET https://www.sec.gov/files/company_tickers.json
[22:04:54 INF] System.Net.Http.HttpClient.IStockApiClient.ClientHandler Sending HTTP request GET https://www.sec.gov/files/company_tickers.json
[22:04:54 INF] System.Net.Http.HttpClient.IStockApiClient.ClientHandler Received HTTP response headers after 84.1181ms - 200
[22:04:54 INF] System.Net.Http.HttpClient.IStockApiClient.LogicalHandler End processing HTTP request after 86.033ms - 200
[22:04:54 INF] System.Net.Http.HttpClient.IYahooFinanceClient.LogicalHandler Start processing HTTP request GET https://query1.finance.yahoo.com/v8/finance/chart/ABBV?*
[22:04:54 INF] System.Net.Http.HttpClient.IYahooFinanceClient.ClientHandler Sending HTTP request GET https://query1.finance.yahoo.com/v8/finance/chart/ABBV?*
[22:04:54 INF] System.Net.Http.HttpClient.IYahooFinanceClient.ClientHandler Received HTTP response headers after 93.2748ms - 200
[22:04:54 INF] System.Net.Http.HttpClient.IYahooFinanceClient.LogicalHandler End processing HTTP request after 97.1227ms - 200
[22:04:54 INF] simple_bloomberg_terminal.Services.Provisioning.WeeklyVolumeRefreshService Company 157: appended 9 new weekly bars
[22:04:54 INF] System.Net.Http.HttpClient.IStockApiClient.LogicalHandler Start processing HTTP request GET https://www.sec.gov/files/company_tickers.json
[22:04:54 INF] System.Net.Http.HttpClient.IStockApiClient.ClientHandler Sending HTTP request GET https://www.sec.gov/files/company_tickers.json
[22:04:54 INF] System.Net.Http.HttpClient.IStockApiClient.ClientHandler Received HTTP response headers after 29.6473ms - 200
[22:04:54 INF] System.Net.Http.HttpClient.IStockApiClient.LogicalHandler End processing HTTP request after 30.0318ms - 200
[22:04:54 INF] System.Net.Http.HttpClient.IYahooFinanceClient.LogicalHandler Start processing HTTP request GET https://query1.finance.yahoo.com/v8/finance/chart/ABT?*
[22:04:54 INF] System.Net.Http.HttpClient.IYahooFinanceClient.ClientHandler Sending HTTP request GET https://query1.finance.yahoo.com/v8/finance/chart/ABT?*
[22:04:55 INF] System.Net.Http.HttpClient.IYahooFinanceClient.ClientHandler Received HTTP response headers after 148.9779ms - 200
[22:04:55 INF] System.Net.Http.HttpClient.IYahooFinanceClient.LogicalHandler End processing HTTP request after 149.4872ms - 200
[22:04:55 INF] simple_bloomberg_terminal.Services.Provisioning.WeeklyVolumeRefreshService Company 189: appended 9 new weekly bars
[22:04:55 INF] System.Net.Http.HttpClient.IStockApiClient.LogicalHandler Start processing HTTP request GET https://www.sec.gov/files/company_tickers.json
[22:04:55 INF] System.Net.Http.HttpClient.IStockApiClient.ClientHandler Sending HTTP request GET https://www.sec.gov/files/company_tickers.json
[22:04:55 INF] System.Net.Http.HttpClient.IStockApiClient.ClientHandler Received HTTP response headers after 42.6993ms - 200
[22:04:55 INF] System.Net.Http.HttpClient.IStockApiClient.LogicalHandler End processing HTTP request after 42.9865ms - 200
[22:04:55 INF] System.Net.Http.HttpClient.IYahooFinanceClient.LogicalHandler Start processing HTTP request GET https://query1.finance.yahoo.com/v8/finance/chart/FANG?*
[22:04:55 INF] System.Net.Http.HttpClient.IYahooFinanceClient.ClientHandler Sending HTTP request GET https://query1.finance.yahoo.com/v8/finance/chart/FANG?*
[22:04:55 INF] System.Net.Http.HttpClient.IYahooFinanceClient.ClientHandler Received HTTP response headers after 84.9353ms - 200
[22:04:55 INF] System.Net.Http.HttpClient.IYahooFinanceClient.LogicalHandler End processing HTTP request after 85.2505ms - 200
[22:04:55 INF] simple_bloomberg_terminal.Services.Provisioning.WeeklyVolumeRefreshService Company 379: appended 9 new weekly bars
[22:04:55 INF] System.Net.Http.HttpClient.IStockApiClient.LogicalHandler Start processing HTTP request GET https://www.sec.gov/files/company_tickers.json
[22:04:55 INF] System.Net.Http.HttpClient.IStockApiClient.ClientHandler Sending HTTP request GET https://www.sec.gov/files/company_tickers.json
[22:04:55 INF] System.Net.Http.HttpClient.IStockApiClient.ClientHandler Received HTTP response headers after 65.8468ms - 200
[22:04:55 INF] System.Net.Http.HttpClient.IStockApiClient.LogicalHandler End processing HTTP request after 66.1581ms - 200
[22:04:55 INF] System.Net.Http.HttpClient.IYahooFinanceClient.LogicalHandler Start processing HTTP request GET https://query1.finance.yahoo.com/v8/finance/chart/GME?*
[22:04:55 INF] System.Net.Http.HttpClient.IYahooFinanceClient.ClientHandler Sending HTTP request GET https://query1.finance.yahoo.com/v8/finance/chart/GME?*
[22:04:55 INF] System.Net.Http.HttpClient.IYahooFinanceClient.ClientHandler Received HTTP response headers after 134.8912ms - 200
[22:04:55 INF] System.Net.Http.HttpClient.IYahooFinanceClient.LogicalHandler End processing HTTP request after 135.1674ms - 200
[22:04:55 INF] simple_bloomberg_terminal.Services.Provisioning.WeeklyVolumeRefreshService Company 486: appended 9 new weekly bars
[22:04:55 INF] System.Net.Http.HttpClient.IStockApiClient.LogicalHandler Start processing HTTP request GET https://www.sec.gov/files/company_tickers.json
[22:04:55 INF] System.Net.Http.HttpClient.IStockApiClient.ClientHandler Sending HTTP request GET https://www.sec.gov/files/company_tickers.json
[22:04:55 INF] System.Net.Http.HttpClient.IStockApiClient.ClientHandler Received HTTP response headers after 86.5381ms - 200
[22:04:55 INF] System.Net.Http.HttpClient.IStockApiClient.LogicalHandler End processing HTTP request after 86.7863ms - 200
[22:04:55 INF] System.Net.Http.HttpClient.IYahooFinanceClient.LogicalHandler Start processing HTTP request GET https://query1.finance.yahoo.com/v8/finance/chart/WEN?*
[22:04:55 INF] System.Net.Http.HttpClient.IYahooFinanceClient.ClientHandler Sending HTTP request GET https://query1.finance.yahoo.com/v8/finance/chart/WEN?*
[22:04:55 INF] System.Net.Http.HttpClient.IYahooFinanceClient.ClientHandler Received HTTP response headers after 106.9144ms - 200
[22:04:55 INF] System.Net.Http.HttpClient.IYahooFinanceClient.LogicalHandler End processing HTTP request after 107.2025ms - 200
[22:04:55 INF] simple_bloomberg_terminal.Services.Provisioning.WeeklyVolumeRefreshService Company 487: appended 9 new weekly bars
[22:04:55 INF] System.Net.Http.HttpClient.IStockApiClient.LogicalHandler Start processing HTTP request GET https://www.sec.gov/files/company_tickers.json
[22:04:55 INF] System.Net.Http.HttpClient.IStockApiClient.ClientHandler Sending HTTP request GET https://www.sec.gov/files/company_tickers.json
[22:04:55 INF] System.Net.Http.HttpClient.IStockApiClient.ClientHandler Received HTTP response headers after 40.0294ms - 200
[22:04:55 INF] System.Net.Http.HttpClient.IStockApiClient.LogicalHandler End processing HTTP request after 40.2903ms - 200
[22:04:55 INF] System.Net.Http.HttpClient.IYahooFinanceClient.LogicalHandler Start processing HTTP request GET https://query1.finance.yahoo.com/v8/finance/chart/AOS?*
[22:04:55 INF] System.Net.Http.HttpClient.IYahooFinanceClient.ClientHandler Sending HTTP request GET https://query1.finance.yahoo.com/v8/finance/chart/AOS?*
[22:04:56 INF] System.Net.Http.HttpClient.IYahooFinanceClient.ClientHandler Received HTTP response headers after 135.2909ms - 200
[22:04:56 INF] System.Net.Http.HttpClient.IYahooFinanceClient.LogicalHandler End processing HTTP request after 135.5783ms - 200
[22:04:56 INF] simple_bloomberg_terminal.Services.Provisioning.WeeklyVolumeRefreshService Company 606: appended 9 new weekly bars
[22:04:58 WRN] Microsoft.EntityFrameworkCore.Query Compiling a query which loads related collections for more than one collection navigation, either via 'Include' or through projection, but no 'QuerySplittingBehavior' has been configured. By default, Entity Framework will use 'QuerySplittingBehavior.SingleQuery', which can potentially result in slow query performance. See https://go.microsoft.com/fwlink/?linkid=2134277 for more information. To identify the query that's triggering this warning call 'ConfigureWarnings(w => w.Throw(RelationalEventId.MultipleCollectionIncludeWarning))'.
[22:05:03 INF] simple_bloomberg_terminal.Areas.Identity.Pages.Account.ExternalLoginModel Luka Osojnik signed in with Google.
[22:05:16 WRN] LuckyPennySoftware.AutoMapper.License You do not have a valid license key for the Lucky Penny software AutoMapper. This is allowed for development and testing scenarios. If you are running in production you are required to have a licensed version. Please visit https://luckypennysoftware.com to obtain a valid license.
[22:05:16 INF] System.Net.Http.HttpClient.IStockApiClient.LogicalHandler Start processing HTTP request GET https://data.sec.gov/submissions/CIK0001375365.json
[22:05:16 INF] System.Net.Http.HttpClient.IStockApiClient.ClientHandler Sending HTTP request GET https://data.sec.gov/submissions/CIK0001375365.json
[22:05:17 INF] System.Net.Http.HttpClient.IStockApiClient.ClientHandler Received HTTP response headers after 285.5092ms - 200
[22:05:17 INF] System.Net.Http.HttpClient.IStockApiClient.LogicalHandler End processing HTTP request after 286.0961ms - 200
[22:05:20 WRN] simple_bloomberg_terminal.Services.ApiKeys.UserApiKeyProvider Stored API key could not be decrypted — the Data Protection key ring no longer holds the key it was encrypted with. The key will be reported as missing until it is re-saved.
System.Security.Cryptography.CryptographicException: The key {93d47a26-1add-4d11-a217-ed3d2e0e6d92} was not found in the key ring. For more information go to https://aka.ms/aspnet/dataprotectionwarning
   at Microsoft.AspNetCore.DataProtection.KeyManagement.KeyRingBasedDataProtector.Unprotect(Byte[] protectedData)
   at Microsoft.AspNetCore.DataProtection.DataProtectionCommonExtensions.Unprotect(IDataProtector protector, String protectedData)
   at simple_bloomberg_terminal.Services.ApiKeys.UserApiKeyProvider.Decrypt(String cipher) in /Users/lukaosojnik/Documents/Coding/simple-bloomberg-terminal/simple-bloomberg-terminal/Services/ApiKeys/UserApiKeyProvider.cs:line 100
[22:05:21 WRN] simple_bloomberg_terminal.Services.ApiKeys.UserApiKeyProvider Stored API key could not be decrypted — the Data Protection key ring no longer holds the key it was encrypted with. The key will be reported as missing until it is re-saved.
System.Security.Cryptography.CryptographicException: The key {93d47a26-1add-4d11-a217-ed3d2e0e6d92} was not found in the key ring. For more information go to https://aka.ms/aspnet/dataprotectionwarning
   at Microsoft.AspNetCore.DataProtection.KeyManagement.KeyRingBasedDataProtector.Unprotect(Byte[] protectedData)
   at Microsoft.AspNetCore.DataProtection.DataProtectionCommonExtensions.Unprotect(IDataProtector protector, String protectedData)
   at simple_bloomberg_terminal.Services.ApiKeys.UserApiKeyProvider.Decrypt(String cipher) in /Users/lukaosojnik/Documents/Coding/simple-bloomberg-terminal/simple-bloomberg-terminal/Services/ApiKeys/UserApiKeyProvider.cs:line 100
[22:05:21 WRN] simple_bloomberg_terminal.Services.ApiKeys.UserApiKeyProvider Stored API key could not be decrypted — the Data Protection key ring no longer holds the key it was encrypted with. The key will be reported as missing until it is re-saved.
System.Security.Cryptography.CryptographicException: The key {93d47a26-1add-4d11-a217-ed3d2e0e6d92} was not found in the key ring. For more information go to https://aka.ms/aspnet/dataprotectionwarning
   at Microsoft.AspNetCore.DataProtection.KeyManagement.KeyRingBasedDataProtector.Unprotect(Byte[] protectedData)
   at Microsoft.AspNetCore.DataProtection.DataProtectionCommonExtensions.Unprotect(IDataProtector protector, String protectedData)
   at simple_bloomberg_terminal.Services.ApiKeys.UserApiKeyProvider.Decrypt(String cipher) in /Users/lukaosojnik/Documents/Coding/simple-bloomberg-terminal/simple-bloomberg-terminal/Services/ApiKeys/UserApiKeyProvider.cs:line 100
[22:05:26 WRN] simple_bloomberg_terminal.Services.ApiKeys.UserApiKeyProvider Stored API key could not be decrypted — the Data Protection key ring no longer holds the key it was encrypted with. The key will be reported as missing until it is re-saved.
System.Security.Cryptography.CryptographicException: The key {93d47a26-1add-4d11-a217-ed3d2e0e6d92} was not found in the key ring. For more information go to https://aka.ms/aspnet/dataprotectionwarning
   at Microsoft.AspNetCore.DataProtection.KeyManagement.KeyRingBasedDataProtector.Unprotect(Byte[] protectedData)
   at Microsoft.AspNetCore.DataProtection.DataProtectionCommonExtensions.Unprotect(IDataProtector protector, String protectedData)
   at simple_bloomberg_terminal.Services.ApiKeys.UserApiKeyProvider.Decrypt(String cipher) in /Users/lukaosojnik/Documents/Coding/simple-bloomberg-terminal/simple-bloomberg-terminal/Services/ApiKeys/UserApiKeyProvider.cs:line 100
[22:05:26 WRN] simple_bloomberg_terminal.Services.ApiKeys.UserApiKeyProvider Stored API key could not be decrypted — the Data Protection key ring no longer holds the key it was encrypted with. The key will be reported as missing until it is re-saved.
System.Security.Cryptography.CryptographicException: The key {93d47a26-1add-4d11-a217-ed3d2e0e6d92} was not found in the key ring. For more information go to https://aka.ms/aspnet/dataprotectionwarning
   at Microsoft.AspNetCore.DataProtection.KeyManagement.KeyRingBasedDataProtector.Unprotect(Byte[] protectedData)
   at Microsoft.AspNetCore.DataProtection.DataProtectionCommonExtensions.Unprotect(IDataProtector protector, String protectedData)
   at simple_bloomberg_terminal.Services.ApiKeys.UserApiKeyProvider.Decrypt(String cipher) in /Users/lukaosojnik/Documents/Coding/simple-bloomberg-terminal/simple-bloomberg-terminal/Services/ApiKeys/UserApiKeyProvider.cs:line 100
[22:05:26 WRN] simple_bloomberg_terminal.Services.ApiKeys.UserApiKeyProvider Stored API key could not be decrypted — the Data Protection key ring no longer holds the key it was encrypted with. The key will be reported as missing until it is re-saved.
System.Security.Cryptography.CryptographicException: The key {93d47a26-1add-4d11-a217-ed3d2e0e6d92} was not found in the key ring. For more information go to https://aka.ms/aspnet/dataprotectionwarning
   at Microsoft.AspNetCore.DataProtection.KeyManagement.KeyRingBasedDataProtector.Unprotect(Byte[] protectedData)
   at Microsoft.AspNetCore.DataProtection.DataProtectionCommonExtensions.Unprotect(IDataProtector protector, String protectedData)
   at simple_bloomberg_terminal.Services.ApiKeys.UserApiKeyProvider.Decrypt(String cipher) in /Users/lukaosojnik/Documents/Coding/simple-bloomberg-terminal/simple-bloomberg-terminal/Services/ApiKeys/UserApiKeyProvider.cs:line 100
[22:05:28 WRN] simple_bloomberg_terminal.Services.ApiKeys.UserApiKeyProvider Stored API key could not be decrypted — the Data Protection key ring no longer holds the key it was encrypted with. The key will be reported as missing until it is re-saved.
System.Security.Cryptography.CryptographicException: The key {93d47a26-1add-4d11-a217-ed3d2e0e6d92} was not found in the key ring. For more information go to https://aka.ms/aspnet/dataprotectionwarning
   at Microsoft.AspNetCore.DataProtection.KeyManagement.KeyRingBasedDataProtector.Unprotect(Byte[] protectedData)
   at Microsoft.AspNetCore.DataProtection.DataProtectionCommonExtensions.Unprotect(IDataProtector protector, String protectedData)
   at simple_bloomberg_terminal.Services.ApiKeys.UserApiKeyProvider.Decrypt(String cipher) in /Users/lukaosojnik/Documents/Coding/simple-bloomberg-terminal/simple-bloomberg-terminal/Services/ApiKeys/UserApiKeyProvider.cs:line 100
[22:05:28 WRN] simple_bloomberg_terminal.Services.ApiKeys.UserApiKeyProvider Stored API key could not be decrypted — the Data Protection key ring no longer holds the key it was encrypted with. The key will be reported as missing until it is re-saved.
System.Security.Cryptography.CryptographicException: The key {93d47a26-1add-4d11-a217-ed3d2e0e6d92} was not found in the key ring. For more information go to https://aka.ms/aspnet/dataprotectionwarning
   at Microsoft.AspNetCore.DataProtection.KeyManagement.KeyRingBasedDataProtector.Unprotect(Byte[] protectedData)
   at Microsoft.AspNetCore.DataProtection.DataProtectionCommonExtensions.Unprotect(IDataProtector protector, String protectedData)
   at simple_bloomberg_terminal.Services.ApiKeys.UserApiKeyProvider.Decrypt(String cipher) in /Users/lukaosojnik/Documents/Coding/simple-bloomberg-terminal/simple-bloomberg-terminal/Services/ApiKeys/UserApiKeyProvider.cs:line 100
[22:05:28 WRN] simple_bloomberg_terminal.Services.ApiKeys.UserApiKeyProvider Stored API key could not be decrypted — the Data Protection key ring no longer holds the key it was encrypted with. The key will be reported as missing until it is re-saved.
System.Security.Cryptography.CryptographicException: The key {93d47a26-1add-4d11-a217-ed3d2e0e6d92} was not found in the key ring. For more information go to https://aka.ms/aspnet/dataprotectionwarning
   at Microsoft.AspNetCore.DataProtection.KeyManagement.KeyRingBasedDataProtector.Unprotect(Byte[] protectedData)
   at Microsoft.AspNetCore.DataProtection.DataProtectionCommonExtensions.Unprotect(IDataProtector protector, String protectedData)
   at simple_bloomberg_terminal.Services.ApiKeys.UserApiKeyProvider.Decrypt(String cipher) in /Users/lukaosojnik/Documents/Coding/simple-bloomberg-terminal/simple-bloomberg-terminal/Services/ApiKeys/UserApiKeyProvider.cs:line 100
[22:12:13 INF] Microsoft.Hosting.Lifetime Application is shutting down...
[22:13:10 INF] Microsoft.Hosting.Lifetime Now listening on: http://localhost:5213
[22:13:10 INF] Microsoft.Hosting.Lifetime Application started. Press Ctrl+C to shut down.
[22:13:10 INF] Microsoft.Hosting.Lifetime Hosting environment: Development
[22:13:10 INF] Microsoft.Hosting.Lifetime Content root path: /Users/lukaosojnik/Documents/Coding/simple-bloomberg-terminal/simple-bloomberg-terminal
[22:13:12 WRN] Microsoft.EntityFrameworkCore.Query Compiling a query which loads related collections for more than one collection navigation, either via 'Include' or through projection, but no 'QuerySplittingBehavior' has been configured. By default, Entity Framework will use 'QuerySplittingBehavior.SingleQuery', which can potentially result in slow query performance. See https://go.microsoft.com/fwlink/?linkid=2134277 for more information. To identify the query that's triggering this warning call 'ConfigureWarnings(w => w.Throw(RelationalEventId.MultipleCollectionIncludeWarning))'.
[22:13:40 WRN] LuckyPennySoftware.AutoMapper.License You do not have a valid license key for the Lucky Penny software AutoMapper. This is allowed for development and testing scenarios. If you are running in production you are required to have a licensed version. Please visit https://luckypennysoftware.com to obtain a valid license.
[22:13:40 INF] System.Net.Http.HttpClient.IStockApiClient.LogicalHandler Start processing HTTP request GET https://data.sec.gov/submissions/CIK0001375365.json
[22:13:40 INF] System.Net.Http.HttpClient.IStockApiClient.ClientHandler Sending HTTP request GET https://data.sec.gov/submissions/CIK0001375365.json
[22:13:40 INF] System.Net.Http.HttpClient.IStockApiClient.ClientHandler Received HTTP response headers after 414.3526ms - 200
[22:13:40 INF] System.Net.Http.HttpClient.IStockApiClient.LogicalHandler End processing HTTP request after 420.7652ms - 200
[22:13:47 INF] System.Net.Http.HttpClient.IStockApiClient.LogicalHandler Start processing HTTP request GET https://www.sec.gov/Archives/edgar/data/1375365/000137536525000027/smci-20250630.htm
[22:13:47 INF] System.Net.Http.HttpClient.IStockApiClient.ClientHandler Sending HTTP request GET https://www.sec.gov/Archives/edgar/data/1375365/000137536525000027/smci-20250630.htm
[22:13:47 INF] System.Net.Http.HttpClient.IStockApiClient.ClientHandler Received HTTP response headers after 236.785ms - 200
[22:13:47 INF] System.Net.Http.HttpClient.IStockApiClient.LogicalHandler End processing HTTP request after 241.5153ms - 200
[22:13:48 INF] System.Net.Http.HttpClient.IDeepSeekClient.LogicalHandler Start processing HTTP request POST https://api.deepseek.com/chat/completions
[22:13:48 INF] System.Net.Http.HttpClient.IDeepSeekClient.ClientHandler Sending HTTP request POST https://api.deepseek.com/chat/completions
[22:13:48 INF] System.Net.Http.HttpClient.IDeepSeekClient.ClientHandler Received HTTP response headers after 489.9922ms - 200
[22:13:48 INF] System.Net.Http.HttpClient.IDeepSeekClient.LogicalHandler End processing HTTP request after 490.436ms - 200
[22:13:49 INF] System.Net.Http.HttpClient.IStockApiClient.LogicalHandler Start processing HTTP request GET https://www.sec.gov/Archives/edgar/data/1375365/000137536525000027/smci-20250630.htm
[22:13:49 INF] System.Net.Http.HttpClient.IStockApiClient.ClientHandler Sending HTTP request GET https://www.sec.gov/Archives/edgar/data/1375365/000137536525000027/smci-20250630.htm
[22:13:49 INF] System.Net.Http.HttpClient.IStockApiClient.ClientHandler Received HTTP response headers after 74.9439ms - 200
[22:13:49 INF] System.Net.Http.HttpClient.IStockApiClient.LogicalHandler End processing HTTP request after 75.674ms - 200
[22:14:24 INF] System.Net.Http.HttpClient.IStockApiClient.LogicalHandler Start processing HTTP request GET https://www.sec.gov/Archives/edgar/data/1375365/000137536525000027/FilingSummary.xml
[22:14:24 INF] System.Net.Http.HttpClient.IStockApiClient.ClientHandler Sending HTTP request GET https://www.sec.gov/Archives/edgar/data/1375365/000137536525000027/FilingSummary.xml
[22:14:24 INF] System.Net.Http.HttpClient.IStockApiClient.ClientHandler Received HTTP response headers after 34.7499ms - 200
[22:14:24 INF] System.Net.Http.HttpClient.IStockApiClient.LogicalHandler End processing HTTP request after 36.3012ms - 200
[22:14:24 INF] System.Net.Http.HttpClient.IStockApiClient.LogicalHandler Start processing HTTP request GET https://www.sec.gov/Archives/edgar/data/1375365/000137536525000027/R5.htm
[22:14:24 INF] System.Net.Http.HttpClient.IStockApiClient.ClientHandler Sending HTTP request GET https://www.sec.gov/Archives/edgar/data/1375365/000137536525000027/R5.htm
[22:14:24 INF] System.Net.Http.HttpClient.IStockApiClient.ClientHandler Received HTTP response headers after 30.7312ms - 200
[22:14:24 INF] System.Net.Http.HttpClient.IStockApiClient.LogicalHandler End processing HTTP request after 31.2527ms - 200
[22:14:24 INF] System.Net.Http.HttpClient.IStockApiClient.LogicalHandler Start processing HTTP request GET https://www.sec.gov/Archives/edgar/data/1375365/000137536525000027/R48.htm
[22:14:24 INF] System.Net.Http.HttpClient.IStockApiClient.ClientHandler Sending HTTP request GET https://www.sec.gov/Archives/edgar/data/1375365/000137536525000027/R48.htm
[22:14:24 INF] System.Net.Http.HttpClient.IStockApiClient.ClientHandler Received HTTP response headers after 33.5927ms - 200
[22:14:24 INF] System.Net.Http.HttpClient.IStockApiClient.LogicalHandler End processing HTTP request after 33.9055ms - 200
[22:14:24 INF] System.Net.Http.HttpClient.IStockApiClient.LogicalHandler Start processing HTTP request GET https://www.sec.gov/Archives/edgar/data/1375365/000137536525000027/R81.htm
[22:14:24 INF] System.Net.Http.HttpClient.IStockApiClient.ClientHandler Sending HTTP request GET https://www.sec.gov/Archives/edgar/data/1375365/000137536525000027/R81.htm
[22:14:24 INF] System.Net.Http.HttpClient.IStockApiClient.ClientHandler Received HTTP response headers after 32.3392ms - 200
[22:14:24 INF] System.Net.Http.HttpClient.IStockApiClient.LogicalHandler End processing HTTP request after 32.8252ms - 200
[22:14:24 INF] System.Net.Http.HttpClient.IStockApiClient.LogicalHandler Start processing HTTP request GET https://www.sec.gov/Archives/edgar/data/1375365/000137536525000027/R92.htm
[22:14:24 INF] System.Net.Http.HttpClient.IStockApiClient.ClientHandler Sending HTTP request GET https://www.sec.gov/Archives/edgar/data/1375365/000137536525000027/R92.htm
[22:14:24 INF] System.Net.Http.HttpClient.IStockApiClient.ClientHandler Received HTTP response headers after 39.8989ms - 200
[22:14:24 INF] System.Net.Http.HttpClient.IStockApiClient.LogicalHandler End processing HTTP request after 40.5039ms - 200
[22:14:24 INF] System.Net.Http.HttpClient.IStockApiClient.LogicalHandler Start processing HTTP request GET https://www.sec.gov/Archives/edgar/data/1375365/000137536525000027/R107.htm
[22:14:24 INF] System.Net.Http.HttpClient.IStockApiClient.ClientHandler Sending HTTP request GET https://www.sec.gov/Archives/edgar/data/1375365/000137536525000027/R107.htm
[22:14:24 INF] System.Net.Http.HttpClient.IStockApiClient.ClientHandler Received HTTP response headers after 34.1662ms - 200
[22:14:24 INF] System.Net.Http.HttpClient.IStockApiClient.LogicalHandler End processing HTTP request after 34.6037ms - 200
[22:14:24 INF] System.Net.Http.HttpClient.IStockApiClient.LogicalHandler Start processing HTTP request GET https://www.sec.gov/Archives/edgar/data/1375365/000137536525000027/R108.htm
[22:14:24 INF] System.Net.Http.HttpClient.IStockApiClient.ClientHandler Sending HTTP request GET https://www.sec.gov/Archives/edgar/data/1375365/000137536525000027/R108.htm
[22:14:25 INF] System.Net.Http.HttpClient.IStockApiClient.ClientHandler Received HTTP response headers after 39.422ms - 200
[22:14:25 INF] System.Net.Http.HttpClient.IStockApiClient.LogicalHandler End processing HTTP request after 39.6938ms - 200
[22:14:25 INF] System.Net.Http.HttpClient.IDeepSeekClient.LogicalHandler Start processing HTTP request POST https://api.deepseek.com/chat/completions
[22:14:25 INF] System.Net.Http.HttpClient.IDeepSeekClient.ClientHandler Sending HTTP request POST https://api.deepseek.com/chat/completions
[22:14:25 INF] System.Net.Http.HttpClient.IDeepSeekClient.LogicalHandler Start processing HTTP request POST https://api.deepseek.com/chat/completions
[22:14:25 INF] System.Net.Http.HttpClient.IDeepSeekClient.ClientHandler Sending HTTP request POST https://api.deepseek.com/chat/completions
[22:14:25 INF] System.Net.Http.HttpClient.IDeepSeekClient.LogicalHandler Start processing HTTP request POST https://api.deepseek.com/chat/completions
[22:14:25 INF] System.Net.Http.HttpClient.IDeepSeekClient.ClientHandler Sending HTTP request POST https://api.deepseek.com/chat/completions
[22:14:25 INF] System.Net.Http.HttpClient.IDeepSeekClient.LogicalHandler Start processing HTTP request POST https://api.deepseek.com/chat/completions
[22:14:25 INF] System.Net.Http.HttpClient.IDeepSeekClient.ClientHandler Sending HTTP request POST https://api.deepseek.com/chat/completions
[22:14:25 INF] System.Net.Http.HttpClient.IDeepSeekClient.LogicalHandler Start processing HTTP request POST https://api.deepseek.com/chat/completions
[22:14:25 INF] System.Net.Http.HttpClient.IDeepSeekClient.ClientHandler Sending HTTP request POST https://api.deepseek.com/chat/completions
[22:14:25 INF] System.Net.Http.HttpClient.IDeepSeekClient.LogicalHandler Start processing HTTP request POST https://api.deepseek.com/chat/completions
[22:14:25 INF] System.Net.Http.HttpClient.IDeepSeekClient.ClientHandler Sending HTTP request POST https://api.deepseek.com/chat/completions
[22:14:25 INF] System.Net.Http.HttpClient.IDeepSeekClient.ClientHandler Received HTTP response headers after 293.4913ms - 200
[22:14:25 INF] System.Net.Http.HttpClient.IDeepSeekClient.LogicalHandler End processing HTTP request after 293.9445ms - 200
[22:14:25 INF] System.Net.Http.HttpClient.IDeepSeekClient.ClientHandler Received HTTP response headers after 335.6696ms - 200
[22:14:25 INF] System.Net.Http.HttpClient.IDeepSeekClient.ClientHandler Received HTTP response headers after 337.0044ms - 200
[22:14:25 INF] System.Net.Http.HttpClient.IDeepSeekClient.LogicalHandler End processing HTTP request after 335.9614ms - 200
[22:14:25 INF] System.Net.Http.HttpClient.IDeepSeekClient.LogicalHandler End processing HTTP request after 337.2957ms - 200
[22:14:25 INF] System.Net.Http.HttpClient.IDeepSeekClient.ClientHandler Received HTTP response headers after 340.1302ms - 200
[22:14:25 INF] System.Net.Http.HttpClient.IDeepSeekClient.LogicalHandler End processing HTTP request after 340.6576ms - 200
[22:14:25 INF] System.Net.Http.HttpClient.IDeepSeekClient.ClientHandler Received HTTP response headers after 372.3277ms - 200
[22:14:25 INF] System.Net.Http.HttpClient.IDeepSeekClient.LogicalHandler End processing HTTP request after 372.5806ms - 200
[22:14:25 INF] System.Net.Http.HttpClient.IDeepSeekClient.ClientHandler Received HTTP response headers after 386.0109ms - 200
[22:14:25 INF] System.Net.Http.HttpClient.IDeepSeekClient.LogicalHandler End processing HTTP request after 386.2032ms - 200
[22:14:26 INF] System.Net.Http.HttpClient.IDeepSeekClient.LogicalHandler Start processing HTTP request POST https://api.deepseek.com/chat/completions
[22:14:26 INF] System.Net.Http.HttpClient.IDeepSeekClient.ClientHandler Sending HTTP request POST https://api.deepseek.com/chat/completions
[22:14:26 INF] System.Net.Http.HttpClient.IDeepSeekClient.LogicalHandler Start processing HTTP request POST https://api.deepseek.com/chat/completions
[22:14:26 INF] System.Net.Http.HttpClient.IDeepSeekClient.ClientHandler Sending HTTP request POST https://api.deepseek.com/chat/completions
[22:14:26 INF] System.Net.Http.HttpClient.IDeepSeekClient.ClientHandler Received HTTP response headers after 297.903ms - 200
[22:14:26 INF] System.Net.Http.HttpClient.IDeepSeekClient.LogicalHandler End processing HTTP request after 298.4731ms - 200
[22:14:26 INF] System.Net.Http.HttpClient.IDeepSeekClient.ClientHandler Received HTTP response headers after 296.1182ms - 200
[22:14:26 INF] System.Net.Http.HttpClient.IDeepSeekClient.LogicalHandler End processing HTTP request after 296.4881ms - 200
[22:14:28 INF] System.Net.Http.HttpClient.IDeepSeekClient.LogicalHandler Start processing HTTP request POST https://api.deepseek.com/chat/completions
[22:14:28 INF] System.Net.Http.HttpClient.IDeepSeekClient.ClientHandler Sending HTTP request POST https://api.deepseek.com/chat/completions
[22:14:29 INF] System.Net.Http.HttpClient.IDeepSeekClient.LogicalHandler Start processing HTTP request POST https://api.deepseek.com/chat/completions
[22:14:29 INF] System.Net.Http.HttpClient.IDeepSeekClient.ClientHandler Sending HTTP request POST https://api.deepseek.com/chat/completions
[22:14:29 INF] System.Net.Http.HttpClient.IDeepSeekClient.ClientHandler Received HTTP response headers after 303.9534ms - 200
[22:14:29 INF] System.Net.Http.HttpClient.IDeepSeekClient.LogicalHandler End processing HTTP request after 304.5297ms - 200
[22:14:29 INF] System.Net.Http.HttpClient.IDeepSeekClient.ClientHandler Received HTTP response headers after 396.033ms - 200
[22:14:29 INF] System.Net.Http.HttpClient.IDeepSeekClient.LogicalHandler End processing HTTP request after 396.9597ms - 200
[22:14:31 INF] System.Net.Http.HttpClient.IDeepSeekClient.LogicalHandler Start processing HTTP request POST https://api.deepseek.com/chat/completions
[22:14:31 INF] System.Net.Http.HttpClient.IDeepSeekClient.ClientHandler Sending HTTP request POST https://api.deepseek.com/chat/completions
[22:14:31 INF] System.Net.Http.HttpClient.IDeepSeekClient.ClientHandler Received HTTP response headers after 317.3407ms - 200
[22:14:31 INF] System.Net.Http.HttpClient.IDeepSeekClient.LogicalHandler End processing HTTP request after 319.9288ms - 200
[22:14:41 INF] System.Net.Http.HttpClient.IDeepSeekClient.LogicalHandler Start processing HTTP request POST https://api.deepseek.com/chat/completions
[22:14:41 INF] System.Net.Http.HttpClient.IDeepSeekClient.ClientHandler Sending HTTP request POST https://api.deepseek.com/chat/completions
[22:14:41 INF] System.Net.Http.HttpClient.IDeepSeekClient.ClientHandler Received HTTP response headers after 361.3572ms - 200
[22:14:41 INF] System.Net.Http.HttpClient.IDeepSeekClient.LogicalHandler End processing HTTP request after 362.7538ms - 200
[22:14:42 INF] System.Net.Http.HttpClient.IDeepSeekClient.LogicalHandler Start processing HTTP request POST https://api.deepseek.com/chat/completions
[22:14:42 INF] System.Net.Http.HttpClient.IDeepSeekClient.ClientHandler Sending HTTP request POST https://api.deepseek.com/chat/completions
[22:14:43 INF] System.Net.Http.HttpClient.IDeepSeekClient.ClientHandler Received HTTP response headers after 305.5027ms - 200
[22:14:43 INF] System.Net.Http.HttpClient.IDeepSeekClient.LogicalHandler End processing HTTP request after 306.7413ms - 200
[22:14:43 INF] System.Net.Http.HttpClient.IDeepSeekClient.LogicalHandler Start processing HTTP request POST https://api.deepseek.com/chat/completions
[22:14:43 INF] System.Net.Http.HttpClient.IDeepSeekClient.ClientHandler Sending HTTP request POST https://api.deepseek.com/chat/completions
[22:14:43 INF] System.Net.Http.HttpClient.IDeepSeekClient.ClientHandler Received HTTP response headers after 330.5879ms - 200
[22:14:43 INF] System.Net.Http.HttpClient.IDeepSeekClient.LogicalHandler End processing HTTP request after 332.1856ms - 200
[22:14:43 INF] System.Net.Http.HttpClient.IDeepSeekClient.LogicalHandler Start processing HTTP request POST https://api.deepseek.com/chat/completions
[22:14:43 INF] System.Net.Http.HttpClient.IDeepSeekClient.ClientHandler Sending HTTP request POST https://api.deepseek.com/chat/completions
[22:14:44 INF] System.Net.Http.HttpClient.IDeepSeekClient.ClientHandler Received HTTP response headers after 299.6145ms - 200
[22:14:44 INF] System.Net.Http.HttpClient.IDeepSeekClient.LogicalHandler End processing HTTP request after 300.3213ms - 200
[22:14:45 INF] System.Net.Http.HttpClient.IDeepSeekClient.LogicalHandler Start processing HTTP request POST https://api.deepseek.com/chat/completions
[22:14:45 INF] System.Net.Http.HttpClient.IDeepSeekClient.ClientHandler Sending HTTP request POST https://api.deepseek.com/chat/completions
[22:14:45 INF] System.Net.Http.HttpClient.IDeepSeekClient.ClientHandler Received HTTP response headers after 293.4642ms - 200
[22:14:45 INF] System.Net.Http.HttpClient.IDeepSeekClient.LogicalHandler End processing HTTP request after 293.7683ms - 200
[22:14:54 INF] System.Net.Http.HttpClient.IDeepSeekClient.LogicalHandler Start processing HTTP request POST https://api.deepseek.com/chat/completions
[22:14:54 INF] System.Net.Http.HttpClient.IDeepSeekClient.ClientHandler Sending HTTP request POST https://api.deepseek.com/chat/completions
[22:14:54 INF] System.Net.Http.HttpClient.IDeepSeekClient.ClientHandler Received HTTP response headers after 336.9306ms - 200
[22:14:54 INF] System.Net.Http.HttpClient.IDeepSeekClient.LogicalHandler End processing HTTP request after 338.6916ms - 200
[22:14:56 INF] System.Net.Http.HttpClient.IDeepSeekClient.LogicalHandler Start processing HTTP request POST https://api.deepseek.com/chat/completions
[22:14:56 INF] System.Net.Http.HttpClient.IDeepSeekClient.ClientHandler Sending HTTP request POST https://api.deepseek.com/chat/completions
[22:14:56 INF] System.Net.Http.HttpClient.IDeepSeekClient.ClientHandler Received HTTP response headers after 292.2852ms - 200
[22:14:56 INF] System.Net.Http.HttpClient.IDeepSeekClient.LogicalHandler End processing HTTP request after 293.42ms - 200
[22:14:57 INF] System.Net.Http.HttpClient.IDeepSeekClient.LogicalHandler Start processing HTTP request POST https://api.deepseek.com/chat/completions
[22:14:57 INF] System.Net.Http.HttpClient.IDeepSeekClient.ClientHandler Sending HTTP request POST https://api.deepseek.com/chat/completions
[22:14:57 INF] System.Net.Http.HttpClient.IDeepSeekClient.ClientHandler Received HTTP response headers after 295.7797ms - 200
[22:14:57 INF] System.Net.Http.HttpClient.IDeepSeekClient.LogicalHandler End processing HTTP request after 296.6086ms - 200
[22:15:02 INF] System.Net.Http.HttpClient.IDeepSeekClient.LogicalHandler Start processing HTTP request POST https://api.deepseek.com/chat/completions
[22:15:02 INF] System.Net.Http.HttpClient.IDeepSeekClient.ClientHandler Sending HTTP request POST https://api.deepseek.com/chat/completions
[22:15:02 INF] System.Net.Http.HttpClient.IDeepSeekClient.ClientHandler Received HTTP response headers after 295.099ms - 200
[22:15:02 INF] System.Net.Http.HttpClient.IDeepSeekClient.LogicalHandler End processing HTTP request after 295.6767ms - 200
[22:15:06 INF] System.Net.Http.HttpClient.IDeepSeekClient.LogicalHandler Start processing HTTP request POST https://api.deepseek.com/chat/completions
[22:15:06 INF] System.Net.Http.HttpClient.IDeepSeekClient.ClientHandler Sending HTTP request POST https://api.deepseek.com/chat/completions
[22:15:07 INF] System.Net.Http.HttpClient.IDeepSeekClient.ClientHandler Received HTTP response headers after 296.1281ms - 200
[22:15:07 INF] System.Net.Http.HttpClient.IDeepSeekClient.LogicalHandler End processing HTTP request after 296.7566ms - 200
[22:15:10 INF] System.Net.Http.HttpClient.IDeepSeekClient.LogicalHandler Start processing HTTP request POST https://api.deepseek.com/chat/completions
[22:15:10 INF] System.Net.Http.HttpClient.IDeepSeekClient.ClientHandler Sending HTTP request POST https://api.deepseek.com/chat/completions
[22:15:10 INF] System.Net.Http.HttpClient.IDeepSeekClient.ClientHandler Received HTTP response headers after 372.51ms - 200
[22:15:10 INF] System.Net.Http.HttpClient.IDeepSeekClient.LogicalHandler End processing HTTP request after 373.4059ms - 200
[22:15:15 INF] System.Net.Http.HttpClient.IDeepSeekClient.LogicalHandler Start processing HTTP request POST https://api.deepseek.com/chat/completions
[22:15:15 INF] System.Net.Http.HttpClient.IDeepSeekClient.ClientHandler Sending HTTP request POST https://api.deepseek.com/chat/completions
[22:15:15 INF] System.Net.Http.HttpClient.IDeepSeekClient.ClientHandler Received HTTP response headers after 300.8223ms - 200
[22:15:15 INF] System.Net.Http.HttpClient.IDeepSeekClient.LogicalHandler End processing HTTP request after 301.465ms - 200
[22:15:24 INF] System.Net.Http.HttpClient.IDeepSeekClient.LogicalHandler Start processing HTTP request POST https://api.deepseek.com/chat/completions
[22:15:24 INF] System.Net.Http.HttpClient.IDeepSeekClient.ClientHandler Sending HTTP request POST https://api.deepseek.com/chat/completions
[22:15:24 INF] System.Net.Http.HttpClient.IDeepSeekClient.ClientHandler Received HTTP response headers after 326.5625ms - 200
[22:15:24 INF] System.Net.Http.HttpClient.IDeepSeekClient.LogicalHandler End processing HTTP request after 331.4195ms - 200
[22:15:27 INF] System.Net.Http.HttpClient.IDeepSeekClient.LogicalHandler Start processing HTTP request POST https://api.deepseek.com/chat/completions
[22:15:27 INF] System.Net.Http.HttpClient.IDeepSeekClient.ClientHandler Sending HTTP request POST https://api.deepseek.com/chat/completions
[22:15:27 INF] System.Net.Http.HttpClient.IDeepSeekClient.ClientHandler Received HTTP response headers after 296.8657ms - 200
[22:15:27 INF] System.Net.Http.HttpClient.IDeepSeekClient.LogicalHandler End processing HTTP request after 297.7572ms - 200
[22:15:29 INF] System.Net.Http.HttpClient.IDeepSeekClient.LogicalHandler Start processing HTTP request POST https://api.deepseek.com/chat/completions
[22:15:29 INF] System.Net.Http.HttpClient.IDeepSeekClient.ClientHandler Sending HTTP request POST https://api.deepseek.com/chat/completions
[22:15:29 INF] System.Net.Http.HttpClient.IDeepSeekClient.ClientHandler Received HTTP response headers after 292.5706ms - 200
[22:15:29 INF] System.Net.Http.HttpClient.IDeepSeekClient.LogicalHandler End processing HTTP request after 293.8898ms - 200
[22:15:37 INF] System.Net.Http.HttpClient.IDeepSeekClient.LogicalHandler Start processing HTTP request POST https://api.deepseek.com/chat/completions
[22:15:37 INF] System.Net.Http.HttpClient.IDeepSeekClient.ClientHandler Sending HTTP request POST https://api.deepseek.com/chat/completions
[22:15:38 INF] System.Net.Http.HttpClient.IDeepSeekClient.ClientHandler Received HTTP response headers after 306.7164ms - 200
[22:15:38 INF] System.Net.Http.HttpClient.IDeepSeekClient.LogicalHandler End processing HTTP request after 307.7847ms - 200
[22:15:39 INF] System.Net.Http.HttpClient.IDeepSeekClient.LogicalHandler Start processing HTTP request POST https://api.deepseek.com/chat/completions
[22:15:39 INF] System.Net.Http.HttpClient.IDeepSeekClient.ClientHandler Sending HTTP request POST https://api.deepseek.com/chat/completions
[22:15:39 INF] System.Net.Http.HttpClient.IDeepSeekClient.ClientHandler Received HTTP response headers after 292.6339ms - 200
[22:15:39 INF] System.Net.Http.HttpClient.IDeepSeekClient.LogicalHandler End processing HTTP request after 294.7077ms - 200
[22:15:46 INF] System.Net.Http.HttpClient.IDeepSeekClient.LogicalHandler Start processing HTTP request POST https://api.deepseek.com/chat/completions
[22:15:46 INF] System.Net.Http.HttpClient.IDeepSeekClient.ClientHandler Sending HTTP request POST https://api.deepseek.com/chat/completions
[22:15:46 INF] System.Net.Http.HttpClient.IDeepSeekClient.ClientHandler Received HTTP response headers after 308.7401ms - 200
[22:15:46 INF] System.Net.Http.HttpClient.IDeepSeekClient.LogicalHandler End processing HTTP request after 313.362ms - 200
[22:16:07 INF] System.Net.Http.HttpClient.IDeepSeekClient.LogicalHandler Start processing HTTP request POST https://api.deepseek.com/chat/completions
[22:16:07 INF] System.Net.Http.HttpClient.IDeepSeekClient.ClientHandler Sending HTTP request POST https://api.deepseek.com/chat/completions
[22:16:07 INF] System.Net.Http.HttpClient.IDeepSeekClient.ClientHandler Received HTTP response headers after 293.431ms - 200
[22:16:07 INF] System.Net.Http.HttpClient.IDeepSeekClient.LogicalHandler End processing HTTP request after 294.484ms - 200
[22:16:11 INF] System.Net.Http.HttpClient.IDeepSeekClient.LogicalHandler Start processing HTTP request POST https://api.deepseek.com/chat/completions
[22:16:11 INF] System.Net.Http.HttpClient.IDeepSeekClient.ClientHandler Sending HTTP request POST https://api.deepseek.com/chat/completions
[22:16:11 INF] System.Net.Http.HttpClient.IDeepSeekClient.ClientHandler Received HTTP response headers after 303.8764ms - 200
[22:16:11 INF] System.Net.Http.HttpClient.IDeepSeekClient.LogicalHandler End processing HTTP request after 304.7858ms - 200
[22:16:16 INF] System.Net.Http.HttpClient.IDeepSeekClient.LogicalHandler Start processing HTTP request POST https://api.deepseek.com/chat/completions
[22:16:16 INF] System.Net.Http.HttpClient.IDeepSeekClient.ClientHandler Sending HTTP request POST https://api.deepseek.com/chat/completions
[22:16:17 INF] System.Net.Http.HttpClient.IDeepSeekClient.ClientHandler Received HTTP response headers after 445.2599ms - 200
[22:16:17 INF] System.Net.Http.HttpClient.IDeepSeekClient.LogicalHandler End processing HTTP request after 447.0616ms - 200
[22:16:17 INF] System.Net.Http.HttpClient.IDeepSeekClient.LogicalHandler Start processing HTTP request POST https://api.deepseek.com/chat/completions
[22:16:17 INF] System.Net.Http.HttpClient.IDeepSeekClient.ClientHandler Sending HTTP request POST https://api.deepseek.com/chat/completions
[22:16:17 INF] System.Net.Http.HttpClient.IDeepSeekClient.ClientHandler Received HTTP response headers after 308.8523ms - 200
[22:16:17 INF] System.Net.Http.HttpClient.IDeepSeekClient.LogicalHandler End processing HTTP request after 309.9144ms - 200
[22:16:35 INF] System.Net.Http.HttpClient.IDeepSeekClient.LogicalHandler Start processing HTTP request POST https://api.deepseek.com/chat/completions
[22:16:35 INF] System.Net.Http.HttpClient.IDeepSeekClient.ClientHandler Sending HTTP request POST https://api.deepseek.com/chat/completions
[22:16:35 INF] System.Net.Http.HttpClient.IDeepSeekClient.ClientHandler Received HTTP response headers after 345.3543ms - 200
[22:16:35 INF] System.Net.Http.HttpClient.IDeepSeekClient.LogicalHandler End processing HTTP request after 348.0016ms - 200
[22:17:00 INF] System.Net.Http.HttpClient.IDeepSeekClient.LogicalHandler Start processing HTTP request POST https://api.deepseek.com/chat/completions
[22:17:00 INF] System.Net.Http.HttpClient.IDeepSeekClient.ClientHandler Sending HTTP request POST https://api.deepseek.com/chat/completions
[22:17:01 INF] System.Net.Http.HttpClient.IDeepSeekClient.ClientHandler Received HTTP response headers after 298.8475ms - 200
[22:17:01 INF] System.Net.Http.HttpClient.IDeepSeekClient.LogicalHandler End processing HTTP request after 300.3082ms - 200
[22:17:55 INF] System.Net.Http.HttpClient.IDeepSeekClient.LogicalHandler Start processing HTTP request POST https://api.deepseek.com/chat/completions
[22:17:55 INF] System.Net.Http.HttpClient.IDeepSeekClient.ClientHandler Sending HTTP request POST https://api.deepseek.com/chat/completions
[22:17:55 INF] System.Net.Http.HttpClient.IDeepSeekClient.ClientHandler Received HTTP response headers after 302.2966ms - 200
[22:17:55 INF] System.Net.Http.HttpClient.IDeepSeekClient.LogicalHandler End processing HTTP request after 304.2285ms - 200
[22:19:31 INF] System.Net.Http.HttpClient.IStockApiClient.LogicalHandler Start processing HTTP request GET https://data.sec.gov/api/xbrl/companyfacts/CIK0001375365.json
[22:19:31 INF] System.Net.Http.HttpClient.IStockApiClient.ClientHandler Sending HTTP request GET https://data.sec.gov/api/xbrl/companyfacts/CIK0001375365.json
[22:19:32 INF] System.Net.Http.HttpClient.IStockApiClient.ClientHandler Received HTTP response headers after 478.5983ms - 200
[22:19:32 INF] System.Net.Http.HttpClient.IStockApiClient.LogicalHandler End processing HTTP request after 479.7561ms - 200
[22:19:32 INF] System.Net.Http.HttpClient.IStockApiClient.LogicalHandler Start processing HTTP request GET https://data.sec.gov/submissions/CIK0001375365.json
[22:19:32 INF] System.Net.Http.HttpClient.IStockApiClient.ClientHandler Sending HTTP request GET https://data.sec.gov/submissions/CIK0001375365.json
[22:19:32 INF] System.Net.Http.HttpClient.IStockApiClient.ClientHandler Received HTTP response headers after 148.5588ms - 200
[22:19:32 INF] System.Net.Http.HttpClient.IStockApiClient.LogicalHandler End processing HTTP request after 149.13ms - 200
[22:19:32 INF] System.Net.Http.HttpClient.IStockApiClient.LogicalHandler Start processing HTTP request GET https://www.sec.gov/Archives/edgar/data/1375365/000137536525000027/index.json
[22:19:32 INF] System.Net.Http.HttpClient.IStockApiClient.ClientHandler Sending HTTP request GET https://www.sec.gov/Archives/edgar/data/1375365/000137536525000027/index.json
[22:19:32 INF] System.Net.Http.HttpClient.IStockApiClient.ClientHandler Received HTTP response headers after 188.7707ms - 200
[22:19:32 INF] System.Net.Http.HttpClient.IStockApiClient.LogicalHandler End processing HTTP request after 189.2346ms - 200
[22:19:32 INF] System.Net.Http.HttpClient.IStockApiClient.LogicalHandler Start processing HTTP request GET https://www.sec.gov/Archives/edgar/data/1375365/000137536525000027/smci-20250630_htm.xml
[22:19:32 INF] System.Net.Http.HttpClient.IStockApiClient.ClientHandler Sending HTTP request GET https://www.sec.gov/Archives/edgar/data/1375365/000137536525000027/smci-20250630_htm.xml
[22:19:32 INF] System.Net.Http.HttpClient.IStockApiClient.ClientHandler Received HTTP response headers after 60.7649ms - 200
[22:19:32 INF] System.Net.Http.HttpClient.IStockApiClient.LogicalHandler End processing HTTP request after 61.0857ms - 200
[22:19:32 INF] System.Net.Http.HttpClient.IDeepSeekClient.LogicalHandler Start processing HTTP request POST https://api.deepseek.com/chat/completions
[22:19:32 INF] System.Net.Http.HttpClient.IDeepSeekClient.ClientHandler Sending HTTP request POST https://api.deepseek.com/chat/completions
[22:19:33 INF] System.Net.Http.HttpClient.IDeepSeekClient.ClientHandler Received HTTP response headers after 537.522ms - 200
[22:19:33 INF] System.Net.Http.HttpClient.IDeepSeekClient.LogicalHandler End processing HTTP request after 538.0582ms - 200
[23:06:29 INF] Microsoft.Hosting.Lifetime Application is shutting down...
[23:06:33 INF] Microsoft.Hosting.Lifetime Now listening on: http://localhost:5213
[23:06:33 INF] Microsoft.Hosting.Lifetime Application started. Press Ctrl+C to shut down.
[23:06:33 INF] Microsoft.Hosting.Lifetime Hosting environment: Development
[23:06:33 INF] Microsoft.Hosting.Lifetime Content root path: /Users/lukaosojnik/Documents/Coding/simple-bloomberg-terminal/simple-bloomberg-terminal
[23:06:34 WRN] Microsoft.EntityFrameworkCore.Query Compiling a query which loads related collections for more than one collection navigation, either via 'Include' or through projection, but no 'QuerySplittingBehavior' has been configured. By default, Entity Framework will use 'QuerySplittingBehavior.SingleQuery', which can potentially result in slow query performance. See https://go.microsoft.com/fwlink/?linkid=2134277 for more information. To identify the query that's triggering this warning call 'ConfigureWarnings(w => w.Throw(RelationalEventId.MultipleCollectionIncludeWarning))'.
[23:06:45 WRN] LuckyPennySoftware.AutoMapper.License You do not have a valid license key for the Lucky Penny software AutoMapper. This is allowed for development and testing scenarios. If you are running in production you are required to have a licensed version. Please visit https://luckypennysoftware.com to obtain a valid license.
[23:06:45 INF] System.Net.Http.HttpClient.IStockApiClient.LogicalHandler Start processing HTTP request GET https://data.sec.gov/submissions/CIK0001375365.json
[23:06:45 INF] System.Net.Http.HttpClient.IStockApiClient.ClientHandler Sending HTTP request GET https://data.sec.gov/submissions/CIK0001375365.json
[23:06:46 INF] System.Net.Http.HttpClient.IStockApiClient.ClientHandler Received HTTP response headers after 385.1265ms - 200
[23:06:46 INF] System.Net.Http.HttpClient.IStockApiClient.LogicalHandler End processing HTTP request after 393.312ms - 200
[23:07:02 INF] System.Net.Http.HttpClient.IStockApiClient.LogicalHandler Start processing HTTP request GET https://www.sec.gov/Archives/edgar/data/1375365/000137536525000027/smci-20250630.htm
[23:07:02 INF] System.Net.Http.HttpClient.IStockApiClient.ClientHandler Sending HTTP request GET https://www.sec.gov/Archives/edgar/data/1375365/000137536525000027/smci-20250630.htm
[23:07:02 INF] System.Net.Http.HttpClient.IStockApiClient.ClientHandler Received HTTP response headers after 251.0807ms - 200
[23:07:02 INF] System.Net.Http.HttpClient.IStockApiClient.LogicalHandler End processing HTTP request after 252.2487ms - 200
[23:07:02 INF] System.Net.Http.HttpClient.IDeepSeekClient.LogicalHandler Start processing HTTP request POST https://api.deepseek.com/chat/completions
[23:07:02 INF] System.Net.Http.HttpClient.IDeepSeekClient.ClientHandler Sending HTTP request POST https://api.deepseek.com/chat/completions
[23:07:03 INF] System.Net.Http.HttpClient.IDeepSeekClient.ClientHandler Received HTTP response headers after 571.2823ms - 200
[23:07:03 INF] System.Net.Http.HttpClient.IDeepSeekClient.LogicalHandler End processing HTTP request after 571.7884ms - 200
[23:07:40 INF] System.Net.Http.HttpClient.IStockApiClient.LogicalHandler Start processing HTTP request GET https://www.sec.gov/Archives/edgar/data/1375365/000137536525000027/FilingSummary.xml
[23:07:40 INF] System.Net.Http.HttpClient.IStockApiClient.ClientHandler Sending HTTP request GET https://www.sec.gov/Archives/edgar/data/1375365/000137536525000027/FilingSummary.xml
[23:07:40 INF] System.Net.Http.HttpClient.IStockApiClient.ClientHandler Received HTTP response headers after 33.9695ms - 200
[23:07:40 INF] System.Net.Http.HttpClient.IStockApiClient.LogicalHandler End processing HTTP request after 35.1103ms - 200
[23:07:40 INF] System.Net.Http.HttpClient.IStockApiClient.LogicalHandler Start processing HTTP request GET https://www.sec.gov/Archives/edgar/data/1375365/000137536525000027/R5.htm
[23:07:40 INF] System.Net.Http.HttpClient.IStockApiClient.ClientHandler Sending HTTP request GET https://www.sec.gov/Archives/edgar/data/1375365/000137536525000027/R5.htm
[23:07:40 INF] System.Net.Http.HttpClient.IStockApiClient.ClientHandler Received HTTP response headers after 31.8851ms - 200
[23:07:40 INF] System.Net.Http.HttpClient.IStockApiClient.LogicalHandler End processing HTTP request after 32.395ms - 200
[23:07:40 INF] System.Net.Http.HttpClient.IStockApiClient.LogicalHandler Start processing HTTP request GET https://www.sec.gov/Archives/edgar/data/1375365/000137536525000027/R48.htm
[23:07:40 INF] System.Net.Http.HttpClient.IStockApiClient.ClientHandler Sending HTTP request GET https://www.sec.gov/Archives/edgar/data/1375365/000137536525000027/R48.htm
[23:07:40 INF] System.Net.Http.HttpClient.IStockApiClient.ClientHandler Received HTTP response headers after 29.9756ms - 200
[23:07:40 INF] System.Net.Http.HttpClient.IStockApiClient.LogicalHandler End processing HTTP request after 30.399ms - 200
[23:07:40 INF] System.Net.Http.HttpClient.IStockApiClient.LogicalHandler Start processing HTTP request GET https://www.sec.gov/Archives/edgar/data/1375365/000137536525000027/R81.htm
[23:07:40 INF] System.Net.Http.HttpClient.IStockApiClient.ClientHandler Sending HTTP request GET https://www.sec.gov/Archives/edgar/data/1375365/000137536525000027/R81.htm
[23:07:40 INF] System.Net.Http.HttpClient.IStockApiClient.ClientHandler Received HTTP response headers after 34.7463ms - 200
[23:07:40 INF] System.Net.Http.HttpClient.IStockApiClient.LogicalHandler End processing HTTP request after 35.2002ms - 200
[23:07:40 INF] System.Net.Http.HttpClient.IStockApiClient.LogicalHandler Start processing HTTP request GET https://www.sec.gov/Archives/edgar/data/1375365/000137536525000027/R92.htm
[23:07:40 INF] System.Net.Http.HttpClient.IStockApiClient.ClientHandler Sending HTTP request GET https://www.sec.gov/Archives/edgar/data/1375365/000137536525000027/R92.htm
[23:07:40 INF] System.Net.Http.HttpClient.IStockApiClient.ClientHandler Received HTTP response headers after 31.94ms - 200
[23:07:40 INF] System.Net.Http.HttpClient.IStockApiClient.LogicalHandler End processing HTTP request after 32.2687ms - 200
[23:07:40 INF] System.Net.Http.HttpClient.IStockApiClient.LogicalHandler Start processing HTTP request GET https://www.sec.gov/Archives/edgar/data/1375365/000137536525000027/R107.htm
[23:07:40 INF] System.Net.Http.HttpClient.IStockApiClient.ClientHandler Sending HTTP request GET https://www.sec.gov/Archives/edgar/data/1375365/000137536525000027/R107.htm
[23:07:40 INF] System.Net.Http.HttpClient.IStockApiClient.ClientHandler Received HTTP response headers after 31.9454ms - 200
[23:07:40 INF] System.Net.Http.HttpClient.IStockApiClient.LogicalHandler End processing HTTP request after 32.3807ms - 200
[23:07:40 INF] System.Net.Http.HttpClient.IStockApiClient.LogicalHandler Start processing HTTP request GET https://www.sec.gov/Archives/edgar/data/1375365/000137536525000027/R108.htm
[23:07:40 INF] System.Net.Http.HttpClient.IStockApiClient.ClientHandler Sending HTTP request GET https://www.sec.gov/Archives/edgar/data/1375365/000137536525000027/R108.htm
[23:07:40 INF] System.Net.Http.HttpClient.IStockApiClient.ClientHandler Received HTTP response headers after 41.0645ms - 200
[23:07:40 INF] System.Net.Http.HttpClient.IStockApiClient.LogicalHandler End processing HTTP request after 41.9109ms - 200
[23:07:40 INF] System.Net.Http.HttpClient.IDeepSeekClient.LogicalHandler Start processing HTTP request POST https://api.deepseek.com/chat/completions
[23:07:40 INF] System.Net.Http.HttpClient.IDeepSeekClient.ClientHandler Sending HTTP request POST https://api.deepseek.com/chat/completions
[23:07:40 INF] System.Net.Http.HttpClient.IDeepSeekClient.LogicalHandler Start processing HTTP request POST https://api.deepseek.com/chat/completions
[23:07:40 INF] System.Net.Http.HttpClient.IDeepSeekClient.ClientHandler Sending HTTP request POST https://api.deepseek.com/chat/completions
[23:07:40 INF] System.Net.Http.HttpClient.IDeepSeekClient.LogicalHandler Start processing HTTP request POST https://api.deepseek.com/chat/completions
[23:07:40 INF] System.Net.Http.HttpClient.IDeepSeekClient.ClientHandler Sending HTTP request POST https://api.deepseek.com/chat/completions
[23:07:40 INF] System.Net.Http.HttpClient.IDeepSeekClient.LogicalHandler Start processing HTTP request POST https://api.deepseek.com/chat/completions
[23:07:40 INF] System.Net.Http.HttpClient.IDeepSeekClient.ClientHandler Sending HTTP request POST https://api.deepseek.com/chat/completions
[23:07:40 INF] System.Net.Http.HttpClient.IDeepSeekClient.LogicalHandler Start processing HTTP request POST https://api.deepseek.com/chat/completions
[23:07:40 INF] System.Net.Http.HttpClient.IDeepSeekClient.ClientHandler Sending HTTP request POST https://api.deepseek.com/chat/completions
[23:07:40 INF] System.Net.Http.HttpClient.IDeepSeekClient.LogicalHandler Start processing HTTP request POST https://api.deepseek.com/chat/completions
[23:07:40 INF] System.Net.Http.HttpClient.IDeepSeekClient.ClientHandler Sending HTTP request POST https://api.deepseek.com/chat/completions
[23:07:40 INF] System.Net.Http.HttpClient.IDeepSeekClient.ClientHandler Received HTTP response headers after 303.737ms - 200
[23:07:40 INF] System.Net.Http.HttpClient.IDeepSeekClient.LogicalHandler End processing HTTP request after 304.1835ms - 200
[23:07:40 INF] System.Net.Http.HttpClient.IDeepSeekClient.ClientHandler Received HTTP response headers after 342.7586ms - 200
[23:07:40 INF] System.Net.Http.HttpClient.IDeepSeekClient.LogicalHandler End processing HTTP request after 342.9831ms - 200
[23:07:40 INF] System.Net.Http.HttpClient.IDeepSeekClient.ClientHandler Received HTTP response headers after 345.7477ms - 200
[23:07:40 INF] System.Net.Http.HttpClient.IDeepSeekClient.LogicalHandler End processing HTTP request after 345.9049ms - 200
[23:07:40 INF] System.Net.Http.HttpClient.IDeepSeekClient.ClientHandler Received HTTP response headers after 345.8644ms - 200
[23:07:40 INF] System.Net.Http.HttpClient.IDeepSeekClient.LogicalHandler End processing HTTP request after 345.986ms - 200
[23:07:40 INF] System.Net.Http.HttpClient.IDeepSeekClient.ClientHandler Received HTTP response headers after 347.0419ms - 200
[23:07:40 INF] System.Net.Http.HttpClient.IDeepSeekClient.LogicalHandler End processing HTTP request after 347.155ms - 200
[23:07:40 INF] System.Net.Http.HttpClient.IDeepSeekClient.ClientHandler Received HTTP response headers after 359.7807ms - 200
[23:07:40 INF] System.Net.Http.HttpClient.IDeepSeekClient.LogicalHandler End processing HTTP request after 359.8912ms - 200
[23:07:41 INF] System.Net.Http.HttpClient.IDeepSeekClient.LogicalHandler Start processing HTTP request POST https://api.deepseek.com/chat/completions
[23:07:41 INF] System.Net.Http.HttpClient.IDeepSeekClient.ClientHandler Sending HTTP request POST https://api.deepseek.com/chat/completions
[23:07:41 INF] System.Net.Http.HttpClient.IDeepSeekClient.LogicalHandler Start processing HTTP request POST https://api.deepseek.com/chat/completions
[23:07:41 INF] System.Net.Http.HttpClient.IDeepSeekClient.ClientHandler Sending HTTP request POST https://api.deepseek.com/chat/completions
[23:07:42 INF] System.Net.Http.HttpClient.IDeepSeekClient.ClientHandler Received HTTP response headers after 319.3318ms - 200
[23:07:42 INF] System.Net.Http.HttpClient.IDeepSeekClient.LogicalHandler End processing HTTP request after 319.903ms - 200
[23:07:42 INF] System.Net.Http.HttpClient.IDeepSeekClient.ClientHandler Received HTTP response headers after 292.5459ms - 200
[23:07:42 INF] System.Net.Http.HttpClient.IDeepSeekClient.LogicalHandler End processing HTTP request after 293.1648ms - 200
[23:07:42 INF] System.Net.Http.HttpClient.IDeepSeekClient.LogicalHandler Start processing HTTP request POST https://api.deepseek.com/chat/completions
[23:07:42 INF] System.Net.Http.HttpClient.IDeepSeekClient.ClientHandler Sending HTTP request POST https://api.deepseek.com/chat/completions
[23:07:42 INF] System.Net.Http.HttpClient.IDeepSeekClient.ClientHandler Received HTTP response headers after 302.6593ms - 200
[23:07:42 INF] System.Net.Http.HttpClient.IDeepSeekClient.LogicalHandler End processing HTTP request after 303.2941ms - 200
[23:07:42 INF] System.Net.Http.HttpClient.IDeepSeekClient.LogicalHandler Start processing HTTP request POST https://api.deepseek.com/chat/completions
[23:07:42 INF] System.Net.Http.HttpClient.IDeepSeekClient.ClientHandler Sending HTTP request POST https://api.deepseek.com/chat/completions
[23:07:43 INF] System.Net.Http.HttpClient.IDeepSeekClient.ClientHandler Received HTTP response headers after 287.125ms - 200
[23:07:43 INF] System.Net.Http.HttpClient.IDeepSeekClient.LogicalHandler End processing HTTP request after 287.7128ms - 200
[23:07:43 INF] System.Net.Http.HttpClient.IDeepSeekClient.LogicalHandler Start processing HTTP request POST https://api.deepseek.com/chat/completions
[23:07:43 INF] System.Net.Http.HttpClient.IDeepSeekClient.ClientHandler Sending HTTP request POST https://api.deepseek.com/chat/completions
[23:07:43 INF] System.Net.Http.HttpClient.IDeepSeekClient.ClientHandler Received HTTP response headers after 288.58ms - 200
[23:07:43 INF] System.Net.Http.HttpClient.IDeepSeekClient.LogicalHandler End processing HTTP request after 289.9427ms - 200
[23:07:44 INF] System.Net.Http.HttpClient.IDeepSeekClient.LogicalHandler Start processing HTTP request POST https://api.deepseek.com/chat/completions
[23:07:44 INF] System.Net.Http.HttpClient.IDeepSeekClient.ClientHandler Sending HTTP request POST https://api.deepseek.com/chat/completions
[23:07:44 INF] System.Net.Http.HttpClient.IDeepSeekClient.ClientHandler Received HTTP response headers after 330.0312ms - 200
[23:07:44 INF] System.Net.Http.HttpClient.IDeepSeekClient.LogicalHandler End processing HTTP request after 330.5104ms - 200
[23:07:45 INF] System.Net.Http.HttpClient.IDeepSeekClient.LogicalHandler Start processing HTTP request POST https://api.deepseek.com/chat/completions
[23:07:45 INF] System.Net.Http.HttpClient.IDeepSeekClient.ClientHandler Sending HTTP request POST https://api.deepseek.com/chat/completions
[23:07:45 INF] System.Net.Http.HttpClient.IDeepSeekClient.LogicalHandler Start processing HTTP request POST https://api.deepseek.com/chat/completions
[23:07:45 INF] System.Net.Http.HttpClient.IDeepSeekClient.ClientHandler Sending HTTP request POST https://api.deepseek.com/chat/completions
[23:07:45 INF] System.Net.Http.HttpClient.IDeepSeekClient.ClientHandler Received HTTP response headers after 280.9826ms - 200
[23:07:45 INF] System.Net.Http.HttpClient.IDeepSeekClient.LogicalHandler End processing HTTP request after 282.5245ms - 200
[23:07:45 INF] System.Net.Http.HttpClient.IDeepSeekClient.ClientHandler Received HTTP response headers after 296.4124ms - 200
[23:07:45 INF] System.Net.Http.HttpClient.IDeepSeekClient.LogicalHandler End processing HTTP request after 297.0003ms - 200
[23:07:45 INF] System.Net.Http.HttpClient.IDeepSeekClient.LogicalHandler Start processing HTTP request POST https://api.deepseek.com/chat/completions
[23:07:45 INF] System.Net.Http.HttpClient.IDeepSeekClient.ClientHandler Sending HTTP request POST https://api.deepseek.com/chat/completions
[23:07:45 INF] System.Net.Http.HttpClient.IDeepSeekClient.LogicalHandler Start processing HTTP request POST https://api.deepseek.com/chat/completions
[23:07:45 INF] System.Net.Http.HttpClient.IDeepSeekClient.ClientHandler Sending HTTP request POST https://api.deepseek.com/chat/completions
[23:07:46 INF] System.Net.Http.HttpClient.IDeepSeekClient.ClientHandler Received HTTP response headers after 285.1969ms - 200
[23:07:46 INF] System.Net.Http.HttpClient.IDeepSeekClient.LogicalHandler End processing HTTP request after 285.8337ms - 200
[23:07:46 INF] System.Net.Http.HttpClient.IDeepSeekClient.ClientHandler Received HTTP response headers after 290.7508ms - 200
[23:07:46 INF] System.Net.Http.HttpClient.IDeepSeekClient.LogicalHandler End processing HTTP request after 291.2997ms - 200
[23:07:46 INF] System.Net.Http.HttpClient.IDeepSeekClient.LogicalHandler Start processing HTTP request POST https://api.deepseek.com/chat/completions
[23:07:46 INF] System.Net.Http.HttpClient.IDeepSeekClient.ClientHandler Sending HTTP request POST https://api.deepseek.com/chat/completions
[23:07:46 INF] System.Net.Http.HttpClient.IDeepSeekClient.LogicalHandler Start processing HTTP request POST https://api.deepseek.com/chat/completions
[23:07:46 INF] System.Net.Http.HttpClient.IDeepSeekClient.ClientHandler Sending HTTP request POST https://api.deepseek.com/chat/completions
[23:07:46 INF] System.Net.Http.HttpClient.IDeepSeekClient.ClientHandler Received HTTP response headers after 309.0047ms - 200
[23:07:46 INF] System.Net.Http.HttpClient.IDeepSeekClient.LogicalHandler End processing HTTP request after 309.5467ms - 200
[23:07:46 INF] System.Net.Http.HttpClient.IDeepSeekClient.ClientHandler Received HTTP response headers after 308.6175ms - 200
[23:07:46 INF] System.Net.Http.HttpClient.IDeepSeekClient.LogicalHandler End processing HTTP request after 309.0857ms - 200
[23:07:47 INF] System.Net.Http.HttpClient.IDeepSeekClient.LogicalHandler Start processing HTTP request POST https://api.deepseek.com/chat/completions
[23:07:47 INF] System.Net.Http.HttpClient.IDeepSeekClient.ClientHandler Sending HTTP request POST https://api.deepseek.com/chat/completions
[23:07:47 INF] System.Net.Http.HttpClient.IDeepSeekClient.ClientHandler Received HTTP response headers after 405.828ms - 200
[23:07:47 INF] System.Net.Http.HttpClient.IDeepSeekClient.LogicalHandler End processing HTTP request after 406.3374ms - 200
[23:07:47 INF] System.Net.Http.HttpClient.IDeepSeekClient.LogicalHandler Start processing HTTP request POST https://api.deepseek.com/chat/completions
[23:07:47 INF] System.Net.Http.HttpClient.IDeepSeekClient.ClientHandler Sending HTTP request POST https://api.deepseek.com/chat/completions
[23:07:48 INF] System.Net.Http.HttpClient.IDeepSeekClient.LogicalHandler Start processing HTTP request POST https://api.deepseek.com/chat/completions
[23:07:48 INF] System.Net.Http.HttpClient.IDeepSeekClient.ClientHandler Sending HTTP request POST https://api.deepseek.com/chat/completions
[23:07:48 INF] System.Net.Http.HttpClient.IDeepSeekClient.ClientHandler Received HTTP response headers after 286.4717ms - 200
[23:07:48 INF] System.Net.Http.HttpClient.IDeepSeekClient.LogicalHandler End processing HTTP request after 286.953ms - 200
[23:07:48 INF] System.Net.Http.HttpClient.IDeepSeekClient.ClientHandler Received HTTP response headers after 292.4052ms - 200
[23:07:48 INF] System.Net.Http.HttpClient.IDeepSeekClient.LogicalHandler End processing HTTP request after 292.9832ms - 200
[23:07:48 INF] System.Net.Http.HttpClient.IDeepSeekClient.LogicalHandler Start processing HTTP request POST https://api.deepseek.com/chat/completions
[23:07:48 INF] System.Net.Http.HttpClient.IDeepSeekClient.ClientHandler Sending HTTP request POST https://api.deepseek.com/chat/completions
[23:07:48 INF] System.Net.Http.HttpClient.IDeepSeekClient.ClientHandler Received HTTP response headers after 387.7204ms - 200
[23:07:48 INF] System.Net.Http.HttpClient.IDeepSeekClient.LogicalHandler End processing HTTP request after 388.5608ms - 200
[23:07:48 INF] System.Net.Http.HttpClient.IDeepSeekClient.LogicalHandler Start processing HTTP request POST https://api.deepseek.com/chat/completions
[23:07:48 INF] System.Net.Http.HttpClient.IDeepSeekClient.ClientHandler Sending HTTP request POST https://api.deepseek.com/chat/completions
[23:07:48 INF] System.Net.Http.HttpClient.IDeepSeekClient.LogicalHandler Start processing HTTP request POST https://api.deepseek.com/chat/completions
[23:07:48 INF] System.Net.Http.HttpClient.IDeepSeekClient.ClientHandler Sending HTTP request POST https://api.deepseek.com/chat/completions
[23:07:49 INF] System.Net.Http.HttpClient.IDeepSeekClient.ClientHandler Received HTTP response headers after 293.7731ms - 200
[23:07:49 INF] System.Net.Http.HttpClient.IDeepSeekClient.LogicalHandler End processing HTTP request after 296.1205ms - 200
[23:07:49 INF] System.Net.Http.HttpClient.IDeepSeekClient.ClientHandler Received HTTP response headers after 292.0249ms - 200
[23:07:49 INF] System.Net.Http.HttpClient.IDeepSeekClient.LogicalHandler End processing HTTP request after 293.0447ms - 200
[23:07:49 INF] System.Net.Http.HttpClient.IDeepSeekClient.LogicalHandler Start processing HTTP request POST https://api.deepseek.com/chat/completions
[23:07:49 INF] System.Net.Http.HttpClient.IDeepSeekClient.ClientHandler Sending HTTP request POST https://api.deepseek.com/chat/completions
[23:07:50 INF] System.Net.Http.HttpClient.IDeepSeekClient.LogicalHandler Start processing HTTP request POST https://api.deepseek.com/chat/completions
[23:07:50 INF] System.Net.Http.HttpClient.IDeepSeekClient.ClientHandler Sending HTTP request POST https://api.deepseek.com/chat/completions
[23:07:50 INF] System.Net.Http.HttpClient.IDeepSeekClient.ClientHandler Received HTTP response headers after 298.3678ms - 200
[23:07:50 INF] System.Net.Http.HttpClient.IDeepSeekClient.LogicalHandler End processing HTTP request after 299.2747ms - 200
[23:07:50 INF] System.Net.Http.HttpClient.IDeepSeekClient.LogicalHandler Start processing HTTP request POST https://api.deepseek.com/chat/completions
[23:07:50 INF] System.Net.Http.HttpClient.IDeepSeekClient.ClientHandler Sending HTTP request POST https://api.deepseek.com/chat/completions
[23:07:50 INF] System.Net.Http.HttpClient.IDeepSeekClient.ClientHandler Received HTTP response headers after 299.4414ms - 200
[23:07:50 INF] System.Net.Http.HttpClient.IDeepSeekClient.LogicalHandler End processing HTTP request after 300.1717ms - 200
[23:07:50 INF] System.Net.Http.HttpClient.IDeepSeekClient.ClientHandler Received HTTP response headers after 337.4062ms - 200
[23:07:50 INF] System.Net.Http.HttpClient.IDeepSeekClient.LogicalHandler End processing HTTP request after 338.117ms - 200
[23:07:50 INF] System.Net.Http.HttpClient.IDeepSeekClient.LogicalHandler Start processing HTTP request POST https://api.deepseek.com/chat/completions
[23:07:50 INF] System.Net.Http.HttpClient.IDeepSeekClient.ClientHandler Sending HTTP request POST https://api.deepseek.com/chat/completions
[23:07:51 INF] System.Net.Http.HttpClient.IDeepSeekClient.LogicalHandler Start processing HTTP request POST https://api.deepseek.com/chat/completions
[23:07:51 INF] System.Net.Http.HttpClient.IDeepSeekClient.ClientHandler Sending HTTP request POST https://api.deepseek.com/chat/completions
[23:07:51 INF] System.Net.Http.HttpClient.IDeepSeekClient.LogicalHandler Start processing HTTP request POST https://api.deepseek.com/chat/completions
[23:07:51 INF] System.Net.Http.HttpClient.IDeepSeekClient.ClientHandler Sending HTTP request POST https://api.deepseek.com/chat/completions
[23:07:51 INF] System.Net.Http.HttpClient.IDeepSeekClient.ClientHandler Received HTTP response headers after 293.8803ms - 200
[23:07:51 INF] System.Net.Http.HttpClient.IDeepSeekClient.LogicalHandler End processing HTTP request after 294.5989ms - 200
[23:07:51 INF] System.Net.Http.HttpClient.IDeepSeekClient.ClientHandler Received HTTP response headers after 297.2361ms - 200
[23:07:51 INF] System.Net.Http.HttpClient.IDeepSeekClient.LogicalHandler End processing HTTP request after 298.2379ms - 200
[23:07:51 INF] System.Net.Http.HttpClient.IDeepSeekClient.ClientHandler Received HTTP response headers after 287.945ms - 200
[23:07:51 INF] System.Net.Http.HttpClient.IDeepSeekClient.LogicalHandler End processing HTTP request after 288.4229ms - 200
[23:07:51 INF] System.Net.Http.HttpClient.IDeepSeekClient.LogicalHandler Start processing HTTP request POST https://api.deepseek.com/chat/completions
[23:07:51 INF] System.Net.Http.HttpClient.IDeepSeekClient.ClientHandler Sending HTTP request POST https://api.deepseek.com/chat/completions
[23:07:51 INF] System.Net.Http.HttpClient.IDeepSeekClient.LogicalHandler Start processing HTTP request POST https://api.deepseek.com/chat/completions
[23:07:51 INF] System.Net.Http.HttpClient.IDeepSeekClient.ClientHandler Sending HTTP request POST https://api.deepseek.com/chat/completions
[23:07:52 INF] System.Net.Http.HttpClient.IDeepSeekClient.ClientHandler Received HTTP response headers after 288.2333ms - 200
[23:07:52 INF] System.Net.Http.HttpClient.IDeepSeekClient.LogicalHandler End processing HTTP request after 288.8883ms - 200
[23:07:52 INF] System.Net.Http.HttpClient.IDeepSeekClient.ClientHandler Received HTTP response headers after 303.0485ms - 200
[23:07:52 INF] System.Net.Http.HttpClient.IDeepSeekClient.LogicalHandler End processing HTTP request after 304.0005ms - 200
[23:07:52 INF] System.Net.Http.HttpClient.IDeepSeekClient.LogicalHandler Start processing HTTP request POST https://api.deepseek.com/chat/completions
[23:07:52 INF] System.Net.Http.HttpClient.IDeepSeekClient.ClientHandler Sending HTTP request POST https://api.deepseek.com/chat/completions
[23:07:52 INF] System.Net.Http.HttpClient.IDeepSeekClient.LogicalHandler Start processing HTTP request POST https://api.deepseek.com/chat/completions
[23:07:52 INF] System.Net.Http.HttpClient.IDeepSeekClient.ClientHandler Sending HTTP request POST https://api.deepseek.com/chat/completions
[23:07:52 INF] System.Net.Http.HttpClient.IDeepSeekClient.ClientHandler Received HTTP response headers after 288.8558ms - 200
[23:07:52 INF] System.Net.Http.HttpClient.IDeepSeekClient.LogicalHandler End processing HTTP request after 290.0642ms - 200
[23:07:52 INF] System.Net.Http.HttpClient.IDeepSeekClient.ClientHandler Received HTTP response headers after 301.489ms - 200
[23:07:52 INF] System.Net.Http.HttpClient.IDeepSeekClient.LogicalHandler End processing HTTP request after 301.9177ms - 200
[23:08:21 INF] System.Net.Http.HttpClient.IStockApiClient.LogicalHandler Start processing HTTP request GET https://data.sec.gov/api/xbrl/companyfacts/CIK0001375365.json
[23:08:21 INF] System.Net.Http.HttpClient.IStockApiClient.ClientHandler Sending HTTP request GET https://data.sec.gov/api/xbrl/companyfacts/CIK0001375365.json
[23:08:21 INF] System.Net.Http.HttpClient.IStockApiClient.LogicalHandler Start processing HTTP request GET https://data.sec.gov/api/xbrl/companyfacts/CIK0001375365.json
[23:08:21 INF] System.Net.Http.HttpClient.IStockApiClient.ClientHandler Sending HTTP request GET https://data.sec.gov/api/xbrl/companyfacts/CIK0001375365.json
[23:08:21 INF] System.Net.Http.HttpClient.IStockApiClient.ClientHandler Received HTTP response headers after 386.658ms - 200
[23:08:21 INF] System.Net.Http.HttpClient.IStockApiClient.ClientHandler Received HTTP response headers after 391.0742ms - 200
[23:08:21 INF] System.Net.Http.HttpClient.IStockApiClient.LogicalHandler End processing HTTP request after 386.9249ms - 200
[23:08:21 INF] System.Net.Http.HttpClient.IStockApiClient.LogicalHandler End processing HTTP request after 391.3866ms - 200
[23:08:21 INF] System.Net.Http.HttpClient.IStockApiClient.LogicalHandler Start processing HTTP request GET https://data.sec.gov/submissions/CIK0001375365.json
[23:08:21 INF] System.Net.Http.HttpClient.IStockApiClient.LogicalHandler Start processing HTTP request GET https://data.sec.gov/submissions/CIK0001375365.json
[23:08:21 INF] System.Net.Http.HttpClient.IStockApiClient.ClientHandler Sending HTTP request GET https://data.sec.gov/submissions/CIK0001375365.json
[23:08:21 INF] System.Net.Http.HttpClient.IStockApiClient.ClientHandler Sending HTTP request GET https://data.sec.gov/submissions/CIK0001375365.json
[23:08:21 INF] System.Net.Http.HttpClient.IStockApiClient.ClientHandler Received HTTP response headers after 145.2586ms - 200
[23:08:21 INF] System.Net.Http.HttpClient.IStockApiClient.LogicalHandler End processing HTTP request after 145.8072ms - 200
[23:08:21 INF] System.Net.Http.HttpClient.IStockApiClient.ClientHandler Received HTTP response headers after 145.7497ms - 200
[23:08:21 INF] System.Net.Http.HttpClient.IStockApiClient.LogicalHandler End processing HTTP request after 146.1137ms - 200
[23:08:21 INF] System.Net.Http.HttpClient.IStockApiClient.LogicalHandler Start processing HTTP request GET https://www.sec.gov/Archives/edgar/data/1375365/000137536525000027/index.json
[23:08:21 INF] System.Net.Http.HttpClient.IStockApiClient.LogicalHandler Start processing HTTP request GET https://www.sec.gov/Archives/edgar/data/1375365/000137536525000027/index.json
[23:08:21 INF] System.Net.Http.HttpClient.IStockApiClient.ClientHandler Sending HTTP request GET https://www.sec.gov/Archives/edgar/data/1375365/000137536525000027/index.json
[23:08:21 INF] System.Net.Http.HttpClient.IStockApiClient.ClientHandler Sending HTTP request GET https://www.sec.gov/Archives/edgar/data/1375365/000137536525000027/index.json
[23:08:21 INF] System.Net.Http.HttpClient.IStockApiClient.ClientHandler Received HTTP response headers after 34.9577ms - 200
[23:08:21 INF] System.Net.Http.HttpClient.IStockApiClient.LogicalHandler End processing HTTP request after 35.4187ms - 200
[23:08:21 INF] System.Net.Http.HttpClient.IStockApiClient.LogicalHandler Start processing HTTP request GET https://www.sec.gov/Archives/edgar/data/1375365/000137536525000027/smci-20250630_htm.xml
[23:08:21 INF] System.Net.Http.HttpClient.IStockApiClient.ClientHandler Sending HTTP request GET https://www.sec.gov/Archives/edgar/data/1375365/000137536525000027/smci-20250630_htm.xml
[23:08:21 INF] System.Net.Http.HttpClient.IStockApiClient.ClientHandler Received HTTP response headers after 73.6687ms - 200
[23:08:21 INF] System.Net.Http.HttpClient.IStockApiClient.LogicalHandler End processing HTTP request after 74.2928ms - 200
[23:08:21 INF] System.Net.Http.HttpClient.IStockApiClient.LogicalHandler Start processing HTTP request GET https://www.sec.gov/Archives/edgar/data/1375365/000137536525000027/smci-20250630_htm.xml
[23:08:21 INF] System.Net.Http.HttpClient.IStockApiClient.ClientHandler Sending HTTP request GET https://www.sec.gov/Archives/edgar/data/1375365/000137536525000027/smci-20250630_htm.xml
[23:08:21 INF] System.Net.Http.HttpClient.IStockApiClient.ClientHandler Received HTTP response headers after 74.5243ms - 200
[23:08:21 INF] System.Net.Http.HttpClient.IStockApiClient.LogicalHandler End processing HTTP request after 74.9253ms - 200
[23:08:22 INF] System.Net.Http.HttpClient.IDeepSeekClient.LogicalHandler Start processing HTTP request POST https://api.deepseek.com/chat/completions
[23:08:22 INF] System.Net.Http.HttpClient.IDeepSeekClient.ClientHandler Sending HTTP request POST https://api.deepseek.com/chat/completions
[23:08:22 INF] System.Net.Http.HttpClient.IStockApiClient.ClientHandler Received HTTP response headers after 133.5787ms - 200
[23:08:22 INF] System.Net.Http.HttpClient.IStockApiClient.LogicalHandler End processing HTTP request after 133.9361ms - 200
[23:08:22 INF] System.Net.Http.HttpClient.IDeepSeekClient.LogicalHandler Start processing HTTP request POST https://api.deepseek.com/chat/completions
[23:08:22 INF] System.Net.Http.HttpClient.IDeepSeekClient.ClientHandler Sending HTTP request POST https://api.deepseek.com/chat/completions
[23:08:22 INF] System.Net.Http.HttpClient.IDeepSeekClient.ClientHandler Received HTTP response headers after 287.0652ms - 200
[23:08:22 INF] System.Net.Http.HttpClient.IDeepSeekClient.LogicalHandler End processing HTTP request after 287.4501ms - 200
[23:08:22 INF] System.Net.Http.HttpClient.IDeepSeekClient.ClientHandler Received HTTP response headers after 294.41ms - 200
[23:08:22 INF] System.Net.Http.HttpClient.IDeepSeekClient.LogicalHandler End processing HTTP request after 294.7383ms - 200
[23:20:07 INF] Microsoft.Hosting.Lifetime Application is shutting down...
[23:20:13 INF] Microsoft.Hosting.Lifetime Now listening on: http://localhost:5213
[23:20:13 INF] Microsoft.Hosting.Lifetime Application started. Press Ctrl+C to shut down.
[23:20:13 INF] Microsoft.Hosting.Lifetime Hosting environment: Development
[23:20:13 INF] Microsoft.Hosting.Lifetime Content root path: /Users/lukaosojnik/Documents/Coding/simple-bloomberg-terminal/simple-bloomberg-terminal
[23:20:14 WRN] Microsoft.EntityFrameworkCore.Query Compiling a query which loads related collections for more than one collection navigation, either via 'Include' or through projection, but no 'QuerySplittingBehavior' has been configured. By default, Entity Framework will use 'QuerySplittingBehavior.SingleQuery', which can potentially result in slow query performance. See https://go.microsoft.com/fwlink/?linkid=2134277 for more information. To identify the query that's triggering this warning call 'ConfigureWarnings(w => w.Throw(RelationalEventId.MultipleCollectionIncludeWarning))'.
[23:20:22 WRN] LuckyPennySoftware.AutoMapper.License You do not have a valid license key for the Lucky Penny software AutoMapper. This is allowed for development and testing scenarios. If you are running in production you are required to have a licensed version. Please visit https://luckypennysoftware.com to obtain a valid license.
[23:20:22 INF] System.Net.Http.HttpClient.IStockApiClient.LogicalHandler Start processing HTTP request GET https://data.sec.gov/submissions/CIK0001375365.json
[23:20:22 INF] System.Net.Http.HttpClient.IStockApiClient.ClientHandler Sending HTTP request GET https://data.sec.gov/submissions/CIK0001375365.json
[23:20:22 INF] System.Net.Http.HttpClient.IStockApiClient.ClientHandler Received HTTP response headers after 314.773ms - 200
[23:20:22 INF] System.Net.Http.HttpClient.IStockApiClient.LogicalHandler End processing HTTP request after 326.3757ms - 200
[23:20:32 INF] System.Net.Http.HttpClient.IStockApiClient.LogicalHandler Start processing HTTP request GET https://www.sec.gov/Archives/edgar/data/1375365/000137536525000027/smci-20250630.htm
[23:20:32 INF] System.Net.Http.HttpClient.IStockApiClient.ClientHandler Sending HTTP request GET https://www.sec.gov/Archives/edgar/data/1375365/000137536525000027/smci-20250630.htm
[23:20:32 INF] System.Net.Http.HttpClient.IStockApiClient.ClientHandler Received HTTP response headers after 209.9113ms - 200
[23:20:32 INF] System.Net.Http.HttpClient.IStockApiClient.LogicalHandler End processing HTTP request after 211.5284ms - 200
[23:20:33 INF] System.Net.Http.HttpClient.IDeepSeekClient.LogicalHandler Start processing HTTP request POST https://api.deepseek.com/chat/completions
[23:20:33 INF] System.Net.Http.HttpClient.IDeepSeekClient.ClientHandler Sending HTTP request POST https://api.deepseek.com/chat/completions
[23:20:34 INF] System.Net.Http.HttpClient.IDeepSeekClient.ClientHandler Received HTTP response headers after 754.1267ms - 200
[23:20:34 INF] System.Net.Http.HttpClient.IDeepSeekClient.LogicalHandler End processing HTTP request after 754.8274ms - 200
[23:20:58 INF] System.Net.Http.HttpClient.IStockApiClient.LogicalHandler Start processing HTTP request GET https://www.sec.gov/Archives/edgar/data/1375365/000137536525000027/FilingSummary.xml
[23:20:58 INF] System.Net.Http.HttpClient.IStockApiClient.ClientHandler Sending HTTP request GET https://www.sec.gov/Archives/edgar/data/1375365/000137536525000027/FilingSummary.xml
[23:20:58 INF] System.Net.Http.HttpClient.IStockApiClient.ClientHandler Received HTTP response headers after 46.9211ms - 200
[23:20:58 INF] System.Net.Http.HttpClient.IStockApiClient.LogicalHandler End processing HTTP request after 48.8031ms - 200
[23:20:58 INF] System.Net.Http.HttpClient.IStockApiClient.LogicalHandler Start processing HTTP request GET https://www.sec.gov/Archives/edgar/data/1375365/000137536525000027/R5.htm
[23:20:58 INF] System.Net.Http.HttpClient.IStockApiClient.ClientHandler Sending HTTP request GET https://www.sec.gov/Archives/edgar/data/1375365/000137536525000027/R5.htm
[23:20:58 INF] System.Net.Http.HttpClient.IStockApiClient.ClientHandler Received HTTP response headers after 33.3248ms - 200
[23:20:58 INF] System.Net.Http.HttpClient.IStockApiClient.LogicalHandler End processing HTTP request after 33.6812ms - 200
[23:20:58 INF] System.Net.Http.HttpClient.IStockApiClient.LogicalHandler Start processing HTTP request GET https://www.sec.gov/Archives/edgar/data/1375365/000137536525000027/R48.htm
[23:20:58 INF] System.Net.Http.HttpClient.IStockApiClient.ClientHandler Sending HTTP request GET https://www.sec.gov/Archives/edgar/data/1375365/000137536525000027/R48.htm
[23:20:58 INF] System.Net.Http.HttpClient.IStockApiClient.ClientHandler Received HTTP response headers after 34.695ms - 200
[23:20:58 INF] System.Net.Http.HttpClient.IStockApiClient.LogicalHandler End processing HTTP request after 35.061ms - 200
[23:20:58 INF] System.Net.Http.HttpClient.IStockApiClient.LogicalHandler Start processing HTTP request GET https://www.sec.gov/Archives/edgar/data/1375365/000137536525000027/R81.htm
[23:20:58 INF] System.Net.Http.HttpClient.IStockApiClient.ClientHandler Sending HTTP request GET https://www.sec.gov/Archives/edgar/data/1375365/000137536525000027/R81.htm
[23:20:58 INF] System.Net.Http.HttpClient.IStockApiClient.ClientHandler Received HTTP response headers after 84.1623ms - 200
[23:20:58 INF] System.Net.Http.HttpClient.IStockApiClient.LogicalHandler End processing HTTP request after 85.5667ms - 200
[23:20:58 INF] System.Net.Http.HttpClient.IStockApiClient.LogicalHandler Start processing HTTP request GET https://www.sec.gov/Archives/edgar/data/1375365/000137536525000027/R92.htm
[23:20:58 INF] System.Net.Http.HttpClient.IStockApiClient.ClientHandler Sending HTTP request GET https://www.sec.gov/Archives/edgar/data/1375365/000137536525000027/R92.htm
[23:20:58 INF] System.Net.Http.HttpClient.IStockApiClient.ClientHandler Received HTTP response headers after 57.2796ms - 200
[23:20:58 INF] System.Net.Http.HttpClient.IStockApiClient.LogicalHandler End processing HTTP request after 59.5085ms - 200
[23:20:58 INF] System.Net.Http.HttpClient.IStockApiClient.LogicalHandler Start processing HTTP request GET https://www.sec.gov/Archives/edgar/data/1375365/000137536525000027/R107.htm
[23:20:58 INF] System.Net.Http.HttpClient.IStockApiClient.ClientHandler Sending HTTP request GET https://www.sec.gov/Archives/edgar/data/1375365/000137536525000027/R107.htm
[23:20:58 INF] System.Net.Http.HttpClient.IStockApiClient.ClientHandler Received HTTP response headers after 40.5528ms - 200
[23:20:58 INF] System.Net.Http.HttpClient.IStockApiClient.LogicalHandler End processing HTTP request after 41.0164ms - 200
[23:20:58 INF] System.Net.Http.HttpClient.IStockApiClient.LogicalHandler Start processing HTTP request GET https://www.sec.gov/Archives/edgar/data/1375365/000137536525000027/R108.htm
[23:20:58 INF] System.Net.Http.HttpClient.IStockApiClient.ClientHandler Sending HTTP request GET https://www.sec.gov/Archives/edgar/data/1375365/000137536525000027/R108.htm
[23:20:58 INF] System.Net.Http.HttpClient.IStockApiClient.ClientHandler Received HTTP response headers after 30.4872ms - 200
[23:20:58 INF] System.Net.Http.HttpClient.IStockApiClient.LogicalHandler End processing HTTP request after 30.8012ms - 200
[23:20:58 INF] System.Net.Http.HttpClient.IDeepSeekClient.LogicalHandler Start processing HTTP request POST https://api.deepseek.com/chat/completions
[23:20:58 INF] System.Net.Http.HttpClient.IDeepSeekClient.ClientHandler Sending HTTP request POST https://api.deepseek.com/chat/completions
[23:20:58 INF] System.Net.Http.HttpClient.IDeepSeekClient.LogicalHandler Start processing HTTP request POST https://api.deepseek.com/chat/completions
[23:20:58 INF] System.Net.Http.HttpClient.IDeepSeekClient.ClientHandler Sending HTTP request POST https://api.deepseek.com/chat/completions
[23:20:58 INF] System.Net.Http.HttpClient.IDeepSeekClient.LogicalHandler Start processing HTTP request POST https://api.deepseek.com/chat/completions
[23:20:58 INF] System.Net.Http.HttpClient.IDeepSeekClient.ClientHandler Sending HTTP request POST https://api.deepseek.com/chat/completions
[23:20:58 INF] System.Net.Http.HttpClient.IDeepSeekClient.LogicalHandler Start processing HTTP request POST https://api.deepseek.com/chat/completions
[23:20:58 INF] System.Net.Http.HttpClient.IDeepSeekClient.ClientHandler Sending HTTP request POST https://api.deepseek.com/chat/completions
[23:20:58 INF] System.Net.Http.HttpClient.IDeepSeekClient.LogicalHandler Start processing HTTP request POST https://api.deepseek.com/chat/completions
[23:20:58 INF] System.Net.Http.HttpClient.IDeepSeekClient.ClientHandler Sending HTTP request POST https://api.deepseek.com/chat/completions
[23:20:58 INF] System.Net.Http.HttpClient.IDeepSeekClient.LogicalHandler Start processing HTTP request POST https://api.deepseek.com/chat/completions
[23:20:58 INF] System.Net.Http.HttpClient.IDeepSeekClient.ClientHandler Sending HTTP request POST https://api.deepseek.com/chat/completions
[23:20:59 INF] System.Net.Http.HttpClient.IDeepSeekClient.ClientHandler Received HTTP response headers after 293.6429ms - 200
[23:20:59 INF] System.Net.Http.HttpClient.IDeepSeekClient.LogicalHandler End processing HTTP request after 293.995ms - 200
[23:20:59 INF] System.Net.Http.HttpClient.IDeepSeekClient.ClientHandler Received HTTP response headers after 338.7556ms - 200
[23:20:59 INF] System.Net.Http.HttpClient.IDeepSeekClient.LogicalHandler End processing HTTP request after 339.2368ms - 200
[23:20:59 INF] System.Net.Http.HttpClient.IDeepSeekClient.ClientHandler Received HTTP response headers after 341.1871ms - 200
[23:20:59 INF] System.Net.Http.HttpClient.IDeepSeekClient.LogicalHandler End processing HTTP request after 341.3062ms - 200
[23:20:59 INF] System.Net.Http.HttpClient.IDeepSeekClient.ClientHandler Received HTTP response headers after 343.6855ms - 200
[23:20:59 INF] System.Net.Http.HttpClient.IDeepSeekClient.LogicalHandler End processing HTTP request after 343.7994ms - 200
[23:20:59 INF] System.Net.Http.HttpClient.IDeepSeekClient.ClientHandler Received HTTP response headers after 345.5259ms - 200
[23:20:59 INF] System.Net.Http.HttpClient.IDeepSeekClient.LogicalHandler End processing HTTP request after 345.6863ms - 200
[23:20:59 INF] System.Net.Http.HttpClient.IDeepSeekClient.ClientHandler Received HTTP response headers after 349.8955ms - 200
[23:20:59 INF] System.Net.Http.HttpClient.IDeepSeekClient.LogicalHandler End processing HTTP request after 350.0008ms - 200
[23:21:00 INF] System.Net.Http.HttpClient.IDeepSeekClient.LogicalHandler Start processing HTTP request POST https://api.deepseek.com/chat/completions
[23:21:00 INF] System.Net.Http.HttpClient.IDeepSeekClient.ClientHandler Sending HTTP request POST https://api.deepseek.com/chat/completions
[23:21:00 INF] System.Net.Http.HttpClient.IDeepSeekClient.ClientHandler Received HTTP response headers after 300.6338ms - 200
[23:21:00 INF] System.Net.Http.HttpClient.IDeepSeekClient.LogicalHandler End processing HTTP request after 303.5256ms - 200
[23:21:00 INF] System.Net.Http.HttpClient.IDeepSeekClient.LogicalHandler Start processing HTTP request POST https://api.deepseek.com/chat/completions
[23:21:00 INF] System.Net.Http.HttpClient.IDeepSeekClient.ClientHandler Sending HTTP request POST https://api.deepseek.com/chat/completions
[23:21:01 INF] System.Net.Http.HttpClient.IDeepSeekClient.ClientHandler Received HTTP response headers after 377.5383ms - 200
[23:21:01 INF] System.Net.Http.HttpClient.IDeepSeekClient.LogicalHandler End processing HTTP request after 378.206ms - 200
[23:21:01 INF] System.Net.Http.HttpClient.IDeepSeekClient.LogicalHandler Start processing HTTP request POST https://api.deepseek.com/chat/completions
[23:21:01 INF] System.Net.Http.HttpClient.IDeepSeekClient.ClientHandler Sending HTTP request POST https://api.deepseek.com/chat/completions
[23:21:01 INF] System.Net.Http.HttpClient.IDeepSeekClient.ClientHandler Received HTTP response headers after 297.0589ms - 200
[23:21:01 INF] System.Net.Http.HttpClient.IDeepSeekClient.LogicalHandler End processing HTTP request after 298.2655ms - 200
[23:21:01 INF] System.Net.Http.HttpClient.IDeepSeekClient.LogicalHandler Start processing HTTP request POST https://api.deepseek.com/chat/completions
[23:21:01 INF] System.Net.Http.HttpClient.IDeepSeekClient.ClientHandler Sending HTTP request POST https://api.deepseek.com/chat/completions
[23:21:02 INF] System.Net.Http.HttpClient.IDeepSeekClient.ClientHandler Received HTTP response headers after 292.6489ms - 200
[23:21:02 INF] System.Net.Http.HttpClient.IDeepSeekClient.LogicalHandler End processing HTTP request after 293.4982ms - 200
[23:21:02 INF] System.Net.Http.HttpClient.IDeepSeekClient.LogicalHandler Start processing HTTP request POST https://api.deepseek.com/chat/completions
[23:21:02 INF] System.Net.Http.HttpClient.IDeepSeekClient.ClientHandler Sending HTTP request POST https://api.deepseek.com/chat/completions
[23:21:02 INF] System.Net.Http.HttpClient.IDeepSeekClient.ClientHandler Received HTTP response headers after 380.2337ms - 200
[23:21:02 INF] System.Net.Http.HttpClient.IDeepSeekClient.LogicalHandler End processing HTTP request after 381.5422ms - 200
[23:21:03 INF] System.Net.Http.HttpClient.IDeepSeekClient.LogicalHandler Start processing HTTP request POST https://api.deepseek.com/chat/completions
[23:21:03 INF] System.Net.Http.HttpClient.IDeepSeekClient.ClientHandler Sending HTTP request POST https://api.deepseek.com/chat/completions
[23:21:03 INF] System.Net.Http.HttpClient.IDeepSeekClient.ClientHandler Received HTTP response headers after 367.9149ms - 200
[23:21:03 INF] System.Net.Http.HttpClient.IDeepSeekClient.LogicalHandler End processing HTTP request after 368.9378ms - 200
[23:21:03 INF] System.Net.Http.HttpClient.IDeepSeekClient.LogicalHandler Start processing HTTP request POST https://api.deepseek.com/chat/completions
[23:21:03 INF] System.Net.Http.HttpClient.IDeepSeekClient.ClientHandler Sending HTTP request POST https://api.deepseek.com/chat/completions
[23:21:03 INF] System.Net.Http.HttpClient.IDeepSeekClient.ClientHandler Received HTTP response headers after 330.3268ms - 200
[23:21:03 INF] System.Net.Http.HttpClient.IDeepSeekClient.LogicalHandler End processing HTTP request after 331.2494ms - 200
[23:21:04 INF] System.Net.Http.HttpClient.IDeepSeekClient.LogicalHandler Start processing HTTP request POST https://api.deepseek.com/chat/completions
[23:21:04 INF] System.Net.Http.HttpClient.IDeepSeekClient.ClientHandler Sending HTTP request POST https://api.deepseek.com/chat/completions
[23:21:04 INF] System.Net.Http.HttpClient.IDeepSeekClient.ClientHandler Received HTTP response headers after 306.1313ms - 200
[23:21:04 INF] System.Net.Http.HttpClient.IDeepSeekClient.LogicalHandler End processing HTTP request after 307.274ms - 200
[23:21:04 INF] System.Net.Http.HttpClient.IDeepSeekClient.LogicalHandler Start processing HTTP request POST https://api.deepseek.com/chat/completions
[23:21:04 INF] System.Net.Http.HttpClient.IDeepSeekClient.ClientHandler Sending HTTP request POST https://api.deepseek.com/chat/completions
[23:21:05 INF] System.Net.Http.HttpClient.IDeepSeekClient.ClientHandler Received HTTP response headers after 342.2733ms - 200
[23:21:05 INF] System.Net.Http.HttpClient.IDeepSeekClient.LogicalHandler End processing HTTP request after 343.2448ms - 200
[23:21:05 INF] System.Net.Http.HttpClient.IDeepSeekClient.LogicalHandler Start processing HTTP request POST https://api.deepseek.com/chat/completions
[23:21:05 INF] System.Net.Http.HttpClient.IDeepSeekClient.ClientHandler Sending HTTP request POST https://api.deepseek.com/chat/completions
[23:21:05 INF] System.Net.Http.HttpClient.IDeepSeekClient.ClientHandler Received HTTP response headers after 305.0305ms - 200
[23:21:05 INF] System.Net.Http.HttpClient.IDeepSeekClient.LogicalHandler End processing HTTP request after 306.6085ms - 200
[23:21:06 INF] System.Net.Http.HttpClient.IDeepSeekClient.LogicalHandler Start processing HTTP request POST https://api.deepseek.com/chat/completions
[23:21:06 INF] System.Net.Http.HttpClient.IDeepSeekClient.ClientHandler Sending HTTP request POST https://api.deepseek.com/chat/completions
[23:21:07 INF] System.Net.Http.HttpClient.IDeepSeekClient.ClientHandler Received HTTP response headers after 299.2423ms - 200
[23:21:07 INF] System.Net.Http.HttpClient.IDeepSeekClient.LogicalHandler Start processing HTTP request POST https://api.deepseek.com/chat/completions
[23:21:07 INF] System.Net.Http.HttpClient.IDeepSeekClient.ClientHandler Sending HTTP request POST https://api.deepseek.com/chat/completions
[23:21:07 INF] System.Net.Http.HttpClient.IDeepSeekClient.LogicalHandler End processing HTTP request after 300.3944ms - 200
[23:21:07 INF] System.Net.Http.HttpClient.IDeepSeekClient.ClientHandler Received HTTP response headers after 408.244ms - 200
[23:21:07 INF] System.Net.Http.HttpClient.IDeepSeekClient.LogicalHandler End processing HTTP request after 408.9516ms - 200
[23:21:08 INF] System.Net.Http.HttpClient.IDeepSeekClient.LogicalHandler Start processing HTTP request POST https://api.deepseek.com/chat/completions
[23:21:08 INF] System.Net.Http.HttpClient.IDeepSeekClient.ClientHandler Sending HTTP request POST https://api.deepseek.com/chat/completions
[23:21:08 INF] System.Net.Http.HttpClient.IDeepSeekClient.LogicalHandler Start processing HTTP request POST https://api.deepseek.com/chat/completions
[23:21:08 INF] System.Net.Http.HttpClient.IDeepSeekClient.ClientHandler Sending HTTP request POST https://api.deepseek.com/chat/completions
[23:21:08 INF] System.Net.Http.HttpClient.IDeepSeekClient.ClientHandler Received HTTP response headers after 304.3551ms - 200
[23:21:08 INF] System.Net.Http.HttpClient.IDeepSeekClient.LogicalHandler End processing HTTP request after 306.0764ms - 200
[23:21:08 INF] System.Net.Http.HttpClient.IDeepSeekClient.ClientHandler Received HTTP response headers after 296.81ms - 200
[23:21:08 INF] System.Net.Http.HttpClient.IDeepSeekClient.LogicalHandler End processing HTTP request after 297.8384ms - 200
[23:21:09 INF] System.Net.Http.HttpClient.IDeepSeekClient.LogicalHandler Start processing HTTP request POST https://api.deepseek.com/chat/completions
[23:21:09 INF] System.Net.Http.HttpClient.IDeepSeekClient.ClientHandler Sending HTTP request POST https://api.deepseek.com/chat/completions
[23:21:09 INF] System.Net.Http.HttpClient.IDeepSeekClient.ClientHandler Received HTTP response headers after 325.1452ms - 200
[23:21:09 INF] System.Net.Http.HttpClient.IDeepSeekClient.LogicalHandler End processing HTTP request after 326.1946ms - 200
[23:21:10 INF] System.Net.Http.HttpClient.IDeepSeekClient.LogicalHandler Start processing HTTP request POST https://api.deepseek.com/chat/completions
[23:21:10 INF] System.Net.Http.HttpClient.IDeepSeekClient.ClientHandler Sending HTTP request POST https://api.deepseek.com/chat/completions
[23:21:10 INF] System.Net.Http.HttpClient.IDeepSeekClient.ClientHandler Received HTTP response headers after 296.476ms - 200
[23:21:10 INF] System.Net.Http.HttpClient.IDeepSeekClient.LogicalHandler End processing HTTP request after 297.0448ms - 200
[23:21:11 INF] System.Net.Http.HttpClient.IDeepSeekClient.LogicalHandler Start processing HTTP request POST https://api.deepseek.com/chat/completions
[23:21:11 INF] System.Net.Http.HttpClient.IDeepSeekClient.ClientHandler Sending HTTP request POST https://api.deepseek.com/chat/completions
[23:21:11 INF] System.Net.Http.HttpClient.IDeepSeekClient.ClientHandler Received HTTP response headers after 286.1645ms - 200
[23:21:11 INF] System.Net.Http.HttpClient.IDeepSeekClient.LogicalHandler End processing HTTP request after 287.1211ms - 200
[23:21:12 INF] System.Net.Http.HttpClient.IDeepSeekClient.LogicalHandler Start processing HTTP request POST https://api.deepseek.com/chat/completions
[23:21:12 INF] System.Net.Http.HttpClient.IDeepSeekClient.ClientHandler Sending HTTP request POST https://api.deepseek.com/chat/completions
[23:21:12 INF] System.Net.Http.HttpClient.IDeepSeekClient.LogicalHandler Start processing HTTP request POST https://api.deepseek.com/chat/completions
[23:21:12 INF] System.Net.Http.HttpClient.IDeepSeekClient.ClientHandler Sending HTTP request POST https://api.deepseek.com/chat/completions
[23:21:12 INF] System.Net.Http.HttpClient.IDeepSeekClient.LogicalHandler Start processing HTTP request POST https://api.deepseek.com/chat/completions
[23:21:12 INF] System.Net.Http.HttpClient.IDeepSeekClient.ClientHandler Sending HTTP request POST https://api.deepseek.com/chat/completions
[23:21:12 INF] System.Net.Http.HttpClient.IDeepSeekClient.ClientHandler Received HTTP response headers after 290.8977ms - 200
[23:21:12 INF] System.Net.Http.HttpClient.IDeepSeekClient.LogicalHandler End processing HTTP request after 291.6072ms - 200
[23:21:12 INF] System.Net.Http.HttpClient.IDeepSeekClient.ClientHandler Received HTTP response headers after 293.8384ms - 200
[23:21:12 INF] System.Net.Http.HttpClient.IDeepSeekClient.LogicalHandler End processing HTTP request after 295.935ms - 200
[23:21:12 INF] System.Net.Http.HttpClient.IDeepSeekClient.ClientHandler Received HTTP response headers after 283.4911ms - 200
[23:21:12 INF] System.Net.Http.HttpClient.IDeepSeekClient.LogicalHandler End processing HTTP request after 284.169ms - 200
[23:21:13 INF] System.Net.Http.HttpClient.IDeepSeekClient.LogicalHandler Start processing HTTP request POST https://api.deepseek.com/chat/completions
[23:21:13 INF] System.Net.Http.HttpClient.IDeepSeekClient.ClientHandler Sending HTTP request POST https://api.deepseek.com/chat/completions
[23:21:13 INF] System.Net.Http.HttpClient.IDeepSeekClient.ClientHandler Received HTTP response headers after 302.8757ms - 200
[23:21:13 INF] System.Net.Http.HttpClient.IDeepSeekClient.LogicalHandler End processing HTTP request after 304.6543ms - 200
[23:21:14 INF] System.Net.Http.HttpClient.IDeepSeekClient.LogicalHandler Start processing HTTP request POST https://api.deepseek.com/chat/completions
[23:21:14 INF] System.Net.Http.HttpClient.IDeepSeekClient.ClientHandler Sending HTTP request POST https://api.deepseek.com/chat/completions
[23:21:14 INF] System.Net.Http.HttpClient.IDeepSeekClient.LogicalHandler Start processing HTTP request POST https://api.deepseek.com/chat/completions
[23:21:14 INF] System.Net.Http.HttpClient.IDeepSeekClient.ClientHandler Sending HTTP request POST https://api.deepseek.com/chat/completions
[23:21:14 INF] System.Net.Http.HttpClient.IDeepSeekClient.LogicalHandler Start processing HTTP request POST https://api.deepseek.com/chat/completions
[23:21:14 INF] System.Net.Http.HttpClient.IDeepSeekClient.ClientHandler Sending HTTP request POST https://api.deepseek.com/chat/completions
[23:21:14 INF] System.Net.Http.HttpClient.IDeepSeekClient.ClientHandler Received HTTP response headers after 293.1632ms - 200
[23:21:14 INF] System.Net.Http.HttpClient.IDeepSeekClient.LogicalHandler End processing HTTP request after 293.725ms - 200
[23:21:14 INF] System.Net.Http.HttpClient.IDeepSeekClient.ClientHandler Received HTTP response headers after 291.9937ms - 200
[23:21:14 INF] System.Net.Http.HttpClient.IDeepSeekClient.LogicalHandler End processing HTTP request after 292.443ms - 200
[23:21:14 INF] System.Net.Http.HttpClient.IDeepSeekClient.ClientHandler Received HTTP response headers after 285.838ms - 200
[23:21:14 INF] System.Net.Http.HttpClient.IDeepSeekClient.LogicalHandler End processing HTTP request after 286.3509ms - 200
[23:21:15 INF] System.Net.Http.HttpClient.IDeepSeekClient.LogicalHandler Start processing HTTP request POST https://api.deepseek.com/chat/completions
[23:21:15 INF] System.Net.Http.HttpClient.IDeepSeekClient.ClientHandler Sending HTTP request POST https://api.deepseek.com/chat/completions
[23:21:15 INF] System.Net.Http.HttpClient.IDeepSeekClient.LogicalHandler Start processing HTTP request POST https://api.deepseek.com/chat/completions
[23:21:15 INF] System.Net.Http.HttpClient.IDeepSeekClient.ClientHandler Sending HTTP request POST https://api.deepseek.com/chat/completions
[23:21:15 INF] System.Net.Http.HttpClient.IDeepSeekClient.ClientHandler Received HTTP response headers after 292.138ms - 200
[23:21:15 INF] System.Net.Http.HttpClient.IDeepSeekClient.LogicalHandler End processing HTTP request after 292.401ms - 200
[23:21:15 INF] System.Net.Http.HttpClient.IDeepSeekClient.LogicalHandler Start processing HTTP request POST https://api.deepseek.com/chat/completions
[23:21:15 INF] System.Net.Http.HttpClient.IDeepSeekClient.ClientHandler Sending HTTP request POST https://api.deepseek.com/chat/completions
[23:21:15 INF] System.Net.Http.HttpClient.IDeepSeekClient.ClientHandler Received HTTP response headers after 280.2091ms - 200
[23:21:15 INF] System.Net.Http.HttpClient.IDeepSeekClient.LogicalHandler End processing HTTP request after 281.0877ms - 200
[23:21:16 INF] System.Net.Http.HttpClient.IDeepSeekClient.ClientHandler Received HTTP response headers after 291.82ms - 200
[23:21:16 INF] System.Net.Http.HttpClient.IDeepSeekClient.LogicalHandler End processing HTTP request after 292.2614ms - 200
[23:21:16 INF] System.Net.Http.HttpClient.IDeepSeekClient.LogicalHandler Start processing HTTP request POST https://api.deepseek.com/chat/completions
[23:21:16 INF] System.Net.Http.HttpClient.IDeepSeekClient.ClientHandler Sending HTTP request POST https://api.deepseek.com/chat/completions
[23:21:16 INF] System.Net.Http.HttpClient.IDeepSeekClient.ClientHandler Received HTTP response headers after 288.9015ms - 200
[23:21:16 INF] System.Net.Http.HttpClient.IDeepSeekClient.LogicalHandler End processing HTTP request after 289.2166ms - 200
[23:21:26 INF] System.Net.Http.HttpClient.IStockApiClient.LogicalHandler Start processing HTTP request GET https://data.sec.gov/api/xbrl/companyfacts/CIK0001375365.json
[23:21:26 INF] System.Net.Http.HttpClient.IStockApiClient.ClientHandler Sending HTTP request GET https://data.sec.gov/api/xbrl/companyfacts/CIK0001375365.json
[23:21:26 INF] System.Net.Http.HttpClient.IStockApiClient.LogicalHandler Start processing HTTP request GET https://data.sec.gov/api/xbrl/companyfacts/CIK0001375365.json
[23:21:26 INF] System.Net.Http.HttpClient.IStockApiClient.ClientHandler Sending HTTP request GET https://data.sec.gov/api/xbrl/companyfacts/CIK0001375365.json
[23:21:26 INF] System.Net.Http.HttpClient.IStockApiClient.LogicalHandler Start processing HTTP request GET https://data.sec.gov/api/xbrl/companyfacts/CIK0001375365.json
[23:21:26 INF] System.Net.Http.HttpClient.IStockApiClient.ClientHandler Sending HTTP request GET https://data.sec.gov/api/xbrl/companyfacts/CIK0001375365.json
[23:21:26 INF] System.Net.Http.HttpClient.IStockApiClient.LogicalHandler Start processing HTTP request GET https://data.sec.gov/api/xbrl/companyfacts/CIK0001375365.json
[23:21:26 INF] System.Net.Http.HttpClient.IStockApiClient.ClientHandler Sending HTTP request GET https://data.sec.gov/api/xbrl/companyfacts/CIK0001375365.json
[23:21:26 INF] System.Net.Http.HttpClient.IStockApiClient.LogicalHandler Start processing HTTP request GET https://data.sec.gov/api/xbrl/companyfacts/CIK0001375365.json
[23:21:26 INF] System.Net.Http.HttpClient.IStockApiClient.ClientHandler Sending HTTP request GET https://data.sec.gov/api/xbrl/companyfacts/CIK0001375365.json
[23:21:26 INF] System.Net.Http.HttpClient.IStockApiClient.ClientHandler Received HTTP response headers after 261.4825ms - 200
[23:21:26 INF] System.Net.Http.HttpClient.IStockApiClient.ClientHandler Received HTTP response headers after 258.1054ms - 200
[23:21:26 INF] System.Net.Http.HttpClient.IStockApiClient.LogicalHandler End processing HTTP request after 261.8086ms - 200
[23:21:26 INF] System.Net.Http.HttpClient.IStockApiClient.LogicalHandler End processing HTTP request after 258.4257ms - 200
[23:21:26 INF] System.Net.Http.HttpClient.IStockApiClient.ClientHandler Received HTTP response headers after 259.0848ms - 200
[23:21:26 INF] System.Net.Http.HttpClient.IStockApiClient.LogicalHandler End processing HTTP request after 259.7109ms - 200
[23:21:26 INF] System.Net.Http.HttpClient.IStockApiClient.ClientHandler Received HTTP response headers after 269.0064ms - 200
[23:21:26 INF] System.Net.Http.HttpClient.IStockApiClient.ClientHandler Received HTTP response headers after 264.2793ms - 200
[23:21:26 INF] System.Net.Http.HttpClient.IStockApiClient.LogicalHandler End processing HTTP request after 265.3055ms - 200
[23:21:26 INF] System.Net.Http.HttpClient.IStockApiClient.LogicalHandler End processing HTTP request after 269.8167ms - 200
[23:21:26 INF] System.Net.Http.HttpClient.IStockApiClient.LogicalHandler Start processing HTTP request GET https://data.sec.gov/submissions/CIK0001375365.json
[23:21:26 INF] System.Net.Http.HttpClient.IStockApiClient.ClientHandler Sending HTTP request GET https://data.sec.gov/submissions/CIK0001375365.json
[23:21:27 INF] System.Net.Http.HttpClient.IStockApiClient.ClientHandler Received HTTP response headers after 143.6336ms - 200
[23:21:27 INF] System.Net.Http.HttpClient.IStockApiClient.LogicalHandler End processing HTTP request after 143.9545ms - 200
[23:21:27 INF] System.Net.Http.HttpClient.IStockApiClient.LogicalHandler Start processing HTTP request GET https://www.sec.gov/Archives/edgar/data/1375365/000137536525000027/index.json
[23:21:27 INF] System.Net.Http.HttpClient.IStockApiClient.ClientHandler Sending HTTP request GET https://www.sec.gov/Archives/edgar/data/1375365/000137536525000027/index.json
[23:21:27 INF] System.Net.Http.HttpClient.IStockApiClient.LogicalHandler Start processing HTTP request GET https://data.sec.gov/submissions/CIK0001375365.json
[23:21:27 INF] System.Net.Http.HttpClient.IStockApiClient.ClientHandler Sending HTTP request GET https://data.sec.gov/submissions/CIK0001375365.json
[23:21:27 INF] System.Net.Http.HttpClient.IStockApiClient.LogicalHandler Start processing HTTP request GET https://data.sec.gov/submissions/CIK0001375365.json
[23:21:27 INF] System.Net.Http.HttpClient.IStockApiClient.ClientHandler Sending HTTP request GET https://data.sec.gov/submissions/CIK0001375365.json
[23:21:27 INF] System.Net.Http.HttpClient.IStockApiClient.ClientHandler Received HTTP response headers after 46.6993ms - 200
[23:21:27 INF] System.Net.Http.HttpClient.IStockApiClient.LogicalHandler End processing HTTP request after 46.9252ms - 200
[23:21:27 INF] System.Net.Http.HttpClient.IStockApiClient.LogicalHandler Start processing HTTP request GET https://www.sec.gov/Archives/edgar/data/1375365/000137536525000027/index.json
[23:21:27 INF] System.Net.Http.HttpClient.IStockApiClient.ClientHandler Sending HTTP request GET https://www.sec.gov/Archives/edgar/data/1375365/000137536525000027/index.json
[23:21:27 INF] System.Net.Http.HttpClient.IStockApiClient.ClientHandler Received HTTP response headers after 33.7962ms - 200
[23:21:27 INF] System.Net.Http.HttpClient.IStockApiClient.LogicalHandler End processing HTTP request after 33.9832ms - 200
[23:21:27 INF] System.Net.Http.HttpClient.IStockApiClient.LogicalHandler Start processing HTTP request GET https://www.sec.gov/Archives/edgar/data/1375365/000137536525000027/index.json
[23:21:27 INF] System.Net.Http.HttpClient.IStockApiClient.ClientHandler Sending HTTP request GET https://www.sec.gov/Archives/edgar/data/1375365/000137536525000027/index.json
[23:21:27 INF] System.Net.Http.HttpClient.IStockApiClient.ClientHandler Received HTTP response headers after 68.5227ms - 200
[23:21:27 INF] System.Net.Http.HttpClient.IStockApiClient.LogicalHandler End processing HTTP request after 68.708ms - 200
[23:21:27 INF] System.Net.Http.HttpClient.IStockApiClient.LogicalHandler Start processing HTTP request GET https://www.sec.gov/Archives/edgar/data/1375365/000137536525000027/smci-20250630_htm.xml
[23:21:27 INF] System.Net.Http.HttpClient.IStockApiClient.ClientHandler Sending HTTP request GET https://www.sec.gov/Archives/edgar/data/1375365/000137536525000027/smci-20250630_htm.xml
[23:21:27 INF] System.Net.Http.HttpClient.IStockApiClient.LogicalHandler Start processing HTTP request GET https://data.sec.gov/submissions/CIK0001375365.json
[23:21:27 INF] System.Net.Http.HttpClient.IStockApiClient.ClientHandler Sending HTTP request GET https://data.sec.gov/submissions/CIK0001375365.json
[23:21:27 INF] System.Net.Http.HttpClient.IStockApiClient.ClientHandler Received HTTP response headers after 24.3857ms - 200
[23:21:27 INF] System.Net.Http.HttpClient.IStockApiClient.LogicalHandler End processing HTTP request after 24.5213ms - 200
[23:21:27 INF] System.Net.Http.HttpClient.IStockApiClient.LogicalHandler Start processing HTTP request GET https://www.sec.gov/Archives/edgar/data/1375365/000137536525000027/index.json
[23:21:27 INF] System.Net.Http.HttpClient.IStockApiClient.ClientHandler Sending HTTP request GET https://www.sec.gov/Archives/edgar/data/1375365/000137536525000027/index.json
[23:21:27 INF] System.Net.Http.HttpClient.IStockApiClient.LogicalHandler Start processing HTTP request GET https://data.sec.gov/submissions/CIK0001375365.json
[23:21:27 INF] System.Net.Http.HttpClient.IStockApiClient.ClientHandler Sending HTTP request GET https://data.sec.gov/submissions/CIK0001375365.json
[23:21:27 INF] System.Net.Http.HttpClient.IStockApiClient.ClientHandler Received HTTP response headers after 51.7379ms - 200
[23:21:27 INF] System.Net.Http.HttpClient.IStockApiClient.LogicalHandler End processing HTTP request after 51.9252ms - 200
[23:21:27 INF] System.Net.Http.HttpClient.IStockApiClient.LogicalHandler Start processing HTTP request GET https://www.sec.gov/Archives/edgar/data/1375365/000137536525000027/smci-20250630_htm.xml
[23:21:27 INF] System.Net.Http.HttpClient.IStockApiClient.ClientHandler Sending HTTP request GET https://www.sec.gov/Archives/edgar/data/1375365/000137536525000027/smci-20250630_htm.xml
[23:21:27 INF] System.Net.Http.HttpClient.IStockApiClient.ClientHandler Received HTTP response headers after 24.3809ms - 200
[23:21:27 INF] System.Net.Http.HttpClient.IStockApiClient.LogicalHandler End processing HTTP request after 24.5156ms - 200
[23:21:27 INF] System.Net.Http.HttpClient.IStockApiClient.LogicalHandler Start processing HTTP request GET https://www.sec.gov/Archives/edgar/data/1375365/000137536525000027/index.json
[23:21:27 INF] System.Net.Http.HttpClient.IStockApiClient.ClientHandler Sending HTTP request GET https://www.sec.gov/Archives/edgar/data/1375365/000137536525000027/index.json
[23:21:27 INF] System.Net.Http.HttpClient.IStockApiClient.ClientHandler Received HTTP response headers after 127.2508ms - 200
[23:21:27 INF] System.Net.Http.HttpClient.IStockApiClient.LogicalHandler End processing HTTP request after 127.4291ms - 200
[23:21:27 INF] System.Net.Http.HttpClient.IStockApiClient.LogicalHandler Start processing HTTP request GET https://www.sec.gov/Archives/edgar/data/1375365/000137536525000027/smci-20250630_htm.xml
[23:21:27 INF] System.Net.Http.HttpClient.IStockApiClient.ClientHandler Sending HTTP request GET https://www.sec.gov/Archives/edgar/data/1375365/000137536525000027/smci-20250630_htm.xml
[23:21:27 INF] System.Net.Http.HttpClient.IStockApiClient.ClientHandler Received HTTP response headers after 205.549ms - 200
[23:21:27 INF] System.Net.Http.HttpClient.IStockApiClient.LogicalHandler End processing HTTP request after 205.7435ms - 200
[23:21:27 INF] System.Net.Http.HttpClient.IStockApiClient.ClientHandler Received HTTP response headers after 170.378ms - 200
[23:21:27 INF] System.Net.Http.HttpClient.IStockApiClient.LogicalHandler End processing HTTP request after 170.5425ms - 200
[23:21:27 INF] System.Net.Http.HttpClient.IStockApiClient.LogicalHandler Start processing HTTP request GET https://www.sec.gov/Archives/edgar/data/1375365/000137536525000027/smci-20250630_htm.xml
[23:21:27 INF] System.Net.Http.HttpClient.IStockApiClient.ClientHandler Sending HTTP request GET https://www.sec.gov/Archives/edgar/data/1375365/000137536525000027/smci-20250630_htm.xml
[23:21:27 INF] System.Net.Http.HttpClient.IStockApiClient.ClientHandler Received HTTP response headers after 228.0058ms - 200
[23:21:27 INF] System.Net.Http.HttpClient.IStockApiClient.LogicalHandler End processing HTTP request after 228.1557ms - 200
[23:21:27 INF] System.Net.Http.HttpClient.IStockApiClient.LogicalHandler Start processing HTTP request GET https://www.sec.gov/Archives/edgar/data/1375365/000137536525000027/smci-20250630_htm.xml
[23:21:27 INF] System.Net.Http.HttpClient.IStockApiClient.ClientHandler Sending HTTP request GET https://www.sec.gov/Archives/edgar/data/1375365/000137536525000027/smci-20250630_htm.xml
[23:21:27 INF] System.Net.Http.HttpClient.IStockApiClient.ClientHandler Received HTTP response headers after 146.0645ms - 200
[23:21:27 INF] System.Net.Http.HttpClient.IStockApiClient.ClientHandler Received HTTP response headers after 227.3391ms - 200
[23:21:27 INF] System.Net.Http.HttpClient.IStockApiClient.LogicalHandler End processing HTTP request after 146.263ms - 200
[23:21:27 INF] System.Net.Http.HttpClient.IStockApiClient.LogicalHandler End processing HTTP request after 227.5481ms - 200
[23:21:27 INF] System.Net.Http.HttpClient.IDeepSeekClient.LogicalHandler Start processing HTTP request POST https://api.deepseek.com/chat/completions
[23:21:27 INF] System.Net.Http.HttpClient.IDeepSeekClient.ClientHandler Sending HTTP request POST https://api.deepseek.com/chat/completions
[23:21:27 INF] System.Net.Http.HttpClient.IStockApiClient.ClientHandler Received HTTP response headers after 42.8278ms - 200
[23:21:27 INF] System.Net.Http.HttpClient.IStockApiClient.LogicalHandler End processing HTTP request after 43.0428ms - 200
[23:21:27 INF] System.Net.Http.HttpClient.IStockApiClient.ClientHandler Received HTTP response headers after 118.8578ms - 200
[23:21:27 INF] System.Net.Http.HttpClient.IStockApiClient.LogicalHandler End processing HTTP request after 119.0867ms - 200
[23:21:27 INF] System.Net.Http.HttpClient.IDeepSeekClient.LogicalHandler Start processing HTTP request POST https://api.deepseek.com/chat/completions
[23:21:27 INF] System.Net.Http.HttpClient.IDeepSeekClient.ClientHandler Sending HTTP request POST https://api.deepseek.com/chat/completions
[23:21:27 INF] System.Net.Http.HttpClient.IDeepSeekClient.LogicalHandler Start processing HTTP request POST https://api.deepseek.com/chat/completions
[23:21:27 INF] System.Net.Http.HttpClient.IDeepSeekClient.ClientHandler Sending HTTP request POST https://api.deepseek.com/chat/completions
[23:21:27 INF] System.Net.Http.HttpClient.IDeepSeekClient.LogicalHandler Start processing HTTP request POST https://api.deepseek.com/chat/completions
[23:21:27 INF] System.Net.Http.HttpClient.IDeepSeekClient.ClientHandler Sending HTTP request POST https://api.deepseek.com/chat/completions
[23:21:27 INF] System.Net.Http.HttpClient.IDeepSeekClient.ClientHandler Received HTTP response headers after 292.5251ms - 200
[23:21:27 INF] System.Net.Http.HttpClient.IDeepSeekClient.LogicalHandler End processing HTTP request after 292.7361ms - 200
[23:21:27 INF] System.Net.Http.HttpClient.IDeepSeekClient.LogicalHandler Start processing HTTP request POST https://api.deepseek.com/chat/completions
[23:21:27 INF] System.Net.Http.HttpClient.IDeepSeekClient.ClientHandler Sending HTTP request POST https://api.deepseek.com/chat/completions
[23:21:28 INF] System.Net.Http.HttpClient.IDeepSeekClient.ClientHandler Received HTTP response headers after 303.4708ms - 200
[23:21:28 INF] System.Net.Http.HttpClient.IDeepSeekClient.LogicalHandler End processing HTTP request after 304.0762ms - 200
[23:21:28 INF] System.Net.Http.HttpClient.IDeepSeekClient.ClientHandler Received HTTP response headers after 309.5657ms - 200
[23:21:28 INF] System.Net.Http.HttpClient.IDeepSeekClient.LogicalHandler End processing HTTP request after 310.8447ms - 200
[23:21:28 INF] System.Net.Http.HttpClient.IDeepSeekClient.ClientHandler Received HTTP response headers after 300.257ms - 200
[23:21:28 INF] System.Net.Http.HttpClient.IDeepSeekClient.LogicalHandler End processing HTTP request after 300.5754ms - 200
[23:21:28 INF] System.Net.Http.HttpClient.IDeepSeekClient.ClientHandler Received HTTP response headers after 291.255ms - 200
[23:21:28 INF] System.Net.Http.HttpClient.IDeepSeekClient.LogicalHandler End processing HTTP request after 291.6318ms - 200
[23:29:09 INF] Microsoft.Hosting.Lifetime Application is shutting down...
[23:37:47 INF] Microsoft.Hosting.Lifetime Now listening on: http://localhost:5213
[23:37:47 INF] Microsoft.Hosting.Lifetime Application started. Press Ctrl+C to shut down.
[23:37:47 INF] Microsoft.Hosting.Lifetime Hosting environment: Development
[23:37:47 INF] Microsoft.Hosting.Lifetime Content root path: /Users/lukaosojnik/Documents/Coding/simple-bloomberg-terminal/simple-bloomberg-terminal
[23:37:47 WRN] Microsoft.EntityFrameworkCore.Query Compiling a query which loads related collections for more than one collection navigation, either via 'Include' or through projection, but no 'QuerySplittingBehavior' has been configured. By default, Entity Framework will use 'QuerySplittingBehavior.SingleQuery', which can potentially result in slow query performance. See https://go.microsoft.com/fwlink/?linkid=2134277 for more information. To identify the query that's triggering this warning call 'ConfigureWarnings(w => w.Throw(RelationalEventId.MultipleCollectionIncludeWarning))'.
[23:37:56 WRN] LuckyPennySoftware.AutoMapper.License You do not have a valid license key for the Lucky Penny software AutoMapper. This is allowed for development and testing scenarios. If you are running in production you are required to have a licensed version. Please visit https://luckypennysoftware.com to obtain a valid license.
[23:37:56 INF] System.Net.Http.HttpClient.IStockApiClient.LogicalHandler Start processing HTTP request GET https://data.sec.gov/submissions/CIK0001375365.json
[23:37:56 INF] System.Net.Http.HttpClient.IStockApiClient.ClientHandler Sending HTTP request GET https://data.sec.gov/submissions/CIK0001375365.json
[23:37:56 INF] System.Net.Http.HttpClient.IStockApiClient.ClientHandler Received HTTP response headers after 332.8185ms - 200
[23:37:56 INF] System.Net.Http.HttpClient.IStockApiClient.LogicalHandler End processing HTTP request after 339.9888ms - 200
[23:38:05 INF] System.Net.Http.HttpClient.IStockApiClient.LogicalHandler Start processing HTTP request GET https://www.sec.gov/Archives/edgar/data/1375365/000137536525000027/smci-20250630.htm
[23:38:05 INF] System.Net.Http.HttpClient.IStockApiClient.ClientHandler Sending HTTP request GET https://www.sec.gov/Archives/edgar/data/1375365/000137536525000027/smci-20250630.htm
[23:38:05 INF] System.Net.Http.HttpClient.IStockApiClient.ClientHandler Received HTTP response headers after 252.6386ms - 200
[23:38:05 INF] System.Net.Http.HttpClient.IStockApiClient.LogicalHandler End processing HTTP request after 253.8051ms - 200
[23:38:06 INF] System.Net.Http.HttpClient.IDeepSeekClient.LogicalHandler Start processing HTTP request POST https://api.deepseek.com/chat/completions
[23:38:06 INF] System.Net.Http.HttpClient.IDeepSeekClient.ClientHandler Sending HTTP request POST https://api.deepseek.com/chat/completions
[23:38:06 INF] System.Net.Http.HttpClient.IDeepSeekClient.ClientHandler Received HTTP response headers after 460.2803ms - 200
[23:38:06 INF] System.Net.Http.HttpClient.IDeepSeekClient.LogicalHandler End processing HTTP request after 460.6672ms - 200
[23:38:38 INF] System.Net.Http.HttpClient.IStockApiClient.LogicalHandler Start processing HTTP request GET https://www.sec.gov/Archives/edgar/data/1375365/000137536525000027/FilingSummary.xml
[23:38:38 INF] System.Net.Http.HttpClient.IStockApiClient.ClientHandler Sending HTTP request GET https://www.sec.gov/Archives/edgar/data/1375365/000137536525000027/FilingSummary.xml
[23:38:38 INF] System.Net.Http.HttpClient.IStockApiClient.ClientHandler Received HTTP response headers after 47.4993ms - 200
[23:38:38 INF] System.Net.Http.HttpClient.IStockApiClient.LogicalHandler End processing HTTP request after 49.3223ms - 200
[23:38:38 INF] System.Net.Http.HttpClient.IStockApiClient.LogicalHandler Start processing HTTP request GET https://www.sec.gov/Archives/edgar/data/1375365/000137536525000027/R5.htm
[23:38:38 INF] System.Net.Http.HttpClient.IStockApiClient.ClientHandler Sending HTTP request GET https://www.sec.gov/Archives/edgar/data/1375365/000137536525000027/R5.htm
[23:38:38 INF] System.Net.Http.HttpClient.IStockApiClient.ClientHandler Received HTTP response headers after 30.6359ms - 200
[23:38:38 INF] System.Net.Http.HttpClient.IStockApiClient.LogicalHandler End processing HTTP request after 31.2184ms - 200
[23:38:38 INF] System.Net.Http.HttpClient.IStockApiClient.LogicalHandler Start processing HTTP request GET https://www.sec.gov/Archives/edgar/data/1375365/000137536525000027/R48.htm
[23:38:38 INF] System.Net.Http.HttpClient.IStockApiClient.ClientHandler Sending HTTP request GET https://www.sec.gov/Archives/edgar/data/1375365/000137536525000027/R48.htm
[23:38:38 INF] System.Net.Http.HttpClient.IStockApiClient.ClientHandler Received HTTP response headers after 30.5467ms - 200
[23:38:38 INF] System.Net.Http.HttpClient.IStockApiClient.LogicalHandler End processing HTTP request after 30.8577ms - 200
[23:38:38 INF] System.Net.Http.HttpClient.IStockApiClient.LogicalHandler Start processing HTTP request GET https://www.sec.gov/Archives/edgar/data/1375365/000137536525000027/R81.htm
[23:38:38 INF] System.Net.Http.HttpClient.IStockApiClient.ClientHandler Sending HTTP request GET https://www.sec.gov/Archives/edgar/data/1375365/000137536525000027/R81.htm
[23:38:38 INF] System.Net.Http.HttpClient.IStockApiClient.ClientHandler Received HTTP response headers after 31.9172ms - 200
[23:38:38 INF] System.Net.Http.HttpClient.IStockApiClient.LogicalHandler End processing HTTP request after 32.4179ms - 200
[23:38:38 INF] System.Net.Http.HttpClient.IStockApiClient.LogicalHandler Start processing HTTP request GET https://www.sec.gov/Archives/edgar/data/1375365/000137536525000027/R92.htm
[23:38:38 INF] System.Net.Http.HttpClient.IStockApiClient.ClientHandler Sending HTTP request GET https://www.sec.gov/Archives/edgar/data/1375365/000137536525000027/R92.htm
[23:38:38 INF] System.Net.Http.HttpClient.IStockApiClient.ClientHandler Received HTTP response headers after 31.907ms - 200
[23:38:38 INF] System.Net.Http.HttpClient.IStockApiClient.LogicalHandler End processing HTTP request after 32.3772ms - 200
[23:38:38 INF] System.Net.Http.HttpClient.IStockApiClient.LogicalHandler Start processing HTTP request GET https://www.sec.gov/Archives/edgar/data/1375365/000137536525000027/R107.htm
[23:38:38 INF] System.Net.Http.HttpClient.IStockApiClient.ClientHandler Sending HTTP request GET https://www.sec.gov/Archives/edgar/data/1375365/000137536525000027/R107.htm
[23:38:38 INF] System.Net.Http.HttpClient.IStockApiClient.ClientHandler Received HTTP response headers after 29.7185ms - 200
[23:38:38 INF] System.Net.Http.HttpClient.IStockApiClient.LogicalHandler End processing HTTP request after 30.1239ms - 200
[23:38:38 INF] System.Net.Http.HttpClient.IStockApiClient.LogicalHandler Start processing HTTP request GET https://www.sec.gov/Archives/edgar/data/1375365/000137536525000027/R108.htm
[23:38:38 INF] System.Net.Http.HttpClient.IStockApiClient.ClientHandler Sending HTTP request GET https://www.sec.gov/Archives/edgar/data/1375365/000137536525000027/R108.htm
[23:38:38 INF] System.Net.Http.HttpClient.IStockApiClient.ClientHandler Received HTTP response headers after 33.1238ms - 200
[23:38:38 INF] System.Net.Http.HttpClient.IStockApiClient.LogicalHandler End processing HTTP request after 33.2904ms - 200
[23:38:38 INF] System.Net.Http.HttpClient.IDeepSeekClient.LogicalHandler Start processing HTTP request POST https://api.deepseek.com/chat/completions
[23:38:38 INF] System.Net.Http.HttpClient.IDeepSeekClient.ClientHandler Sending HTTP request POST https://api.deepseek.com/chat/completions
[23:38:38 INF] System.Net.Http.HttpClient.IDeepSeekClient.LogicalHandler Start processing HTTP request POST https://api.deepseek.com/chat/completions
[23:38:38 INF] System.Net.Http.HttpClient.IDeepSeekClient.ClientHandler Sending HTTP request POST https://api.deepseek.com/chat/completions
[23:38:38 INF] System.Net.Http.HttpClient.IDeepSeekClient.LogicalHandler Start processing HTTP request POST https://api.deepseek.com/chat/completions
[23:38:38 INF] System.Net.Http.HttpClient.IDeepSeekClient.ClientHandler Sending HTTP request POST https://api.deepseek.com/chat/completions
[23:38:38 INF] System.Net.Http.HttpClient.IDeepSeekClient.LogicalHandler Start processing HTTP request POST https://api.deepseek.com/chat/completions
[23:38:38 INF] System.Net.Http.HttpClient.IDeepSeekClient.ClientHandler Sending HTTP request POST https://api.deepseek.com/chat/completions
[23:38:38 INF] System.Net.Http.HttpClient.IDeepSeekClient.LogicalHandler Start processing HTTP request POST https://api.deepseek.com/chat/completions
[23:38:38 INF] System.Net.Http.HttpClient.IDeepSeekClient.ClientHandler Sending HTTP request POST https://api.deepseek.com/chat/completions
[23:38:38 INF] System.Net.Http.HttpClient.IDeepSeekClient.LogicalHandler Start processing HTTP request POST https://api.deepseek.com/chat/completions
[23:38:38 INF] System.Net.Http.HttpClient.IDeepSeekClient.ClientHandler Sending HTTP request POST https://api.deepseek.com/chat/completions
[23:38:39 INF] System.Net.Http.HttpClient.IDeepSeekClient.ClientHandler Received HTTP response headers after 285.5524ms - 200
[23:38:39 INF] System.Net.Http.HttpClient.IDeepSeekClient.LogicalHandler End processing HTTP request after 285.99ms - 200
[23:38:39 INF] System.Net.Http.HttpClient.IDeepSeekClient.ClientHandler Received HTTP response headers after 327.9335ms - 200
[23:38:39 INF] System.Net.Http.HttpClient.IDeepSeekClient.LogicalHandler End processing HTTP request after 328.1124ms - 200
[23:38:39 INF] System.Net.Http.HttpClient.IDeepSeekClient.ClientHandler Received HTTP response headers after 328.6492ms - 200
[23:38:39 INF] System.Net.Http.HttpClient.IDeepSeekClient.LogicalHandler End processing HTTP request after 328.7632ms - 200
[23:38:39 INF] System.Net.Http.HttpClient.IDeepSeekClient.ClientHandler Received HTTP response headers after 330.0936ms - 200
[23:38:39 INF] System.Net.Http.HttpClient.IDeepSeekClient.LogicalHandler End processing HTTP request after 330.1975ms - 200
[23:38:39 INF] System.Net.Http.HttpClient.IDeepSeekClient.ClientHandler Received HTTP response headers after 332.7876ms - 200
[23:38:39 INF] System.Net.Http.HttpClient.IDeepSeekClient.LogicalHandler End processing HTTP request after 332.8815ms - 200
[23:38:39 INF] System.Net.Http.HttpClient.IDeepSeekClient.ClientHandler Received HTTP response headers after 350.0642ms - 200
[23:38:39 INF] System.Net.Http.HttpClient.IDeepSeekClient.LogicalHandler End processing HTTP request after 350.1664ms - 200
[23:38:40 INF] System.Net.Http.HttpClient.IDeepSeekClient.LogicalHandler Start processing HTTP request POST https://api.deepseek.com/chat/completions
[23:38:40 INF] System.Net.Http.HttpClient.IDeepSeekClient.ClientHandler Sending HTTP request POST https://api.deepseek.com/chat/completions
[23:38:40 INF] System.Net.Http.HttpClient.IDeepSeekClient.LogicalHandler Start processing HTTP request POST https://api.deepseek.com/chat/completions
[23:38:40 INF] System.Net.Http.HttpClient.IDeepSeekClient.ClientHandler Sending HTTP request POST https://api.deepseek.com/chat/completions
[23:38:40 INF] System.Net.Http.HttpClient.IDeepSeekClient.ClientHandler Received HTTP response headers after 327.131ms - 200
[23:38:40 INF] System.Net.Http.HttpClient.IDeepSeekClient.ClientHandler Received HTTP response headers after 329.4717ms - 200
[23:38:40 INF] System.Net.Http.HttpClient.IDeepSeekClient.LogicalHandler End processing HTTP request after 327.4259ms - 200
[23:38:40 INF] System.Net.Http.HttpClient.IDeepSeekClient.LogicalHandler End processing HTTP request after 329.8713ms - 200
[23:38:41 INF] System.Net.Http.HttpClient.IDeepSeekClient.LogicalHandler Start processing HTTP request POST https://api.deepseek.com/chat/completions
[23:38:41 INF] System.Net.Http.HttpClient.IDeepSeekClient.ClientHandler Sending HTTP request POST https://api.deepseek.com/chat/completions
[23:38:42 INF] System.Net.Http.HttpClient.IDeepSeekClient.LogicalHandler Start processing HTTP request POST https://api.deepseek.com/chat/completions
[23:38:42 INF] System.Net.Http.HttpClient.IDeepSeekClient.ClientHandler Sending HTTP request POST https://api.deepseek.com/chat/completions
[23:38:42 INF] System.Net.Http.HttpClient.IDeepSeekClient.LogicalHandler Start processing HTTP request POST https://api.deepseek.com/chat/completions
[23:38:42 INF] System.Net.Http.HttpClient.IDeepSeekClient.ClientHandler Sending HTTP request POST https://api.deepseek.com/chat/completions
[23:38:42 INF] System.Net.Http.HttpClient.IDeepSeekClient.ClientHandler Received HTTP response headers after 297.1927ms - 200
[23:38:42 INF] System.Net.Http.HttpClient.IDeepSeekClient.LogicalHandler End processing HTTP request after 297.7137ms - 200
[23:38:42 INF] System.Net.Http.HttpClient.IDeepSeekClient.ClientHandler Received HTTP response headers after 300.6337ms - 200
[23:38:42 INF] System.Net.Http.HttpClient.IDeepSeekClient.LogicalHandler End processing HTTP request after 301.8812ms - 200
[23:38:42 INF] System.Net.Http.HttpClient.IDeepSeekClient.ClientHandler Received HTTP response headers after 286.5499ms - 200
[23:38:42 INF] System.Net.Http.HttpClient.IDeepSeekClient.LogicalHandler End processing HTTP request after 287.4146ms - 200
[23:38:43 INF] System.Net.Http.HttpClient.IDeepSeekClient.LogicalHandler Start processing HTTP request POST https://api.deepseek.com/chat/completions
[23:38:43 INF] System.Net.Http.HttpClient.IDeepSeekClient.ClientHandler Sending HTTP request POST https://api.deepseek.com/chat/completions
[23:38:43 INF] System.Net.Http.HttpClient.IDeepSeekClient.LogicalHandler Start processing HTTP request POST https://api.deepseek.com/chat/completions
[23:38:43 INF] System.Net.Http.HttpClient.IDeepSeekClient.ClientHandler Sending HTTP request POST https://api.deepseek.com/chat/completions
[23:38:43 INF] System.Net.Http.HttpClient.IDeepSeekClient.ClientHandler Received HTTP response headers after 283.1959ms - 200
[23:38:43 INF] System.Net.Http.HttpClient.IDeepSeekClient.LogicalHandler End processing HTTP request after 284.227ms - 200
[23:38:43 INF] System.Net.Http.HttpClient.IDeepSeekClient.ClientHandler Received HTTP response headers after 300.1452ms - 200
[23:38:43 INF] System.Net.Http.HttpClient.IDeepSeekClient.LogicalHandler End processing HTTP request after 301.0297ms - 200
[23:38:44 INF] System.Net.Http.HttpClient.IDeepSeekClient.LogicalHandler Start processing HTTP request POST https://api.deepseek.com/chat/completions
[23:38:44 INF] System.Net.Http.HttpClient.IDeepSeekClient.ClientHandler Sending HTTP request POST https://api.deepseek.com/chat/completions
[23:38:44 INF] System.Net.Http.HttpClient.IDeepSeekClient.LogicalHandler Start processing HTTP request POST https://api.deepseek.com/chat/completions
[23:38:44 INF] System.Net.Http.HttpClient.IDeepSeekClient.ClientHandler Sending HTTP request POST https://api.deepseek.com/chat/completions
[23:38:44 INF] System.Net.Http.HttpClient.IDeepSeekClient.ClientHandler Received HTTP response headers after 299.4043ms - 200
[23:38:44 INF] System.Net.Http.HttpClient.IDeepSeekClient.LogicalHandler End processing HTTP request after 300.179ms - 200
[23:38:45 INF] System.Net.Http.HttpClient.IDeepSeekClient.ClientHandler Received HTTP response headers after 336.3568ms - 200
[23:38:45 INF] System.Net.Http.HttpClient.IDeepSeekClient.LogicalHandler End processing HTTP request after 336.902ms - 200
[23:38:46 INF] System.Net.Http.HttpClient.IDeepSeekClient.LogicalHandler Start processing HTTP request POST https://api.deepseek.com/chat/completions
[23:38:46 INF] System.Net.Http.HttpClient.IDeepSeekClient.ClientHandler Sending HTTP request POST https://api.deepseek.com/chat/completions
[23:38:46 INF] System.Net.Http.HttpClient.IDeepSeekClient.ClientHandler Received HTTP response headers after 307.3373ms - 200
[23:38:46 INF] System.Net.Http.HttpClient.IDeepSeekClient.LogicalHandler End processing HTTP request after 307.9391ms - 200
[23:38:46 INF] System.Net.Http.HttpClient.IDeepSeekClient.LogicalHandler Start processing HTTP request POST https://api.deepseek.com/chat/completions
[23:38:46 INF] System.Net.Http.HttpClient.IDeepSeekClient.ClientHandler Sending HTTP request POST https://api.deepseek.com/chat/completions
[23:38:46 INF] System.Net.Http.HttpClient.IDeepSeekClient.LogicalHandler Start processing HTTP request POST https://api.deepseek.com/chat/completions
[23:38:46 INF] System.Net.Http.HttpClient.IDeepSeekClient.ClientHandler Sending HTTP request POST https://api.deepseek.com/chat/completions
[23:38:46 INF] System.Net.Http.HttpClient.IDeepSeekClient.ClientHandler Received HTTP response headers after 293.4537ms - 200
[23:38:46 INF] System.Net.Http.HttpClient.IDeepSeekClient.LogicalHandler End processing HTTP request after 294.2183ms - 200
[23:38:47 INF] System.Net.Http.HttpClient.IDeepSeekClient.ClientHandler Received HTTP response headers after 290.5075ms - 200
[23:38:47 INF] System.Net.Http.HttpClient.IDeepSeekClient.LogicalHandler End processing HTTP request after 291.3087ms - 200
[23:38:47 INF] System.Net.Http.HttpClient.IDeepSeekClient.LogicalHandler Start processing HTTP request POST https://api.deepseek.com/chat/completions
[23:38:47 INF] System.Net.Http.HttpClient.IDeepSeekClient.ClientHandler Sending HTTP request POST https://api.deepseek.com/chat/completions
[23:38:47 INF] System.Net.Http.HttpClient.IDeepSeekClient.LogicalHandler Start processing HTTP request POST https://api.deepseek.com/chat/completions
[23:38:47 INF] System.Net.Http.HttpClient.IDeepSeekClient.ClientHandler Sending HTTP request POST https://api.deepseek.com/chat/completions
[23:38:47 INF] System.Net.Http.HttpClient.IDeepSeekClient.ClientHandler Received HTTP response headers after 288.258ms - 200
[23:38:47 INF] System.Net.Http.HttpClient.IDeepSeekClient.LogicalHandler End processing HTTP request after 288.8437ms - 200
[23:38:47 INF] System.Net.Http.HttpClient.IDeepSeekClient.ClientHandler Received HTTP response headers after 306.4149ms - 200
[23:38:47 INF] System.Net.Http.HttpClient.IDeepSeekClient.LogicalHandler End processing HTTP request after 307.5333ms - 200
[23:38:48 INF] System.Net.Http.HttpClient.IDeepSeekClient.LogicalHandler Start processing HTTP request POST https://api.deepseek.com/chat/completions
[23:38:48 INF] System.Net.Http.HttpClient.IDeepSeekClient.ClientHandler Sending HTTP request POST https://api.deepseek.com/chat/completions
[23:38:48 INF] System.Net.Http.HttpClient.IDeepSeekClient.LogicalHandler Start processing HTTP request POST https://api.deepseek.com/chat/completions
[23:38:48 INF] System.Net.Http.HttpClient.IDeepSeekClient.ClientHandler Sending HTTP request POST https://api.deepseek.com/chat/completions
[23:38:48 INF] System.Net.Http.HttpClient.IDeepSeekClient.LogicalHandler Start processing HTTP request POST https://api.deepseek.com/chat/completions
[23:38:48 INF] System.Net.Http.HttpClient.IDeepSeekClient.ClientHandler Sending HTTP request POST https://api.deepseek.com/chat/completions
[23:38:49 INF] System.Net.Http.HttpClient.IDeepSeekClient.LogicalHandler Start processing HTTP request POST https://api.deepseek.com/chat/completions
[23:38:49 INF] System.Net.Http.HttpClient.IDeepSeekClient.ClientHandler Sending HTTP request POST https://api.deepseek.com/chat/completions
[23:38:49 INF] System.Net.Http.HttpClient.IDeepSeekClient.ClientHandler Received HTTP response headers after 284.0235ms - 200
[23:38:49 INF] System.Net.Http.HttpClient.IDeepSeekClient.LogicalHandler End processing HTTP request after 284.6785ms - 200
[23:38:49 INF] System.Net.Http.HttpClient.IDeepSeekClient.ClientHandler Received HTTP response headers after 304.6141ms - 200
[23:38:49 INF] System.Net.Http.HttpClient.IDeepSeekClient.LogicalHandler End processing HTTP request after 304.9119ms - 200
[23:38:49 INF] System.Net.Http.HttpClient.IDeepSeekClient.ClientHandler Received HTTP response headers after 299.6684ms - 200
[23:38:49 INF] System.Net.Http.HttpClient.IDeepSeekClient.LogicalHandler End processing HTTP request after 299.8157ms - 200
[23:38:49 INF] System.Net.Http.HttpClient.IDeepSeekClient.ClientHandler Received HTTP response headers after 299.3676ms - 200
[23:38:49 INF] System.Net.Http.HttpClient.IDeepSeekClient.LogicalHandler End processing HTTP request after 300.4028ms - 200
[23:38:50 INF] System.Net.Http.HttpClient.IDeepSeekClient.LogicalHandler Start processing HTTP request POST https://api.deepseek.com/chat/completions
[23:38:50 INF] System.Net.Http.HttpClient.IDeepSeekClient.ClientHandler Sending HTTP request POST https://api.deepseek.com/chat/completions
[23:38:50 INF] System.Net.Http.HttpClient.IDeepSeekClient.LogicalHandler Start processing HTTP request POST https://api.deepseek.com/chat/completions
[23:38:50 INF] System.Net.Http.HttpClient.IDeepSeekClient.ClientHandler Sending HTTP request POST https://api.deepseek.com/chat/completions
[23:38:50 INF] System.Net.Http.HttpClient.IDeepSeekClient.LogicalHandler Start processing HTTP request POST https://api.deepseek.com/chat/completions
[23:38:50 INF] System.Net.Http.HttpClient.IDeepSeekClient.ClientHandler Sending HTTP request POST https://api.deepseek.com/chat/completions
[23:38:50 INF] System.Net.Http.HttpClient.IDeepSeekClient.ClientHandler Received HTTP response headers after 298.2469ms - 200
[23:38:50 INF] System.Net.Http.HttpClient.IDeepSeekClient.LogicalHandler End processing HTTP request after 298.7329ms - 200
[23:38:50 INF] System.Net.Http.HttpClient.IDeepSeekClient.LogicalHandler Start processing HTTP request POST https://api.deepseek.com/chat/completions
[23:38:50 INF] System.Net.Http.HttpClient.IDeepSeekClient.ClientHandler Sending HTTP request POST https://api.deepseek.com/chat/completions
[23:38:50 INF] System.Net.Http.HttpClient.IDeepSeekClient.ClientHandler Received HTTP response headers after 296.7228ms - 200
[23:38:50 INF] System.Net.Http.HttpClient.IDeepSeekClient.LogicalHandler End processing HTTP request after 296.9971ms - 200
[23:38:51 INF] System.Net.Http.HttpClient.IDeepSeekClient.ClientHandler Received HTTP response headers after 290.8247ms - 200
[23:38:51 INF] System.Net.Http.HttpClient.IDeepSeekClient.LogicalHandler End processing HTTP request after 291.3409ms - 200
[23:38:51 INF] System.Net.Http.HttpClient.IDeepSeekClient.ClientHandler Received HTTP response headers after 292.5715ms - 200
[23:38:51 INF] System.Net.Http.HttpClient.IDeepSeekClient.LogicalHandler End processing HTTP request after 297.0193ms - 200
[23:38:52 INF] System.Net.Http.HttpClient.IDeepSeekClient.LogicalHandler Start processing HTTP request POST https://api.deepseek.com/chat/completions
[23:38:52 INF] System.Net.Http.HttpClient.IDeepSeekClient.ClientHandler Sending HTTP request POST https://api.deepseek.com/chat/completions
[23:38:52 INF] System.Net.Http.HttpClient.IDeepSeekClient.LogicalHandler Start processing HTTP request POST https://api.deepseek.com/chat/completions
[23:38:52 INF] System.Net.Http.HttpClient.IDeepSeekClient.ClientHandler Sending HTTP request POST https://api.deepseek.com/chat/completions
[23:38:52 INF] System.Net.Http.HttpClient.IDeepSeekClient.ClientHandler Received HTTP response headers after 288.9604ms - 200
[23:38:52 INF] System.Net.Http.HttpClient.IDeepSeekClient.LogicalHandler End processing HTTP request after 289.53ms - 200
[23:38:52 INF] System.Net.Http.HttpClient.IDeepSeekClient.LogicalHandler Start processing HTTP request POST https://api.deepseek.com/chat/completions
[23:38:52 INF] System.Net.Http.HttpClient.IDeepSeekClient.ClientHandler Sending HTTP request POST https://api.deepseek.com/chat/completions
[23:38:52 INF] System.Net.Http.HttpClient.IDeepSeekClient.ClientHandler Received HTTP response headers after 302.4912ms - 200
[23:38:52 INF] System.Net.Http.HttpClient.IDeepSeekClient.LogicalHandler End processing HTTP request after 302.9831ms - 200
[23:38:52 INF] System.Net.Http.HttpClient.IDeepSeekClient.ClientHandler Received HTTP response headers after 383.3095ms - 200
[23:38:52 INF] System.Net.Http.HttpClient.IDeepSeekClient.LogicalHandler End processing HTTP request after 384.2446ms - 200
[23:38:52 INF] System.Net.Http.HttpClient.IDeepSeekClient.LogicalHandler Start processing HTTP request POST https://api.deepseek.com/chat/completions
[23:38:52 INF] System.Net.Http.HttpClient.IDeepSeekClient.ClientHandler Sending HTTP request POST https://api.deepseek.com/chat/completions
[23:38:53 INF] System.Net.Http.HttpClient.IDeepSeekClient.ClientHandler Received HTTP response headers after 279.8127ms - 200
[23:38:53 INF] System.Net.Http.HttpClient.IDeepSeekClient.LogicalHandler End processing HTTP request after 280.5543ms - 200
[23:38:53 INF] System.Net.Http.HttpClient.IDeepSeekClient.LogicalHandler Start processing HTTP request POST https://api.deepseek.com/chat/completions
[23:38:53 INF] System.Net.Http.HttpClient.IDeepSeekClient.ClientHandler Sending HTTP request POST https://api.deepseek.com/chat/completions
[23:38:54 INF] System.Net.Http.HttpClient.IDeepSeekClient.LogicalHandler Start processing HTTP request POST https://api.deepseek.com/chat/completions
[23:38:54 INF] System.Net.Http.HttpClient.IDeepSeekClient.ClientHandler Sending HTTP request POST https://api.deepseek.com/chat/completions
[23:38:54 INF] System.Net.Http.HttpClient.IDeepSeekClient.ClientHandler Received HTTP response headers after 297.171ms - 200
[23:38:54 INF] System.Net.Http.HttpClient.IDeepSeekClient.LogicalHandler End processing HTTP request after 298.4429ms - 200
[23:38:54 INF] System.Net.Http.HttpClient.IDeepSeekClient.ClientHandler Received HTTP response headers after 290.9079ms - 200
[23:38:54 INF] System.Net.Http.HttpClient.IDeepSeekClient.LogicalHandler End processing HTTP request after 291.6715ms - 200
[23:39:38 INF] System.Net.Http.HttpClient.IStockApiClient.LogicalHandler Start processing HTTP request GET https://data.sec.gov/api/xbrl/companyfacts/CIK0001375365.json
[23:39:38 INF] System.Net.Http.HttpClient.IStockApiClient.ClientHandler Sending HTTP request GET https://data.sec.gov/api/xbrl/companyfacts/CIK0001375365.json
[23:39:38 INF] System.Net.Http.HttpClient.IStockApiClient.ClientHandler Received HTTP response headers after 436.368ms - 200
[23:39:38 INF] System.Net.Http.HttpClient.IStockApiClient.LogicalHandler End processing HTTP request after 436.9017ms - 200
[23:39:38 INF] System.Net.Http.HttpClient.IStockApiClient.LogicalHandler Start processing HTTP request GET https://data.sec.gov/submissions/CIK0001375365.json
[23:39:38 INF] System.Net.Http.HttpClient.IStockApiClient.ClientHandler Sending HTTP request GET https://data.sec.gov/submissions/CIK0001375365.json
[23:39:38 INF] System.Net.Http.HttpClient.IStockApiClient.ClientHandler Received HTTP response headers after 156.9894ms - 200
[23:39:38 INF] System.Net.Http.HttpClient.IStockApiClient.LogicalHandler End processing HTTP request after 157.5ms - 200
[23:39:38 INF] System.Net.Http.HttpClient.IStockApiClient.LogicalHandler Start processing HTTP request GET https://www.sec.gov/Archives/edgar/data/1375365/000137536525000027/index.json
[23:39:38 INF] System.Net.Http.HttpClient.IStockApiClient.ClientHandler Sending HTTP request GET https://www.sec.gov/Archives/edgar/data/1375365/000137536525000027/index.json
[23:39:38 INF] System.Net.Http.HttpClient.IStockApiClient.ClientHandler Received HTTP response headers after 38.9732ms - 200
[23:39:38 INF] System.Net.Http.HttpClient.IStockApiClient.LogicalHandler End processing HTTP request after 39.5601ms - 200
[23:39:38 INF] System.Net.Http.HttpClient.IStockApiClient.LogicalHandler Start processing HTTP request GET https://www.sec.gov/Archives/edgar/data/1375365/000137536525000027/smci-20250630_htm.xml
[23:39:38 INF] System.Net.Http.HttpClient.IStockApiClient.ClientHandler Sending HTTP request GET https://www.sec.gov/Archives/edgar/data/1375365/000137536525000027/smci-20250630_htm.xml
[23:39:39 INF] System.Net.Http.HttpClient.IStockApiClient.ClientHandler Received HTTP response headers after 30.4826ms - 200
[23:39:39 INF] System.Net.Http.HttpClient.IStockApiClient.LogicalHandler End processing HTTP request after 30.679ms - 200
[23:39:39 INF] System.Net.Http.HttpClient.IDeepSeekClient.LogicalHandler Start processing HTTP request POST https://api.deepseek.com/chat/completions
[23:39:39 INF] System.Net.Http.HttpClient.IDeepSeekClient.ClientHandler Sending HTTP request POST https://api.deepseek.com/chat/completions
[23:39:39 INF] System.Net.Http.HttpClient.IDeepSeekClient.ClientHandler Received HTTP response headers after 395.8842ms - 200
[23:39:39 INF] System.Net.Http.HttpClient.IDeepSeekClient.LogicalHandler End processing HTTP request after 396.1824ms - 200
[23:40:06 INF] System.Net.Http.HttpClient.IDeepSeekClient.LogicalHandler Start processing HTTP request POST https://api.deepseek.com/chat/completions
[23:40:06 INF] System.Net.Http.HttpClient.IDeepSeekClient.ClientHandler Sending HTTP request POST https://api.deepseek.com/chat/completions
[23:40:06 INF] System.Net.Http.HttpClient.IDeepSeekClient.ClientHandler Received HTTP response headers after 301.0252ms - 200
[23:40:06 INF] System.Net.Http.HttpClient.IDeepSeekClient.LogicalHandler End processing HTTP request after 301.9083ms - 200
[23:40:40 INF] System.Net.Http.HttpClient.IDeepSeekClient.LogicalHandler Start processing HTTP request POST https://api.deepseek.com/chat/completions
[23:40:40 INF] System.Net.Http.HttpClient.IDeepSeekClient.ClientHandler Sending HTTP request POST https://api.deepseek.com/chat/completions
[23:40:40 INF] System.Net.Http.HttpClient.IDeepSeekClient.LogicalHandler Start processing HTTP request POST https://api.deepseek.com/chat/completions
[23:40:40 INF] System.Net.Http.HttpClient.IDeepSeekClient.ClientHandler Sending HTTP request POST https://api.deepseek.com/chat/completions
[23:40:40 INF] System.Net.Http.HttpClient.IDeepSeekClient.LogicalHandler Start processing HTTP request POST https://api.deepseek.com/chat/completions
[23:40:40 INF] System.Net.Http.HttpClient.IDeepSeekClient.ClientHandler Sending HTTP request POST https://api.deepseek.com/chat/completions
[23:40:40 INF] System.Net.Http.HttpClient.IDeepSeekClient.LogicalHandler Start processing HTTP request POST https://api.deepseek.com/chat/completions
[23:40:40 INF] System.Net.Http.HttpClient.IDeepSeekClient.ClientHandler Sending HTTP request POST https://api.deepseek.com/chat/completions
[23:40:40 INF] System.Net.Http.HttpClient.IDeepSeekClient.LogicalHandler Start processing HTTP request POST https://api.deepseek.com/chat/completions
[23:40:40 INF] System.Net.Http.HttpClient.IDeepSeekClient.ClientHandler Sending HTTP request POST https://api.deepseek.com/chat/completions
[23:40:40 INF] System.Net.Http.HttpClient.IDeepSeekClient.LogicalHandler Start processing HTTP request POST https://api.deepseek.com/chat/completions
[23:40:40 INF] System.Net.Http.HttpClient.IDeepSeekClient.ClientHandler Sending HTTP request POST https://api.deepseek.com/chat/completions
[23:40:41 INF] System.Net.Http.HttpClient.IDeepSeekClient.ClientHandler Received HTTP response headers after 416.8107ms - 200
[23:40:41 INF] System.Net.Http.HttpClient.IDeepSeekClient.LogicalHandler End processing HTTP request after 417.5382ms - 200
[23:40:41 INF] System.Net.Http.HttpClient.IDeepSeekClient.ClientHandler Received HTTP response headers after 422.5208ms - 200
[23:40:41 INF] System.Net.Http.HttpClient.IDeepSeekClient.LogicalHandler End processing HTTP request after 427.8893ms - 200
[23:40:41 INF] System.Net.Http.HttpClient.IDeepSeekClient.ClientHandler Received HTTP response headers after 423.3266ms - 200
[23:40:41 INF] System.Net.Http.HttpClient.IDeepSeekClient.LogicalHandler End processing HTTP request after 423.9048ms - 200
[23:40:41 INF] System.Net.Http.HttpClient.IDeepSeekClient.ClientHandler Received HTTP response headers after 434.7466ms - 200
[23:40:41 INF] System.Net.Http.HttpClient.IDeepSeekClient.LogicalHandler End processing HTTP request after 436.5586ms - 200
[23:40:41 INF] System.Net.Http.HttpClient.IDeepSeekClient.ClientHandler Received HTTP response headers after 430.4512ms - 200
[23:40:41 INF] System.Net.Http.HttpClient.IDeepSeekClient.LogicalHandler End processing HTTP request after 430.9999ms - 200
[23:40:41 INF] System.Net.Http.HttpClient.IDeepSeekClient.ClientHandler Received HTTP response headers after 437.4956ms - 200
[23:40:41 INF] System.Net.Http.HttpClient.IDeepSeekClient.LogicalHandler End processing HTTP request after 439.1247ms - 200
[23:40:42 INF] System.Net.Http.HttpClient.IDeepSeekClient.LogicalHandler Start processing HTTP request POST https://api.deepseek.com/chat/completions
[23:40:42 INF] System.Net.Http.HttpClient.IDeepSeekClient.ClientHandler Sending HTTP request POST https://api.deepseek.com/chat/completions
[23:40:42 INF] System.Net.Http.HttpClient.IDeepSeekClient.LogicalHandler Start processing HTTP request POST https://api.deepseek.com/chat/completions
[23:40:42 INF] System.Net.Http.HttpClient.IDeepSeekClient.ClientHandler Sending HTTP request POST https://api.deepseek.com/chat/completions
[23:40:42 INF] System.Net.Http.HttpClient.IDeepSeekClient.ClientHandler Received HTTP response headers after 312.6453ms - 200
[23:40:42 INF] System.Net.Http.HttpClient.IDeepSeekClient.LogicalHandler End processing HTTP request after 313.528ms - 200
[23:40:42 INF] System.Net.Http.HttpClient.IDeepSeekClient.ClientHandler Received HTTP response headers after 283.9365ms - 200
[23:40:42 INF] System.Net.Http.HttpClient.IDeepSeekClient.LogicalHandler End processing HTTP request after 284.5047ms - 200
[23:40:43 INF] System.Net.Http.HttpClient.IDeepSeekClient.LogicalHandler Start processing HTTP request POST https://api.deepseek.com/chat/completions
[23:40:43 INF] System.Net.Http.HttpClient.IDeepSeekClient.ClientHandler Sending HTTP request POST https://api.deepseek.com/chat/completions
[23:40:43 INF] System.Net.Http.HttpClient.IDeepSeekClient.LogicalHandler Start processing HTTP request POST https://api.deepseek.com/chat/completions
[23:40:43 INF] System.Net.Http.HttpClient.IDeepSeekClient.ClientHandler Sending HTTP request POST https://api.deepseek.com/chat/completions
[23:40:43 INF] System.Net.Http.HttpClient.IDeepSeekClient.ClientHandler Received HTTP response headers after 382.9515ms - 200
[23:40:43 INF] System.Net.Http.HttpClient.IDeepSeekClient.LogicalHandler End processing HTTP request after 383.5948ms - 200
[23:40:43 INF] System.Net.Http.HttpClient.IDeepSeekClient.ClientHandler Received HTTP response headers after 285.6299ms - 200
[23:40:43 INF] System.Net.Http.HttpClient.IDeepSeekClient.LogicalHandler End processing HTTP request after 286.0947ms - 200
[23:40:44 INF] System.Net.Http.HttpClient.IDeepSeekClient.LogicalHandler Start processing HTTP request POST https://api.deepseek.com/chat/completions
[23:40:44 INF] System.Net.Http.HttpClient.IDeepSeekClient.ClientHandler Sending HTTP request POST https://api.deepseek.com/chat/completions
[23:40:44 INF] System.Net.Http.HttpClient.IDeepSeekClient.ClientHandler Received HTTP response headers after 335.8503ms - 200
[23:40:44 INF] System.Net.Http.HttpClient.IDeepSeekClient.LogicalHandler End processing HTTP request after 336.5318ms - 200
[23:40:44 INF] System.Net.Http.HttpClient.IDeepSeekClient.LogicalHandler Start processing HTTP request POST https://api.deepseek.com/chat/completions
[23:40:44 INF] System.Net.Http.HttpClient.IDeepSeekClient.ClientHandler Sending HTTP request POST https://api.deepseek.com/chat/completions
[23:40:45 INF] System.Net.Http.HttpClient.IDeepSeekClient.ClientHandler Received HTTP response headers after 290.8478ms - 200
[23:40:45 INF] System.Net.Http.HttpClient.IDeepSeekClient.LogicalHandler End processing HTTP request after 294.2432ms - 200
[23:40:45 INF] System.Net.Http.HttpClient.IDeepSeekClient.LogicalHandler Start processing HTTP request POST https://api.deepseek.com/chat/completions
[23:40:45 INF] System.Net.Http.HttpClient.IDeepSeekClient.ClientHandler Sending HTTP request POST https://api.deepseek.com/chat/completions
[23:40:46 INF] System.Net.Http.HttpClient.IDeepSeekClient.ClientHandler Received HTTP response headers after 303.8485ms - 200
[23:40:46 INF] System.Net.Http.HttpClient.IDeepSeekClient.LogicalHandler End processing HTTP request after 306.8172ms - 200
[23:40:46 INF] System.Net.Http.HttpClient.IDeepSeekClient.LogicalHandler Start processing HTTP request POST https://api.deepseek.com/chat/completions
[23:40:46 INF] System.Net.Http.HttpClient.IDeepSeekClient.ClientHandler Sending HTTP request POST https://api.deepseek.com/chat/completions
[23:40:46 INF] System.Net.Http.HttpClient.IDeepSeekClient.ClientHandler Received HTTP response headers after 304.3426ms - 200
[23:40:46 INF] System.Net.Http.HttpClient.IDeepSeekClient.LogicalHandler End processing HTTP request after 305.0857ms - 200
[23:40:47 INF] System.Net.Http.HttpClient.IDeepSeekClient.LogicalHandler Start processing HTTP request POST https://api.deepseek.com/chat/completions
[23:40:47 INF] System.Net.Http.HttpClient.IDeepSeekClient.ClientHandler Sending HTTP request POST https://api.deepseek.com/chat/completions
[23:40:47 INF] System.Net.Http.HttpClient.IDeepSeekClient.LogicalHandler Start processing HTTP request POST https://api.deepseek.com/chat/completions
[23:40:47 INF] System.Net.Http.HttpClient.IDeepSeekClient.ClientHandler Sending HTTP request POST https://api.deepseek.com/chat/completions
[23:40:47 INF] System.Net.Http.HttpClient.IDeepSeekClient.LogicalHandler Start processing HTTP request POST https://api.deepseek.com/chat/completions
[23:40:47 INF] System.Net.Http.HttpClient.IDeepSeekClient.ClientHandler Sending HTTP request POST https://api.deepseek.com/chat/completions
[23:40:47 INF] System.Net.Http.HttpClient.IDeepSeekClient.ClientHandler Received HTTP response headers after 291.0353ms - 200
[23:40:47 INF] System.Net.Http.HttpClient.IDeepSeekClient.LogicalHandler End processing HTTP request after 292.3875ms - 200
[23:40:47 INF] System.Net.Http.HttpClient.IDeepSeekClient.LogicalHandler Start processing HTTP request POST https://api.deepseek.com/chat/completions
[23:40:47 INF] System.Net.Http.HttpClient.IDeepSeekClient.ClientHandler Sending HTTP request POST https://api.deepseek.com/chat/completions
[23:40:47 INF] System.Net.Http.HttpClient.IDeepSeekClient.ClientHandler Received HTTP response headers after 286.8916ms - 200
[23:40:47 INF] System.Net.Http.HttpClient.IDeepSeekClient.LogicalHandler End processing HTTP request after 287.6125ms - 200
[23:40:47 INF] System.Net.Http.HttpClient.IDeepSeekClient.ClientHandler Received HTTP response headers after 288.835ms - 200
[23:40:47 INF] System.Net.Http.HttpClient.IDeepSeekClient.LogicalHandler End processing HTTP request after 289.5555ms - 200
[23:40:47 INF] System.Net.Http.HttpClient.IDeepSeekClient.ClientHandler Received HTTP response headers after 303.6599ms - 200
[23:40:47 INF] System.Net.Http.HttpClient.IDeepSeekClient.LogicalHandler End processing HTTP request after 304.7567ms - 200
[23:40:48 INF] System.Net.Http.HttpClient.IDeepSeekClient.LogicalHandler Start processing HTTP request POST https://api.deepseek.com/chat/completions
[23:40:48 INF] System.Net.Http.HttpClient.IDeepSeekClient.ClientHandler Sending HTTP request POST https://api.deepseek.com/chat/completions
[23:40:48 INF] System.Net.Http.HttpClient.IDeepSeekClient.LogicalHandler Start processing HTTP request POST https://api.deepseek.com/chat/completions
[23:40:48 INF] System.Net.Http.HttpClient.IDeepSeekClient.ClientHandler Sending HTTP request POST https://api.deepseek.com/chat/completions
[23:40:48 INF] System.Net.Http.HttpClient.IDeepSeekClient.ClientHandler Received HTTP response headers after 285.7831ms - 200
[23:40:48 INF] System.Net.Http.HttpClient.IDeepSeekClient.LogicalHandler End processing HTTP request after 286.324ms - 200
[23:40:48 INF] System.Net.Http.HttpClient.IDeepSeekClient.LogicalHandler Start processing HTTP request POST https://api.deepseek.com/chat/completions
[23:40:48 INF] System.Net.Http.HttpClient.IDeepSeekClient.ClientHandler Sending HTTP request POST https://api.deepseek.com/chat/completions
[23:40:49 INF] System.Net.Http.HttpClient.IDeepSeekClient.ClientHandler Received HTTP response headers after 288.5715ms - 200
[23:40:49 INF] System.Net.Http.HttpClient.IDeepSeekClient.LogicalHandler End processing HTTP request after 289.486ms - 200
[23:40:49 INF] System.Net.Http.HttpClient.IDeepSeekClient.ClientHandler Received HTTP response headers after 298.14ms - 200
[23:40:49 INF] System.Net.Http.HttpClient.IDeepSeekClient.LogicalHandler End processing HTTP request after 298.8433ms - 200
[23:40:49 INF] System.Net.Http.HttpClient.IDeepSeekClient.LogicalHandler Start processing HTTP request POST https://api.deepseek.com/chat/completions
[23:40:49 INF] System.Net.Http.HttpClient.IDeepSeekClient.ClientHandler Sending HTTP request POST https://api.deepseek.com/chat/completions
[23:40:49 INF] System.Net.Http.HttpClient.IDeepSeekClient.ClientHandler Received HTTP response headers after 374.8082ms - 200
[23:40:49 INF] System.Net.Http.HttpClient.IDeepSeekClient.LogicalHandler End processing HTTP request after 375.3064ms - 200
[23:40:50 INF] System.Net.Http.HttpClient.IDeepSeekClient.LogicalHandler Start processing HTTP request POST https://api.deepseek.com/chat/completions
[23:40:50 INF] System.Net.Http.HttpClient.IDeepSeekClient.LogicalHandler Start processing HTTP request POST https://api.deepseek.com/chat/completions
[23:40:50 INF] System.Net.Http.HttpClient.IDeepSeekClient.ClientHandler Sending HTTP request POST https://api.deepseek.com/chat/completions
[23:40:50 INF] System.Net.Http.HttpClient.IDeepSeekClient.ClientHandler Sending HTTP request POST https://api.deepseek.com/chat/completions
[23:40:50 INF] System.Net.Http.HttpClient.IDeepSeekClient.ClientHandler Received HTTP response headers after 282.3554ms - 200
[23:40:50 INF] System.Net.Http.HttpClient.IDeepSeekClient.LogicalHandler End processing HTTP request after 283.8374ms - 200
[23:40:50 INF] System.Net.Http.HttpClient.IDeepSeekClient.ClientHandler Received HTTP response headers after 291.0925ms - 200
[23:40:50 INF] System.Net.Http.HttpClient.IDeepSeekClient.LogicalHandler End processing HTTP request after 291.891ms - 200
[23:40:51 INF] System.Net.Http.HttpClient.IDeepSeekClient.LogicalHandler Start processing HTTP request POST https://api.deepseek.com/chat/completions
[23:40:51 INF] System.Net.Http.HttpClient.IDeepSeekClient.ClientHandler Sending HTTP request POST https://api.deepseek.com/chat/completions
[23:40:51 INF] System.Net.Http.HttpClient.IDeepSeekClient.ClientHandler Received HTTP response headers after 301.9342ms - 200
[23:40:51 INF] System.Net.Http.HttpClient.IDeepSeekClient.LogicalHandler End processing HTTP request after 303.0532ms - 200
[23:40:51 INF] System.Net.Http.HttpClient.IDeepSeekClient.LogicalHandler Start processing HTTP request POST https://api.deepseek.com/chat/completions
[23:40:51 INF] System.Net.Http.HttpClient.IDeepSeekClient.ClientHandler Sending HTTP request POST https://api.deepseek.com/chat/completions
[23:40:52 INF] System.Net.Http.HttpClient.IDeepSeekClient.ClientHandler Received HTTP response headers after 297.8519ms - 200
[23:40:52 INF] System.Net.Http.HttpClient.IDeepSeekClient.LogicalHandler End processing HTTP request after 298.3327ms - 200
[23:40:52 INF] System.Net.Http.HttpClient.IDeepSeekClient.LogicalHandler Start processing HTTP request POST https://api.deepseek.com/chat/completions
[23:40:52 INF] System.Net.Http.HttpClient.IDeepSeekClient.ClientHandler Sending HTTP request POST https://api.deepseek.com/chat/completions
[23:40:52 INF] System.Net.Http.HttpClient.IDeepSeekClient.LogicalHandler Start processing HTTP request POST https://api.deepseek.com/chat/completions
[23:40:52 INF] System.Net.Http.HttpClient.IDeepSeekClient.ClientHandler Sending HTTP request POST https://api.deepseek.com/chat/completions
[23:40:52 INF] System.Net.Http.HttpClient.IDeepSeekClient.ClientHandler Received HTTP response headers after 298.2507ms - 200
[23:40:52 INF] System.Net.Http.HttpClient.IDeepSeekClient.LogicalHandler End processing HTTP request after 298.8211ms - 200
[23:40:52 INF] System.Net.Http.HttpClient.IDeepSeekClient.ClientHandler Received HTTP response headers after 365.1138ms - 200
[23:40:52 INF] System.Net.Http.HttpClient.IDeepSeekClient.LogicalHandler End processing HTTP request after 365.5133ms - 200
[23:40:53 INF] System.Net.Http.HttpClient.IDeepSeekClient.LogicalHandler Start processing HTTP request POST https://api.deepseek.com/chat/completions
[23:40:53 INF] System.Net.Http.HttpClient.IDeepSeekClient.ClientHandler Sending HTTP request POST https://api.deepseek.com/chat/completions
[23:40:53 INF] System.Net.Http.HttpClient.IDeepSeekClient.ClientHandler Received HTTP response headers after 308.0978ms - 200
[23:40:53 INF] System.Net.Http.HttpClient.IDeepSeekClient.LogicalHandler End processing HTTP request after 309.1498ms - 200
[23:40:53 INF] System.Net.Http.HttpClient.IDeepSeekClient.LogicalHandler Start processing HTTP request POST https://api.deepseek.com/chat/completions
[23:40:53 INF] System.Net.Http.HttpClient.IDeepSeekClient.ClientHandler Sending HTTP request POST https://api.deepseek.com/chat/completions
[23:40:53 INF] System.Net.Http.HttpClient.IDeepSeekClient.LogicalHandler Start processing HTTP request POST https://api.deepseek.com/chat/completions
[23:40:53 INF] System.Net.Http.HttpClient.IDeepSeekClient.ClientHandler Sending HTTP request POST https://api.deepseek.com/chat/completions
[23:40:53 INF] System.Net.Http.HttpClient.IDeepSeekClient.ClientHandler Received HTTP response headers after 290.7338ms - 200
[23:40:53 INF] System.Net.Http.HttpClient.IDeepSeekClient.LogicalHandler End processing HTTP request after 291.453ms - 200
[23:40:54 INF] System.Net.Http.HttpClient.IDeepSeekClient.ClientHandler Received HTTP response headers after 284.2093ms - 200
[23:40:54 INF] System.Net.Http.HttpClient.IDeepSeekClient.LogicalHandler End processing HTTP request after 284.5856ms - 200
[23:40:54 INF] System.Net.Http.HttpClient.IDeepSeekClient.LogicalHandler Start processing HTTP request POST https://api.deepseek.com/chat/completions
[23:40:54 INF] System.Net.Http.HttpClient.IDeepSeekClient.ClientHandler Sending HTTP request POST https://api.deepseek.com/chat/completions
[23:40:55 INF] System.Net.Http.HttpClient.IDeepSeekClient.ClientHandler Received HTTP response headers after 287.2682ms - 200
[23:40:55 INF] System.Net.Http.HttpClient.IDeepSeekClient.LogicalHandler End processing HTTP request after 287.5786ms - 200
[23:40:55 INF] System.Net.Http.HttpClient.IDeepSeekClient.LogicalHandler Start processing HTTP request POST https://api.deepseek.com/chat/completions
[23:40:55 INF] System.Net.Http.HttpClient.IDeepSeekClient.ClientHandler Sending HTTP request POST https://api.deepseek.com/chat/completions
[23:40:55 INF] System.Net.Http.HttpClient.IDeepSeekClient.LogicalHandler Start processing HTTP request POST https://api.deepseek.com/chat/completions
[23:40:55 INF] System.Net.Http.HttpClient.IDeepSeekClient.ClientHandler Sending HTTP request POST https://api.deepseek.com/chat/completions
[23:40:55 INF] System.Net.Http.HttpClient.IDeepSeekClient.ClientHandler Received HTTP response headers after 302.0964ms - 200
[23:40:55 INF] System.Net.Http.HttpClient.IDeepSeekClient.LogicalHandler End processing HTTP request after 303.6107ms - 200
[23:40:55 INF] System.Net.Http.HttpClient.IDeepSeekClient.ClientHandler Received HTTP response headers after 305.0828ms - 200
[23:40:55 INF] System.Net.Http.HttpClient.IDeepSeekClient.LogicalHandler End processing HTTP request after 306.5457ms - 200
[23:41:32 INF] System.Net.Http.HttpClient.IDeepSeekClient.LogicalHandler Start processing HTTP request POST https://api.deepseek.com/chat/completions
[23:41:32 INF] System.Net.Http.HttpClient.IDeepSeekClient.ClientHandler Sending HTTP request POST https://api.deepseek.com/chat/completions
[23:41:32 INF] System.Net.Http.HttpClient.IDeepSeekClient.ClientHandler Received HTTP response headers after 339.9516ms - 200
[23:41:32 INF] System.Net.Http.HttpClient.IDeepSeekClient.LogicalHandler End processing HTTP request after 340.6261ms - 200
[23:42:17 INF] System.Net.Http.HttpClient.IDeepSeekClient.LogicalHandler Start processing HTTP request POST https://api.deepseek.com/chat/completions
[23:42:17 INF] System.Net.Http.HttpClient.IDeepSeekClient.ClientHandler Sending HTTP request POST https://api.deepseek.com/chat/completions
[23:42:17 INF] System.Net.Http.HttpClient.IDeepSeekClient.ClientHandler Received HTTP response headers after 337.0747ms - 200
[23:42:17 INF] System.Net.Http.HttpClient.IDeepSeekClient.LogicalHandler End processing HTTP request after 338.0011ms - 200
[23:42:58 INF] System.Net.Http.HttpClient.IDeepSeekClient.LogicalHandler Start processing HTTP request POST https://api.deepseek.com/chat/completions
[23:42:58 INF] System.Net.Http.HttpClient.IDeepSeekClient.ClientHandler Sending HTTP request POST https://api.deepseek.com/chat/completions
[23:42:58 INF] System.Net.Http.HttpClient.IDeepSeekClient.LogicalHandler Start processing HTTP request POST https://api.deepseek.com/chat/completions
[23:42:58 INF] System.Net.Http.HttpClient.IDeepSeekClient.ClientHandler Sending HTTP request POST https://api.deepseek.com/chat/completions
[23:42:58 INF] System.Net.Http.HttpClient.IDeepSeekClient.LogicalHandler Start processing HTTP request POST https://api.deepseek.com/chat/completions
[23:42:58 INF] System.Net.Http.HttpClient.IDeepSeekClient.ClientHandler Sending HTTP request POST https://api.deepseek.com/chat/completions
[23:42:58 INF] System.Net.Http.HttpClient.IDeepSeekClient.LogicalHandler Start processing HTTP request POST https://api.deepseek.com/chat/completions
[23:42:58 INF] System.Net.Http.HttpClient.IDeepSeekClient.ClientHandler Sending HTTP request POST https://api.deepseek.com/chat/completions
[23:42:58 INF] System.Net.Http.HttpClient.IDeepSeekClient.LogicalHandler Start processing HTTP request POST https://api.deepseek.com/chat/completions
[23:42:58 INF] System.Net.Http.HttpClient.IDeepSeekClient.ClientHandler Sending HTTP request POST https://api.deepseek.com/chat/completions
[23:42:58 INF] System.Net.Http.HttpClient.IDeepSeekClient.LogicalHandler Start processing HTTP request POST https://api.deepseek.com/chat/completions
[23:42:58 INF] System.Net.Http.HttpClient.IDeepSeekClient.ClientHandler Sending HTTP request POST https://api.deepseek.com/chat/completions
[23:42:58 INF] System.Net.Http.HttpClient.IDeepSeekClient.ClientHandler Received HTTP response headers after 432.5957ms - 200
[23:42:58 INF] System.Net.Http.HttpClient.IDeepSeekClient.ClientHandler Received HTTP response headers after 432.1636ms - 200
[23:42:58 INF] System.Net.Http.HttpClient.IDeepSeekClient.ClientHandler Received HTTP response headers after 430.3517ms - 200
[23:42:58 INF] System.Net.Http.HttpClient.IDeepSeekClient.ClientHandler Received HTTP response headers after 431.8595ms - 200
[23:42:58 INF] System.Net.Http.HttpClient.IDeepSeekClient.LogicalHandler End processing HTTP request after 431.6165ms - 200
[23:42:58 INF] System.Net.Http.HttpClient.IDeepSeekClient.ClientHandler Received HTTP response headers after 431.9124ms - 200
[23:42:58 INF] System.Net.Http.HttpClient.IDeepSeekClient.LogicalHandler End processing HTTP request after 432.4083ms - 200
[23:42:58 INF] System.Net.Http.HttpClient.IDeepSeekClient.LogicalHandler End processing HTTP request after 432.4932ms - 200
[23:42:58 INF] System.Net.Http.HttpClient.IDeepSeekClient.LogicalHandler End processing HTTP request after 434.3136ms - 200
[23:42:58 INF] System.Net.Http.HttpClient.IDeepSeekClient.ClientHandler Received HTTP response headers after 431.5774ms - 200
[23:42:58 INF] System.Net.Http.HttpClient.IDeepSeekClient.LogicalHandler End processing HTTP request after 433.7325ms - 200
[23:42:58 INF] System.Net.Http.HttpClient.IDeepSeekClient.LogicalHandler End processing HTTP request after 432.589ms - 200
[23:42:59 INF] System.Net.Http.HttpClient.IDeepSeekClient.LogicalHandler Start processing HTTP request POST https://api.deepseek.com/chat/completions
[23:42:59 INF] System.Net.Http.HttpClient.IDeepSeekClient.ClientHandler Sending HTTP request POST https://api.deepseek.com/chat/completions
[23:42:59 INF] System.Net.Http.HttpClient.IDeepSeekClient.LogicalHandler Start processing HTTP request POST https://api.deepseek.com/chat/completions
[23:42:59 INF] System.Net.Http.HttpClient.IDeepSeekClient.ClientHandler Sending HTTP request POST https://api.deepseek.com/chat/completions
[23:43:00 INF] System.Net.Http.HttpClient.IDeepSeekClient.ClientHandler Received HTTP response headers after 298.5099ms - 200
[23:43:00 INF] System.Net.Http.HttpClient.IDeepSeekClient.LogicalHandler End processing HTTP request after 298.888ms - 200
[23:43:00 INF] System.Net.Http.HttpClient.IDeepSeekClient.ClientHandler Received HTTP response headers after 288.5645ms - 200
[23:43:00 INF] System.Net.Http.HttpClient.IDeepSeekClient.LogicalHandler End processing HTTP request after 289.8844ms - 200
[23:43:00 INF] System.Net.Http.HttpClient.IDeepSeekClient.LogicalHandler Start processing HTTP request POST https://api.deepseek.com/chat/completions
[23:43:00 INF] System.Net.Http.HttpClient.IDeepSeekClient.ClientHandler Sending HTTP request POST https://api.deepseek.com/chat/completions
[23:43:00 INF] System.Net.Http.HttpClient.IDeepSeekClient.LogicalHandler Start processing HTTP request POST https://api.deepseek.com/chat/completions
[23:43:00 INF] System.Net.Http.HttpClient.IDeepSeekClient.ClientHandler Sending HTTP request POST https://api.deepseek.com/chat/completions
[23:43:01 INF] System.Net.Http.HttpClient.IDeepSeekClient.ClientHandler Received HTTP response headers after 326.5342ms - 200
[23:43:01 INF] System.Net.Http.HttpClient.IDeepSeekClient.ClientHandler Received HTTP response headers after 327.3821ms - 200
[23:43:01 INF] System.Net.Http.HttpClient.IDeepSeekClient.LogicalHandler End processing HTTP request after 328.6133ms - 200
[23:43:01 INF] System.Net.Http.HttpClient.IDeepSeekClient.LogicalHandler End processing HTTP request after 328.4068ms - 200
[23:43:01 INF] System.Net.Http.HttpClient.IDeepSeekClient.LogicalHandler Start processing HTTP request POST https://api.deepseek.com/chat/completions
[23:43:01 INF] System.Net.Http.HttpClient.IDeepSeekClient.ClientHandler Sending HTTP request POST https://api.deepseek.com/chat/completions
[23:43:02 INF] System.Net.Http.HttpClient.IDeepSeekClient.ClientHandler Received HTTP response headers after 311.1222ms - 200
[23:43:02 INF] System.Net.Http.HttpClient.IDeepSeekClient.LogicalHandler Start processing HTTP request POST https://api.deepseek.com/chat/completions
[23:43:02 INF] System.Net.Http.HttpClient.IDeepSeekClient.ClientHandler Sending HTTP request POST https://api.deepseek.com/chat/completions
[23:43:02 INF] System.Net.Http.HttpClient.IDeepSeekClient.LogicalHandler End processing HTTP request after 311.6059ms - 200
[23:43:02 INF] System.Net.Http.HttpClient.IDeepSeekClient.ClientHandler Received HTTP response headers after 307.6046ms - 200
[23:43:02 INF] System.Net.Http.HttpClient.IDeepSeekClient.LogicalHandler End processing HTTP request after 308.2642ms - 200
[23:43:03 INF] System.Net.Http.HttpClient.IDeepSeekClient.LogicalHandler Start processing HTTP request POST https://api.deepseek.com/chat/completions
[23:43:03 INF] System.Net.Http.HttpClient.IDeepSeekClient.ClientHandler Sending HTTP request POST https://api.deepseek.com/chat/completions
[23:43:03 INF] System.Net.Http.HttpClient.IDeepSeekClient.ClientHandler Received HTTP response headers after 305.8183ms - 200
[23:43:03 INF] System.Net.Http.HttpClient.IDeepSeekClient.LogicalHandler End processing HTTP request after 306.9567ms - 200
[23:43:03 INF] System.Net.Http.HttpClient.IDeepSeekClient.LogicalHandler Start processing HTTP request POST https://api.deepseek.com/chat/completions
[23:43:03 INF] System.Net.Http.HttpClient.IDeepSeekClient.ClientHandler Sending HTTP request POST https://api.deepseek.com/chat/completions
[23:43:04 INF] System.Net.Http.HttpClient.IDeepSeekClient.ClientHandler Received HTTP response headers after 278.9882ms - 200
[23:43:04 INF] System.Net.Http.HttpClient.IDeepSeekClient.LogicalHandler End processing HTTP request after 279.9653ms - 200
[23:43:04 INF] System.Net.Http.HttpClient.IDeepSeekClient.LogicalHandler Start processing HTTP request POST https://api.deepseek.com/chat/completions
[23:43:04 INF] System.Net.Http.HttpClient.IDeepSeekClient.ClientHandler Sending HTTP request POST https://api.deepseek.com/chat/completions
[23:43:04 INF] System.Net.Http.HttpClient.IDeepSeekClient.ClientHandler Received HTTP response headers after 308.2985ms - 200
[23:43:04 INF] System.Net.Http.HttpClient.IDeepSeekClient.LogicalHandler End processing HTTP request after 308.916ms - 200
[23:43:05 INF] System.Net.Http.HttpClient.IDeepSeekClient.LogicalHandler Start processing HTTP request POST https://api.deepseek.com/chat/completions
[23:43:05 INF] System.Net.Http.HttpClient.IDeepSeekClient.ClientHandler Sending HTTP request POST https://api.deepseek.com/chat/completions
[23:43:05 INF] System.Net.Http.HttpClient.IDeepSeekClient.ClientHandler Received HTTP response headers after 378.4357ms - 200
[23:43:05 INF] System.Net.Http.HttpClient.IDeepSeekClient.LogicalHandler End processing HTTP request after 379.0945ms - 200
[23:43:07 INF] System.Net.Http.HttpClient.IDeepSeekClient.LogicalHandler Start processing HTTP request POST https://api.deepseek.com/chat/completions
[23:43:07 INF] System.Net.Http.HttpClient.IDeepSeekClient.ClientHandler Sending HTTP request POST https://api.deepseek.com/chat/completions
[23:43:07 INF] System.Net.Http.HttpClient.IDeepSeekClient.LogicalHandler Start processing HTTP request POST https://api.deepseek.com/chat/completions
[23:43:07 INF] System.Net.Http.HttpClient.IDeepSeekClient.ClientHandler Sending HTTP request POST https://api.deepseek.com/chat/completions
[23:43:07 INF] System.Net.Http.HttpClient.IDeepSeekClient.ClientHandler Received HTTP response headers after 356.8758ms - 200
[23:43:07 INF] System.Net.Http.HttpClient.IDeepSeekClient.ClientHandler Received HTTP response headers after 352.078ms - 200
[23:43:07 INF] System.Net.Http.HttpClient.IDeepSeekClient.LogicalHandler End processing HTTP request after 357.6669ms - 200
[23:43:07 INF] System.Net.Http.HttpClient.IDeepSeekClient.LogicalHandler End processing HTTP request after 353.0061ms - 200
[23:43:07 INF] System.Net.Http.HttpClient.IDeepSeekClient.LogicalHandler Start processing HTTP request POST https://api.deepseek.com/chat/completions
[23:43:07 INF] System.Net.Http.HttpClient.IDeepSeekClient.ClientHandler Sending HTTP request POST https://api.deepseek.com/chat/completions
[23:43:08 INF] System.Net.Http.HttpClient.IDeepSeekClient.ClientHandler Received HTTP response headers after 305.0417ms - 200
[23:43:08 INF] System.Net.Http.HttpClient.IDeepSeekClient.LogicalHandler End processing HTTP request after 305.5545ms - 200
[23:43:08 INF] System.Net.Http.HttpClient.IDeepSeekClient.LogicalHandler Start processing HTTP request POST https://api.deepseek.com/chat/completions
[23:43:08 INF] System.Net.Http.HttpClient.IDeepSeekClient.ClientHandler Sending HTTP request POST https://api.deepseek.com/chat/completions
[23:43:08 INF] System.Net.Http.HttpClient.IDeepSeekClient.LogicalHandler Start processing HTTP request POST https://api.deepseek.com/chat/completions
[23:43:08 INF] System.Net.Http.HttpClient.IDeepSeekClient.ClientHandler Sending HTTP request POST https://api.deepseek.com/chat/completions
[23:43:08 INF] System.Net.Http.HttpClient.IDeepSeekClient.ClientHandler Received HTTP response headers after 331.7129ms - 200
[23:43:08 INF] System.Net.Http.HttpClient.IDeepSeekClient.LogicalHandler End processing HTTP request after 332.5983ms - 200
[23:43:08 INF] System.Net.Http.HttpClient.IDeepSeekClient.ClientHandler Received HTTP response headers after 291.9093ms - 200
[23:43:08 INF] System.Net.Http.HttpClient.IDeepSeekClient.LogicalHandler End processing HTTP request after 292.7065ms - 200
[23:43:09 INF] System.Net.Http.HttpClient.IDeepSeekClient.LogicalHandler Start processing HTTP request POST https://api.deepseek.com/chat/completions
[23:43:09 INF] System.Net.Http.HttpClient.IDeepSeekClient.ClientHandler Sending HTTP request POST https://api.deepseek.com/chat/completions
[23:43:09 INF] System.Net.Http.HttpClient.IDeepSeekClient.LogicalHandler Start processing HTTP request POST https://api.deepseek.com/chat/completions
[23:43:09 INF] System.Net.Http.HttpClient.IDeepSeekClient.ClientHandler Sending HTTP request POST https://api.deepseek.com/chat/completions
[23:43:09 INF] System.Net.Http.HttpClient.IDeepSeekClient.ClientHandler Received HTTP response headers after 290.6503ms - 200
[23:43:09 INF] System.Net.Http.HttpClient.IDeepSeekClient.LogicalHandler End processing HTTP request after 291.6724ms - 200
[23:43:09 INF] System.Net.Http.HttpClient.IDeepSeekClient.ClientHandler Received HTTP response headers after 288.9367ms - 200
[23:43:09 INF] System.Net.Http.HttpClient.IDeepSeekClient.LogicalHandler End processing HTTP request after 290.1765ms - 200
[23:43:09 INF] System.Net.Http.HttpClient.IDeepSeekClient.LogicalHandler Start processing HTTP request POST https://api.deepseek.com/chat/completions
[23:43:09 INF] System.Net.Http.HttpClient.IDeepSeekClient.ClientHandler Sending HTTP request POST https://api.deepseek.com/chat/completions
[23:43:09 INF] System.Net.Http.HttpClient.IDeepSeekClient.ClientHandler Received HTTP response headers after 293.8042ms - 200
[23:43:09 INF] System.Net.Http.HttpClient.IDeepSeekClient.LogicalHandler End processing HTTP request after 294.7522ms - 200
[23:43:10 INF] System.Net.Http.HttpClient.IDeepSeekClient.LogicalHandler Start processing HTTP request POST https://api.deepseek.com/chat/completions
[23:43:10 INF] System.Net.Http.HttpClient.IDeepSeekClient.ClientHandler Sending HTTP request POST https://api.deepseek.com/chat/completions
[23:43:10 INF] System.Net.Http.HttpClient.IDeepSeekClient.LogicalHandler Start processing HTTP request POST https://api.deepseek.com/chat/completions
[23:43:10 INF] System.Net.Http.HttpClient.IDeepSeekClient.ClientHandler Sending HTTP request POST https://api.deepseek.com/chat/completions
[23:43:10 INF] System.Net.Http.HttpClient.IDeepSeekClient.ClientHandler Received HTTP response headers after 341.9312ms - 200
[23:43:10 INF] System.Net.Http.HttpClient.IDeepSeekClient.LogicalHandler End processing HTTP request after 342.3983ms - 200
[23:43:11 INF] System.Net.Http.HttpClient.IDeepSeekClient.ClientHandler Received HTTP response headers after 307.2746ms - 200
[23:43:11 INF] System.Net.Http.HttpClient.IDeepSeekClient.LogicalHandler End processing HTTP request after 308.4594ms - 200
[23:43:11 INF] System.Net.Http.HttpClient.IDeepSeekClient.LogicalHandler Start processing HTTP request POST https://api.deepseek.com/chat/completions
[23:43:11 INF] System.Net.Http.HttpClient.IDeepSeekClient.ClientHandler Sending HTTP request POST https://api.deepseek.com/chat/completions
[23:43:11 INF] System.Net.Http.HttpClient.IDeepSeekClient.ClientHandler Received HTTP response headers after 305.4605ms - 200
[23:43:11 INF] System.Net.Http.HttpClient.IDeepSeekClient.LogicalHandler End processing HTTP request after 306.7926ms - 200
[23:43:12 INF] System.Net.Http.HttpClient.IDeepSeekClient.LogicalHandler Start processing HTTP request POST https://api.deepseek.com/chat/completions
[23:43:12 INF] System.Net.Http.HttpClient.IDeepSeekClient.ClientHandler Sending HTTP request POST https://api.deepseek.com/chat/completions
[23:43:12 INF] System.Net.Http.HttpClient.IDeepSeekClient.ClientHandler Received HTTP response headers after 286.914ms - 200
[23:43:12 INF] System.Net.Http.HttpClient.IDeepSeekClient.LogicalHandler End processing HTTP request after 287.8816ms - 200
[23:43:12 INF] System.Net.Http.HttpClient.IDeepSeekClient.LogicalHandler Start processing HTTP request POST https://api.deepseek.com/chat/completions
[23:43:12 INF] System.Net.Http.HttpClient.IDeepSeekClient.ClientHandler Sending HTTP request POST https://api.deepseek.com/chat/completions
[23:43:13 INF] System.Net.Http.HttpClient.IDeepSeekClient.ClientHandler Received HTTP response headers after 307.4417ms - 200
[23:43:13 INF] System.Net.Http.HttpClient.IDeepSeekClient.LogicalHandler End processing HTTP request after 308.0013ms - 200
[23:43:13 INF] System.Net.Http.HttpClient.IDeepSeekClient.LogicalHandler Start processing HTTP request POST https://api.deepseek.com/chat/completions
[23:43:13 INF] System.Net.Http.HttpClient.IDeepSeekClient.ClientHandler Sending HTTP request POST https://api.deepseek.com/chat/completions
[23:43:13 INF] System.Net.Http.HttpClient.IDeepSeekClient.LogicalHandler Start processing HTTP request POST https://api.deepseek.com/chat/completions
[23:43:13 INF] System.Net.Http.HttpClient.IDeepSeekClient.ClientHandler Sending HTTP request POST https://api.deepseek.com/chat/completions
[23:43:13 INF] System.Net.Http.HttpClient.IDeepSeekClient.ClientHandler Received HTTP response headers after 368.9577ms - 200
[23:43:13 INF] System.Net.Http.HttpClient.IDeepSeekClient.LogicalHandler End processing HTTP request after 369.6258ms - 200
[23:43:13 INF] System.Net.Http.HttpClient.IDeepSeekClient.ClientHandler Received HTTP response headers after 295.6968ms - 200
[23:43:13 INF] System.Net.Http.HttpClient.IDeepSeekClient.LogicalHandler End processing HTTP request after 296.3251ms - 200
[23:43:15 INF] System.Net.Http.HttpClient.IDeepSeekClient.LogicalHandler Start processing HTTP request POST https://api.deepseek.com/chat/completions
[23:43:15 INF] System.Net.Http.HttpClient.IDeepSeekClient.ClientHandler Sending HTTP request POST https://api.deepseek.com/chat/completions
[23:43:15 INF] System.Net.Http.HttpClient.IDeepSeekClient.LogicalHandler Start processing HTTP request POST https://api.deepseek.com/chat/completions
[23:43:15 INF] System.Net.Http.HttpClient.IDeepSeekClient.ClientHandler Sending HTTP request POST https://api.deepseek.com/chat/completions
[23:43:15 INF] System.Net.Http.HttpClient.IDeepSeekClient.ClientHandler Received HTTP response headers after 306.5272ms - 200
[23:43:15 INF] System.Net.Http.HttpClient.IDeepSeekClient.LogicalHandler End processing HTTP request after 307.3634ms - 200
[23:43:15 INF] System.Net.Http.HttpClient.IDeepSeekClient.LogicalHandler Start processing HTTP request POST https://api.deepseek.com/chat/completions
[23:43:15 INF] System.Net.Http.HttpClient.IDeepSeekClient.ClientHandler Sending HTTP request POST https://api.deepseek.com/chat/completions
[23:43:15 INF] System.Net.Http.HttpClient.IDeepSeekClient.ClientHandler Received HTTP response headers after 290.1845ms - 200
[23:43:15 INF] System.Net.Http.HttpClient.IDeepSeekClient.LogicalHandler End processing HTTP request after 291.7482ms - 200
[23:43:16 INF] System.Net.Http.HttpClient.IDeepSeekClient.ClientHandler Received HTTP response headers after 376.1545ms - 200
[23:43:16 INF] System.Net.Http.HttpClient.IDeepSeekClient.LogicalHandler End processing HTTP request after 376.7004ms - 200
[23:43:30 INF] System.Net.Http.HttpClient.IDeepSeekClient.LogicalHandler Start processing HTTP request POST https://api.deepseek.com/chat/completions
[23:43:30 INF] System.Net.Http.HttpClient.IDeepSeekClient.ClientHandler Sending HTTP request POST https://api.deepseek.com/chat/completions
[23:43:30 INF] System.Net.Http.HttpClient.IDeepSeekClient.ClientHandler Received HTTP response headers after 297.7036ms - 200
[23:43:30 INF] System.Net.Http.HttpClient.IDeepSeekClient.LogicalHandler End processing HTTP request after 298.5223ms - 200
[23:44:22 INF] System.Net.Http.HttpClient.IDeepSeekClient.LogicalHandler Start processing HTTP request POST https://api.deepseek.com/chat/completions
[23:44:22 INF] System.Net.Http.HttpClient.IDeepSeekClient.ClientHandler Sending HTTP request POST https://api.deepseek.com/chat/completions
[23:44:23 INF] System.Net.Http.HttpClient.IDeepSeekClient.ClientHandler Received HTTP response headers after 305.8995ms - 200
[23:44:23 INF] System.Net.Http.HttpClient.IDeepSeekClient.LogicalHandler End processing HTTP request after 308.7468ms - 200
[23:45:08 INF] System.Net.Http.HttpClient.IDeepSeekClient.LogicalHandler Start processing HTTP request POST https://api.deepseek.com/chat/completions
[23:45:08 INF] System.Net.Http.HttpClient.IDeepSeekClient.ClientHandler Sending HTTP request POST https://api.deepseek.com/chat/completions
[23:45:08 INF] System.Net.Http.HttpClient.IDeepSeekClient.LogicalHandler Start processing HTTP request POST https://api.deepseek.com/chat/completions
[23:45:08 INF] System.Net.Http.HttpClient.IDeepSeekClient.ClientHandler Sending HTTP request POST https://api.deepseek.com/chat/completions
[23:45:08 INF] System.Net.Http.HttpClient.IDeepSeekClient.LogicalHandler Start processing HTTP request POST https://api.deepseek.com/chat/completions
[23:45:08 INF] System.Net.Http.HttpClient.IDeepSeekClient.ClientHandler Sending HTTP request POST https://api.deepseek.com/chat/completions
[23:45:08 INF] System.Net.Http.HttpClient.IDeepSeekClient.LogicalHandler Start processing HTTP request POST https://api.deepseek.com/chat/completions
[23:45:08 INF] System.Net.Http.HttpClient.IDeepSeekClient.ClientHandler Sending HTTP request POST https://api.deepseek.com/chat/completions
[23:45:08 INF] System.Net.Http.HttpClient.IDeepSeekClient.LogicalHandler Start processing HTTP request POST https://api.deepseek.com/chat/completions
[23:45:08 INF] System.Net.Http.HttpClient.IDeepSeekClient.ClientHandler Sending HTTP request POST https://api.deepseek.com/chat/completions
[23:45:08 INF] System.Net.Http.HttpClient.IDeepSeekClient.LogicalHandler Start processing HTTP request POST https://api.deepseek.com/chat/completions
[23:45:08 INF] System.Net.Http.HttpClient.IDeepSeekClient.ClientHandler Sending HTTP request POST https://api.deepseek.com/chat/completions
[23:45:08 INF] System.Net.Http.HttpClient.IDeepSeekClient.ClientHandler Received HTTP response headers after 478.3338ms - 200
[23:45:08 INF] System.Net.Http.HttpClient.IDeepSeekClient.LogicalHandler End processing HTTP request after 479.1388ms - 200
[23:45:08 INF] System.Net.Http.HttpClient.IDeepSeekClient.ClientHandler Received HTTP response headers after 480.1588ms - 200
[23:45:08 INF] System.Net.Http.HttpClient.IDeepSeekClient.ClientHandler Received HTTP response headers after 478.8894ms - 200
[23:45:08 INF] System.Net.Http.HttpClient.IDeepSeekClient.LogicalHandler End processing HTTP request after 480.33ms - 200
[23:45:08 INF] System.Net.Http.HttpClient.IDeepSeekClient.ClientHandler Received HTTP response headers after 478.1523ms - 200
[23:45:08 INF] System.Net.Http.HttpClient.IDeepSeekClient.LogicalHandler End processing HTTP request after 481.2196ms - 200
[23:45:08 INF] System.Net.Http.HttpClient.IDeepSeekClient.ClientHandler Received HTTP response headers after 478.5021ms - 200
[23:45:08 INF] System.Net.Http.HttpClient.IDeepSeekClient.LogicalHandler End processing HTTP request after 482.9105ms - 200
[23:45:08 INF] System.Net.Http.HttpClient.IDeepSeekClient.LogicalHandler End processing HTTP request after 480.4387ms - 200
[23:45:08 INF] System.Net.Http.HttpClient.IDeepSeekClient.ClientHandler Received HTTP response headers after 478.0718ms - 200
[23:45:08 INF] System.Net.Http.HttpClient.IDeepSeekClient.LogicalHandler End processing HTTP request after 482.5948ms - 200
[23:45:09 INF] System.Net.Http.HttpClient.IDeepSeekClient.LogicalHandler Start processing HTTP request POST https://api.deepseek.com/chat/completions
[23:45:09 INF] System.Net.Http.HttpClient.IDeepSeekClient.ClientHandler Sending HTTP request POST https://api.deepseek.com/chat/completions
[23:45:10 INF] System.Net.Http.HttpClient.IDeepSeekClient.ClientHandler Received HTTP response headers after 334.2999ms - 200
[23:45:10 INF] System.Net.Http.HttpClient.IDeepSeekClient.LogicalHandler End processing HTTP request after 335.1832ms - 200
[23:45:10 INF] System.Net.Http.HttpClient.IDeepSeekClient.LogicalHandler Start processing HTTP request POST https://api.deepseek.com/chat/completions
[23:45:10 INF] System.Net.Http.HttpClient.IDeepSeekClient.ClientHandler Sending HTTP request POST https://api.deepseek.com/chat/completions
[23:45:10 INF] System.Net.Http.HttpClient.IDeepSeekClient.ClientHandler Received HTTP response headers after 306.3261ms - 200
[23:45:10 INF] System.Net.Http.HttpClient.IDeepSeekClient.LogicalHandler End processing HTTP request after 306.7229ms - 200
[23:45:10 INF] System.Net.Http.HttpClient.IDeepSeekClient.LogicalHandler Start processing HTTP request POST https://api.deepseek.com/chat/completions
[23:45:10 INF] System.Net.Http.HttpClient.IDeepSeekClient.ClientHandler Sending HTTP request POST https://api.deepseek.com/chat/completions
[23:45:11 INF] System.Net.Http.HttpClient.IDeepSeekClient.ClientHandler Received HTTP response headers after 363.5303ms - 200
[23:45:11 INF] System.Net.Http.HttpClient.IDeepSeekClient.LogicalHandler End processing HTTP request after 364.457ms - 200
[23:45:11 INF] System.Net.Http.HttpClient.IDeepSeekClient.LogicalHandler Start processing HTTP request POST https://api.deepseek.com/chat/completions
[23:45:11 INF] System.Net.Http.HttpClient.IDeepSeekClient.ClientHandler Sending HTTP request POST https://api.deepseek.com/chat/completions
[23:45:12 INF] System.Net.Http.HttpClient.IDeepSeekClient.ClientHandler Received HTTP response headers after 347.4347ms - 200
[23:45:12 INF] System.Net.Http.HttpClient.IDeepSeekClient.LogicalHandler End processing HTTP request after 348.6296ms - 200
[23:45:13 INF] System.Net.Http.HttpClient.IDeepSeekClient.LogicalHandler Start processing HTTP request POST https://api.deepseek.com/chat/completions
[23:45:13 INF] System.Net.Http.HttpClient.IDeepSeekClient.ClientHandler Sending HTTP request POST https://api.deepseek.com/chat/completions
[23:45:13 INF] System.Net.Http.HttpClient.IDeepSeekClient.ClientHandler Received HTTP response headers after 305.6492ms - 200
[23:45:13 INF] System.Net.Http.HttpClient.IDeepSeekClient.LogicalHandler End processing HTTP request after 306.1966ms - 200
[23:45:13 INF] System.Net.Http.HttpClient.IDeepSeekClient.LogicalHandler Start processing HTTP request POST https://api.deepseek.com/chat/completions
[23:45:13 INF] System.Net.Http.HttpClient.IDeepSeekClient.ClientHandler Sending HTTP request POST https://api.deepseek.com/chat/completions
[23:45:14 INF] System.Net.Http.HttpClient.IDeepSeekClient.ClientHandler Received HTTP response headers after 360.6733ms - 200
[23:45:14 INF] System.Net.Http.HttpClient.IDeepSeekClient.LogicalHandler End processing HTTP request after 361.8654ms - 200
[23:45:15 INF] System.Net.Http.HttpClient.IDeepSeekClient.LogicalHandler Start processing HTTP request POST https://api.deepseek.com/chat/completions
[23:45:15 INF] System.Net.Http.HttpClient.IDeepSeekClient.ClientHandler Sending HTTP request POST https://api.deepseek.com/chat/completions
[23:45:15 INF] System.Net.Http.HttpClient.IDeepSeekClient.LogicalHandler Start processing HTTP request POST https://api.deepseek.com/chat/completions
[23:45:15 INF] System.Net.Http.HttpClient.IDeepSeekClient.ClientHandler Sending HTTP request POST https://api.deepseek.com/chat/completions
[23:45:15 INF] System.Net.Http.HttpClient.IDeepSeekClient.ClientHandler Received HTTP response headers after 285.9398ms - 200
[23:45:15 INF] System.Net.Http.HttpClient.IDeepSeekClient.LogicalHandler Start processing HTTP request POST https://api.deepseek.com/chat/completions
[23:45:15 INF] System.Net.Http.HttpClient.IDeepSeekClient.ClientHandler Sending HTTP request POST https://api.deepseek.com/chat/completions
[23:45:15 INF] System.Net.Http.HttpClient.IDeepSeekClient.LogicalHandler End processing HTTP request after 286.795ms - 200
[23:45:15 INF] System.Net.Http.HttpClient.IDeepSeekClient.ClientHandler Received HTTP response headers after 305.5217ms - 200
[23:45:15 INF] System.Net.Http.HttpClient.IDeepSeekClient.LogicalHandler End processing HTTP request after 306.2875ms - 200
[23:45:15 INF] System.Net.Http.HttpClient.IDeepSeekClient.ClientHandler Received HTTP response headers after 301.9517ms - 200
[23:45:15 INF] System.Net.Http.HttpClient.IDeepSeekClient.LogicalHandler End processing HTTP request after 302.3947ms - 200
[23:45:16 INF] System.Net.Http.HttpClient.IDeepSeekClient.LogicalHandler Start processing HTTP request POST https://api.deepseek.com/chat/completions
[23:45:16 INF] System.Net.Http.HttpClient.IDeepSeekClient.ClientHandler Sending HTTP request POST https://api.deepseek.com/chat/completions
[23:45:16 INF] System.Net.Http.HttpClient.IDeepSeekClient.LogicalHandler Start processing HTTP request POST https://api.deepseek.com/chat/completions
[23:45:16 INF] System.Net.Http.HttpClient.IDeepSeekClient.ClientHandler Sending HTTP request POST https://api.deepseek.com/chat/completions
[23:45:16 INF] System.Net.Http.HttpClient.IDeepSeekClient.ClientHandler Received HTTP response headers after 303.15ms - 200
[23:45:16 INF] System.Net.Http.HttpClient.IDeepSeekClient.LogicalHandler End processing HTTP request after 304.007ms - 200
[23:45:16 INF] System.Net.Http.HttpClient.IDeepSeekClient.ClientHandler Received HTTP response headers after 283.9943ms - 200
[23:45:16 INF] System.Net.Http.HttpClient.IDeepSeekClient.LogicalHandler End processing HTTP request after 284.6888ms - 200
[23:45:16 INF] System.Net.Http.HttpClient.IDeepSeekClient.LogicalHandler Start processing HTTP request POST https://api.deepseek.com/chat/completions
[23:45:16 INF] System.Net.Http.HttpClient.IDeepSeekClient.ClientHandler Sending HTTP request POST https://api.deepseek.com/chat/completions
[23:45:16 INF] System.Net.Http.HttpClient.IDeepSeekClient.ClientHandler Received HTTP response headers after 311.1092ms - 200
[23:45:16 INF] System.Net.Http.HttpClient.IDeepSeekClient.LogicalHandler End processing HTTP request after 311.5797ms - 200
[23:45:17 INF] System.Net.Http.HttpClient.IDeepSeekClient.LogicalHandler Start processing HTTP request POST https://api.deepseek.com/chat/completions
[23:45:17 INF] System.Net.Http.HttpClient.IDeepSeekClient.ClientHandler Sending HTTP request POST https://api.deepseek.com/chat/completions
[23:45:17 INF] System.Net.Http.HttpClient.IDeepSeekClient.ClientHandler Received HTTP response headers after 336.2894ms - 200
[23:45:17 INF] System.Net.Http.HttpClient.IDeepSeekClient.LogicalHandler End processing HTTP request after 337.5182ms - 200
[23:45:18 INF] System.Net.Http.HttpClient.IDeepSeekClient.LogicalHandler Start processing HTTP request POST https://api.deepseek.com/chat/completions
[23:45:18 INF] System.Net.Http.HttpClient.IDeepSeekClient.ClientHandler Sending HTTP request POST https://api.deepseek.com/chat/completions
[23:45:18 INF] System.Net.Http.HttpClient.IDeepSeekClient.LogicalHandler Start processing HTTP request POST https://api.deepseek.com/chat/completions
[23:45:18 INF] System.Net.Http.HttpClient.IDeepSeekClient.ClientHandler Sending HTTP request POST https://api.deepseek.com/chat/completions
[23:45:18 INF] System.Net.Http.HttpClient.IDeepSeekClient.ClientHandler Received HTTP response headers after 290.0789ms - 200
[23:45:18 INF] System.Net.Http.HttpClient.IDeepSeekClient.LogicalHandler End processing HTTP request after 291.1344ms - 200
[23:45:18 INF] System.Net.Http.HttpClient.IDeepSeekClient.ClientHandler Received HTTP response headers after 283.8017ms - 200
[23:45:18 INF] System.Net.Http.HttpClient.IDeepSeekClient.LogicalHandler End processing HTTP request after 284.5111ms - 200
[23:45:18 INF] System.Net.Http.HttpClient.IDeepSeekClient.LogicalHandler Start processing HTTP request POST https://api.deepseek.com/chat/completions
[23:45:18 INF] System.Net.Http.HttpClient.IDeepSeekClient.ClientHandler Sending HTTP request POST https://api.deepseek.com/chat/completions
[23:45:18 INF] System.Net.Http.HttpClient.IDeepSeekClient.ClientHandler Received HTTP response headers after 337.0715ms - 200
[23:45:18 INF] System.Net.Http.HttpClient.IDeepSeekClient.LogicalHandler End processing HTTP request after 337.7214ms - 200
[23:45:19 INF] System.Net.Http.HttpClient.IDeepSeekClient.LogicalHandler Start processing HTTP request POST https://api.deepseek.com/chat/completions
[23:45:19 INF] System.Net.Http.HttpClient.IDeepSeekClient.ClientHandler Sending HTTP request POST https://api.deepseek.com/chat/completions
[23:45:19 INF] System.Net.Http.HttpClient.IDeepSeekClient.ClientHandler Received HTTP response headers after 412.4351ms - 200
[23:45:19 INF] System.Net.Http.HttpClient.IDeepSeekClient.LogicalHandler End processing HTTP request after 413.501ms - 200
[23:45:19 INF] System.Net.Http.HttpClient.IDeepSeekClient.LogicalHandler Start processing HTTP request POST https://api.deepseek.com/chat/completions
[23:45:19 INF] System.Net.Http.HttpClient.IDeepSeekClient.ClientHandler Sending HTTP request POST https://api.deepseek.com/chat/completions
[23:45:20 INF] System.Net.Http.HttpClient.IDeepSeekClient.ClientHandler Received HTTP response headers after 501.615ms - 200
[23:45:20 INF] System.Net.Http.HttpClient.IDeepSeekClient.LogicalHandler End processing HTTP request after 502.7669ms - 200
[23:45:20 INF] System.Net.Http.HttpClient.IDeepSeekClient.LogicalHandler Start processing HTTP request POST https://api.deepseek.com/chat/completions
[23:45:20 INF] System.Net.Http.HttpClient.IDeepSeekClient.ClientHandler Sending HTTP request POST https://api.deepseek.com/chat/completions
[23:45:20 INF] System.Net.Http.HttpClient.IDeepSeekClient.LogicalHandler Start processing HTTP request POST https://api.deepseek.com/chat/completions
[23:45:20 INF] System.Net.Http.HttpClient.IDeepSeekClient.ClientHandler Sending HTTP request POST https://api.deepseek.com/chat/completions
[23:45:20 INF] System.Net.Http.HttpClient.IDeepSeekClient.ClientHandler Received HTTP response headers after 303.7707ms - 200
[23:45:20 INF] System.Net.Http.HttpClient.IDeepSeekClient.LogicalHandler End processing HTTP request after 304.3023ms - 200
[23:45:21 INF] System.Net.Http.HttpClient.IDeepSeekClient.ClientHandler Received HTTP response headers after 297.5155ms - 200
[23:45:21 INF] System.Net.Http.HttpClient.IDeepSeekClient.LogicalHandler End processing HTTP request after 297.934ms - 200
[23:45:22 INF] System.Net.Http.HttpClient.IDeepSeekClient.LogicalHandler Start processing HTTP request POST https://api.deepseek.com/chat/completions
[23:45:22 INF] System.Net.Http.HttpClient.IDeepSeekClient.ClientHandler Sending HTTP request POST https://api.deepseek.com/chat/completions
[23:45:22 INF] System.Net.Http.HttpClient.IDeepSeekClient.LogicalHandler Start processing HTTP request POST https://api.deepseek.com/chat/completions
[23:45:22 INF] System.Net.Http.HttpClient.IDeepSeekClient.ClientHandler Sending HTTP request POST https://api.deepseek.com/chat/completions
[23:45:22 INF] System.Net.Http.HttpClient.IDeepSeekClient.ClientHandler Received HTTP response headers after 292.835ms - 200
[23:45:22 INF] System.Net.Http.HttpClient.IDeepSeekClient.LogicalHandler End processing HTTP request after 293.4011ms - 200
[23:45:22 INF] System.Net.Http.HttpClient.IDeepSeekClient.LogicalHandler Start processing HTTP request POST https://api.deepseek.com/chat/completions
[23:45:22 INF] System.Net.Http.HttpClient.IDeepSeekClient.ClientHandler Sending HTTP request POST https://api.deepseek.com/chat/completions
[23:45:22 INF] System.Net.Http.HttpClient.IDeepSeekClient.LogicalHandler Start processing HTTP request POST https://api.deepseek.com/chat/completions
[23:45:22 INF] System.Net.Http.HttpClient.IDeepSeekClient.ClientHandler Sending HTTP request POST https://api.deepseek.com/chat/completions
[23:45:22 INF] System.Net.Http.HttpClient.IDeepSeekClient.ClientHandler Received HTTP response headers after 289.9477ms - 200
[23:45:22 INF] System.Net.Http.HttpClient.IDeepSeekClient.LogicalHandler End processing HTTP request after 290.8292ms - 200
[23:45:22 INF] System.Net.Http.HttpClient.IDeepSeekClient.LogicalHandler Start processing HTTP request POST https://api.deepseek.com/chat/completions
[23:45:22 INF] System.Net.Http.HttpClient.IDeepSeekClient.ClientHandler Sending HTTP request POST https://api.deepseek.com/chat/completions
[23:45:22 INF] System.Net.Http.HttpClient.IDeepSeekClient.ClientHandler Received HTTP response headers after 291.9751ms - 200
[23:45:22 INF] System.Net.Http.HttpClient.IDeepSeekClient.LogicalHandler End processing HTTP request after 292.4419ms - 200
[23:45:22 INF] System.Net.Http.HttpClient.IDeepSeekClient.ClientHandler Received HTTP response headers after 283.0185ms - 200
[23:45:22 INF] System.Net.Http.HttpClient.IDeepSeekClient.LogicalHandler End processing HTTP request after 285.2383ms - 200
[23:45:23 INF] System.Net.Http.HttpClient.IDeepSeekClient.ClientHandler Received HTTP response headers after 294.3133ms - 200
[23:45:23 INF] System.Net.Http.HttpClient.IDeepSeekClient.LogicalHandler End processing HTTP request after 294.8592ms - 200
[23:45:24 INF] System.Net.Http.HttpClient.IDeepSeekClient.LogicalHandler Start processing HTTP request POST https://api.deepseek.com/chat/completions
[23:45:24 INF] System.Net.Http.HttpClient.IDeepSeekClient.LogicalHandler Start processing HTTP request POST https://api.deepseek.com/chat/completions
[23:45:24 INF] System.Net.Http.HttpClient.IDeepSeekClient.ClientHandler Sending HTTP request POST https://api.deepseek.com/chat/completions
[23:45:24 INF] System.Net.Http.HttpClient.IDeepSeekClient.ClientHandler Sending HTTP request POST https://api.deepseek.com/chat/completions
[23:45:24 INF] System.Net.Http.HttpClient.IDeepSeekClient.ClientHandler Received HTTP response headers after 306.0795ms - 200
[23:45:24 INF] System.Net.Http.HttpClient.IDeepSeekClient.ClientHandler Received HTTP response headers after 305.7433ms - 200
[23:45:24 INF] System.Net.Http.HttpClient.IDeepSeekClient.LogicalHandler Start processing HTTP request POST https://api.deepseek.com/chat/completions
[23:45:24 INF] System.Net.Http.HttpClient.IDeepSeekClient.ClientHandler Sending HTTP request POST https://api.deepseek.com/chat/completions
[23:45:24 INF] System.Net.Http.HttpClient.IDeepSeekClient.LogicalHandler End processing HTTP request after 306.9645ms - 200
[23:45:24 INF] System.Net.Http.HttpClient.IDeepSeekClient.LogicalHandler End processing HTTP request after 307.1264ms - 200
[23:45:24 INF] System.Net.Http.HttpClient.IDeepSeekClient.ClientHandler Received HTTP response headers after 304.5238ms - 200
[23:45:24 INF] System.Net.Http.HttpClient.IDeepSeekClient.LogicalHandler End processing HTTP request after 305.4902ms - 200
[23:45:58 INF] System.Net.Http.HttpClient.IDeepSeekClient.LogicalHandler Start processing HTTP request POST https://api.deepseek.com/chat/completions
[23:45:58 INF] System.Net.Http.HttpClient.IDeepSeekClient.ClientHandler Sending HTTP request POST https://api.deepseek.com/chat/completions
[23:45:58 INF] System.Net.Http.HttpClient.IDeepSeekClient.ClientHandler Received HTTP response headers after 322.966ms - 200
[23:45:58 INF] System.Net.Http.HttpClient.IDeepSeekClient.LogicalHandler End processing HTTP request after 323.7687ms - 200
[23:46:25 INF] System.Net.Http.HttpClient.IDeepSeekClient.LogicalHandler Start processing HTTP request POST https://api.deepseek.com/chat/completions
[23:46:25 INF] System.Net.Http.HttpClient.IDeepSeekClient.ClientHandler Sending HTTP request POST https://api.deepseek.com/chat/completions
[23:46:25 INF] System.Net.Http.HttpClient.IDeepSeekClient.ClientHandler Received HTTP response headers after 298.9445ms - 200
[23:46:25 INF] System.Net.Http.HttpClient.IDeepSeekClient.LogicalHandler End processing HTTP request after 299.4436ms - 200
[23:47:11 INF] System.Net.Http.HttpClient.IDeepSeekClient.LogicalHandler Start processing HTTP request POST https://api.deepseek.com/chat/completions
[23:47:11 INF] System.Net.Http.HttpClient.IDeepSeekClient.ClientHandler Sending HTTP request POST https://api.deepseek.com/chat/completions
[23:47:11 INF] System.Net.Http.HttpClient.IDeepSeekClient.LogicalHandler Start processing HTTP request POST https://api.deepseek.com/chat/completions
[23:47:11 INF] System.Net.Http.HttpClient.IDeepSeekClient.ClientHandler Sending HTTP request POST https://api.deepseek.com/chat/completions
[23:47:11 INF] System.Net.Http.HttpClient.IDeepSeekClient.LogicalHandler Start processing HTTP request POST https://api.deepseek.com/chat/completions
[23:47:11 INF] System.Net.Http.HttpClient.IDeepSeekClient.ClientHandler Sending HTTP request POST https://api.deepseek.com/chat/completions
[23:47:11 INF] System.Net.Http.HttpClient.IDeepSeekClient.LogicalHandler Start processing HTTP request POST https://api.deepseek.com/chat/completions
[23:47:11 INF] System.Net.Http.HttpClient.IDeepSeekClient.ClientHandler Sending HTTP request POST https://api.deepseek.com/chat/completions
[23:47:11 INF] System.Net.Http.HttpClient.IDeepSeekClient.LogicalHandler Start processing HTTP request POST https://api.deepseek.com/chat/completions
[23:47:11 INF] System.Net.Http.HttpClient.IDeepSeekClient.ClientHandler Sending HTTP request POST https://api.deepseek.com/chat/completions
[23:47:11 INF] System.Net.Http.HttpClient.IDeepSeekClient.LogicalHandler Start processing HTTP request POST https://api.deepseek.com/chat/completions
[23:47:11 INF] System.Net.Http.HttpClient.IDeepSeekClient.ClientHandler Sending HTTP request POST https://api.deepseek.com/chat/completions
[23:47:12 INF] System.Net.Http.HttpClient.IDeepSeekClient.ClientHandler Received HTTP response headers after 472.6072ms - 200
[23:47:12 INF] System.Net.Http.HttpClient.IDeepSeekClient.ClientHandler Received HTTP response headers after 467.7932ms - 200
[23:47:12 INF] System.Net.Http.HttpClient.IDeepSeekClient.LogicalHandler End processing HTTP request after 473.3058ms - 200
[23:47:12 INF] System.Net.Http.HttpClient.IDeepSeekClient.ClientHandler Received HTTP response headers after 468.4815ms - 200
[23:47:12 INF] System.Net.Http.HttpClient.IDeepSeekClient.ClientHandler Received HTTP response headers after 465.9949ms - 200
[23:47:12 INF] System.Net.Http.HttpClient.IDeepSeekClient.LogicalHandler End processing HTTP request after 467.6764ms - 200
[23:47:12 INF] System.Net.Http.HttpClient.IDeepSeekClient.LogicalHandler End processing HTTP request after 468.6502ms - 200
[23:47:12 INF] System.Net.Http.HttpClient.IDeepSeekClient.LogicalHandler End processing HTTP request after 469.6559ms - 200
[23:47:12 INF] System.Net.Http.HttpClient.IDeepSeekClient.ClientHandler Received HTTP response headers after 469.9303ms - 200
[23:47:12 INF] System.Net.Http.HttpClient.IDeepSeekClient.ClientHandler Received HTTP response headers after 466.441ms - 200
[23:47:12 INF] System.Net.Http.HttpClient.IDeepSeekClient.LogicalHandler End processing HTTP request after 469.4149ms - 200
[23:47:12 INF] System.Net.Http.HttpClient.IDeepSeekClient.LogicalHandler End processing HTTP request after 472.0142ms - 200
[23:47:13 INF] System.Net.Http.HttpClient.IDeepSeekClient.LogicalHandler Start processing HTTP request POST https://api.deepseek.com/chat/completions
[23:47:13 INF] System.Net.Http.HttpClient.IDeepSeekClient.LogicalHandler Start processing HTTP request POST https://api.deepseek.com/chat/completions
[23:47:13 INF] System.Net.Http.HttpClient.IDeepSeekClient.ClientHandler Sending HTTP request POST https://api.deepseek.com/chat/completions
[23:47:13 INF] System.Net.Http.HttpClient.IDeepSeekClient.ClientHandler Sending HTTP request POST https://api.deepseek.com/chat/completions
[23:47:13 INF] System.Net.Http.HttpClient.IDeepSeekClient.ClientHandler Received HTTP response headers after 290.3604ms - 200
[23:47:13 INF] System.Net.Http.HttpClient.IDeepSeekClient.LogicalHandler End processing HTTP request after 291.3345ms - 200
[23:47:13 INF] System.Net.Http.HttpClient.IDeepSeekClient.ClientHandler Received HTTP response headers after 300.3552ms - 200
[23:47:13 INF] System.Net.Http.HttpClient.IDeepSeekClient.LogicalHandler End processing HTTP request after 301.2458ms - 200
[23:47:14 INF] System.Net.Http.HttpClient.IDeepSeekClient.LogicalHandler Start processing HTTP request POST https://api.deepseek.com/chat/completions
[23:47:14 INF] System.Net.Http.HttpClient.IDeepSeekClient.ClientHandler Sending HTTP request POST https://api.deepseek.com/chat/completions
[23:47:14 INF] System.Net.Http.HttpClient.IDeepSeekClient.ClientHandler Received HTTP response headers after 307.5557ms - 200
[23:47:14 INF] System.Net.Http.HttpClient.IDeepSeekClient.LogicalHandler End processing HTTP request after 310.2666ms - 200
[23:47:14 INF] System.Net.Http.HttpClient.IDeepSeekClient.LogicalHandler Start processing HTTP request POST https://api.deepseek.com/chat/completions
[23:47:14 INF] System.Net.Http.HttpClient.IDeepSeekClient.ClientHandler Sending HTTP request POST https://api.deepseek.com/chat/completions
[23:47:15 INF] System.Net.Http.HttpClient.IDeepSeekClient.ClientHandler Received HTTP response headers after 384.4825ms - 200
[23:47:15 INF] System.Net.Http.HttpClient.IDeepSeekClient.LogicalHandler End processing HTTP request after 385.1617ms - 200
[23:47:15 INF] System.Net.Http.HttpClient.IDeepSeekClient.LogicalHandler Start processing HTTP request POST https://api.deepseek.com/chat/completions
[23:47:15 INF] System.Net.Http.HttpClient.IDeepSeekClient.ClientHandler Sending HTTP request POST https://api.deepseek.com/chat/completions
[23:47:16 INF] System.Net.Http.HttpClient.IDeepSeekClient.ClientHandler Received HTTP response headers after 306.5488ms - 200
[23:47:16 INF] System.Net.Http.HttpClient.IDeepSeekClient.LogicalHandler End processing HTTP request after 307.7407ms - 200
[23:47:17 INF] System.Net.Http.HttpClient.IDeepSeekClient.LogicalHandler Start processing HTTP request POST https://api.deepseek.com/chat/completions
[23:47:17 INF] System.Net.Http.HttpClient.IDeepSeekClient.ClientHandler Sending HTTP request POST https://api.deepseek.com/chat/completions
[23:47:17 INF] System.Net.Http.HttpClient.IDeepSeekClient.ClientHandler Received HTTP response headers after 305.464ms - 200
[23:47:17 INF] System.Net.Http.HttpClient.IDeepSeekClient.LogicalHandler End processing HTTP request after 305.8888ms - 200
[23:47:17 INF] System.Net.Http.HttpClient.IDeepSeekClient.LogicalHandler Start processing HTTP request POST https://api.deepseek.com/chat/completions
[23:47:17 INF] System.Net.Http.HttpClient.IDeepSeekClient.ClientHandler Sending HTTP request POST https://api.deepseek.com/chat/completions
[23:47:17 INF] System.Net.Http.HttpClient.IDeepSeekClient.LogicalHandler Start processing HTTP request POST https://api.deepseek.com/chat/completions
[23:47:17 INF] System.Net.Http.HttpClient.IDeepSeekClient.ClientHandler Sending HTTP request POST https://api.deepseek.com/chat/completions
[23:47:18 INF] System.Net.Http.HttpClient.IDeepSeekClient.ClientHandler Received HTTP response headers after 291.4042ms - 200
[23:47:18 INF] System.Net.Http.HttpClient.IDeepSeekClient.LogicalHandler End processing HTTP request after 292.5014ms - 200
[23:47:18 INF] System.Net.Http.HttpClient.IDeepSeekClient.ClientHandler Received HTTP response headers after 290.0595ms - 200
[23:47:18 INF] System.Net.Http.HttpClient.IDeepSeekClient.LogicalHandler End processing HTTP request after 290.8318ms - 200
[23:47:18 INF] System.Net.Http.HttpClient.IDeepSeekClient.LogicalHandler Start processing HTTP request POST https://api.deepseek.com/chat/completions
[23:47:18 INF] System.Net.Http.HttpClient.IDeepSeekClient.ClientHandler Sending HTTP request POST https://api.deepseek.com/chat/completions
[23:47:18 INF] System.Net.Http.HttpClient.IDeepSeekClient.ClientHandler Received HTTP response headers after 305.8846ms - 200
[23:47:18 INF] System.Net.Http.HttpClient.IDeepSeekClient.LogicalHandler End processing HTTP request after 306.4965ms - 200
[23:47:18 INF] System.Net.Http.HttpClient.IDeepSeekClient.LogicalHandler Start processing HTTP request POST https://api.deepseek.com/chat/completions
[23:47:18 INF] System.Net.Http.HttpClient.IDeepSeekClient.ClientHandler Sending HTTP request POST https://api.deepseek.com/chat/completions
[23:47:18 INF] System.Net.Http.HttpClient.IDeepSeekClient.LogicalHandler Start processing HTTP request POST https://api.deepseek.com/chat/completions
[23:47:18 INF] System.Net.Http.HttpClient.IDeepSeekClient.ClientHandler Sending HTTP request POST https://api.deepseek.com/chat/completions
[23:47:18 INF] System.Net.Http.HttpClient.IDeepSeekClient.LogicalHandler Start processing HTTP request POST https://api.deepseek.com/chat/completions
[23:47:18 INF] System.Net.Http.HttpClient.IDeepSeekClient.ClientHandler Sending HTTP request POST https://api.deepseek.com/chat/completions
[23:47:19 INF] System.Net.Http.HttpClient.IDeepSeekClient.ClientHandler Received HTTP response headers after 305.6365ms - 200
[23:47:19 INF] System.Net.Http.HttpClient.IDeepSeekClient.LogicalHandler End processing HTTP request after 306.2192ms - 200
[23:47:19 INF] System.Net.Http.HttpClient.IDeepSeekClient.ClientHandler Received HTTP response headers after 282.8501ms - 200
[23:47:19 INF] System.Net.Http.HttpClient.IDeepSeekClient.LogicalHandler End processing HTTP request after 283.25ms - 200
[23:47:19 INF] System.Net.Http.HttpClient.IDeepSeekClient.LogicalHandler Start processing HTTP request POST https://api.deepseek.com/chat/completions
[23:47:19 INF] System.Net.Http.HttpClient.IDeepSeekClient.ClientHandler Sending HTTP request POST https://api.deepseek.com/chat/completions
[23:47:19 INF] System.Net.Http.HttpClient.IDeepSeekClient.ClientHandler Received HTTP response headers after 301.4232ms - 200
[23:47:19 INF] System.Net.Http.HttpClient.IDeepSeekClient.LogicalHandler End processing HTTP request after 301.7599ms - 200
[23:47:19 INF] System.Net.Http.HttpClient.IDeepSeekClient.ClientHandler Received HTTP response headers after 325.5785ms - 200
[23:47:19 INF] System.Net.Http.HttpClient.IDeepSeekClient.LogicalHandler End processing HTTP request after 326.0782ms - 200
[23:47:19 INF] System.Net.Http.HttpClient.IDeepSeekClient.LogicalHandler Start processing HTTP request POST https://api.deepseek.com/chat/completions
[23:47:19 INF] System.Net.Http.HttpClient.IDeepSeekClient.ClientHandler Sending HTTP request POST https://api.deepseek.com/chat/completions
[23:47:19 INF] System.Net.Http.HttpClient.IDeepSeekClient.LogicalHandler Start processing HTTP request POST https://api.deepseek.com/chat/completions
[23:47:19 INF] System.Net.Http.HttpClient.IDeepSeekClient.ClientHandler Sending HTTP request POST https://api.deepseek.com/chat/completions
[23:47:20 INF] System.Net.Http.HttpClient.IDeepSeekClient.ClientHandler Received HTTP response headers after 281.6667ms - 200
[23:47:20 INF] System.Net.Http.HttpClient.IDeepSeekClient.LogicalHandler End processing HTTP request after 282.4566ms - 200
[23:47:20 INF] System.Net.Http.HttpClient.IDeepSeekClient.ClientHandler Received HTTP response headers after 282.8415ms - 200
[23:47:20 INF] System.Net.Http.HttpClient.IDeepSeekClient.LogicalHandler End processing HTTP request after 286.1375ms - 200
[23:47:20 INF] System.Net.Http.HttpClient.IDeepSeekClient.LogicalHandler Start processing HTTP request POST https://api.deepseek.com/chat/completions
[23:47:20 INF] System.Net.Http.HttpClient.IDeepSeekClient.ClientHandler Sending HTTP request POST https://api.deepseek.com/chat/completions
[23:47:20 INF] System.Net.Http.HttpClient.IDeepSeekClient.LogicalHandler Start processing HTTP request POST https://api.deepseek.com/chat/completions
[23:47:20 INF] System.Net.Http.HttpClient.IDeepSeekClient.ClientHandler Sending HTTP request POST https://api.deepseek.com/chat/completions
[23:47:20 INF] System.Net.Http.HttpClient.IDeepSeekClient.LogicalHandler Start processing HTTP request POST https://api.deepseek.com/chat/completions
[23:47:20 INF] System.Net.Http.HttpClient.IDeepSeekClient.ClientHandler Sending HTTP request POST https://api.deepseek.com/chat/completions
[23:47:20 INF] System.Net.Http.HttpClient.IDeepSeekClient.ClientHandler Received HTTP response headers after 285.1675ms - 200
[23:47:20 INF] System.Net.Http.HttpClient.IDeepSeekClient.LogicalHandler End processing HTTP request after 285.6725ms - 200
[23:47:20 INF] System.Net.Http.HttpClient.IDeepSeekClient.ClientHandler Received HTTP response headers after 293.0402ms - 200
[23:47:20 INF] System.Net.Http.HttpClient.IDeepSeekClient.LogicalHandler End processing HTTP request after 293.6406ms - 200
[23:47:20 INF] System.Net.Http.HttpClient.IDeepSeekClient.ClientHandler Received HTTP response headers after 309.6329ms - 200
[23:47:20 INF] System.Net.Http.HttpClient.IDeepSeekClient.LogicalHandler End processing HTTP request after 310.195ms - 200
[23:47:21 INF] System.Net.Http.HttpClient.IDeepSeekClient.LogicalHandler Start processing HTTP request POST https://api.deepseek.com/chat/completions
[23:47:21 INF] System.Net.Http.HttpClient.IDeepSeekClient.ClientHandler Sending HTTP request POST https://api.deepseek.com/chat/completions
[23:47:21 INF] System.Net.Http.HttpClient.IDeepSeekClient.ClientHandler Received HTTP response headers after 383.516ms - 200
[23:47:21 INF] System.Net.Http.HttpClient.IDeepSeekClient.LogicalHandler End processing HTTP request after 384.4374ms - 200
[23:47:22 INF] System.Net.Http.HttpClient.IDeepSeekClient.LogicalHandler Start processing HTTP request POST https://api.deepseek.com/chat/completions
[23:47:22 INF] System.Net.Http.HttpClient.IDeepSeekClient.ClientHandler Sending HTTP request POST https://api.deepseek.com/chat/completions
[23:47:22 INF] System.Net.Http.HttpClient.IDeepSeekClient.ClientHandler Received HTTP response headers after 301.4164ms - 200
[23:47:22 INF] System.Net.Http.HttpClient.IDeepSeekClient.LogicalHandler End processing HTTP request after 301.9331ms - 200
[23:47:22 INF] System.Net.Http.HttpClient.IDeepSeekClient.LogicalHandler Start processing HTTP request POST https://api.deepseek.com/chat/completions
[23:47:22 INF] System.Net.Http.HttpClient.IDeepSeekClient.ClientHandler Sending HTTP request POST https://api.deepseek.com/chat/completions
[23:47:22 INF] System.Net.Http.HttpClient.IDeepSeekClient.ClientHandler Received HTTP response headers after 307.6136ms - 200
[23:47:22 INF] System.Net.Http.HttpClient.IDeepSeekClient.LogicalHandler End processing HTTP request after 307.969ms - 200
[23:47:23 INF] System.Net.Http.HttpClient.IDeepSeekClient.LogicalHandler Start processing HTTP request POST https://api.deepseek.com/chat/completions
[23:47:23 INF] System.Net.Http.HttpClient.IDeepSeekClient.ClientHandler Sending HTTP request POST https://api.deepseek.com/chat/completions
[23:47:23 INF] System.Net.Http.HttpClient.IDeepSeekClient.LogicalHandler Start processing HTTP request POST https://api.deepseek.com/chat/completions
[23:47:23 INF] System.Net.Http.HttpClient.IDeepSeekClient.ClientHandler Sending HTTP request POST https://api.deepseek.com/chat/completions
[23:47:23 INF] System.Net.Http.HttpClient.IDeepSeekClient.ClientHandler Received HTTP response headers after 284.0726ms - 200
[23:47:23 INF] System.Net.Http.HttpClient.IDeepSeekClient.LogicalHandler End processing HTTP request after 284.7948ms - 200
[23:47:23 INF] System.Net.Http.HttpClient.IDeepSeekClient.ClientHandler Received HTTP response headers after 285.2105ms - 200
[23:47:23 INF] System.Net.Http.HttpClient.IDeepSeekClient.LogicalHandler End processing HTTP request after 286.7042ms - 200
[23:47:23 INF] System.Net.Http.HttpClient.IDeepSeekClient.LogicalHandler Start processing HTTP request POST https://api.deepseek.com/chat/completions
[23:47:23 INF] System.Net.Http.HttpClient.IDeepSeekClient.ClientHandler Sending HTTP request POST https://api.deepseek.com/chat/completions
[23:47:23 INF] System.Net.Http.HttpClient.IDeepSeekClient.LogicalHandler Start processing HTTP request POST https://api.deepseek.com/chat/completions
[23:47:23 INF] System.Net.Http.HttpClient.IDeepSeekClient.ClientHandler Sending HTTP request POST https://api.deepseek.com/chat/completions
[23:47:23 INF] System.Net.Http.HttpClient.IDeepSeekClient.ClientHandler Received HTTP response headers after 355.816ms - 200
[23:47:23 INF] System.Net.Http.HttpClient.IDeepSeekClient.LogicalHandler End processing HTTP request after 356.8786ms - 200
[23:47:23 INF] System.Net.Http.HttpClient.IDeepSeekClient.ClientHandler Received HTTP response headers after 313.1794ms - 200
[23:47:23 INF] System.Net.Http.HttpClient.IDeepSeekClient.LogicalHandler End processing HTTP request after 313.764ms - 200
[23:47:24 INF] System.Net.Http.HttpClient.IDeepSeekClient.LogicalHandler Start processing HTTP request POST https://api.deepseek.com/chat/completions
[23:47:24 INF] System.Net.Http.HttpClient.IDeepSeekClient.ClientHandler Sending HTTP request POST https://api.deepseek.com/chat/completions
[23:47:25 INF] System.Net.Http.HttpClient.IDeepSeekClient.LogicalHandler Start processing HTTP request POST https://api.deepseek.com/chat/completions
[23:47:25 INF] System.Net.Http.HttpClient.IDeepSeekClient.ClientHandler Sending HTTP request POST https://api.deepseek.com/chat/completions
[23:47:25 INF] System.Net.Http.HttpClient.IDeepSeekClient.LogicalHandler Start processing HTTP request POST https://api.deepseek.com/chat/completions
[23:47:25 INF] System.Net.Http.HttpClient.IDeepSeekClient.ClientHandler Sending HTTP request POST https://api.deepseek.com/chat/completions
[23:47:25 INF] System.Net.Http.HttpClient.IDeepSeekClient.ClientHandler Received HTTP response headers after 363.3702ms - 200
[23:47:25 INF] System.Net.Http.HttpClient.IDeepSeekClient.ClientHandler Received HTTP response headers after 408.8097ms - 200
[23:47:25 INF] System.Net.Http.HttpClient.IDeepSeekClient.ClientHandler Received HTTP response headers after 361.0065ms - 200
[23:47:25 INF] System.Net.Http.HttpClient.IDeepSeekClient.LogicalHandler End processing HTTP request after 411.3822ms - 200
[23:47:25 INF] System.Net.Http.HttpClient.IDeepSeekClient.LogicalHandler End processing HTTP request after 365.1548ms - 200
[23:47:25 INF] System.Net.Http.HttpClient.IDeepSeekClient.LogicalHandler End processing HTTP request after 363.6532ms - 200
[23:47:53 INF] System.Net.Http.HttpClient.IDeepSeekClient.LogicalHandler Start processing HTTP request POST https://api.deepseek.com/chat/completions
[23:47:53 INF] System.Net.Http.HttpClient.IDeepSeekClient.ClientHandler Sending HTTP request POST https://api.deepseek.com/chat/completions
[23:47:54 INF] System.Net.Http.HttpClient.IDeepSeekClient.ClientHandler Received HTTP response headers after 325.636ms - 200
[23:47:54 INF] System.Net.Http.HttpClient.IDeepSeekClient.LogicalHandler End processing HTTP request after 329.0894ms - 200
[23:48:13 INF] System.Net.Http.HttpClient.IDeepSeekClient.LogicalHandler Start processing HTTP request POST https://api.deepseek.com/chat/completions
[23:48:13 INF] System.Net.Http.HttpClient.IDeepSeekClient.ClientHandler Sending HTTP request POST https://api.deepseek.com/chat/completions
[23:48:13 INF] System.Net.Http.HttpClient.IDeepSeekClient.ClientHandler Received HTTP response headers after 359.5772ms - 200
[23:48:13 INF] System.Net.Http.HttpClient.IDeepSeekClient.LogicalHandler End processing HTTP request after 361.4758ms - 200
[23:49:20 INF] System.Net.Http.HttpClient.IDeepSeekClient.LogicalHandler Start processing HTTP request POST https://api.deepseek.com/chat/completions
[23:49:20 INF] System.Net.Http.HttpClient.IDeepSeekClient.ClientHandler Sending HTTP request POST https://api.deepseek.com/chat/completions
[23:49:20 INF] System.Net.Http.HttpClient.IDeepSeekClient.LogicalHandler Start processing HTTP request POST https://api.deepseek.com/chat/completions
[23:49:20 INF] System.Net.Http.HttpClient.IDeepSeekClient.ClientHandler Sending HTTP request POST https://api.deepseek.com/chat/completions
[23:49:20 INF] System.Net.Http.HttpClient.IDeepSeekClient.LogicalHandler Start processing HTTP request POST https://api.deepseek.com/chat/completions
[23:49:20 INF] System.Net.Http.HttpClient.IDeepSeekClient.ClientHandler Sending HTTP request POST https://api.deepseek.com/chat/completions
[23:49:20 INF] System.Net.Http.HttpClient.IDeepSeekClient.LogicalHandler Start processing HTTP request POST https://api.deepseek.com/chat/completions
[23:49:20 INF] System.Net.Http.HttpClient.IDeepSeekClient.ClientHandler Sending HTTP request POST https://api.deepseek.com/chat/completions
[23:49:20 INF] System.Net.Http.HttpClient.IDeepSeekClient.LogicalHandler Start processing HTTP request POST https://api.deepseek.com/chat/completions
[23:49:20 INF] System.Net.Http.HttpClient.IDeepSeekClient.ClientHandler Sending HTTP request POST https://api.deepseek.com/chat/completions
[23:49:20 INF] System.Net.Http.HttpClient.IDeepSeekClient.LogicalHandler Start processing HTTP request POST https://api.deepseek.com/chat/completions
[23:49:20 INF] System.Net.Http.HttpClient.IDeepSeekClient.ClientHandler Sending HTTP request POST https://api.deepseek.com/chat/completions
[23:49:20 INF] System.Net.Http.HttpClient.IDeepSeekClient.ClientHandler Received HTTP response headers after 406.7796ms - 200
[23:49:20 INF] System.Net.Http.HttpClient.IDeepSeekClient.LogicalHandler End processing HTTP request after 408.2385ms - 200
[23:49:20 INF] System.Net.Http.HttpClient.IDeepSeekClient.ClientHandler Received HTTP response headers after 428.3154ms - 200
[23:49:20 INF] System.Net.Http.HttpClient.IDeepSeekClient.LogicalHandler End processing HTTP request after 429.8597ms - 200
[23:49:20 INF] System.Net.Http.HttpClient.IDeepSeekClient.ClientHandler Received HTTP response headers after 416.3322ms - 200
[23:49:20 INF] System.Net.Http.HttpClient.IDeepSeekClient.LogicalHandler End processing HTTP request after 417.396ms - 200
[23:49:20 INF] System.Net.Http.HttpClient.IDeepSeekClient.ClientHandler Received HTTP response headers after 423.8124ms - 200
[23:49:20 INF] System.Net.Http.HttpClient.IDeepSeekClient.LogicalHandler End processing HTTP request after 430.7637ms - 200
[23:49:20 INF] System.Net.Http.HttpClient.IDeepSeekClient.ClientHandler Received HTTP response headers after 423.7351ms - 200
[23:49:20 INF] System.Net.Http.HttpClient.IDeepSeekClient.LogicalHandler End processing HTTP request after 424.3442ms - 200
[23:49:20 INF] System.Net.Http.HttpClient.IDeepSeekClient.ClientHandler Received HTTP response headers after 435.177ms - 200
[23:49:20 INF] System.Net.Http.HttpClient.IDeepSeekClient.LogicalHandler End processing HTTP request after 436.203ms - 200
[23:49:22 INF] System.Net.Http.HttpClient.IDeepSeekClient.LogicalHandler Start processing HTTP request POST https://api.deepseek.com/chat/completions
[23:49:22 INF] System.Net.Http.HttpClient.IDeepSeekClient.ClientHandler Sending HTTP request POST https://api.deepseek.com/chat/completions
[23:49:22 INF] System.Net.Http.HttpClient.IDeepSeekClient.LogicalHandler Start processing HTTP request POST https://api.deepseek.com/chat/completions
[23:49:22 INF] System.Net.Http.HttpClient.IDeepSeekClient.ClientHandler Sending HTTP request POST https://api.deepseek.com/chat/completions
[23:49:22 INF] System.Net.Http.HttpClient.IDeepSeekClient.ClientHandler Received HTTP response headers after 306.5135ms - 200
[23:49:22 INF] System.Net.Http.HttpClient.IDeepSeekClient.LogicalHandler End processing HTTP request after 309.4037ms - 200
[23:49:22 INF] System.Net.Http.HttpClient.IDeepSeekClient.ClientHandler Received HTTP response headers after 302.4047ms - 200
[23:49:22 INF] System.Net.Http.HttpClient.IDeepSeekClient.LogicalHandler End processing HTTP request after 306.015ms - 200
[23:49:23 INF] System.Net.Http.HttpClient.IDeepSeekClient.LogicalHandler Start processing HTTP request POST https://api.deepseek.com/chat/completions
[23:49:23 INF] System.Net.Http.HttpClient.IDeepSeekClient.ClientHandler Sending HTTP request POST https://api.deepseek.com/chat/completions
[23:49:23 INF] System.Net.Http.HttpClient.IDeepSeekClient.ClientHandler Received HTTP response headers after 293.4255ms - 200
[23:49:23 INF] System.Net.Http.HttpClient.IDeepSeekClient.LogicalHandler End processing HTTP request after 295.0132ms - 200
[23:49:24 INF] System.Net.Http.HttpClient.IDeepSeekClient.LogicalHandler Start processing HTTP request POST https://api.deepseek.com/chat/completions
[23:49:24 INF] System.Net.Http.HttpClient.IDeepSeekClient.ClientHandler Sending HTTP request POST https://api.deepseek.com/chat/completions
[23:49:24 INF] System.Net.Http.HttpClient.IDeepSeekClient.LogicalHandler Start processing HTTP request POST https://api.deepseek.com/chat/completions
[23:49:24 INF] System.Net.Http.HttpClient.IDeepSeekClient.ClientHandler Sending HTTP request POST https://api.deepseek.com/chat/completions
[23:49:24 INF] System.Net.Http.HttpClient.IDeepSeekClient.ClientHandler Received HTTP response headers after 409.8495ms - 200
[23:49:24 INF] System.Net.Http.HttpClient.IDeepSeekClient.ClientHandler Received HTTP response headers after 306.7451ms - 200
[23:49:24 INF] System.Net.Http.HttpClient.IDeepSeekClient.LogicalHandler End processing HTTP request after 410.505ms - 200
[23:49:24 INF] System.Net.Http.HttpClient.IDeepSeekClient.LogicalHandler End processing HTTP request after 307.3308ms - 200
[23:49:25 INF] System.Net.Http.HttpClient.IDeepSeekClient.LogicalHandler Start processing HTTP request POST https://api.deepseek.com/chat/completions
[23:49:25 INF] System.Net.Http.HttpClient.IDeepSeekClient.ClientHandler Sending HTTP request POST https://api.deepseek.com/chat/completions
[23:49:25 INF] System.Net.Http.HttpClient.IDeepSeekClient.ClientHandler Received HTTP response headers after 299.8071ms - 200
[23:49:25 INF] System.Net.Http.HttpClient.IDeepSeekClient.LogicalHandler End processing HTTP request after 300.4317ms - 200
[23:49:25 INF] System.Net.Http.HttpClient.IDeepSeekClient.LogicalHandler Start processing HTTP request POST https://api.deepseek.com/chat/completions
[23:49:25 INF] System.Net.Http.HttpClient.IDeepSeekClient.ClientHandler Sending HTTP request POST https://api.deepseek.com/chat/completions
[23:49:26 INF] System.Net.Http.HttpClient.IDeepSeekClient.LogicalHandler Start processing HTTP request POST https://api.deepseek.com/chat/completions
[23:49:26 INF] System.Net.Http.HttpClient.IDeepSeekClient.ClientHandler Sending HTTP request POST https://api.deepseek.com/chat/completions
[23:49:26 INF] System.Net.Http.HttpClient.IDeepSeekClient.ClientHandler Received HTTP response headers after 437.9311ms - 200
[23:49:26 INF] System.Net.Http.HttpClient.IDeepSeekClient.LogicalHandler End processing HTTP request after 438.553ms - 200
[23:49:26 INF] System.Net.Http.HttpClient.IDeepSeekClient.ClientHandler Received HTTP response headers after 296.5921ms - 200
[23:49:26 INF] System.Net.Http.HttpClient.IDeepSeekClient.LogicalHandler End processing HTTP request after 297.057ms - 200
[23:49:27 INF] System.Net.Http.HttpClient.IDeepSeekClient.LogicalHandler Start processing HTTP request POST https://api.deepseek.com/chat/completions
[23:49:27 INF] System.Net.Http.HttpClient.IDeepSeekClient.ClientHandler Sending HTTP request POST https://api.deepseek.com/chat/completions
[23:49:27 INF] System.Net.Http.HttpClient.IDeepSeekClient.LogicalHandler Start processing HTTP request POST https://api.deepseek.com/chat/completions
[23:49:27 INF] System.Net.Http.HttpClient.IDeepSeekClient.ClientHandler Sending HTTP request POST https://api.deepseek.com/chat/completions
[23:49:27 INF] System.Net.Http.HttpClient.IDeepSeekClient.LogicalHandler Start processing HTTP request POST https://api.deepseek.com/chat/completions
[23:49:27 INF] System.Net.Http.HttpClient.IDeepSeekClient.ClientHandler Sending HTTP request POST https://api.deepseek.com/chat/completions
[23:49:27 INF] System.Net.Http.HttpClient.IDeepSeekClient.ClientHandler Received HTTP response headers after 293.0849ms - 200
[23:49:27 INF] System.Net.Http.HttpClient.IDeepSeekClient.LogicalHandler End processing HTTP request after 293.8282ms - 200
[23:49:27 INF] System.Net.Http.HttpClient.IDeepSeekClient.ClientHandler Received HTTP response headers after 300.5945ms - 200
[23:49:27 INF] System.Net.Http.HttpClient.IDeepSeekClient.LogicalHandler End processing HTTP request after 301.3658ms - 200
[23:49:27 INF] System.Net.Http.HttpClient.IDeepSeekClient.ClientHandler Received HTTP response headers after 281.2813ms - 200
[23:49:27 INF] System.Net.Http.HttpClient.IDeepSeekClient.LogicalHandler End processing HTTP request after 282.0283ms - 200
[23:49:27 INF] System.Net.Http.HttpClient.IDeepSeekClient.LogicalHandler Start processing HTTP request POST https://api.deepseek.com/chat/completions
[23:49:27 INF] System.Net.Http.HttpClient.IDeepSeekClient.ClientHandler Sending HTTP request POST https://api.deepseek.com/chat/completions
[23:49:27 INF] System.Net.Http.HttpClient.IDeepSeekClient.LogicalHandler Start processing HTTP request POST https://api.deepseek.com/chat/completions
[23:49:27 INF] System.Net.Http.HttpClient.IDeepSeekClient.ClientHandler Sending HTTP request POST https://api.deepseek.com/chat/completions
[23:49:27 INF] System.Net.Http.HttpClient.IDeepSeekClient.ClientHandler Received HTTP response headers after 289.6462ms - 200
[23:49:27 INF] System.Net.Http.HttpClient.IDeepSeekClient.LogicalHandler End processing HTTP request after 290.55ms - 200
[23:49:28 INF] System.Net.Http.HttpClient.IDeepSeekClient.ClientHandler Received HTTP response headers after 297.6617ms - 200
[23:49:28 INF] System.Net.Http.HttpClient.IDeepSeekClient.LogicalHandler End processing HTTP request after 298.5432ms - 200
[23:49:28 INF] System.Net.Http.HttpClient.IDeepSeekClient.LogicalHandler Start processing HTTP request POST https://api.deepseek.com/chat/completions
[23:49:28 INF] System.Net.Http.HttpClient.IDeepSeekClient.ClientHandler Sending HTTP request POST https://api.deepseek.com/chat/completions
[23:49:28 INF] System.Net.Http.HttpClient.IDeepSeekClient.ClientHandler Received HTTP response headers after 393.895ms - 200
[23:49:28 INF] System.Net.Http.HttpClient.IDeepSeekClient.LogicalHandler End processing HTTP request after 394.475ms - 200
[23:49:28 INF] System.Net.Http.HttpClient.IDeepSeekClient.LogicalHandler Start processing HTTP request POST https://api.deepseek.com/chat/completions
[23:49:28 INF] System.Net.Http.HttpClient.IDeepSeekClient.ClientHandler Sending HTTP request POST https://api.deepseek.com/chat/completions
[23:49:29 INF] System.Net.Http.HttpClient.IDeepSeekClient.ClientHandler Received HTTP response headers after 290.3257ms - 200
[23:49:29 INF] System.Net.Http.HttpClient.IDeepSeekClient.LogicalHandler End processing HTTP request after 291.9529ms - 200
[23:49:29 INF] System.Net.Http.HttpClient.IDeepSeekClient.LogicalHandler Start processing HTTP request POST https://api.deepseek.com/chat/completions
[23:49:29 INF] System.Net.Http.HttpClient.IDeepSeekClient.ClientHandler Sending HTTP request POST https://api.deepseek.com/chat/completions
[23:49:29 INF] System.Net.Http.HttpClient.IDeepSeekClient.LogicalHandler Start processing HTTP request POST https://api.deepseek.com/chat/completions
[23:49:29 INF] System.Net.Http.HttpClient.IDeepSeekClient.LogicalHandler Start processing HTTP request POST https://api.deepseek.com/chat/completions
[23:49:29 INF] System.Net.Http.HttpClient.IDeepSeekClient.ClientHandler Sending HTTP request POST https://api.deepseek.com/chat/completions
[23:49:29 INF] System.Net.Http.HttpClient.IDeepSeekClient.ClientHandler Sending HTTP request POST https://api.deepseek.com/chat/completions
[23:49:29 INF] System.Net.Http.HttpClient.IDeepSeekClient.LogicalHandler Start processing HTTP request POST https://api.deepseek.com/chat/completions
[23:49:29 INF] System.Net.Http.HttpClient.IDeepSeekClient.ClientHandler Sending HTTP request POST https://api.deepseek.com/chat/completions
[23:49:29 INF] System.Net.Http.HttpClient.IDeepSeekClient.ClientHandler Received HTTP response headers after 302.1714ms - 200
[23:49:29 INF] System.Net.Http.HttpClient.IDeepSeekClient.LogicalHandler End processing HTTP request after 302.9357ms - 200
[23:49:29 INF] System.Net.Http.HttpClient.IDeepSeekClient.ClientHandler Received HTTP response headers after 305.8232ms - 200
[23:49:29 INF] System.Net.Http.HttpClient.IDeepSeekClient.ClientHandler Received HTTP response headers after 305.5519ms - 200
[23:49:29 INF] System.Net.Http.HttpClient.IDeepSeekClient.LogicalHandler End processing HTTP request after 306.8699ms - 200
[23:49:29 INF] System.Net.Http.HttpClient.IDeepSeekClient.LogicalHandler End processing HTTP request after 306.704ms - 200
[23:49:29 INF] System.Net.Http.HttpClient.IDeepSeekClient.ClientHandler Received HTTP response headers after 297.5889ms - 200
[23:49:29 INF] System.Net.Http.HttpClient.IDeepSeekClient.LogicalHandler End processing HTTP request after 298.476ms - 200
[23:49:30 INF] System.Net.Http.HttpClient.IDeepSeekClient.LogicalHandler Start processing HTTP request POST https://api.deepseek.com/chat/completions
[23:49:30 INF] System.Net.Http.HttpClient.IDeepSeekClient.ClientHandler Sending HTTP request POST https://api.deepseek.com/chat/completions
[23:49:31 INF] System.Net.Http.HttpClient.IDeepSeekClient.LogicalHandler Start processing HTTP request POST https://api.deepseek.com/chat/completions
[23:49:31 INF] System.Net.Http.HttpClient.IDeepSeekClient.ClientHandler Sending HTTP request POST https://api.deepseek.com/chat/completions
[23:49:31 INF] System.Net.Http.HttpClient.IDeepSeekClient.LogicalHandler Start processing HTTP request POST https://api.deepseek.com/chat/completions
[23:49:31 INF] System.Net.Http.HttpClient.IDeepSeekClient.ClientHandler Sending HTTP request POST https://api.deepseek.com/chat/completions
[23:49:31 INF] System.Net.Http.HttpClient.IDeepSeekClient.LogicalHandler Start processing HTTP request POST https://api.deepseek.com/chat/completions
[23:49:31 INF] System.Net.Http.HttpClient.IDeepSeekClient.ClientHandler Sending HTTP request POST https://api.deepseek.com/chat/completions
[23:49:31 INF] System.Net.Http.HttpClient.IDeepSeekClient.ClientHandler Received HTTP response headers after 285.5556ms - 200
[23:49:31 INF] System.Net.Http.HttpClient.IDeepSeekClient.LogicalHandler End processing HTTP request after 286.4248ms - 200
[23:49:31 INF] System.Net.Http.HttpClient.IDeepSeekClient.ClientHandler Received HTTP response headers after 288.8879ms - 200
[23:49:31 INF] System.Net.Http.HttpClient.IDeepSeekClient.LogicalHandler End processing HTTP request after 289.7196ms - 200
[23:49:31 INF] System.Net.Http.HttpClient.IDeepSeekClient.ClientHandler Received HTTP response headers after 285.2714ms - 200
[23:49:31 INF] System.Net.Http.HttpClient.IDeepSeekClient.LogicalHandler End processing HTTP request after 288.732ms - 200
[23:49:31 INF] System.Net.Http.HttpClient.IDeepSeekClient.ClientHandler Received HTTP response headers after 285.5761ms - 200
[23:49:31 INF] System.Net.Http.HttpClient.IDeepSeekClient.LogicalHandler End processing HTTP request after 285.9396ms - 200
[23:49:32 INF] System.Net.Http.HttpClient.IDeepSeekClient.LogicalHandler Start processing HTTP request POST https://api.deepseek.com/chat/completions
[23:49:32 INF] System.Net.Http.HttpClient.IDeepSeekClient.ClientHandler Sending HTTP request POST https://api.deepseek.com/chat/completions
[23:49:32 INF] System.Net.Http.HttpClient.IDeepSeekClient.LogicalHandler Start processing HTTP request POST https://api.deepseek.com/chat/completions
[23:49:32 INF] System.Net.Http.HttpClient.IDeepSeekClient.ClientHandler Sending HTTP request POST https://api.deepseek.com/chat/completions
[23:49:32 INF] System.Net.Http.HttpClient.IDeepSeekClient.LogicalHandler Start processing HTTP request POST https://api.deepseek.com/chat/completions
[23:49:32 INF] System.Net.Http.HttpClient.IDeepSeekClient.ClientHandler Sending HTTP request POST https://api.deepseek.com/chat/completions
[23:49:32 INF] System.Net.Http.HttpClient.IDeepSeekClient.ClientHandler Received HTTP response headers after 287.6654ms - 200
[23:49:32 INF] System.Net.Http.HttpClient.IDeepSeekClient.LogicalHandler End processing HTTP request after 290.8502ms - 200
[23:49:32 INF] System.Net.Http.HttpClient.IDeepSeekClient.ClientHandler Received HTTP response headers after 288.9581ms - 200
[23:49:32 INF] System.Net.Http.HttpClient.IDeepSeekClient.LogicalHandler End processing HTTP request after 289.4417ms - 200
[23:49:32 INF] System.Net.Http.HttpClient.IDeepSeekClient.LogicalHandler Start processing HTTP request POST https://api.deepseek.com/chat/completions
[23:49:32 INF] System.Net.Http.HttpClient.IDeepSeekClient.ClientHandler Sending HTTP request POST https://api.deepseek.com/chat/completions
[23:49:32 INF] System.Net.Http.HttpClient.IDeepSeekClient.ClientHandler Received HTTP response headers after 292.7491ms - 200
[23:49:32 INF] System.Net.Http.HttpClient.IDeepSeekClient.LogicalHandler End processing HTTP request after 294.1433ms - 200
[23:49:33 INF] System.Net.Http.HttpClient.IDeepSeekClient.ClientHandler Received HTTP response headers after 335.3075ms - 200
[23:49:33 INF] System.Net.Http.HttpClient.IDeepSeekClient.LogicalHandler End processing HTTP request after 336.4561ms - 200
[23:49:33 INF] System.Net.Http.HttpClient.IDeepSeekClient.LogicalHandler Start processing HTTP request POST https://api.deepseek.com/chat/completions
[23:49:33 INF] System.Net.Http.HttpClient.IDeepSeekClient.ClientHandler Sending HTTP request POST https://api.deepseek.com/chat/completions
[23:49:34 INF] System.Net.Http.HttpClient.IDeepSeekClient.ClientHandler Received HTTP response headers after 311.963ms - 200
[23:49:34 INF] System.Net.Http.HttpClient.IDeepSeekClient.LogicalHandler End processing HTTP request after 313.5867ms - 200
[23:49:46 INF] System.Net.Http.HttpClient.IDeepSeekClient.LogicalHandler Start processing HTTP request POST https://api.deepseek.com/chat/completions
[23:49:46 INF] System.Net.Http.HttpClient.IDeepSeekClient.ClientHandler Sending HTTP request POST https://api.deepseek.com/chat/completions
[23:49:46 INF] System.Net.Http.HttpClient.IDeepSeekClient.ClientHandler Received HTTP response headers after 291.6855ms - 200
[23:49:46 INF] System.Net.Http.HttpClient.IDeepSeekClient.LogicalHandler End processing HTTP request after 293.0309ms - 200
[23:50:01 INF] System.Net.Http.HttpClient.IDeepSeekClient.LogicalHandler Start processing HTTP request POST https://api.deepseek.com/chat/completions
[23:50:01 INF] System.Net.Http.HttpClient.IDeepSeekClient.ClientHandler Sending HTTP request POST https://api.deepseek.com/chat/completions
[23:50:02 INF] System.Net.Http.HttpClient.IDeepSeekClient.ClientHandler Received HTTP response headers after 299.4763ms - 200
[23:50:02 INF] System.Net.Http.HttpClient.IDeepSeekClient.LogicalHandler End processing HTTP request after 301.5863ms - 200
[23:50:58 INF] System.Net.Http.HttpClient.IDeepSeekClient.LogicalHandler Start processing HTTP request POST https://api.deepseek.com/chat/completions
[23:50:58 INF] System.Net.Http.HttpClient.IDeepSeekClient.ClientHandler Sending HTTP request POST https://api.deepseek.com/chat/completions
[23:50:58 INF] System.Net.Http.HttpClient.IDeepSeekClient.LogicalHandler Start processing HTTP request POST https://api.deepseek.com/chat/completions
[23:50:58 INF] System.Net.Http.HttpClient.IDeepSeekClient.ClientHandler Sending HTTP request POST https://api.deepseek.com/chat/completions
[23:50:58 INF] System.Net.Http.HttpClient.IDeepSeekClient.LogicalHandler Start processing HTTP request POST https://api.deepseek.com/chat/completions
[23:50:58 INF] System.Net.Http.HttpClient.IDeepSeekClient.ClientHandler Sending HTTP request POST https://api.deepseek.com/chat/completions
[23:50:58 INF] System.Net.Http.HttpClient.IDeepSeekClient.LogicalHandler Start processing HTTP request POST https://api.deepseek.com/chat/completions
[23:50:58 INF] System.Net.Http.HttpClient.IDeepSeekClient.ClientHandler Sending HTTP request POST https://api.deepseek.com/chat/completions
[23:50:58 INF] System.Net.Http.HttpClient.IDeepSeekClient.LogicalHandler Start processing HTTP request POST https://api.deepseek.com/chat/completions
[23:50:58 INF] System.Net.Http.HttpClient.IDeepSeekClient.ClientHandler Sending HTTP request POST https://api.deepseek.com/chat/completions
[23:50:58 INF] System.Net.Http.HttpClient.IDeepSeekClient.LogicalHandler Start processing HTTP request POST https://api.deepseek.com/chat/completions
[23:50:58 INF] System.Net.Http.HttpClient.IDeepSeekClient.ClientHandler Sending HTTP request POST https://api.deepseek.com/chat/completions
[23:50:58 INF] System.Net.Http.HttpClient.IDeepSeekClient.ClientHandler Received HTTP response headers after 301.974ms - 200
[23:50:58 INF] System.Net.Http.HttpClient.IDeepSeekClient.LogicalHandler End processing HTTP request after 303.9368ms - 200
[23:50:59 INF] System.Net.Http.HttpClient.IDeepSeekClient.ClientHandler Received HTTP response headers after 508.0784ms - 200
[23:50:59 INF] System.Net.Http.HttpClient.IDeepSeekClient.ClientHandler Received HTTP response headers after 507.4891ms - 200
[23:50:59 INF] System.Net.Http.HttpClient.IDeepSeekClient.ClientHandler Received HTTP response headers after 509.8176ms - 200
[23:50:59 INF] System.Net.Http.HttpClient.IDeepSeekClient.LogicalHandler End processing HTTP request after 511.6905ms - 200
[23:50:59 INF] System.Net.Http.HttpClient.IDeepSeekClient.ClientHandler Received HTTP response headers after 508.611ms - 200
[23:50:59 INF] System.Net.Http.HttpClient.IDeepSeekClient.ClientHandler Received HTTP response headers after 510.7748ms - 200
[23:50:59 INF] System.Net.Http.HttpClient.IDeepSeekClient.LogicalHandler End processing HTTP request after 510.7091ms - 200
[23:50:59 INF] System.Net.Http.HttpClient.IDeepSeekClient.LogicalHandler End processing HTTP request after 508.8285ms - 200
[23:50:59 INF] System.Net.Http.HttpClient.IDeepSeekClient.LogicalHandler End processing HTTP request after 511.2444ms - 200
[23:50:59 INF] System.Net.Http.HttpClient.IDeepSeekClient.LogicalHandler End processing HTTP request after 508.876ms - 200
[23:51:00 INF] System.Net.Http.HttpClient.IDeepSeekClient.LogicalHandler Start processing HTTP request POST https://api.deepseek.com/chat/completions
[23:51:00 INF] System.Net.Http.HttpClient.IDeepSeekClient.ClientHandler Sending HTTP request POST https://api.deepseek.com/chat/completions
[23:51:00 INF] System.Net.Http.HttpClient.IDeepSeekClient.LogicalHandler Start processing HTTP request POST https://api.deepseek.com/chat/completions
[23:51:00 INF] System.Net.Http.HttpClient.IDeepSeekClient.ClientHandler Sending HTTP request POST https://api.deepseek.com/chat/completions
[23:51:00 INF] System.Net.Http.HttpClient.IDeepSeekClient.LogicalHandler Start processing HTTP request POST https://api.deepseek.com/chat/completions
[23:51:00 INF] System.Net.Http.HttpClient.IDeepSeekClient.ClientHandler Sending HTTP request POST https://api.deepseek.com/chat/completions
[23:51:01 INF] System.Net.Http.HttpClient.IDeepSeekClient.ClientHandler Received HTTP response headers after 307.1014ms - 200
[23:51:01 INF] System.Net.Http.HttpClient.IDeepSeekClient.LogicalHandler End processing HTTP request after 307.9091ms - 200
[23:51:01 INF] System.Net.Http.HttpClient.IDeepSeekClient.ClientHandler Received HTTP response headers after 286.206ms - 200
[23:51:01 INF] System.Net.Http.HttpClient.IDeepSeekClient.LogicalHandler End processing HTTP request after 286.7365ms - 200
[23:51:01 INF] System.Net.Http.HttpClient.IDeepSeekClient.ClientHandler Received HTTP response headers after 306.6242ms - 200
[23:51:01 INF] System.Net.Http.HttpClient.IDeepSeekClient.LogicalHandler End processing HTTP request after 308.2913ms - 200
[23:51:01 INF] System.Net.Http.HttpClient.IDeepSeekClient.LogicalHandler Start processing HTTP request POST https://api.deepseek.com/chat/completions
[23:51:01 INF] System.Net.Http.HttpClient.IDeepSeekClient.ClientHandler Sending HTTP request POST https://api.deepseek.com/chat/completions
[23:51:02 INF] System.Net.Http.HttpClient.IDeepSeekClient.ClientHandler Received HTTP response headers after 301.892ms - 200
[23:51:02 INF] System.Net.Http.HttpClient.IDeepSeekClient.LogicalHandler End processing HTTP request after 302.6967ms - 200
[23:51:02 INF] System.Net.Http.HttpClient.IDeepSeekClient.LogicalHandler Start processing HTTP request POST https://api.deepseek.com/chat/completions
[23:51:02 INF] System.Net.Http.HttpClient.IDeepSeekClient.ClientHandler Sending HTTP request POST https://api.deepseek.com/chat/completions
[23:51:02 INF] System.Net.Http.HttpClient.IDeepSeekClient.ClientHandler Received HTTP response headers after 359.7923ms - 200
[23:51:02 INF] System.Net.Http.HttpClient.IDeepSeekClient.LogicalHandler End processing HTTP request after 360.2295ms - 200
[23:51:03 INF] System.Net.Http.HttpClient.IDeepSeekClient.LogicalHandler Start processing HTTP request POST https://api.deepseek.com/chat/completions
[23:51:03 INF] System.Net.Http.HttpClient.IDeepSeekClient.ClientHandler Sending HTTP request POST https://api.deepseek.com/chat/completions
[23:51:03 INF] System.Net.Http.HttpClient.IDeepSeekClient.ClientHandler Received HTTP response headers after 294.6849ms - 200
[23:51:03 INF] System.Net.Http.HttpClient.IDeepSeekClient.LogicalHandler End processing HTTP request after 296.0196ms - 200
[23:51:04 INF] System.Net.Http.HttpClient.IDeepSeekClient.LogicalHandler Start processing HTTP request POST https://api.deepseek.com/chat/completions
[23:51:04 INF] System.Net.Http.HttpClient.IDeepSeekClient.ClientHandler Sending HTTP request POST https://api.deepseek.com/chat/completions
[23:51:04 INF] System.Net.Http.HttpClient.IDeepSeekClient.ClientHandler Received HTTP response headers after 337.6077ms - 200
[23:51:04 INF] System.Net.Http.HttpClient.IDeepSeekClient.LogicalHandler End processing HTTP request after 338.2666ms - 200
[23:51:05 INF] System.Net.Http.HttpClient.IDeepSeekClient.LogicalHandler Start processing HTTP request POST https://api.deepseek.com/chat/completions
[23:51:05 INF] System.Net.Http.HttpClient.IDeepSeekClient.ClientHandler Sending HTTP request POST https://api.deepseek.com/chat/completions
[23:51:05 INF] System.Net.Http.HttpClient.IDeepSeekClient.ClientHandler Received HTTP response headers after 306.5686ms - 200
[23:51:05 INF] System.Net.Http.HttpClient.IDeepSeekClient.LogicalHandler End processing HTTP request after 307.5212ms - 200
[23:51:05 INF] System.Net.Http.HttpClient.IDeepSeekClient.LogicalHandler Start processing HTTP request POST https://api.deepseek.com/chat/completions
[23:51:05 INF] System.Net.Http.HttpClient.IDeepSeekClient.ClientHandler Sending HTTP request POST https://api.deepseek.com/chat/completions
[23:51:05 INF] System.Net.Http.HttpClient.IDeepSeekClient.LogicalHandler Start processing HTTP request POST https://api.deepseek.com/chat/completions
[23:51:05 INF] System.Net.Http.HttpClient.IDeepSeekClient.ClientHandler Sending HTTP request POST https://api.deepseek.com/chat/completions
[23:51:05 INF] System.Net.Http.HttpClient.IDeepSeekClient.ClientHandler Received HTTP response headers after 282.9752ms - 200
[23:51:05 INF] System.Net.Http.HttpClient.IDeepSeekClient.LogicalHandler End processing HTTP request after 283.8492ms - 200
[23:51:06 INF] System.Net.Http.HttpClient.IDeepSeekClient.ClientHandler Received HTTP response headers after 321.5037ms - 200
[23:51:06 INF] System.Net.Http.HttpClient.IDeepSeekClient.LogicalHandler End processing HTTP request after 323.2479ms - 200
[23:51:06 INF] System.Net.Http.HttpClient.IDeepSeekClient.LogicalHandler Start processing HTTP request POST https://api.deepseek.com/chat/completions
[23:51:06 INF] System.Net.Http.HttpClient.IDeepSeekClient.ClientHandler Sending HTTP request POST https://api.deepseek.com/chat/completions
[23:51:06 INF] System.Net.Http.HttpClient.IDeepSeekClient.ClientHandler Received HTTP response headers after 326.3673ms - 200
[23:51:06 INF] System.Net.Http.HttpClient.IDeepSeekClient.LogicalHandler End processing HTTP request after 327.4535ms - 200
[23:51:07 INF] System.Net.Http.HttpClient.IDeepSeekClient.LogicalHandler Start processing HTTP request POST https://api.deepseek.com/chat/completions
[23:51:07 INF] System.Net.Http.HttpClient.IDeepSeekClient.ClientHandler Sending HTTP request POST https://api.deepseek.com/chat/completions
[23:51:07 INF] System.Net.Http.HttpClient.IDeepSeekClient.ClientHandler Received HTTP response headers after 309.836ms - 200
[23:51:07 INF] System.Net.Http.HttpClient.IDeepSeekClient.LogicalHandler End processing HTTP request after 310.445ms - 200
[23:51:07 INF] System.Net.Http.HttpClient.IDeepSeekClient.LogicalHandler Start processing HTTP request POST https://api.deepseek.com/chat/completions
[23:51:07 INF] System.Net.Http.HttpClient.IDeepSeekClient.ClientHandler Sending HTTP request POST https://api.deepseek.com/chat/completions
[23:51:08 INF] System.Net.Http.HttpClient.IDeepSeekClient.ClientHandler Received HTTP response headers after 289.2593ms - 200
[23:51:08 INF] System.Net.Http.HttpClient.IDeepSeekClient.LogicalHandler End processing HTTP request after 290.5012ms - 200
[23:51:08 INF] System.Net.Http.HttpClient.IDeepSeekClient.LogicalHandler Start processing HTTP request POST https://api.deepseek.com/chat/completions
[23:51:08 INF] System.Net.Http.HttpClient.IDeepSeekClient.ClientHandler Sending HTTP request POST https://api.deepseek.com/chat/completions
[23:51:08 INF] System.Net.Http.HttpClient.IDeepSeekClient.ClientHandler Received HTTP response headers after 348.3134ms - 200
[23:51:08 INF] System.Net.Http.HttpClient.IDeepSeekClient.LogicalHandler End processing HTTP request after 348.8511ms - 200
[23:51:08 INF] System.Net.Http.HttpClient.IDeepSeekClient.LogicalHandler Start processing HTTP request POST https://api.deepseek.com/chat/completions
[23:51:08 INF] System.Net.Http.HttpClient.IDeepSeekClient.ClientHandler Sending HTTP request POST https://api.deepseek.com/chat/completions
[23:51:08 INF] System.Net.Http.HttpClient.IDeepSeekClient.ClientHandler Received HTTP response headers after 317.866ms - 200
[23:51:08 INF] System.Net.Http.HttpClient.IDeepSeekClient.LogicalHandler End processing HTTP request after 318.2976ms - 200
[23:51:08 INF] System.Net.Http.HttpClient.IDeepSeekClient.LogicalHandler Start processing HTTP request POST https://api.deepseek.com/chat/completions
[23:51:08 INF] System.Net.Http.HttpClient.IDeepSeekClient.ClientHandler Sending HTTP request POST https://api.deepseek.com/chat/completions
[23:51:09 INF] System.Net.Http.HttpClient.IDeepSeekClient.LogicalHandler Start processing HTTP request POST https://api.deepseek.com/chat/completions
[23:51:09 INF] System.Net.Http.HttpClient.IDeepSeekClient.ClientHandler Sending HTTP request POST https://api.deepseek.com/chat/completions
[23:51:09 INF] System.Net.Http.HttpClient.IDeepSeekClient.ClientHandler Received HTTP response headers after 293.4379ms - 200
[23:51:09 INF] System.Net.Http.HttpClient.IDeepSeekClient.LogicalHandler End processing HTTP request after 294.2862ms - 200
[23:51:09 INF] System.Net.Http.HttpClient.IDeepSeekClient.ClientHandler Received HTTP response headers after 298.8419ms - 200
[23:51:09 INF] System.Net.Http.HttpClient.IDeepSeekClient.LogicalHandler End processing HTTP request after 299.9423ms - 200
[23:51:10 INF] System.Net.Http.HttpClient.IDeepSeekClient.LogicalHandler Start processing HTTP request POST https://api.deepseek.com/chat/completions
[23:51:10 INF] System.Net.Http.HttpClient.IDeepSeekClient.LogicalHandler Start processing HTTP request POST https://api.deepseek.com/chat/completions
[23:51:10 INF] System.Net.Http.HttpClient.IDeepSeekClient.ClientHandler Sending HTTP request POST https://api.deepseek.com/chat/completions
[23:51:10 INF] System.Net.Http.HttpClient.IDeepSeekClient.ClientHandler Sending HTTP request POST https://api.deepseek.com/chat/completions
[23:51:10 INF] System.Net.Http.HttpClient.IDeepSeekClient.ClientHandler Received HTTP response headers after 307.5497ms - 200
[23:51:10 INF] System.Net.Http.HttpClient.IDeepSeekClient.LogicalHandler End processing HTTP request after 308.2678ms - 200
[23:51:10 INF] System.Net.Http.HttpClient.IDeepSeekClient.ClientHandler Received HTTP response headers after 308.3927ms - 200
[23:51:10 INF] System.Net.Http.HttpClient.IDeepSeekClient.LogicalHandler End processing HTTP request after 309.2567ms - 200
[23:51:10 INF] System.Net.Http.HttpClient.IDeepSeekClient.LogicalHandler Start processing HTTP request POST https://api.deepseek.com/chat/completions
[23:51:10 INF] System.Net.Http.HttpClient.IDeepSeekClient.ClientHandler Sending HTTP request POST https://api.deepseek.com/chat/completions
[23:51:11 INF] System.Net.Http.HttpClient.IDeepSeekClient.ClientHandler Received HTTP response headers after 289.1798ms - 200
[23:51:11 INF] System.Net.Http.HttpClient.IDeepSeekClient.LogicalHandler End processing HTTP request after 290.8162ms - 200
[23:51:12 INF] System.Net.Http.HttpClient.IDeepSeekClient.LogicalHandler Start processing HTTP request POST https://api.deepseek.com/chat/completions
[23:51:12 INF] System.Net.Http.HttpClient.IDeepSeekClient.ClientHandler Sending HTTP request POST https://api.deepseek.com/chat/completions
[23:51:12 INF] System.Net.Http.HttpClient.IDeepSeekClient.LogicalHandler Start processing HTTP request POST https://api.deepseek.com/chat/completions
[23:51:12 INF] System.Net.Http.HttpClient.IDeepSeekClient.ClientHandler Sending HTTP request POST https://api.deepseek.com/chat/completions
[23:51:12 INF] System.Net.Http.HttpClient.IDeepSeekClient.ClientHandler Received HTTP response headers after 288.0395ms - 200
[23:51:12 INF] System.Net.Http.HttpClient.IDeepSeekClient.LogicalHandler End processing HTTP request after 288.9034ms - 200
[23:51:12 INF] System.Net.Http.HttpClient.IDeepSeekClient.ClientHandler Received HTTP response headers after 306.2864ms - 200
[23:51:12 INF] System.Net.Http.HttpClient.IDeepSeekClient.LogicalHandler End processing HTTP request after 309.497ms - 200
[23:51:12 INF] System.Net.Http.HttpClient.IDeepSeekClient.LogicalHandler Start processing HTTP request POST https://api.deepseek.com/chat/completions
[23:51:12 INF] System.Net.Http.HttpClient.IDeepSeekClient.ClientHandler Sending HTTP request POST https://api.deepseek.com/chat/completions
[23:51:12 INF] System.Net.Http.HttpClient.IDeepSeekClient.ClientHandler Received HTTP response headers after 416.2834ms - 200
[23:51:12 INF] System.Net.Http.HttpClient.IDeepSeekClient.LogicalHandler End processing HTTP request after 417.2076ms - 200
[23:51:13 INF] System.Net.Http.HttpClient.IDeepSeekClient.LogicalHandler Start processing HTTP request POST https://api.deepseek.com/chat/completions
[23:51:13 INF] System.Net.Http.HttpClient.IDeepSeekClient.ClientHandler Sending HTTP request POST https://api.deepseek.com/chat/completions
[23:51:13 INF] System.Net.Http.HttpClient.IDeepSeekClient.LogicalHandler Start processing HTTP request POST https://api.deepseek.com/chat/completions
[23:51:13 INF] System.Net.Http.HttpClient.IDeepSeekClient.ClientHandler Sending HTTP request POST https://api.deepseek.com/chat/completions
[23:51:13 INF] System.Net.Http.HttpClient.IDeepSeekClient.LogicalHandler Start processing HTTP request POST https://api.deepseek.com/chat/completions
[23:51:13 INF] System.Net.Http.HttpClient.IDeepSeekClient.ClientHandler Sending HTTP request POST https://api.deepseek.com/chat/completions
[23:51:13 INF] System.Net.Http.HttpClient.IDeepSeekClient.ClientHandler Received HTTP response headers after 289.7972ms - 200
[23:51:13 INF] System.Net.Http.HttpClient.IDeepSeekClient.LogicalHandler End processing HTTP request after 291.2918ms - 200
[23:51:13 INF] System.Net.Http.HttpClient.IDeepSeekClient.ClientHandler Received HTTP response headers after 296.1316ms - 200
[23:51:13 INF] System.Net.Http.HttpClient.IDeepSeekClient.LogicalHandler End processing HTTP request after 297.0452ms - 200
[23:51:13 INF] System.Net.Http.HttpClient.IDeepSeekClient.ClientHandler Received HTTP response headers after 291.4559ms - 200
[23:51:13 INF] System.Net.Http.HttpClient.IDeepSeekClient.LogicalHandler End processing HTTP request after 292.7922ms - 200
[23:51:14 INF] System.Net.Http.HttpClient.IDeepSeekClient.LogicalHandler Start processing HTTP request POST https://api.deepseek.com/chat/completions
[23:51:14 INF] System.Net.Http.HttpClient.IDeepSeekClient.ClientHandler Sending HTTP request POST https://api.deepseek.com/chat/completions
[23:51:14 INF] System.Net.Http.HttpClient.IDeepSeekClient.LogicalHandler Start processing HTTP request POST https://api.deepseek.com/chat/completions
[23:51:14 INF] System.Net.Http.HttpClient.IDeepSeekClient.ClientHandler Sending HTTP request POST https://api.deepseek.com/chat/completions
[23:51:14 INF] System.Net.Http.HttpClient.IDeepSeekClient.ClientHandler Received HTTP response headers after 295.9549ms - 200
[23:51:14 INF] System.Net.Http.HttpClient.IDeepSeekClient.LogicalHandler End processing HTTP request after 296.4647ms - 200
[23:51:15 INF] System.Net.Http.HttpClient.IDeepSeekClient.ClientHandler Received HTTP response headers after 287.3438ms - 200
[23:51:15 INF] System.Net.Http.HttpClient.IDeepSeekClient.LogicalHandler End processing HTTP request after 287.7831ms - 200
[23:51:37 INF] System.Net.Http.HttpClient.IDeepSeekClient.LogicalHandler Start processing HTTP request POST https://api.deepseek.com/chat/completions
[23:51:37 INF] System.Net.Http.HttpClient.IDeepSeekClient.ClientHandler Sending HTTP request POST https://api.deepseek.com/chat/completions
[23:51:38 INF] System.Net.Http.HttpClient.IDeepSeekClient.ClientHandler Received HTTP response headers after 300.3067ms - 200
[23:51:38 INF] System.Net.Http.HttpClient.IDeepSeekClient.LogicalHandler End processing HTTP request after 302.6072ms - 200
[23:51:52 INF] System.Net.Http.HttpClient.IDeepSeekClient.LogicalHandler Start processing HTTP request POST https://api.deepseek.com/chat/completions
[23:51:52 INF] System.Net.Http.HttpClient.IDeepSeekClient.ClientHandler Sending HTTP request POST https://api.deepseek.com/chat/completions
[23:51:52 INF] System.Net.Http.HttpClient.IDeepSeekClient.ClientHandler Received HTTP response headers after 354.0094ms - 200
[23:51:52 INF] System.Net.Http.HttpClient.IDeepSeekClient.LogicalHandler End processing HTTP request after 356.6687ms - 200
[23:52:43 INF] System.Net.Http.HttpClient.IDeepSeekClient.LogicalHandler Start processing HTTP request POST https://api.deepseek.com/chat/completions
[23:52:43 INF] System.Net.Http.HttpClient.IDeepSeekClient.ClientHandler Sending HTTP request POST https://api.deepseek.com/chat/completions
[23:52:43 INF] System.Net.Http.HttpClient.IDeepSeekClient.LogicalHandler Start processing HTTP request POST https://api.deepseek.com/chat/completions
[23:52:43 INF] System.Net.Http.HttpClient.IDeepSeekClient.ClientHandler Sending HTTP request POST https://api.deepseek.com/chat/completions
[23:52:43 INF] System.Net.Http.HttpClient.IDeepSeekClient.LogicalHandler Start processing HTTP request POST https://api.deepseek.com/chat/completions
[23:52:43 INF] System.Net.Http.HttpClient.IDeepSeekClient.ClientHandler Sending HTTP request POST https://api.deepseek.com/chat/completions
[23:52:43 INF] System.Net.Http.HttpClient.IDeepSeekClient.LogicalHandler Start processing HTTP request POST https://api.deepseek.com/chat/completions
[23:52:43 INF] System.Net.Http.HttpClient.IDeepSeekClient.ClientHandler Sending HTTP request POST https://api.deepseek.com/chat/completions
[23:52:43 INF] System.Net.Http.HttpClient.IDeepSeekClient.LogicalHandler Start processing HTTP request POST https://api.deepseek.com/chat/completions
[23:52:43 INF] System.Net.Http.HttpClient.IDeepSeekClient.ClientHandler Sending HTTP request POST https://api.deepseek.com/chat/completions
[23:52:43 INF] System.Net.Http.HttpClient.IDeepSeekClient.LogicalHandler Start processing HTTP request POST https://api.deepseek.com/chat/completions
[23:52:43 INF] System.Net.Http.HttpClient.IDeepSeekClient.ClientHandler Sending HTTP request POST https://api.deepseek.com/chat/completions
[23:52:43 INF] System.Net.Http.HttpClient.IDeepSeekClient.ClientHandler Received HTTP response headers after 289.3165ms - 200
[23:52:43 INF] System.Net.Http.HttpClient.IDeepSeekClient.LogicalHandler End processing HTTP request after 291.6337ms - 200
[23:52:43 INF] System.Net.Http.HttpClient.IDeepSeekClient.ClientHandler Received HTTP response headers after 405.4931ms - 200
[23:52:43 INF] System.Net.Http.HttpClient.IDeepSeekClient.LogicalHandler End processing HTTP request after 405.9498ms - 200
[23:52:43 INF] System.Net.Http.HttpClient.IDeepSeekClient.ClientHandler Received HTTP response headers after 411.5241ms - 200
[23:52:43 INF] System.Net.Http.HttpClient.IDeepSeekClient.LogicalHandler End processing HTTP request after 412.0472ms - 200
[23:52:43 INF] System.Net.Http.HttpClient.IDeepSeekClient.ClientHandler Received HTTP response headers after 412.6351ms - 200
[23:52:43 INF] System.Net.Http.HttpClient.IDeepSeekClient.LogicalHandler End processing HTTP request after 414.0258ms - 200
[23:52:43 INF] System.Net.Http.HttpClient.IDeepSeekClient.ClientHandler Received HTTP response headers after 415.921ms - 200
[23:52:43 INF] System.Net.Http.HttpClient.IDeepSeekClient.LogicalHandler End processing HTTP request after 416.1672ms - 200
[23:52:43 INF] System.Net.Http.HttpClient.IDeepSeekClient.ClientHandler Received HTTP response headers after 420.3999ms - 200
[23:52:43 INF] System.Net.Http.HttpClient.IDeepSeekClient.LogicalHandler End processing HTTP request after 420.5932ms - 200
[23:52:44 INF] System.Net.Http.HttpClient.IDeepSeekClient.LogicalHandler Start processing HTTP request POST https://api.deepseek.com/chat/completions
[23:52:44 INF] System.Net.Http.HttpClient.IDeepSeekClient.ClientHandler Sending HTTP request POST https://api.deepseek.com/chat/completions
[23:52:45 INF] System.Net.Http.HttpClient.IDeepSeekClient.ClientHandler Received HTTP response headers after 281.465ms - 200
[23:52:45 INF] System.Net.Http.HttpClient.IDeepSeekClient.LogicalHandler End processing HTTP request after 281.855ms - 200
[23:52:45 INF] System.Net.Http.HttpClient.IDeepSeekClient.LogicalHandler Start processing HTTP request POST https://api.deepseek.com/chat/completions
[23:52:45 INF] System.Net.Http.HttpClient.IDeepSeekClient.ClientHandler Sending HTTP request POST https://api.deepseek.com/chat/completions
[23:52:45 INF] System.Net.Http.HttpClient.IDeepSeekClient.ClientHandler Received HTTP response headers after 368.9097ms - 200
[23:52:45 INF] System.Net.Http.HttpClient.IDeepSeekClient.LogicalHandler Start processing HTTP request POST https://api.deepseek.com/chat/completions
[23:52:45 INF] System.Net.Http.HttpClient.IDeepSeekClient.LogicalHandler End processing HTTP request after 369.7344ms - 200
[23:52:45 INF] System.Net.Http.HttpClient.IDeepSeekClient.ClientHandler Sending HTTP request POST https://api.deepseek.com/chat/completions
[23:52:45 INF] System.Net.Http.HttpClient.IDeepSeekClient.LogicalHandler Start processing HTTP request POST https://api.deepseek.com/chat/completions
[23:52:45 INF] System.Net.Http.HttpClient.IDeepSeekClient.ClientHandler Sending HTTP request POST https://api.deepseek.com/chat/completions
[23:52:45 INF] System.Net.Http.HttpClient.IDeepSeekClient.ClientHandler Received HTTP response headers after 296.8204ms - 200
[23:52:45 INF] System.Net.Http.HttpClient.IDeepSeekClient.LogicalHandler End processing HTTP request after 297.8514ms - 200
[23:52:46 INF] System.Net.Http.HttpClient.IDeepSeekClient.ClientHandler Received HTTP response headers after 288.3646ms - 200
[23:52:46 INF] System.Net.Http.HttpClient.IDeepSeekClient.LogicalHandler End processing HTTP request after 288.9337ms - 200
[23:52:47 INF] System.Net.Http.HttpClient.IDeepSeekClient.LogicalHandler Start processing HTTP request POST https://api.deepseek.com/chat/completions
[23:52:47 INF] System.Net.Http.HttpClient.IDeepSeekClient.ClientHandler Sending HTTP request POST https://api.deepseek.com/chat/completions
[23:52:47 INF] System.Net.Http.HttpClient.IDeepSeekClient.LogicalHandler Start processing HTTP request POST https://api.deepseek.com/chat/completions
[23:52:47 INF] System.Net.Http.HttpClient.IDeepSeekClient.ClientHandler Sending HTTP request POST https://api.deepseek.com/chat/completions
[23:52:47 INF] System.Net.Http.HttpClient.IDeepSeekClient.ClientHandler Received HTTP response headers after 293.0085ms - 200
[23:52:47 INF] System.Net.Http.HttpClient.IDeepSeekClient.LogicalHandler End processing HTTP request after 295.2688ms - 200
[23:52:47 INF] System.Net.Http.HttpClient.IDeepSeekClient.ClientHandler Received HTTP response headers after 365.8014ms - 200
[23:52:47 INF] System.Net.Http.HttpClient.IDeepSeekClient.LogicalHandler End processing HTTP request after 366.2328ms - 200
[23:52:48 INF] System.Net.Http.HttpClient.IDeepSeekClient.LogicalHandler Start processing HTTP request POST https://api.deepseek.com/chat/completions
[23:52:48 INF] System.Net.Http.HttpClient.IDeepSeekClient.ClientHandler Sending HTTP request POST https://api.deepseek.com/chat/completions
[23:52:49 INF] System.Net.Http.HttpClient.IDeepSeekClient.ClientHandler Received HTTP response headers after 306.9812ms - 200
[23:52:49 INF] System.Net.Http.HttpClient.IDeepSeekClient.LogicalHandler End processing HTTP request after 307.3482ms - 200
[23:52:49 INF] System.Net.Http.HttpClient.IDeepSeekClient.LogicalHandler Start processing HTTP request POST https://api.deepseek.com/chat/completions
[23:52:49 INF] System.Net.Http.HttpClient.IDeepSeekClient.ClientHandler Sending HTTP request POST https://api.deepseek.com/chat/completions
[23:52:49 INF] System.Net.Http.HttpClient.IDeepSeekClient.ClientHandler Received HTTP response headers after 296.2845ms - 200
[23:52:49 INF] System.Net.Http.HttpClient.IDeepSeekClient.LogicalHandler End processing HTTP request after 296.8074ms - 200
[23:52:50 INF] System.Net.Http.HttpClient.IDeepSeekClient.LogicalHandler Start processing HTTP request POST https://api.deepseek.com/chat/completions
[23:52:50 INF] System.Net.Http.HttpClient.IDeepSeekClient.ClientHandler Sending HTTP request POST https://api.deepseek.com/chat/completions
[23:52:50 INF] System.Net.Http.HttpClient.IDeepSeekClient.ClientHandler Received HTTP response headers after 321.4724ms - 200
[23:52:50 INF] System.Net.Http.HttpClient.IDeepSeekClient.LogicalHandler End processing HTTP request after 322.124ms - 200
[23:52:50 INF] System.Net.Http.HttpClient.IDeepSeekClient.LogicalHandler Start processing HTTP request POST https://api.deepseek.com/chat/completions
[23:52:50 INF] System.Net.Http.HttpClient.IDeepSeekClient.ClientHandler Sending HTTP request POST https://api.deepseek.com/chat/completions
[23:52:51 INF] System.Net.Http.HttpClient.IDeepSeekClient.ClientHandler Received HTTP response headers after 387.0026ms - 200
[23:52:51 INF] System.Net.Http.HttpClient.IDeepSeekClient.LogicalHandler Start processing HTTP request POST https://api.deepseek.com/chat/completions
[23:52:51 INF] System.Net.Http.HttpClient.IDeepSeekClient.ClientHandler Sending HTTP request POST https://api.deepseek.com/chat/completions
[23:52:51 INF] System.Net.Http.HttpClient.IDeepSeekClient.LogicalHandler End processing HTTP request after 389.1606ms - 200
[23:52:51 INF] System.Net.Http.HttpClient.IDeepSeekClient.LogicalHandler Start processing HTTP request POST https://api.deepseek.com/chat/completions
[23:52:51 INF] System.Net.Http.HttpClient.IDeepSeekClient.ClientHandler Sending HTTP request POST https://api.deepseek.com/chat/completions
[23:52:51 INF] System.Net.Http.HttpClient.IDeepSeekClient.ClientHandler Received HTTP response headers after 285.5561ms - 200
[23:52:51 INF] System.Net.Http.HttpClient.IDeepSeekClient.LogicalHandler End processing HTTP request after 286.4515ms - 200
[23:52:51 INF] System.Net.Http.HttpClient.IDeepSeekClient.ClientHandler Received HTTP response headers after 287.7552ms - 200
[23:52:51 INF] System.Net.Http.HttpClient.IDeepSeekClient.LogicalHandler End processing HTTP request after 288.8472ms - 200
[23:52:52 INF] System.Net.Http.HttpClient.IDeepSeekClient.LogicalHandler Start processing HTTP request POST https://api.deepseek.com/chat/completions
[23:52:52 INF] System.Net.Http.HttpClient.IDeepSeekClient.ClientHandler Sending HTTP request POST https://api.deepseek.com/chat/completions
[23:52:52 INF] System.Net.Http.HttpClient.IDeepSeekClient.LogicalHandler Start processing HTTP request POST https://api.deepseek.com/chat/completions
[23:52:52 INF] System.Net.Http.HttpClient.IDeepSeekClient.ClientHandler Sending HTTP request POST https://api.deepseek.com/chat/completions
[23:52:52 INF] System.Net.Http.HttpClient.IDeepSeekClient.ClientHandler Received HTTP response headers after 296.8059ms - 200
[23:52:52 INF] System.Net.Http.HttpClient.IDeepSeekClient.LogicalHandler End processing HTTP request after 297.6571ms - 200
[23:52:52 INF] System.Net.Http.HttpClient.IDeepSeekClient.ClientHandler Received HTTP response headers after 297.9607ms - 200
[23:52:52 INF] System.Net.Http.HttpClient.IDeepSeekClient.LogicalHandler End processing HTTP request after 298.5466ms - 200
[23:52:52 INF] System.Net.Http.HttpClient.IDeepSeekClient.LogicalHandler Start processing HTTP request POST https://api.deepseek.com/chat/completions
[23:52:52 INF] System.Net.Http.HttpClient.IDeepSeekClient.ClientHandler Sending HTTP request POST https://api.deepseek.com/chat/completions
[23:52:53 INF] System.Net.Http.HttpClient.IDeepSeekClient.ClientHandler Received HTTP response headers after 369.1388ms - 200
[23:52:53 INF] System.Net.Http.HttpClient.IDeepSeekClient.LogicalHandler End processing HTTP request after 369.9122ms - 200
[23:52:53 INF] System.Net.Http.HttpClient.IDeepSeekClient.LogicalHandler Start processing HTTP request POST https://api.deepseek.com/chat/completions
[23:52:53 INF] System.Net.Http.HttpClient.IDeepSeekClient.ClientHandler Sending HTTP request POST https://api.deepseek.com/chat/completions
[23:52:53 INF] System.Net.Http.HttpClient.IDeepSeekClient.LogicalHandler Start processing HTTP request POST https://api.deepseek.com/chat/completions
[23:52:53 INF] System.Net.Http.HttpClient.IDeepSeekClient.ClientHandler Sending HTTP request POST https://api.deepseek.com/chat/completions
[23:52:54 INF] System.Net.Http.HttpClient.IDeepSeekClient.ClientHandler Received HTTP response headers after 331.5678ms - 200
[23:52:54 INF] System.Net.Http.HttpClient.IDeepSeekClient.LogicalHandler End processing HTTP request after 332.689ms - 200
[23:52:54 INF] System.Net.Http.HttpClient.IDeepSeekClient.ClientHandler Received HTTP response headers after 298.8106ms - 200
[23:52:54 INF] System.Net.Http.HttpClient.IDeepSeekClient.LogicalHandler End processing HTTP request after 300.0522ms - 200
[23:52:55 INF] System.Net.Http.HttpClient.IDeepSeekClient.LogicalHandler Start processing HTTP request POST https://api.deepseek.com/chat/completions
[23:52:55 INF] System.Net.Http.HttpClient.IDeepSeekClient.ClientHandler Sending HTTP request POST https://api.deepseek.com/chat/completions
[23:52:55 INF] System.Net.Http.HttpClient.IDeepSeekClient.LogicalHandler Start processing HTTP request POST https://api.deepseek.com/chat/completions
[23:52:55 INF] System.Net.Http.HttpClient.IDeepSeekClient.ClientHandler Sending HTTP request POST https://api.deepseek.com/chat/completions
[23:52:55 INF] System.Net.Http.HttpClient.IDeepSeekClient.ClientHandler Received HTTP response headers after 306.9916ms - 200
[23:52:55 INF] System.Net.Http.HttpClient.IDeepSeekClient.LogicalHandler End processing HTTP request after 307.8418ms - 200
[23:52:55 INF] System.Net.Http.HttpClient.IDeepSeekClient.ClientHandler Received HTTP response headers after 306.857ms - 200
[23:52:55 INF] System.Net.Http.HttpClient.IDeepSeekClient.LogicalHandler End processing HTTP request after 308.406ms - 200
[23:52:55 INF] System.Net.Http.HttpClient.IDeepSeekClient.LogicalHandler Start processing HTTP request POST https://api.deepseek.com/chat/completions
[23:52:55 INF] System.Net.Http.HttpClient.IDeepSeekClient.ClientHandler Sending HTTP request POST https://api.deepseek.com/chat/completions
[23:52:55 INF] System.Net.Http.HttpClient.IDeepSeekClient.ClientHandler Received HTTP response headers after 286.3534ms - 200
[23:52:55 INF] System.Net.Http.HttpClient.IDeepSeekClient.LogicalHandler End processing HTTP request after 289.2202ms - 200
[23:52:56 INF] System.Net.Http.HttpClient.IDeepSeekClient.LogicalHandler Start processing HTTP request POST https://api.deepseek.com/chat/completions
[23:52:56 INF] System.Net.Http.HttpClient.IDeepSeekClient.ClientHandler Sending HTTP request POST https://api.deepseek.com/chat/completions
[23:52:56 INF] System.Net.Http.HttpClient.IDeepSeekClient.ClientHandler Received HTTP response headers after 379.5109ms - 200
[23:52:56 INF] System.Net.Http.HttpClient.IDeepSeekClient.LogicalHandler End processing HTTP request after 379.9096ms - 200
[23:52:56 INF] System.Net.Http.HttpClient.IDeepSeekClient.LogicalHandler Start processing HTTP request POST https://api.deepseek.com/chat/completions
[23:52:56 INF] System.Net.Http.HttpClient.IDeepSeekClient.ClientHandler Sending HTTP request POST https://api.deepseek.com/chat/completions
[23:52:57 INF] System.Net.Http.HttpClient.IDeepSeekClient.ClientHandler Received HTTP response headers after 310.1765ms - 200
[23:52:57 INF] System.Net.Http.HttpClient.IDeepSeekClient.LogicalHandler End processing HTTP request after 310.6535ms - 200
[23:52:57 INF] System.Net.Http.HttpClient.IDeepSeekClient.LogicalHandler Start processing HTTP request POST https://api.deepseek.com/chat/completions
[23:52:57 INF] System.Net.Http.HttpClient.IDeepSeekClient.ClientHandler Sending HTTP request POST https://api.deepseek.com/chat/completions
[23:52:57 INF] System.Net.Http.HttpClient.IDeepSeekClient.LogicalHandler Start processing HTTP request POST https://api.deepseek.com/chat/completions
[23:52:57 INF] System.Net.Http.HttpClient.IDeepSeekClient.ClientHandler Sending HTTP request POST https://api.deepseek.com/chat/completions
[23:52:57 INF] System.Net.Http.HttpClient.IDeepSeekClient.ClientHandler Received HTTP response headers after 330.748ms - 200
[23:52:57 INF] System.Net.Http.HttpClient.IDeepSeekClient.ClientHandler Received HTTP response headers after 358.0172ms - 200
[23:52:57 INF] System.Net.Http.HttpClient.IDeepSeekClient.LogicalHandler End processing HTTP request after 331.4442ms - 200
[23:52:57 INF] System.Net.Http.HttpClient.IDeepSeekClient.LogicalHandler End processing HTTP request after 358.5915ms - 200
[23:52:57 INF] System.Net.Http.HttpClient.IDeepSeekClient.LogicalHandler Start processing HTTP request POST https://api.deepseek.com/chat/completions
[23:52:57 INF] System.Net.Http.HttpClient.IDeepSeekClient.ClientHandler Sending HTTP request POST https://api.deepseek.com/chat/completions
[23:52:58 INF] System.Net.Http.HttpClient.IDeepSeekClient.ClientHandler Received HTTP response headers after 331.8043ms - 200
[23:52:58 INF] System.Net.Http.HttpClient.IDeepSeekClient.LogicalHandler End processing HTTP request after 332.5067ms - 200
[23:52:58 INF] System.Net.Http.HttpClient.IDeepSeekClient.LogicalHandler Start processing HTTP request POST https://api.deepseek.com/chat/completions
[23:52:58 INF] System.Net.Http.HttpClient.IDeepSeekClient.ClientHandler Sending HTTP request POST https://api.deepseek.com/chat/completions
[23:52:58 INF] System.Net.Http.HttpClient.IDeepSeekClient.ClientHandler Received HTTP response headers after 372.0362ms - 200
[23:52:58 INF] System.Net.Http.HttpClient.IDeepSeekClient.LogicalHandler Start processing HTTP request POST https://api.deepseek.com/chat/completions
[23:52:58 INF] System.Net.Http.HttpClient.IDeepSeekClient.LogicalHandler Start processing HTTP request POST https://api.deepseek.com/chat/completions
[23:52:58 INF] System.Net.Http.HttpClient.IDeepSeekClient.LogicalHandler End processing HTTP request after 372.8267ms - 200
[23:52:58 INF] System.Net.Http.HttpClient.IDeepSeekClient.ClientHandler Sending HTTP request POST https://api.deepseek.com/chat/completions
[23:52:58 INF] System.Net.Http.HttpClient.IDeepSeekClient.ClientHandler Sending HTTP request POST https://api.deepseek.com/chat/completions
[23:52:58 INF] System.Net.Http.HttpClient.IDeepSeekClient.ClientHandler Received HTTP response headers after 288.6465ms - 200
[23:52:58 INF] System.Net.Http.HttpClient.IDeepSeekClient.LogicalHandler End processing HTTP request after 289.3054ms - 200
[23:52:58 INF] System.Net.Http.HttpClient.IDeepSeekClient.ClientHandler Received HTTP response headers after 291.3032ms - 200
[23:52:58 INF] System.Net.Http.HttpClient.IDeepSeekClient.LogicalHandler End processing HTTP request after 292.3308ms - 200
[23:53:09 INF] System.Net.Http.HttpClient.IDeepSeekClient.LogicalHandler Start processing HTTP request POST https://api.deepseek.com/chat/completions
[23:53:09 INF] System.Net.Http.HttpClient.IDeepSeekClient.ClientHandler Sending HTTP request POST https://api.deepseek.com/chat/completions
[23:53:10 INF] System.Net.Http.HttpClient.IDeepSeekClient.ClientHandler Received HTTP response headers after 301.3082ms - 200
[23:53:10 INF] System.Net.Http.HttpClient.IDeepSeekClient.LogicalHandler End processing HTTP request after 302.022ms - 200
[23:53:49 INF] System.Net.Http.HttpClient.IDeepSeekClient.LogicalHandler Start processing HTTP request POST https://api.deepseek.com/chat/completions
[23:53:49 INF] System.Net.Http.HttpClient.IDeepSeekClient.ClientHandler Sending HTTP request POST https://api.deepseek.com/chat/completions
[23:53:49 INF] System.Net.Http.HttpClient.IDeepSeekClient.ClientHandler Received HTTP response headers after 300.5108ms - 200
[23:53:49 INF] System.Net.Http.HttpClient.IDeepSeekClient.LogicalHandler End processing HTTP request after 302.395ms - 200
[23:54:18 INF] System.Net.Http.HttpClient.IDeepSeekClient.LogicalHandler Start processing HTTP request POST https://api.deepseek.com/chat/completions
[23:54:18 INF] System.Net.Http.HttpClient.IDeepSeekClient.ClientHandler Sending HTTP request POST https://api.deepseek.com/chat/completions
[23:54:18 INF] System.Net.Http.HttpClient.IDeepSeekClient.LogicalHandler Start processing HTTP request POST https://api.deepseek.com/chat/completions
[23:54:18 INF] System.Net.Http.HttpClient.IDeepSeekClient.ClientHandler Sending HTTP request POST https://api.deepseek.com/chat/completions
[23:54:18 INF] System.Net.Http.HttpClient.IDeepSeekClient.LogicalHandler Start processing HTTP request POST https://api.deepseek.com/chat/completions
[23:54:18 INF] System.Net.Http.HttpClient.IDeepSeekClient.ClientHandler Sending HTTP request POST https://api.deepseek.com/chat/completions
[23:54:18 INF] System.Net.Http.HttpClient.IDeepSeekClient.LogicalHandler Start processing HTTP request POST https://api.deepseek.com/chat/completions
[23:54:18 INF] System.Net.Http.HttpClient.IDeepSeekClient.ClientHandler Sending HTTP request POST https://api.deepseek.com/chat/completions
[23:54:18 INF] System.Net.Http.HttpClient.IDeepSeekClient.LogicalHandler Start processing HTTP request POST https://api.deepseek.com/chat/completions
[23:54:18 INF] System.Net.Http.HttpClient.IDeepSeekClient.ClientHandler Sending HTTP request POST https://api.deepseek.com/chat/completions
[23:54:18 INF] System.Net.Http.HttpClient.IDeepSeekClient.LogicalHandler Start processing HTTP request POST https://api.deepseek.com/chat/completions
[23:54:18 INF] System.Net.Http.HttpClient.IDeepSeekClient.ClientHandler Sending HTTP request POST https://api.deepseek.com/chat/completions
[23:54:19 INF] System.Net.Http.HttpClient.IDeepSeekClient.ClientHandler Received HTTP response headers after 304.4951ms - 200
[23:54:19 INF] System.Net.Http.HttpClient.IDeepSeekClient.LogicalHandler End processing HTTP request after 306.0011ms - 200
[23:54:19 INF] System.Net.Http.HttpClient.IDeepSeekClient.ClientHandler Received HTTP response headers after 395.8144ms - 200
[23:54:19 INF] System.Net.Http.HttpClient.IDeepSeekClient.LogicalHandler End processing HTTP request after 396.4392ms - 200
[23:54:19 INF] System.Net.Http.HttpClient.IDeepSeekClient.ClientHandler Received HTTP response headers after 404.2389ms - 200
[23:54:19 INF] System.Net.Http.HttpClient.IDeepSeekClient.LogicalHandler End processing HTTP request after 404.595ms - 200
[23:54:19 INF] System.Net.Http.HttpClient.IDeepSeekClient.ClientHandler Received HTTP response headers after 419.8695ms - 200
[23:54:19 INF] System.Net.Http.HttpClient.IDeepSeekClient.LogicalHandler End processing HTTP request after 420.1453ms - 200
[23:54:19 INF] System.Net.Http.HttpClient.IDeepSeekClient.ClientHandler Received HTTP response headers after 431.5843ms - 200
[23:54:19 INF] System.Net.Http.HttpClient.IDeepSeekClient.LogicalHandler End processing HTTP request after 432.521ms - 200
[23:54:19 INF] System.Net.Http.HttpClient.IDeepSeekClient.ClientHandler Received HTTP response headers after 488.9688ms - 200
[23:54:19 INF] System.Net.Http.HttpClient.IDeepSeekClient.LogicalHandler End processing HTTP request after 489.3063ms - 200
[23:54:20 INF] System.Net.Http.HttpClient.IDeepSeekClient.LogicalHandler Start processing HTTP request POST https://api.deepseek.com/chat/completions
[23:54:20 INF] System.Net.Http.HttpClient.IDeepSeekClient.ClientHandler Sending HTTP request POST https://api.deepseek.com/chat/completions
[23:54:20 INF] System.Net.Http.HttpClient.IDeepSeekClient.ClientHandler Received HTTP response headers after 290.7498ms - 200
[23:54:20 INF] System.Net.Http.HttpClient.IDeepSeekClient.LogicalHandler End processing HTTP request after 291.4014ms - 200
[23:54:21 INF] System.Net.Http.HttpClient.IDeepSeekClient.LogicalHandler Start processing HTTP request POST https://api.deepseek.com/chat/completions
[23:54:21 INF] System.Net.Http.HttpClient.IDeepSeekClient.ClientHandler Sending HTTP request POST https://api.deepseek.com/chat/completions
[23:54:21 INF] System.Net.Http.HttpClient.IDeepSeekClient.LogicalHandler Start processing HTTP request POST https://api.deepseek.com/chat/completions
[23:54:21 INF] System.Net.Http.HttpClient.IDeepSeekClient.ClientHandler Sending HTTP request POST https://api.deepseek.com/chat/completions
[23:54:21 INF] System.Net.Http.HttpClient.IDeepSeekClient.ClientHandler Received HTTP response headers after 346.178ms - 200
[23:54:21 INF] System.Net.Http.HttpClient.IDeepSeekClient.ClientHandler Received HTTP response headers after 329.0543ms - 200
[23:54:21 INF] System.Net.Http.HttpClient.IDeepSeekClient.LogicalHandler End processing HTTP request after 347.095ms - 200
[23:54:21 INF] System.Net.Http.HttpClient.IDeepSeekClient.LogicalHandler End processing HTTP request after 329.5473ms - 200
[23:54:23 INF] System.Net.Http.HttpClient.IDeepSeekClient.LogicalHandler Start processing HTTP request POST https://api.deepseek.com/chat/completions
[23:54:23 INF] System.Net.Http.HttpClient.IDeepSeekClient.ClientHandler Sending HTTP request POST https://api.deepseek.com/chat/completions
[23:54:23 INF] System.Net.Http.HttpClient.IDeepSeekClient.ClientHandler Received HTTP response headers after 287.9656ms - 200
[23:54:23 INF] System.Net.Http.HttpClient.IDeepSeekClient.LogicalHandler End processing HTTP request after 289.3223ms - 200
[23:54:24 INF] System.Net.Http.HttpClient.IDeepSeekClient.LogicalHandler Start processing HTTP request POST https://api.deepseek.com/chat/completions
[23:54:24 INF] System.Net.Http.HttpClient.IDeepSeekClient.ClientHandler Sending HTTP request POST https://api.deepseek.com/chat/completions
[23:54:24 INF] System.Net.Http.HttpClient.IDeepSeekClient.ClientHandler Received HTTP response headers after 308.1886ms - 200
[23:54:24 INF] System.Net.Http.HttpClient.IDeepSeekClient.LogicalHandler End processing HTTP request after 309.336ms - 200
[23:54:25 INF] System.Net.Http.HttpClient.IDeepSeekClient.LogicalHandler Start processing HTTP request POST https://api.deepseek.com/chat/completions
[23:54:25 INF] System.Net.Http.HttpClient.IDeepSeekClient.ClientHandler Sending HTTP request POST https://api.deepseek.com/chat/completions
[23:54:26 INF] System.Net.Http.HttpClient.IDeepSeekClient.ClientHandler Received HTTP response headers after 339.5571ms - 200
[23:54:26 INF] System.Net.Http.HttpClient.IDeepSeekClient.LogicalHandler End processing HTTP request after 340.354ms - 200
[23:54:27 INF] System.Net.Http.HttpClient.IDeepSeekClient.LogicalHandler Start processing HTTP request POST https://api.deepseek.com/chat/completions
[23:54:27 INF] System.Net.Http.HttpClient.IDeepSeekClient.ClientHandler Sending HTTP request POST https://api.deepseek.com/chat/completions
[23:54:27 INF] System.Net.Http.HttpClient.IDeepSeekClient.LogicalHandler Start processing HTTP request POST https://api.deepseek.com/chat/completions
[23:54:27 INF] System.Net.Http.HttpClient.IDeepSeekClient.ClientHandler Sending HTTP request POST https://api.deepseek.com/chat/completions
[23:54:27 INF] System.Net.Http.HttpClient.IDeepSeekClient.LogicalHandler Start processing HTTP request POST https://api.deepseek.com/chat/completions
[23:54:27 INF] System.Net.Http.HttpClient.IDeepSeekClient.ClientHandler Sending HTTP request POST https://api.deepseek.com/chat/completions
[23:54:27 INF] System.Net.Http.HttpClient.IDeepSeekClient.ClientHandler Received HTTP response headers after 290.3347ms - 200
[23:54:27 INF] System.Net.Http.HttpClient.IDeepSeekClient.LogicalHandler End processing HTTP request after 291.2544ms - 200
[23:54:27 INF] System.Net.Http.HttpClient.IDeepSeekClient.ClientHandler Received HTTP response headers after 278.0229ms - 200
[23:54:27 INF] System.Net.Http.HttpClient.IDeepSeekClient.LogicalHandler End processing HTTP request after 281.1343ms - 200
[23:54:27 INF] System.Net.Http.HttpClient.IDeepSeekClient.ClientHandler Received HTTP response headers after 299.3641ms - 200
[23:54:27 INF] System.Net.Http.HttpClient.IDeepSeekClient.LogicalHandler End processing HTTP request after 300.165ms - 200
[23:54:28 INF] System.Net.Http.HttpClient.IDeepSeekClient.LogicalHandler Start processing HTTP request POST https://api.deepseek.com/chat/completions
[23:54:28 INF] System.Net.Http.HttpClient.IDeepSeekClient.ClientHandler Sending HTTP request POST https://api.deepseek.com/chat/completions
[23:54:28 INF] System.Net.Http.HttpClient.IDeepSeekClient.ClientHandler Received HTTP response headers after 306.6917ms - 200
[23:54:28 INF] System.Net.Http.HttpClient.IDeepSeekClient.LogicalHandler End processing HTTP request after 307.5471ms - 200
[23:54:29 INF] System.Net.Http.HttpClient.IDeepSeekClient.LogicalHandler Start processing HTTP request POST https://api.deepseek.com/chat/completions
[23:54:29 INF] System.Net.Http.HttpClient.IDeepSeekClient.ClientHandler Sending HTTP request POST https://api.deepseek.com/chat/completions
[23:54:30 INF] System.Net.Http.HttpClient.IDeepSeekClient.ClientHandler Received HTTP response headers after 303.1266ms - 200
[23:54:30 INF] System.Net.Http.HttpClient.IDeepSeekClient.LogicalHandler End processing HTTP request after 304.6834ms - 200
[23:54:30 INF] System.Net.Http.HttpClient.IDeepSeekClient.LogicalHandler Start processing HTTP request POST https://api.deepseek.com/chat/completions
[23:54:30 INF] System.Net.Http.HttpClient.IDeepSeekClient.ClientHandler Sending HTTP request POST https://api.deepseek.com/chat/completions
[23:54:30 INF] System.Net.Http.HttpClient.IDeepSeekClient.LogicalHandler Start processing HTTP request POST https://api.deepseek.com/chat/completions
[23:54:30 INF] System.Net.Http.HttpClient.IDeepSeekClient.ClientHandler Sending HTTP request POST https://api.deepseek.com/chat/completions
[23:54:30 INF] System.Net.Http.HttpClient.IDeepSeekClient.ClientHandler Received HTTP response headers after 338.4345ms - 200
[23:54:30 INF] System.Net.Http.HttpClient.IDeepSeekClient.LogicalHandler End processing HTTP request after 339.1137ms - 200
[23:54:30 INF] System.Net.Http.HttpClient.IDeepSeekClient.ClientHandler Received HTTP response headers after 296.6766ms - 200
[23:54:30 INF] System.Net.Http.HttpClient.IDeepSeekClient.LogicalHandler End processing HTTP request after 297.5794ms - 200
[23:54:31 INF] System.Net.Http.HttpClient.IDeepSeekClient.LogicalHandler Start processing HTTP request POST https://api.deepseek.com/chat/completions
[23:54:31 INF] System.Net.Http.HttpClient.IDeepSeekClient.ClientHandler Sending HTTP request POST https://api.deepseek.com/chat/completions
[23:54:31 INF] System.Net.Http.HttpClient.IDeepSeekClient.ClientHandler Received HTTP response headers after 279.7735ms - 200
[23:54:31 INF] System.Net.Http.HttpClient.IDeepSeekClient.LogicalHandler End processing HTTP request after 280.263ms - 200
[23:54:31 INF] System.Net.Http.HttpClient.IDeepSeekClient.LogicalHandler Start processing HTTP request POST https://api.deepseek.com/chat/completions
[23:54:31 INF] System.Net.Http.HttpClient.IDeepSeekClient.ClientHandler Sending HTTP request POST https://api.deepseek.com/chat/completions
[23:54:31 INF] System.Net.Http.HttpClient.IDeepSeekClient.ClientHandler Received HTTP response headers after 287.5454ms - 200
[23:54:31 INF] System.Net.Http.HttpClient.IDeepSeekClient.LogicalHandler End processing HTTP request after 288.2052ms - 200
[23:54:31 INF] System.Net.Http.HttpClient.IDeepSeekClient.LogicalHandler Start processing HTTP request POST https://api.deepseek.com/chat/completions
[23:54:31 INF] System.Net.Http.HttpClient.IDeepSeekClient.ClientHandler Sending HTTP request POST https://api.deepseek.com/chat/completions
[23:54:32 INF] System.Net.Http.HttpClient.IDeepSeekClient.ClientHandler Received HTTP response headers after 390.133ms - 200
[23:54:32 INF] System.Net.Http.HttpClient.IDeepSeekClient.LogicalHandler End processing HTTP request after 390.6796ms - 200
[23:54:32 INF] System.Net.Http.HttpClient.IDeepSeekClient.LogicalHandler Start processing HTTP request POST https://api.deepseek.com/chat/completions
[23:54:32 INF] System.Net.Http.HttpClient.IDeepSeekClient.ClientHandler Sending HTTP request POST https://api.deepseek.com/chat/completions
[23:54:33 INF] System.Net.Http.HttpClient.IDeepSeekClient.LogicalHandler Start processing HTTP request POST https://api.deepseek.com/chat/completions
[23:54:33 INF] System.Net.Http.HttpClient.IDeepSeekClient.ClientHandler Sending HTTP request POST https://api.deepseek.com/chat/completions
[23:54:33 INF] System.Net.Http.HttpClient.IDeepSeekClient.ClientHandler Received HTTP response headers after 287.4843ms - 200
[23:54:33 INF] System.Net.Http.HttpClient.IDeepSeekClient.LogicalHandler End processing HTTP request after 288.894ms - 200
[23:54:33 INF] System.Net.Http.HttpClient.IDeepSeekClient.ClientHandler Received HTTP response headers after 307.4505ms - 200
[23:54:33 INF] System.Net.Http.HttpClient.IDeepSeekClient.LogicalHandler End processing HTTP request after 308.2741ms - 200
[23:54:34 INF] System.Net.Http.HttpClient.IDeepSeekClient.LogicalHandler Start processing HTTP request POST https://api.deepseek.com/chat/completions
[23:54:34 INF] System.Net.Http.HttpClient.IDeepSeekClient.ClientHandler Sending HTTP request POST https://api.deepseek.com/chat/completions
[23:54:34 INF] System.Net.Http.HttpClient.IDeepSeekClient.LogicalHandler Start processing HTTP request POST https://api.deepseek.com/chat/completions
[23:54:34 INF] System.Net.Http.HttpClient.IDeepSeekClient.ClientHandler Sending HTTP request POST https://api.deepseek.com/chat/completions
[23:54:34 INF] System.Net.Http.HttpClient.IDeepSeekClient.ClientHandler Received HTTP response headers after 283.2009ms - 200
[23:54:34 INF] System.Net.Http.HttpClient.IDeepSeekClient.LogicalHandler End processing HTTP request after 283.7106ms - 200
[23:54:34 INF] System.Net.Http.HttpClient.IDeepSeekClient.ClientHandler Received HTTP response headers after 286.8537ms - 200
[23:54:34 INF] System.Net.Http.HttpClient.IDeepSeekClient.LogicalHandler End processing HTTP request after 289.7666ms - 200
[23:54:35 INF] System.Net.Http.HttpClient.IDeepSeekClient.LogicalHandler Start processing HTTP request POST https://api.deepseek.com/chat/completions
[23:54:35 INF] System.Net.Http.HttpClient.IDeepSeekClient.ClientHandler Sending HTTP request POST https://api.deepseek.com/chat/completions
[23:54:36 INF] System.Net.Http.HttpClient.IDeepSeekClient.ClientHandler Received HTTP response headers after 338.6429ms - 200
[23:54:36 INF] System.Net.Http.HttpClient.IDeepSeekClient.LogicalHandler Start processing HTTP request POST https://api.deepseek.com/chat/completions
[23:54:36 INF] System.Net.Http.HttpClient.IDeepSeekClient.ClientHandler Sending HTTP request POST https://api.deepseek.com/chat/completions
[23:54:36 INF] System.Net.Http.HttpClient.IDeepSeekClient.LogicalHandler End processing HTTP request after 341.7002ms - 200
[23:54:36 INF] System.Net.Http.HttpClient.IDeepSeekClient.ClientHandler Received HTTP response headers after 347.209ms - 200
[23:54:36 INF] System.Net.Http.HttpClient.IDeepSeekClient.LogicalHandler End processing HTTP request after 348.9542ms - 200
[23:54:37 INF] System.Net.Http.HttpClient.IDeepSeekClient.LogicalHandler Start processing HTTP request POST https://api.deepseek.com/chat/completions
[23:54:37 INF] System.Net.Http.HttpClient.IDeepSeekClient.ClientHandler Sending HTTP request POST https://api.deepseek.com/chat/completions
[23:54:37 INF] System.Net.Http.HttpClient.IDeepSeekClient.ClientHandler Received HTTP response headers after 339.2193ms - 200
[23:54:37 INF] System.Net.Http.HttpClient.IDeepSeekClient.LogicalHandler Start processing HTTP request POST https://api.deepseek.com/chat/completions
[23:54:37 INF] System.Net.Http.HttpClient.IDeepSeekClient.LogicalHandler End processing HTTP request after 339.9196ms - 200
[23:54:37 INF] System.Net.Http.HttpClient.IDeepSeekClient.ClientHandler Sending HTTP request POST https://api.deepseek.com/chat/completions
[23:54:37 INF] System.Net.Http.HttpClient.IDeepSeekClient.ClientHandler Received HTTP response headers after 298.2876ms - 200
[23:54:37 INF] System.Net.Http.HttpClient.IDeepSeekClient.LogicalHandler End processing HTTP request after 299.2184ms - 200
[23:54:38 INF] System.Net.Http.HttpClient.IDeepSeekClient.LogicalHandler Start processing HTTP request POST https://api.deepseek.com/chat/completions
[23:54:38 INF] System.Net.Http.HttpClient.IDeepSeekClient.ClientHandler Sending HTTP request POST https://api.deepseek.com/chat/completions
[23:54:38 INF] System.Net.Http.HttpClient.IDeepSeekClient.ClientHandler Received HTTP response headers after 301.3263ms - 200
[23:54:38 INF] System.Net.Http.HttpClient.IDeepSeekClient.LogicalHandler End processing HTTP request after 301.8489ms - 200
[23:54:39 INF] System.Net.Http.HttpClient.IDeepSeekClient.LogicalHandler Start processing HTTP request POST https://api.deepseek.com/chat/completions
[23:54:39 INF] System.Net.Http.HttpClient.IDeepSeekClient.ClientHandler Sending HTTP request POST https://api.deepseek.com/chat/completions
[23:54:39 INF] System.Net.Http.HttpClient.IDeepSeekClient.LogicalHandler Start processing HTTP request POST https://api.deepseek.com/chat/completions
[23:54:39 INF] System.Net.Http.HttpClient.IDeepSeekClient.ClientHandler Sending HTTP request POST https://api.deepseek.com/chat/completions
[23:54:39 INF] System.Net.Http.HttpClient.IDeepSeekClient.LogicalHandler Start processing HTTP request POST https://api.deepseek.com/chat/completions
[23:54:39 INF] System.Net.Http.HttpClient.IDeepSeekClient.ClientHandler Sending HTTP request POST https://api.deepseek.com/chat/completions
[23:54:39 INF] System.Net.Http.HttpClient.IDeepSeekClient.ClientHandler Received HTTP response headers after 291.8519ms - 200
[23:54:39 INF] System.Net.Http.HttpClient.IDeepSeekClient.LogicalHandler End processing HTTP request after 294.255ms - 200
[23:54:39 INF] System.Net.Http.HttpClient.IDeepSeekClient.ClientHandler Received HTTP response headers after 290.8254ms - 200
[23:54:39 INF] System.Net.Http.HttpClient.IDeepSeekClient.LogicalHandler End processing HTTP request after 292.5777ms - 200
[23:54:39 INF] System.Net.Http.HttpClient.IDeepSeekClient.ClientHandler Received HTTP response headers after 291.9605ms - 200
[23:54:39 INF] System.Net.Http.HttpClient.IDeepSeekClient.LogicalHandler End processing HTTP request after 292.4463ms - 200
[23:55:00 INF] System.Net.Http.HttpClient.IDeepSeekClient.LogicalHandler Start processing HTTP request POST https://api.deepseek.com/chat/completions
[23:55:00 INF] System.Net.Http.HttpClient.IDeepSeekClient.ClientHandler Sending HTTP request POST https://api.deepseek.com/chat/completions
[23:55:00 INF] System.Net.Http.HttpClient.IDeepSeekClient.ClientHandler Received HTTP response headers after 302.3154ms - 200
[23:55:00 INF] System.Net.Http.HttpClient.IDeepSeekClient.LogicalHandler End processing HTTP request after 304.1977ms - 200
[23:55:34 INF] System.Net.Http.HttpClient.IDeepSeekClient.LogicalHandler Start processing HTTP request POST https://api.deepseek.com/chat/completions
[23:55:34 INF] System.Net.Http.HttpClient.IDeepSeekClient.ClientHandler Sending HTTP request POST https://api.deepseek.com/chat/completions
[23:55:35 INF] System.Net.Http.HttpClient.IDeepSeekClient.ClientHandler Received HTTP response headers after 290.6044ms - 200
[23:55:35 INF] System.Net.Http.HttpClient.IDeepSeekClient.LogicalHandler End processing HTTP request after 294.8509ms - 200
[23:56:08 INF] System.Net.Http.HttpClient.IDeepSeekClient.LogicalHandler Start processing HTTP request POST https://api.deepseek.com/chat/completions
[23:56:08 INF] System.Net.Http.HttpClient.IDeepSeekClient.ClientHandler Sending HTTP request POST https://api.deepseek.com/chat/completions
[23:56:08 INF] System.Net.Http.HttpClient.IDeepSeekClient.LogicalHandler Start processing HTTP request POST https://api.deepseek.com/chat/completions
[23:56:08 INF] System.Net.Http.HttpClient.IDeepSeekClient.ClientHandler Sending HTTP request POST https://api.deepseek.com/chat/completions
[23:56:08 INF] System.Net.Http.HttpClient.IDeepSeekClient.LogicalHandler Start processing HTTP request POST https://api.deepseek.com/chat/completions
[23:56:08 INF] System.Net.Http.HttpClient.IDeepSeekClient.ClientHandler Sending HTTP request POST https://api.deepseek.com/chat/completions
[23:56:08 INF] System.Net.Http.HttpClient.IDeepSeekClient.LogicalHandler Start processing HTTP request POST https://api.deepseek.com/chat/completions
[23:56:08 INF] System.Net.Http.HttpClient.IDeepSeekClient.ClientHandler Sending HTTP request POST https://api.deepseek.com/chat/completions
[23:56:08 INF] System.Net.Http.HttpClient.IDeepSeekClient.LogicalHandler Start processing HTTP request POST https://api.deepseek.com/chat/completions
[23:56:08 INF] System.Net.Http.HttpClient.IDeepSeekClient.ClientHandler Sending HTTP request POST https://api.deepseek.com/chat/completions
[23:56:08 INF] System.Net.Http.HttpClient.IDeepSeekClient.LogicalHandler Start processing HTTP request POST https://api.deepseek.com/chat/completions
[23:56:08 INF] System.Net.Http.HttpClient.IDeepSeekClient.ClientHandler Sending HTTP request POST https://api.deepseek.com/chat/completions
[23:56:08 INF] System.Net.Http.HttpClient.IDeepSeekClient.ClientHandler Received HTTP response headers after 285.8033ms - 200
[23:56:08 INF] System.Net.Http.HttpClient.IDeepSeekClient.LogicalHandler End processing HTTP request after 287.7655ms - 200
[23:56:08 INF] System.Net.Http.HttpClient.IDeepSeekClient.ClientHandler Received HTTP response headers after 419.3745ms - 200
[23:56:08 INF] System.Net.Http.HttpClient.IDeepSeekClient.LogicalHandler End processing HTTP request after 419.6995ms - 200
[23:56:08 INF] System.Net.Http.HttpClient.IDeepSeekClient.ClientHandler Received HTTP response headers after 426.0943ms - 200
[23:56:08 INF] System.Net.Http.HttpClient.IDeepSeekClient.LogicalHandler End processing HTTP request after 426.627ms - 200
[23:56:08 INF] System.Net.Http.HttpClient.IDeepSeekClient.ClientHandler Received HTTP response headers after 434.8056ms - 200
[23:56:08 INF] System.Net.Http.HttpClient.IDeepSeekClient.LogicalHandler End processing HTTP request after 435.222ms - 200
[23:56:08 INF] System.Net.Http.HttpClient.IDeepSeekClient.ClientHandler Received HTTP response headers after 436.7716ms - 200
[23:56:08 INF] System.Net.Http.HttpClient.IDeepSeekClient.LogicalHandler End processing HTTP request after 437.0838ms - 200
[23:56:08 INF] System.Net.Http.HttpClient.IDeepSeekClient.ClientHandler Received HTTP response headers after 501.6307ms - 200
[23:56:08 INF] System.Net.Http.HttpClient.IDeepSeekClient.LogicalHandler End processing HTTP request after 504.7846ms - 200
[23:56:09 INF] System.Net.Http.HttpClient.IDeepSeekClient.LogicalHandler Start processing HTTP request POST https://api.deepseek.com/chat/completions
[23:56:09 INF] System.Net.Http.HttpClient.IDeepSeekClient.ClientHandler Sending HTTP request POST https://api.deepseek.com/chat/completions
[23:56:09 INF] System.Net.Http.HttpClient.IDeepSeekClient.ClientHandler Received HTTP response headers after 320.5764ms - 200
[23:56:09 INF] System.Net.Http.HttpClient.IDeepSeekClient.LogicalHandler End processing HTTP request after 321.3267ms - 200
[23:56:09 INF] System.Net.Http.HttpClient.IDeepSeekClient.LogicalHandler Start processing HTTP request POST https://api.deepseek.com/chat/completions
[23:56:09 INF] System.Net.Http.HttpClient.IDeepSeekClient.ClientHandler Sending HTTP request POST https://api.deepseek.com/chat/completions
[23:56:10 INF] System.Net.Http.HttpClient.IDeepSeekClient.ClientHandler Received HTTP response headers after 301.6945ms - 200
[23:56:10 INF] System.Net.Http.HttpClient.IDeepSeekClient.LogicalHandler End processing HTTP request after 303.9172ms - 200
[23:56:10 INF] System.Net.Http.HttpClient.IDeepSeekClient.LogicalHandler Start processing HTTP request POST https://api.deepseek.com/chat/completions
[23:56:10 INF] System.Net.Http.HttpClient.IDeepSeekClient.ClientHandler Sending HTTP request POST https://api.deepseek.com/chat/completions
[23:56:10 INF] System.Net.Http.HttpClient.IDeepSeekClient.ClientHandler Received HTTP response headers after 328.9735ms - 200
[23:56:10 INF] System.Net.Http.HttpClient.IDeepSeekClient.LogicalHandler End processing HTTP request after 329.4428ms - 200
[23:56:11 INF] System.Net.Http.HttpClient.IDeepSeekClient.LogicalHandler Start processing HTTP request POST https://api.deepseek.com/chat/completions
[23:56:11 INF] System.Net.Http.HttpClient.IDeepSeekClient.ClientHandler Sending HTTP request POST https://api.deepseek.com/chat/completions
[23:56:12 INF] System.Net.Http.HttpClient.IDeepSeekClient.ClientHandler Received HTTP response headers after 301.826ms - 200
[23:56:12 INF] System.Net.Http.HttpClient.IDeepSeekClient.LogicalHandler End processing HTTP request after 302.6075ms - 200
[23:56:13 INF] System.Net.Http.HttpClient.IDeepSeekClient.LogicalHandler Start processing HTTP request POST https://api.deepseek.com/chat/completions
[23:56:13 INF] System.Net.Http.HttpClient.IDeepSeekClient.ClientHandler Sending HTTP request POST https://api.deepseek.com/chat/completions
[23:56:13 INF] System.Net.Http.HttpClient.IDeepSeekClient.ClientHandler Received HTTP response headers after 344.4922ms - 200
[23:56:13 INF] System.Net.Http.HttpClient.IDeepSeekClient.LogicalHandler End processing HTTP request after 345.8753ms - 200
[23:56:14 INF] System.Net.Http.HttpClient.IDeepSeekClient.LogicalHandler Start processing HTTP request POST https://api.deepseek.com/chat/completions
[23:56:14 INF] System.Net.Http.HttpClient.IDeepSeekClient.ClientHandler Sending HTTP request POST https://api.deepseek.com/chat/completions
[23:56:14 INF] System.Net.Http.HttpClient.IDeepSeekClient.LogicalHandler Start processing HTTP request POST https://api.deepseek.com/chat/completions
[23:56:14 INF] System.Net.Http.HttpClient.IDeepSeekClient.ClientHandler Sending HTTP request POST https://api.deepseek.com/chat/completions
[23:56:15 INF] System.Net.Http.HttpClient.IDeepSeekClient.ClientHandler Received HTTP response headers after 284.1186ms - 200
[23:56:15 INF] System.Net.Http.HttpClient.IDeepSeekClient.LogicalHandler End processing HTTP request after 284.8186ms - 200
[23:56:15 INF] System.Net.Http.HttpClient.IDeepSeekClient.ClientHandler Received HTTP response headers after 288.1965ms - 200
[23:56:15 INF] System.Net.Http.HttpClient.IDeepSeekClient.LogicalHandler End processing HTTP request after 291.6152ms - 200
[23:56:15 INF] System.Net.Http.HttpClient.IDeepSeekClient.LogicalHandler Start processing HTTP request POST https://api.deepseek.com/chat/completions
[23:56:15 INF] System.Net.Http.HttpClient.IDeepSeekClient.ClientHandler Sending HTTP request POST https://api.deepseek.com/chat/completions
[23:56:15 INF] System.Net.Http.HttpClient.IDeepSeekClient.ClientHandler Received HTTP response headers after 292.0919ms - 200
[23:56:15 INF] System.Net.Http.HttpClient.IDeepSeekClient.LogicalHandler End processing HTTP request after 292.5694ms - 200
[23:56:15 INF] System.Net.Http.HttpClient.IDeepSeekClient.LogicalHandler Start processing HTTP request POST https://api.deepseek.com/chat/completions
[23:56:15 INF] System.Net.Http.HttpClient.IDeepSeekClient.ClientHandler Sending HTTP request POST https://api.deepseek.com/chat/completions
[23:56:16 INF] System.Net.Http.HttpClient.IDeepSeekClient.ClientHandler Received HTTP response headers after 300.2369ms - 200
[23:56:16 INF] System.Net.Http.HttpClient.IDeepSeekClient.LogicalHandler End processing HTTP request after 300.9726ms - 200
[23:56:16 INF] System.Net.Http.HttpClient.IDeepSeekClient.LogicalHandler Start processing HTTP request POST https://api.deepseek.com/chat/completions
[23:56:16 INF] System.Net.Http.HttpClient.IDeepSeekClient.ClientHandler Sending HTTP request POST https://api.deepseek.com/chat/completions
[23:56:16 INF] System.Net.Http.HttpClient.IDeepSeekClient.LogicalHandler Start processing HTTP request POST https://api.deepseek.com/chat/completions
[23:56:16 INF] System.Net.Http.HttpClient.IDeepSeekClient.ClientHandler Sending HTTP request POST https://api.deepseek.com/chat/completions
[23:56:16 INF] System.Net.Http.HttpClient.IDeepSeekClient.ClientHandler Received HTTP response headers after 288.4922ms - 200
[23:56:16 INF] System.Net.Http.HttpClient.IDeepSeekClient.LogicalHandler End processing HTTP request after 288.96ms - 200
[23:56:16 INF] System.Net.Http.HttpClient.IDeepSeekClient.ClientHandler Received HTTP response headers after 283.4752ms - 200
[23:56:16 INF] System.Net.Http.HttpClient.IDeepSeekClient.LogicalHandler End processing HTTP request after 283.9039ms - 200
[23:56:17 INF] System.Net.Http.HttpClient.IDeepSeekClient.LogicalHandler Start processing HTTP request POST https://api.deepseek.com/chat/completions
[23:56:17 INF] System.Net.Http.HttpClient.IDeepSeekClient.ClientHandler Sending HTTP request POST https://api.deepseek.com/chat/completions
[23:56:17 INF] System.Net.Http.HttpClient.IDeepSeekClient.ClientHandler Received HTTP response headers after 286.1962ms - 200
[23:56:17 INF] System.Net.Http.HttpClient.IDeepSeekClient.LogicalHandler End processing HTTP request after 286.6382ms - 200
[23:56:18 INF] System.Net.Http.HttpClient.IDeepSeekClient.LogicalHandler Start processing HTTP request POST https://api.deepseek.com/chat/completions
[23:56:18 INF] System.Net.Http.HttpClient.IDeepSeekClient.ClientHandler Sending HTTP request POST https://api.deepseek.com/chat/completions
[23:56:18 INF] System.Net.Http.HttpClient.IDeepSeekClient.LogicalHandler Start processing HTTP request POST https://api.deepseek.com/chat/completions
[23:56:18 INF] System.Net.Http.HttpClient.IDeepSeekClient.ClientHandler Sending HTTP request POST https://api.deepseek.com/chat/completions
[23:56:18 INF] System.Net.Http.HttpClient.IDeepSeekClient.ClientHandler Received HTTP response headers after 302.699ms - 200
[23:56:18 INF] System.Net.Http.HttpClient.IDeepSeekClient.LogicalHandler End processing HTTP request after 303.3989ms - 200
[23:56:18 INF] System.Net.Http.HttpClient.IDeepSeekClient.LogicalHandler Start processing HTTP request POST https://api.deepseek.com/chat/completions
[23:56:18 INF] System.Net.Http.HttpClient.IDeepSeekClient.ClientHandler Sending HTTP request POST https://api.deepseek.com/chat/completions
[23:56:18 INF] System.Net.Http.HttpClient.IDeepSeekClient.ClientHandler Received HTTP response headers after 292.3814ms - 200
[23:56:18 INF] System.Net.Http.HttpClient.IDeepSeekClient.LogicalHandler End processing HTTP request after 292.8924ms - 200
[23:56:19 INF] System.Net.Http.HttpClient.IDeepSeekClient.ClientHandler Received HTTP response headers after 335.6389ms - 200
[23:56:19 INF] System.Net.Http.HttpClient.IDeepSeekClient.LogicalHandler End processing HTTP request after 336.6794ms - 200
[23:56:20 INF] System.Net.Http.HttpClient.IDeepSeekClient.LogicalHandler Start processing HTTP request POST https://api.deepseek.com/chat/completions
[23:56:20 INF] System.Net.Http.HttpClient.IDeepSeekClient.ClientHandler Sending HTTP request POST https://api.deepseek.com/chat/completions
[23:56:20 INF] System.Net.Http.HttpClient.IDeepSeekClient.LogicalHandler Start processing HTTP request POST https://api.deepseek.com/chat/completions
[23:56:20 INF] System.Net.Http.HttpClient.IDeepSeekClient.ClientHandler Sending HTTP request POST https://api.deepseek.com/chat/completions
[23:56:20 INF] System.Net.Http.HttpClient.IDeepSeekClient.ClientHandler Received HTTP response headers after 283.211ms - 200
[23:56:20 INF] System.Net.Http.HttpClient.IDeepSeekClient.LogicalHandler End processing HTTP request after 284.0668ms - 200
[23:56:20 INF] System.Net.Http.HttpClient.IDeepSeekClient.ClientHandler Received HTTP response headers after 342.4339ms - 200
[23:56:20 INF] System.Net.Http.HttpClient.IDeepSeekClient.LogicalHandler End processing HTTP request after 343.1207ms - 200
[23:56:20 INF] System.Net.Http.HttpClient.IDeepSeekClient.LogicalHandler Start processing HTTP request POST https://api.deepseek.com/chat/completions
[23:56:20 INF] System.Net.Http.HttpClient.IDeepSeekClient.ClientHandler Sending HTTP request POST https://api.deepseek.com/chat/completions
[23:56:20 INF] System.Net.Http.HttpClient.IDeepSeekClient.ClientHandler Received HTTP response headers after 324.5967ms - 200
[23:56:20 INF] System.Net.Http.HttpClient.IDeepSeekClient.LogicalHandler End processing HTTP request after 326.7262ms - 200
[23:56:21 INF] System.Net.Http.HttpClient.IDeepSeekClient.LogicalHandler Start processing HTTP request POST https://api.deepseek.com/chat/completions
[23:56:21 INF] System.Net.Http.HttpClient.IDeepSeekClient.ClientHandler Sending HTTP request POST https://api.deepseek.com/chat/completions
[23:56:21 INF] System.Net.Http.HttpClient.IDeepSeekClient.LogicalHandler Start processing HTTP request POST https://api.deepseek.com/chat/completions
[23:56:21 INF] System.Net.Http.HttpClient.IDeepSeekClient.ClientHandler Sending HTTP request POST https://api.deepseek.com/chat/completions
[23:56:21 INF] System.Net.Http.HttpClient.IDeepSeekClient.ClientHandler Received HTTP response headers after 292.0973ms - 200
[23:56:21 INF] System.Net.Http.HttpClient.IDeepSeekClient.LogicalHandler End processing HTTP request after 292.3675ms - 200
[23:56:22 INF] System.Net.Http.HttpClient.IDeepSeekClient.ClientHandler Received HTTP response headers after 336.457ms - 200
[23:56:22 INF] System.Net.Http.HttpClient.IDeepSeekClient.LogicalHandler End processing HTTP request after 337.2591ms - 200
[23:56:22 INF] System.Net.Http.HttpClient.IDeepSeekClient.LogicalHandler Start processing HTTP request POST https://api.deepseek.com/chat/completions
[23:56:22 INF] System.Net.Http.HttpClient.IDeepSeekClient.ClientHandler Sending HTTP request POST https://api.deepseek.com/chat/completions
[23:56:22 INF] System.Net.Http.HttpClient.IDeepSeekClient.ClientHandler Received HTTP response headers after 308.4574ms - 200
[23:56:22 INF] System.Net.Http.HttpClient.IDeepSeekClient.LogicalHandler End processing HTTP request after 309.1574ms - 200
[23:56:22 INF] System.Net.Http.HttpClient.IDeepSeekClient.LogicalHandler Start processing HTTP request POST https://api.deepseek.com/chat/completions
[23:56:22 INF] System.Net.Http.HttpClient.IDeepSeekClient.ClientHandler Sending HTTP request POST https://api.deepseek.com/chat/completions
[23:56:23 INF] System.Net.Http.HttpClient.IDeepSeekClient.ClientHandler Received HTTP response headers after 286.3109ms - 200
[23:56:23 INF] System.Net.Http.HttpClient.IDeepSeekClient.LogicalHandler End processing HTTP request after 287.6998ms - 200
[23:56:23 INF] System.Net.Http.HttpClient.IDeepSeekClient.LogicalHandler Start processing HTTP request POST https://api.deepseek.com/chat/completions
[23:56:23 INF] System.Net.Http.HttpClient.IDeepSeekClient.ClientHandler Sending HTTP request POST https://api.deepseek.com/chat/completions
[23:56:23 INF] System.Net.Http.HttpClient.IDeepSeekClient.LogicalHandler Start processing HTTP request POST https://api.deepseek.com/chat/completions
[23:56:23 INF] System.Net.Http.HttpClient.IDeepSeekClient.ClientHandler Sending HTTP request POST https://api.deepseek.com/chat/completions
[23:56:23 INF] System.Net.Http.HttpClient.IDeepSeekClient.ClientHandler Received HTTP response headers after 295.9541ms - 200
[23:56:23 INF] System.Net.Http.HttpClient.IDeepSeekClient.LogicalHandler End processing HTTP request after 297.2671ms - 200
[23:56:23 INF] System.Net.Http.HttpClient.IDeepSeekClient.ClientHandler Received HTTP response headers after 285.4932ms - 200
[23:56:23 INF] System.Net.Http.HttpClient.IDeepSeekClient.LogicalHandler End processing HTTP request after 286.2359ms - 200
[23:56:23 INF] System.Net.Http.HttpClient.IDeepSeekClient.LogicalHandler Start processing HTTP request POST https://api.deepseek.com/chat/completions
[23:56:23 INF] System.Net.Http.HttpClient.IDeepSeekClient.ClientHandler Sending HTTP request POST https://api.deepseek.com/chat/completions
[23:56:23 INF] System.Net.Http.HttpClient.IDeepSeekClient.LogicalHandler Start processing HTTP request POST https://api.deepseek.com/chat/completions
[23:56:23 INF] System.Net.Http.HttpClient.IDeepSeekClient.ClientHandler Sending HTTP request POST https://api.deepseek.com/chat/completions
[23:56:24 INF] System.Net.Http.HttpClient.IDeepSeekClient.ClientHandler Received HTTP response headers after 295.4552ms - 200
[23:56:24 INF] System.Net.Http.HttpClient.IDeepSeekClient.ClientHandler Received HTTP response headers after 381.7445ms - 200
[23:56:24 INF] System.Net.Http.HttpClient.IDeepSeekClient.LogicalHandler End processing HTTP request after 382.5061ms - 200
[23:56:24 INF] System.Net.Http.HttpClient.IDeepSeekClient.LogicalHandler End processing HTTP request after 296.1572ms - 200
[23:56:24 INF] System.Net.Http.HttpClient.IDeepSeekClient.LogicalHandler Start processing HTTP request POST https://api.deepseek.com/chat/completions
[23:56:24 INF] System.Net.Http.HttpClient.IDeepSeekClient.ClientHandler Sending HTTP request POST https://api.deepseek.com/chat/completions
[23:56:24 INF] System.Net.Http.HttpClient.IDeepSeekClient.LogicalHandler Start processing HTTP request POST https://api.deepseek.com/chat/completions
[23:56:24 INF] System.Net.Http.HttpClient.IDeepSeekClient.ClientHandler Sending HTTP request POST https://api.deepseek.com/chat/completions
[23:56:24 INF] System.Net.Http.HttpClient.IDeepSeekClient.ClientHandler Received HTTP response headers after 287.3708ms - 200
[23:56:24 INF] System.Net.Http.HttpClient.IDeepSeekClient.LogicalHandler End processing HTTP request after 288.4313ms - 200
[23:56:24 INF] System.Net.Http.HttpClient.IDeepSeekClient.ClientHandler Received HTTP response headers after 292.869ms - 200
[23:56:24 INF] System.Net.Http.HttpClient.IDeepSeekClient.LogicalHandler End processing HTTP request after 293.3184ms - 200
[23:56:26 INF] System.Net.Http.HttpClient.IDeepSeekClient.LogicalHandler Start processing HTTP request POST https://api.deepseek.com/chat/completions
[23:56:26 INF] System.Net.Http.HttpClient.IDeepSeekClient.ClientHandler Sending HTTP request POST https://api.deepseek.com/chat/completions
[23:56:26 INF] System.Net.Http.HttpClient.IDeepSeekClient.ClientHandler Received HTTP response headers after 293.4937ms - 200
[23:56:26 INF] System.Net.Http.HttpClient.IDeepSeekClient.LogicalHandler End processing HTTP request after 293.9039ms - 200
