[09:39:04 INF] Microsoft.Hosting.Lifetime Now listening on: http://localhost:5213
[09:39:04 INF] Microsoft.Hosting.Lifetime Application started. Press Ctrl+C to shut down.
[09:39:04 INF] Microsoft.Hosting.Lifetime Hosting environment: Development
[09:39:04 INF] Microsoft.Hosting.Lifetime Content root path: C:\Users\luka.osojnik\Documents\Coding\simple-bloomberg-terminal\simple-bloomberg-terminal
[09:39:04 INF] simple_bloomberg_terminal.Services.Provisioning.WeeklyVolumeRefreshService Weekly volume refresh: 1 companies with stale volume
[09:39:04 INF] System.Net.Http.HttpClient.IStockApiClient.LogicalHandler Start processing HTTP request GET https://www.sec.gov/files/company_tickers.json
[09:39:04 INF] System.Net.Http.HttpClient.IStockApiClient.ClientHandler Sending HTTP request GET https://www.sec.gov/files/company_tickers.json
[09:39:04 INF] System.Net.Http.HttpClient.IStockApiClient.ClientHandler Received HTTP response headers after 456.566ms - 200
[09:39:04 INF] System.Net.Http.HttpClient.IStockApiClient.LogicalHandler End processing HTTP request after 489.802ms - 200
[09:39:05 INF] System.Net.Http.HttpClient.IYahooFinanceClient.LogicalHandler Start processing HTTP request GET https://query1.finance.yahoo.com/v8/finance/chart/MMM?*
[09:39:05 INF] System.Net.Http.HttpClient.IYahooFinanceClient.ClientHandler Sending HTTP request GET https://query1.finance.yahoo.com/v8/finance/chart/MMM?*
[09:39:05 WRN] Microsoft.EntityFrameworkCore.Query Compiling a query which loads related collections for more than one collection navigation, either via 'Include' or through projection, but no 'QuerySplittingBehavior' has been configured. By default, Entity Framework will use 'QuerySplittingBehavior.SingleQuery', which can potentially result in slow query performance. See https://go.microsoft.com/fwlink/?linkid=2134277 for more information. To identify the query that's triggering this warning call 'ConfigureWarnings(w => w.Throw(RelationalEventId.MultipleCollectionIncludeWarning))'.
[09:39:05 INF] System.Net.Http.HttpClient.IYahooFinanceClient.ClientHandler Received HTTP response headers after 408.858ms - 200
[09:39:05 INF] System.Net.Http.HttpClient.IYahooFinanceClient.LogicalHandler End processing HTTP request after 424.6104ms - 200
[09:39:06 INF] simple_bloomberg_terminal.Services.Provisioning.WeeklyVolumeRefreshService Company 143: appended 1 new weekly bars
[09:39:12 INF] simple_bloomberg_terminal.Areas.Identity.Pages.Account.ExternalLoginModel Luka Osojnik signed in with Google.
[09:53:05 INF] Microsoft.Hosting.Lifetime Application is shutting down...
[10:00:24 INF] Microsoft.Hosting.Lifetime Now listening on: http://localhost:5199
[10:00:24 INF] Microsoft.Hosting.Lifetime Application started. Press Ctrl+C to shut down.
[10:00:24 INF] Microsoft.Hosting.Lifetime Hosting environment: Development
[10:00:24 INF] Microsoft.Hosting.Lifetime Content root path: C:\Users\luka.osojnik\Documents\Coding\simple-bloomberg-terminal\simple-bloomberg-terminal
[10:04:30 INF] Microsoft.Hosting.Lifetime Now listening on: http://localhost:5213
[10:04:30 INF] Microsoft.Hosting.Lifetime Application started. Press Ctrl+C to shut down.
[10:04:30 INF] Microsoft.Hosting.Lifetime Hosting environment: Development
[10:04:30 INF] Microsoft.Hosting.Lifetime Content root path: C:\Users\luka.osojnik\Documents\Coding\simple-bloomberg-terminal\simple-bloomberg-terminal
[10:04:31 WRN] Microsoft.EntityFrameworkCore.Query Compiling a query which loads related collections for more than one collection navigation, either via 'Include' or through projection, but no 'QuerySplittingBehavior' has been configured. By default, Entity Framework will use 'QuerySplittingBehavior.SingleQuery', which can potentially result in slow query performance. See https://go.microsoft.com/fwlink/?linkid=2134277 for more information. To identify the query that's triggering this warning call 'ConfigureWarnings(w => w.Throw(RelationalEventId.MultipleCollectionIncludeWarning))'.
[10:04:39 INF] simple_bloomberg_terminal.Areas.Identity.Pages.Account.ExternalLoginModel Luka Osojnik signed in with Google.
[10:04:42 WRN] Microsoft.EntityFrameworkCore.Query Compiling a query which loads related collections for more than one collection navigation, either via 'Include' or through projection, but no 'QuerySplittingBehavior' has been configured. By default, Entity Framework will use 'QuerySplittingBehavior.SingleQuery', which can potentially result in slow query performance. See https://go.microsoft.com/fwlink/?linkid=2134277 for more information. To identify the query that's triggering this warning call 'ConfigureWarnings(w => w.Throw(RelationalEventId.MultipleCollectionIncludeWarning))'.
[10:05:11 WRN] LuckyPennySoftware.AutoMapper.License You do not have a valid license key for the Lucky Penny software AutoMapper. This is allowed for development and testing scenarios. If you are running in production you are required to have a licensed version. Please visit https://luckypennysoftware.com to obtain a valid license.
[10:05:11 INF] System.Net.Http.HttpClient.IStockApiClient.LogicalHandler Start processing HTTP request GET https://www.sec.gov/Archives/edgar/data/1045810/000104581026000021/nvda-20260125.htm
[10:05:11 INF] System.Net.Http.HttpClient.IStockApiClient.ClientHandler Sending HTTP request GET https://www.sec.gov/Archives/edgar/data/1045810/000104581026000021/nvda-20260125.htm
[10:05:11 INF] System.Net.Http.HttpClient.IStockApiClient.ClientHandler Received HTTP response headers after 192.6042ms - 200
[10:05:11 INF] System.Net.Http.HttpClient.IStockApiClient.LogicalHandler End processing HTTP request after 215.72ms - 200
[10:06:53 INF] Microsoft.Hosting.Lifetime Application is shutting down...
[10:12:45 INF] Microsoft.Hosting.Lifetime Now listening on: http://localhost:5213
[10:12:45 INF] Microsoft.Hosting.Lifetime Application started. Press Ctrl+C to shut down.
[10:12:45 INF] Microsoft.Hosting.Lifetime Hosting environment: Development
[10:12:45 INF] Microsoft.Hosting.Lifetime Content root path: C:\Users\luka.osojnik\Documents\Coding\simple-bloomberg-terminal\simple-bloomberg-terminal
[10:12:46 WRN] Microsoft.EntityFrameworkCore.Query Compiling a query which loads related collections for more than one collection navigation, either via 'Include' or through projection, but no 'QuerySplittingBehavior' has been configured. By default, Entity Framework will use 'QuerySplittingBehavior.SingleQuery', which can potentially result in slow query performance. See https://go.microsoft.com/fwlink/?linkid=2134277 for more information. To identify the query that's triggering this warning call 'ConfigureWarnings(w => w.Throw(RelationalEventId.MultipleCollectionIncludeWarning))'.
[10:12:56 INF] simple_bloomberg_terminal.Areas.Identity.Pages.Account.ExternalLoginModel Luka Osojnik signed in with Google.
[10:13:19 INF] System.Net.Http.HttpClient.IFmpApiClient.LogicalHandler Start processing HTTP request GET https://financialmodelingprep.com/stable/profile?*
[10:13:19 INF] System.Net.Http.HttpClient.IFmpApiClient.ClientHandler Sending HTTP request GET https://financialmodelingprep.com/stable/profile?*
[10:13:20 INF] System.Net.Http.HttpClient.IFmpApiClient.ClientHandler Received HTTP response headers after 611.6791ms - 200
[10:13:20 INF] System.Net.Http.HttpClient.IFmpApiClient.LogicalHandler End processing HTTP request after 637.8979ms - 200
[10:13:20 INF] System.Net.Http.HttpClient.IFmpApiClient.LogicalHandler Start processing HTTP request GET https://financialmodelingprep.com/stable/income-statement?*
[10:13:20 INF] System.Net.Http.HttpClient.IFmpApiClient.ClientHandler Sending HTTP request GET https://financialmodelingprep.com/stable/income-statement?*
[10:13:20 INF] System.Net.Http.HttpClient.IFmpApiClient.ClientHandler Received HTTP response headers after 123.9808ms - 402
[10:13:20 INF] System.Net.Http.HttpClient.IFmpApiClient.LogicalHandler End processing HTTP request after 136.1595ms - 402
[10:13:20 WRN] simple_bloomberg_terminal.Services.Clients.Fmp.FmpApiClient FMP request failed: 402
[10:13:20 INF] System.Net.Http.HttpClient.IYahooFinanceClient.LogicalHandler Start processing HTTP request GET https://fc.yahoo.com/
[10:13:20 INF] System.Net.Http.HttpClient.IYahooFinanceClient.ClientHandler Sending HTTP request GET https://fc.yahoo.com/
[10:13:21 INF] System.Net.Http.HttpClient.IYahooFinanceClient.ClientHandler Received HTTP response headers after 285.1184ms - 404
[10:13:21 INF] System.Net.Http.HttpClient.IYahooFinanceClient.LogicalHandler End processing HTTP request after 295.4396ms - 404
[10:13:21 INF] System.Net.Http.HttpClient.IYahooFinanceClient.LogicalHandler Start processing HTTP request GET https://query1.finance.yahoo.com/v1/test/getcrumb
[10:13:21 INF] System.Net.Http.HttpClient.IYahooFinanceClient.ClientHandler Sending HTTP request GET https://query1.finance.yahoo.com/v1/test/getcrumb
[10:13:21 INF] System.Net.Http.HttpClient.IYahooFinanceClient.ClientHandler Received HTTP response headers after 283.8585ms - 200
[10:13:21 INF] System.Net.Http.HttpClient.IYahooFinanceClient.LogicalHandler End processing HTTP request after 293.1849ms - 200
[10:13:21 INF] System.Net.Http.HttpClient.IYahooFinanceClient.LogicalHandler Start processing HTTP request GET https://query1.finance.yahoo.com/v10/finance/quoteSummary/SMCI?*
[10:13:21 INF] System.Net.Http.HttpClient.IYahooFinanceClient.ClientHandler Sending HTTP request GET https://query1.finance.yahoo.com/v10/finance/quoteSummary/SMCI?*
[10:13:21 INF] System.Net.Http.HttpClient.IYahooFinanceClient.ClientHandler Received HTTP response headers after 144.426ms - 200
[10:13:21 INF] System.Net.Http.HttpClient.IYahooFinanceClient.LogicalHandler End processing HTTP request after 154.2995ms - 200
[10:13:26 INF] System.Net.Http.HttpClient.IFmpApiClient.LogicalHandler Start processing HTTP request GET https://financialmodelingprep.com/stable/income-statement?*
[10:13:26 INF] System.Net.Http.HttpClient.IFmpApiClient.ClientHandler Sending HTTP request GET https://financialmodelingprep.com/stable/income-statement?*
[10:13:27 INF] System.Net.Http.HttpClient.IFmpApiClient.ClientHandler Received HTTP response headers after 137.3476ms - 402
[10:13:27 INF] System.Net.Http.HttpClient.IFmpApiClient.LogicalHandler End processing HTTP request after 147.8205ms - 402
[10:13:27 WRN] simple_bloomberg_terminal.Services.Clients.Fmp.FmpApiClient FMP request failed: 402
[10:13:27 INF] simple_bloomberg_terminal.Services.Financials.CompanyFinancialsService FMP annual unavailable for SMCI: premium-gated (symbol not in this FMP plan)
[10:13:27 INF] System.Net.Http.HttpClient.IFmpApiClient.LogicalHandler Start processing HTTP request GET https://financialmodelingprep.com/stable/income-statement?*
[10:13:27 INF] System.Net.Http.HttpClient.IFmpApiClient.ClientHandler Sending HTTP request GET https://financialmodelingprep.com/stable/income-statement?*
[10:13:27 INF] System.Net.Http.HttpClient.IFmpApiClient.ClientHandler Received HTTP response headers after 136.096ms - 402
[10:13:27 INF] System.Net.Http.HttpClient.IFmpApiClient.LogicalHandler End processing HTTP request after 145.706ms - 402
[10:13:27 WRN] simple_bloomberg_terminal.Services.Clients.Fmp.FmpApiClient FMP request failed: 402
[10:13:27 INF] simple_bloomberg_terminal.Services.Financials.CompanyFinancialsService FMP quarter unavailable for SMCI: premium-gated (symbol not in this FMP plan)
[10:13:27 INF] simple_bloomberg_terminal.Services.Financials.CompanyFinancialsService FMP returned no rows for SMCI; falling back to Yahoo annual income.
[10:13:27 INF] System.Net.Http.HttpClient.IYahooFinanceClient.LogicalHandler Start processing HTTP request GET https://fc.yahoo.com/
[10:13:27 INF] System.Net.Http.HttpClient.IYahooFinanceClient.ClientHandler Sending HTTP request GET https://fc.yahoo.com/
[10:13:27 INF] System.Net.Http.HttpClient.IYahooFinanceClient.ClientHandler Received HTTP response headers after 35.882ms - 404
[10:13:27 INF] System.Net.Http.HttpClient.IYahooFinanceClient.LogicalHandler End processing HTTP request after 46.8174ms - 404
[10:13:27 INF] System.Net.Http.HttpClient.IYahooFinanceClient.LogicalHandler Start processing HTTP request GET https://query1.finance.yahoo.com/v1/test/getcrumb
[10:13:27 INF] System.Net.Http.HttpClient.IYahooFinanceClient.ClientHandler Sending HTTP request GET https://query1.finance.yahoo.com/v1/test/getcrumb
[10:13:27 INF] System.Net.Http.HttpClient.IYahooFinanceClient.ClientHandler Received HTTP response headers after 160.5123ms - 200
[10:13:27 INF] System.Net.Http.HttpClient.IYahooFinanceClient.LogicalHandler End processing HTTP request after 170.1863ms - 200
[10:13:27 INF] System.Net.Http.HttpClient.IYahooFinanceClient.LogicalHandler Start processing HTTP request GET https://query1.finance.yahoo.com/v10/finance/quoteSummary/SMCI?*
[10:13:27 INF] System.Net.Http.HttpClient.IYahooFinanceClient.ClientHandler Sending HTTP request GET https://query1.finance.yahoo.com/v10/finance/quoteSummary/SMCI?*
[10:13:27 INF] System.Net.Http.HttpClient.IYahooFinanceClient.ClientHandler Received HTTP response headers after 177.0055ms - 200
[10:13:27 INF] System.Net.Http.HttpClient.IYahooFinanceClient.LogicalHandler End processing HTTP request after 187.7684ms - 200
[10:13:57 WRN] LuckyPennySoftware.AutoMapper.License You do not have a valid license key for the Lucky Penny software AutoMapper. This is allowed for development and testing scenarios. If you are running in production you are required to have a licensed version. Please visit https://luckypennysoftware.com to obtain a valid license.
[10:13:57 INF] System.Net.Http.HttpClient.IStockApiClient.LogicalHandler Start processing HTTP request GET https://data.sec.gov/submissions/CIK0001375365.json
[10:13:57 INF] System.Net.Http.HttpClient.IStockApiClient.ClientHandler Sending HTTP request GET https://data.sec.gov/submissions/CIK0001375365.json
[10:13:57 INF] System.Net.Http.HttpClient.IStockApiClient.ClientHandler Received HTTP response headers after 389.5859ms - 200
[10:13:57 INF] System.Net.Http.HttpClient.IStockApiClient.LogicalHandler End processing HTTP request after 398.5068ms - 200
[10:14:10 INF] System.Net.Http.HttpClient.IStockApiClient.LogicalHandler Start processing HTTP request GET https://www.sec.gov/Archives/edgar/data/1375365/000137536525000027/smci-20250630.htm
[10:14:10 INF] System.Net.Http.HttpClient.IStockApiClient.ClientHandler Sending HTTP request GET https://www.sec.gov/Archives/edgar/data/1375365/000137536525000027/smci-20250630.htm
[10:14:10 INF] System.Net.Http.HttpClient.IStockApiClient.ClientHandler Received HTTP response headers after 261.3585ms - 200
[10:14:10 INF] System.Net.Http.HttpClient.IStockApiClient.LogicalHandler End processing HTTP request after 270.2231ms - 200
[10:14:11 INF] System.Net.Http.HttpClient.IStockApiClient.LogicalHandler Start processing HTTP request GET https://www.sec.gov/Archives/edgar/data/1375365/000137536525000027/smci-20250630.htm
[10:14:11 INF] System.Net.Http.HttpClient.IStockApiClient.ClientHandler Sending HTTP request GET https://www.sec.gov/Archives/edgar/data/1375365/000137536525000027/smci-20250630.htm
[10:14:11 INF] System.Net.Http.HttpClient.IStockApiClient.ClientHandler Received HTTP response headers after 71.9831ms - 200
[10:14:11 INF] System.Net.Http.HttpClient.IStockApiClient.LogicalHandler End processing HTTP request after 80.829ms - 200
[10:14:12 INF] System.Net.Http.HttpClient.IDeepSeekClient.LogicalHandler Start processing HTTP request POST https://api.deepseek.com/chat/completions
[10:14:12 INF] System.Net.Http.HttpClient.IDeepSeekClient.ClientHandler Sending HTTP request POST https://api.deepseek.com/chat/completions
[10:14:12 INF] System.Net.Http.HttpClient.IDeepSeekClient.ClientHandler Received HTTP response headers after 524.932ms - 200
[10:14:12 INF] System.Net.Http.HttpClient.IDeepSeekClient.LogicalHandler End processing HTTP request after 534.3309ms - 200
[10:14:43 INF] System.Net.Http.HttpClient.IStockApiClient.LogicalHandler Start processing HTTP request GET https://www.sec.gov/Archives/edgar/data/1375365/000137536525000027/FilingSummary.xml
[10:14:43 INF] System.Net.Http.HttpClient.IStockApiClient.ClientHandler Sending HTTP request GET https://www.sec.gov/Archives/edgar/data/1375365/000137536525000027/FilingSummary.xml
[10:14:43 INF] System.Net.Http.HttpClient.IStockApiClient.ClientHandler Received HTTP response headers after 33.237ms - 200
[10:14:43 INF] System.Net.Http.HttpClient.IStockApiClient.LogicalHandler End processing HTTP request after 42.3477ms - 200
[10:14:43 INF] System.Net.Http.HttpClient.IStockApiClient.LogicalHandler Start processing HTTP request GET https://www.sec.gov/Archives/edgar/data/1375365/000137536525000027/R5.htm
[10:14:43 INF] System.Net.Http.HttpClient.IStockApiClient.ClientHandler Sending HTTP request GET https://www.sec.gov/Archives/edgar/data/1375365/000137536525000027/R5.htm
[10:14:43 INF] System.Net.Http.HttpClient.IStockApiClient.ClientHandler Received HTTP response headers after 28.7287ms - 200
[10:14:43 INF] System.Net.Http.HttpClient.IStockApiClient.LogicalHandler End processing HTTP request after 38.1488ms - 200
[10:14:43 INF] System.Net.Http.HttpClient.IStockApiClient.LogicalHandler Start processing HTTP request GET https://www.sec.gov/Archives/edgar/data/1375365/000137536525000027/R48.htm
[10:14:43 INF] System.Net.Http.HttpClient.IStockApiClient.ClientHandler Sending HTTP request GET https://www.sec.gov/Archives/edgar/data/1375365/000137536525000027/R48.htm
[10:14:43 INF] System.Net.Http.HttpClient.IStockApiClient.ClientHandler Received HTTP response headers after 28.8519ms - 200
[10:14:43 INF] System.Net.Http.HttpClient.IStockApiClient.LogicalHandler End processing HTTP request after 37.5106ms - 200
[10:14:43 INF] System.Net.Http.HttpClient.IStockApiClient.LogicalHandler Start processing HTTP request GET https://www.sec.gov/Archives/edgar/data/1375365/000137536525000027/R81.htm
[10:14:44 INF] System.Net.Http.HttpClient.IStockApiClient.ClientHandler Sending HTTP request GET https://www.sec.gov/Archives/edgar/data/1375365/000137536525000027/R81.htm
[10:14:44 INF] System.Net.Http.HttpClient.IStockApiClient.ClientHandler Received HTTP response headers after 74.7118ms - 200
[10:14:44 INF] System.Net.Http.HttpClient.IStockApiClient.LogicalHandler End processing HTTP request after 83.7804ms - 200
[10:14:44 INF] System.Net.Http.HttpClient.IStockApiClient.LogicalHandler Start processing HTTP request GET https://www.sec.gov/Archives/edgar/data/1375365/000137536525000027/R92.htm
[10:14:44 INF] System.Net.Http.HttpClient.IStockApiClient.ClientHandler Sending HTTP request GET https://www.sec.gov/Archives/edgar/data/1375365/000137536525000027/R92.htm
[10:14:44 INF] System.Net.Http.HttpClient.IStockApiClient.ClientHandler Received HTTP response headers after 30.3586ms - 200
[10:14:44 INF] System.Net.Http.HttpClient.IStockApiClient.LogicalHandler End processing HTTP request after 40.1784ms - 200
[10:14:44 INF] System.Net.Http.HttpClient.IStockApiClient.LogicalHandler Start processing HTTP request GET https://www.sec.gov/Archives/edgar/data/1375365/000137536525000027/R107.htm
[10:14:44 INF] System.Net.Http.HttpClient.IStockApiClient.ClientHandler Sending HTTP request GET https://www.sec.gov/Archives/edgar/data/1375365/000137536525000027/R107.htm
[10:14:44 INF] System.Net.Http.HttpClient.IStockApiClient.ClientHandler Received HTTP response headers after 31.1412ms - 200
[10:14:44 INF] System.Net.Http.HttpClient.IStockApiClient.LogicalHandler End processing HTTP request after 40.9913ms - 200
[10:14:44 INF] System.Net.Http.HttpClient.IStockApiClient.LogicalHandler Start processing HTTP request GET https://www.sec.gov/Archives/edgar/data/1375365/000137536525000027/R108.htm
[10:14:44 INF] System.Net.Http.HttpClient.IStockApiClient.ClientHandler Sending HTTP request GET https://www.sec.gov/Archives/edgar/data/1375365/000137536525000027/R108.htm
[10:14:44 INF] System.Net.Http.HttpClient.IStockApiClient.ClientHandler Received HTTP response headers after 30.1278ms - 200
[10:14:44 INF] System.Net.Http.HttpClient.IStockApiClient.LogicalHandler End processing HTTP request after 39.4476ms - 200
[10:14:44 INF] System.Net.Http.HttpClient.IDeepSeekClient.LogicalHandler Start processing HTTP request POST https://api.deepseek.com/chat/completions
[10:14:44 INF] System.Net.Http.HttpClient.IDeepSeekClient.ClientHandler Sending HTTP request POST https://api.deepseek.com/chat/completions
[10:14:44 INF] System.Net.Http.HttpClient.IDeepSeekClient.LogicalHandler Start processing HTTP request POST https://api.deepseek.com/chat/completions
[10:14:44 INF] System.Net.Http.HttpClient.IDeepSeekClient.ClientHandler Sending HTTP request POST https://api.deepseek.com/chat/completions
[10:14:44 INF] System.Net.Http.HttpClient.IDeepSeekClient.LogicalHandler Start processing HTTP request POST https://api.deepseek.com/chat/completions
[10:14:44 INF] System.Net.Http.HttpClient.IDeepSeekClient.ClientHandler Sending HTTP request POST https://api.deepseek.com/chat/completions
[10:14:44 INF] System.Net.Http.HttpClient.IDeepSeekClient.LogicalHandler Start processing HTTP request POST https://api.deepseek.com/chat/completions
[10:14:44 INF] System.Net.Http.HttpClient.IDeepSeekClient.ClientHandler Sending HTTP request POST https://api.deepseek.com/chat/completions
[10:14:44 INF] System.Net.Http.HttpClient.IDeepSeekClient.LogicalHandler Start processing HTTP request POST https://api.deepseek.com/chat/completions
[10:14:44 INF] System.Net.Http.HttpClient.IDeepSeekClient.ClientHandler Sending HTTP request POST https://api.deepseek.com/chat/completions
[10:14:44 INF] System.Net.Http.HttpClient.IDeepSeekClient.LogicalHandler Start processing HTTP request POST https://api.deepseek.com/chat/completions
[10:14:44 INF] System.Net.Http.HttpClient.IDeepSeekClient.ClientHandler Sending HTTP request POST https://api.deepseek.com/chat/completions
[10:14:44 INF] System.Net.Http.HttpClient.IDeepSeekClient.ClientHandler Received HTTP response headers after 303.1099ms - 200
[10:14:44 INF] System.Net.Http.HttpClient.IDeepSeekClient.LogicalHandler End processing HTTP request after 313.0902ms - 200
[10:14:44 INF] System.Net.Http.HttpClient.IDeepSeekClient.ClientHandler Received HTTP response headers after 341.4322ms - 200
[10:14:44 INF] System.Net.Http.HttpClient.IDeepSeekClient.LogicalHandler End processing HTTP request after 351.1783ms - 200
[10:14:44 INF] System.Net.Http.HttpClient.IDeepSeekClient.ClientHandler Received HTTP response headers after 328.2728ms - 200
[10:14:44 INF] System.Net.Http.HttpClient.IDeepSeekClient.LogicalHandler End processing HTTP request after 337.1814ms - 200
[10:14:44 INF] System.Net.Http.HttpClient.IDeepSeekClient.ClientHandler Received HTTP response headers after 342.9034ms - 200
[10:14:44 INF] System.Net.Http.HttpClient.IDeepSeekClient.LogicalHandler End processing HTTP request after 352.5233ms - 200
[10:14:44 INF] System.Net.Http.HttpClient.IDeepSeekClient.ClientHandler Received HTTP response headers after 370.4033ms - 200
[10:14:44 INF] System.Net.Http.HttpClient.IDeepSeekClient.ClientHandler Received HTTP response headers after 384.2059ms - 200
[10:14:44 INF] System.Net.Http.HttpClient.IDeepSeekClient.LogicalHandler End processing HTTP request after 380.2433ms - 200
[10:14:44 INF] System.Net.Http.HttpClient.IDeepSeekClient.LogicalHandler End processing HTTP request after 396.4361ms - 200
[10:14:45 INF] System.Net.Http.HttpClient.IDeepSeekClient.LogicalHandler Start processing HTTP request POST https://api.deepseek.com/chat/completions
[10:14:45 INF] System.Net.Http.HttpClient.IDeepSeekClient.ClientHandler Sending HTTP request POST https://api.deepseek.com/chat/completions
[10:14:45 INF] System.Net.Http.HttpClient.IDeepSeekClient.LogicalHandler Start processing HTTP request POST https://api.deepseek.com/chat/completions
[10:14:45 INF] System.Net.Http.HttpClient.IDeepSeekClient.ClientHandler Sending HTTP request POST https://api.deepseek.com/chat/completions
[10:14:45 INF] System.Net.Http.HttpClient.IDeepSeekClient.ClientHandler Received HTTP response headers after 295.4148ms - 200
[10:14:45 INF] System.Net.Http.HttpClient.IDeepSeekClient.LogicalHandler End processing HTTP request after 303.3386ms - 200
[10:14:45 INF] System.Net.Http.HttpClient.IDeepSeekClient.ClientHandler Received HTTP response headers after 316.8475ms - 200
[10:14:45 INF] System.Net.Http.HttpClient.IDeepSeekClient.LogicalHandler End processing HTTP request after 324.5228ms - 200
[10:14:46 INF] System.Net.Http.HttpClient.IDeepSeekClient.LogicalHandler Start processing HTTP request POST https://api.deepseek.com/chat/completions
[10:14:46 INF] System.Net.Http.HttpClient.IDeepSeekClient.ClientHandler Sending HTTP request POST https://api.deepseek.com/chat/completions
[10:14:46 INF] System.Net.Http.HttpClient.IDeepSeekClient.ClientHandler Received HTTP response headers after 283.904ms - 200
[10:14:46 INF] System.Net.Http.HttpClient.IDeepSeekClient.LogicalHandler End processing HTTP request after 292.0083ms - 200
[10:14:51 INF] System.Net.Http.HttpClient.IDeepSeekClient.LogicalHandler Start processing HTTP request POST https://api.deepseek.com/chat/completions
[10:14:51 INF] System.Net.Http.HttpClient.IDeepSeekClient.ClientHandler Sending HTTP request POST https://api.deepseek.com/chat/completions
[10:14:51 INF] System.Net.Http.HttpClient.IDeepSeekClient.ClientHandler Received HTTP response headers after 282.41ms - 200
[10:14:51 INF] System.Net.Http.HttpClient.IDeepSeekClient.LogicalHandler End processing HTTP request after 290.4418ms - 200
[10:14:55 INF] System.Net.Http.HttpClient.IDeepSeekClient.LogicalHandler Start processing HTTP request POST https://api.deepseek.com/chat/completions
[10:14:55 INF] System.Net.Http.HttpClient.IDeepSeekClient.ClientHandler Sending HTTP request POST https://api.deepseek.com/chat/completions
[10:14:55 INF] System.Net.Http.HttpClient.IDeepSeekClient.ClientHandler Received HTTP response headers after 299.2845ms - 200
[10:14:55 INF] System.Net.Http.HttpClient.IDeepSeekClient.LogicalHandler End processing HTTP request after 307.3008ms - 200
[10:14:57 INF] System.Net.Http.HttpClient.IDeepSeekClient.LogicalHandler Start processing HTTP request POST https://api.deepseek.com/chat/completions
[10:14:57 INF] System.Net.Http.HttpClient.IDeepSeekClient.ClientHandler Sending HTTP request POST https://api.deepseek.com/chat/completions
[10:14:58 INF] System.Net.Http.HttpClient.IDeepSeekClient.ClientHandler Received HTTP response headers after 283.3229ms - 200
[10:14:58 INF] System.Net.Http.HttpClient.IDeepSeekClient.LogicalHandler End processing HTTP request after 292.009ms - 200
[10:14:59 INF] System.Net.Http.HttpClient.IDeepSeekClient.LogicalHandler Start processing HTTP request POST https://api.deepseek.com/chat/completions
[10:14:59 INF] System.Net.Http.HttpClient.IDeepSeekClient.ClientHandler Sending HTTP request POST https://api.deepseek.com/chat/completions
[10:14:59 INF] System.Net.Http.HttpClient.IDeepSeekClient.ClientHandler Received HTTP response headers after 371.6927ms - 200
[10:14:59 INF] System.Net.Http.HttpClient.IDeepSeekClient.LogicalHandler End processing HTTP request after 379.5492ms - 200
[10:15:01 INF] System.Net.Http.HttpClient.IDeepSeekClient.LogicalHandler Start processing HTTP request POST https://api.deepseek.com/chat/completions
[10:15:01 INF] System.Net.Http.HttpClient.IDeepSeekClient.ClientHandler Sending HTTP request POST https://api.deepseek.com/chat/completions
[10:15:01 INF] System.Net.Http.HttpClient.IDeepSeekClient.ClientHandler Received HTTP response headers after 290.3957ms - 200
[10:15:01 INF] System.Net.Http.HttpClient.IDeepSeekClient.LogicalHandler End processing HTTP request after 298.3839ms - 200
[10:15:09 INF] System.Net.Http.HttpClient.IDeepSeekClient.LogicalHandler Start processing HTTP request POST https://api.deepseek.com/chat/completions
[10:15:09 INF] System.Net.Http.HttpClient.IDeepSeekClient.ClientHandler Sending HTTP request POST https://api.deepseek.com/chat/completions
[10:15:09 INF] System.Net.Http.HttpClient.IDeepSeekClient.ClientHandler Received HTTP response headers after 289.6191ms - 200
[10:15:09 INF] System.Net.Http.HttpClient.IDeepSeekClient.LogicalHandler End processing HTTP request after 299.6856ms - 200
[10:15:11 INF] System.Net.Http.HttpClient.IDeepSeekClient.LogicalHandler Start processing HTTP request POST https://api.deepseek.com/chat/completions
[10:15:11 INF] System.Net.Http.HttpClient.IDeepSeekClient.ClientHandler Sending HTTP request POST https://api.deepseek.com/chat/completions
[10:15:11 INF] System.Net.Http.HttpClient.IDeepSeekClient.ClientHandler Received HTTP response headers after 290.8874ms - 200
[10:15:11 INF] System.Net.Http.HttpClient.IDeepSeekClient.LogicalHandler End processing HTTP request after 303.92ms - 200
[10:15:18 INF] System.Net.Http.HttpClient.IDeepSeekClient.LogicalHandler Start processing HTTP request POST https://api.deepseek.com/chat/completions
[10:15:18 INF] System.Net.Http.HttpClient.IDeepSeekClient.ClientHandler Sending HTTP request POST https://api.deepseek.com/chat/completions
[10:15:18 INF] System.Net.Http.HttpClient.IDeepSeekClient.ClientHandler Received HTTP response headers after 309.425ms - 200
[10:15:18 INF] System.Net.Http.HttpClient.IDeepSeekClient.LogicalHandler End processing HTTP request after 317.3735ms - 200
[10:15:19 INF] System.Net.Http.HttpClient.IDeepSeekClient.LogicalHandler Start processing HTTP request POST https://api.deepseek.com/chat/completions
[10:15:19 INF] System.Net.Http.HttpClient.IDeepSeekClient.ClientHandler Sending HTTP request POST https://api.deepseek.com/chat/completions
[10:15:20 INF] System.Net.Http.HttpClient.IDeepSeekClient.ClientHandler Received HTTP response headers after 289.1126ms - 200
[10:15:20 INF] System.Net.Http.HttpClient.IDeepSeekClient.LogicalHandler End processing HTTP request after 296.7921ms - 200
[10:16:03 INF] System.Net.Http.HttpClient.IDeepSeekClient.LogicalHandler Start processing HTTP request POST https://api.deepseek.com/chat/completions
[10:16:03 INF] System.Net.Http.HttpClient.IDeepSeekClient.ClientHandler Sending HTTP request POST https://api.deepseek.com/chat/completions
[10:16:03 INF] System.Net.Http.HttpClient.IDeepSeekClient.ClientHandler Received HTTP response headers after 280.5222ms - 200
[10:16:03 INF] System.Net.Http.HttpClient.IDeepSeekClient.LogicalHandler End processing HTTP request after 289.2817ms - 200
[10:16:08 INF] System.Net.Http.HttpClient.IDeepSeekClient.LogicalHandler Start processing HTTP request POST https://api.deepseek.com/chat/completions
[10:16:08 INF] System.Net.Http.HttpClient.IDeepSeekClient.ClientHandler Sending HTTP request POST https://api.deepseek.com/chat/completions
[10:16:09 INF] System.Net.Http.HttpClient.IDeepSeekClient.ClientHandler Received HTTP response headers after 314.0619ms - 200
[10:16:09 INF] System.Net.Http.HttpClient.IDeepSeekClient.LogicalHandler End processing HTTP request after 321.5974ms - 200
[10:16:09 INF] System.Net.Http.HttpClient.IDeepSeekClient.LogicalHandler Start processing HTTP request POST https://api.deepseek.com/chat/completions
[10:16:09 INF] System.Net.Http.HttpClient.IDeepSeekClient.ClientHandler Sending HTTP request POST https://api.deepseek.com/chat/completions
[10:16:09 INF] System.Net.Http.HttpClient.IDeepSeekClient.ClientHandler Received HTTP response headers after 301.0323ms - 200
[10:16:09 INF] System.Net.Http.HttpClient.IDeepSeekClient.LogicalHandler End processing HTTP request after 308.5618ms - 200
[10:16:17 INF] System.Net.Http.HttpClient.IDeepSeekClient.LogicalHandler Start processing HTTP request POST https://api.deepseek.com/chat/completions
[10:16:17 INF] System.Net.Http.HttpClient.IDeepSeekClient.ClientHandler Sending HTTP request POST https://api.deepseek.com/chat/completions
[10:16:17 INF] System.Net.Http.HttpClient.IDeepSeekClient.ClientHandler Received HTTP response headers after 328.4019ms - 200
[10:16:17 INF] System.Net.Http.HttpClient.IDeepSeekClient.LogicalHandler End processing HTTP request after 342.4646ms - 200
[10:17:52 INF] System.Net.Http.HttpClient.IStockApiClient.LogicalHandler Start processing HTTP request GET https://data.sec.gov/api/xbrl/companyfacts/CIK0001375365.json
[10:17:52 INF] System.Net.Http.HttpClient.IStockApiClient.ClientHandler Sending HTTP request GET https://data.sec.gov/api/xbrl/companyfacts/CIK0001375365.json
[10:17:52 INF] System.Net.Http.HttpClient.IStockApiClient.ClientHandler Received HTTP response headers after 328.5883ms - 200
[10:17:52 INF] System.Net.Http.HttpClient.IStockApiClient.LogicalHandler End processing HTTP request after 338.2814ms - 200
[10:17:53 INF] System.Net.Http.HttpClient.IStockApiClient.LogicalHandler Start processing HTTP request GET https://data.sec.gov/submissions/CIK0001375365.json
[10:17:53 INF] System.Net.Http.HttpClient.IStockApiClient.ClientHandler Sending HTTP request GET https://data.sec.gov/submissions/CIK0001375365.json
[10:17:53 INF] System.Net.Http.HttpClient.IStockApiClient.ClientHandler Received HTTP response headers after 136.8771ms - 200
[10:17:53 INF] System.Net.Http.HttpClient.IStockApiClient.LogicalHandler End processing HTTP request after 145.5544ms - 200
[10:17:53 INF] System.Net.Http.HttpClient.IStockApiClient.LogicalHandler Start processing HTTP request GET https://www.sec.gov/Archives/edgar/data/1375365/000137536525000027/index.json
[10:17:53 INF] System.Net.Http.HttpClient.IStockApiClient.ClientHandler Sending HTTP request GET https://www.sec.gov/Archives/edgar/data/1375365/000137536525000027/index.json
[10:17:53 INF] System.Net.Http.HttpClient.IStockApiClient.ClientHandler Received HTTP response headers after 133.6578ms - 200
[10:17:53 INF] System.Net.Http.HttpClient.IStockApiClient.LogicalHandler End processing HTTP request after 142.2487ms - 200
[10:17:53 INF] System.Net.Http.HttpClient.IStockApiClient.LogicalHandler Start processing HTTP request GET https://www.sec.gov/Archives/edgar/data/1375365/000137536525000027/smci-20250630_htm.xml
[10:17:53 INF] System.Net.Http.HttpClient.IStockApiClient.ClientHandler Sending HTTP request GET https://www.sec.gov/Archives/edgar/data/1375365/000137536525000027/smci-20250630_htm.xml
[10:17:53 INF] System.Net.Http.HttpClient.IStockApiClient.ClientHandler Received HTTP response headers after 74.5391ms - 200
[10:17:53 INF] System.Net.Http.HttpClient.IStockApiClient.LogicalHandler End processing HTTP request after 83.523ms - 200
[10:17:54 INF] System.Net.Http.HttpClient.IDeepSeekClient.LogicalHandler Start processing HTTP request POST https://api.deepseek.com/chat/completions
[10:17:54 INF] System.Net.Http.HttpClient.IDeepSeekClient.ClientHandler Sending HTTP request POST https://api.deepseek.com/chat/completions
[10:17:54 INF] System.Net.Http.HttpClient.IDeepSeekClient.ClientHandler Received HTTP response headers after 357.0379ms - 200
[10:17:54 INF] System.Net.Http.HttpClient.IDeepSeekClient.LogicalHandler End processing HTTP request after 366.711ms - 200
[10:30:40 INF] System.Net.Http.HttpClient.IDeepSeekClient.LogicalHandler Start processing HTTP request POST https://api.deepseek.com/chat/completions
[10:30:40 INF] System.Net.Http.HttpClient.IDeepSeekClient.ClientHandler Sending HTTP request POST https://api.deepseek.com/chat/completions
[10:30:40 INF] System.Net.Http.HttpClient.IDeepSeekClient.ClientHandler Received HTTP response headers after 422.2436ms - 200
[10:30:40 INF] System.Net.Http.HttpClient.IDeepSeekClient.LogicalHandler End processing HTTP request after 430.6067ms - 200
[10:31:11 INF] System.Net.Http.HttpClient.IDeepSeekClient.LogicalHandler Start processing HTTP request POST https://api.deepseek.com/chat/completions
[10:31:11 INF] System.Net.Http.HttpClient.IDeepSeekClient.ClientHandler Sending HTTP request POST https://api.deepseek.com/chat/completions
[10:31:11 INF] System.Net.Http.HttpClient.IDeepSeekClient.ClientHandler Received HTTP response headers after 383.6804ms - 200
[10:31:11 INF] System.Net.Http.HttpClient.IDeepSeekClient.LogicalHandler End processing HTTP request after 392.1412ms - 200
[10:34:35 INF] System.Net.Http.HttpClient.IDeepSeekClient.LogicalHandler Start processing HTTP request POST https://api.deepseek.com/chat/completions
[10:34:35 INF] System.Net.Http.HttpClient.IDeepSeekClient.ClientHandler Sending HTTP request POST https://api.deepseek.com/chat/completions
[10:34:35 INF] System.Net.Http.HttpClient.IDeepSeekClient.ClientHandler Received HTTP response headers after 410.2163ms - 200
[10:34:35 INF] System.Net.Http.HttpClient.IDeepSeekClient.LogicalHandler End processing HTTP request after 418.8582ms - 200
[10:34:59 INF] System.Net.Http.HttpClient.IDeepSeekClient.LogicalHandler Start processing HTTP request POST https://api.deepseek.com/chat/completions
[10:34:59 INF] System.Net.Http.HttpClient.IDeepSeekClient.ClientHandler Sending HTTP request POST https://api.deepseek.com/chat/completions
[10:34:59 INF] System.Net.Http.HttpClient.IDeepSeekClient.ClientHandler Received HTTP response headers after 274.9268ms - 200
[10:34:59 INF] System.Net.Http.HttpClient.IDeepSeekClient.LogicalHandler End processing HTTP request after 284.6196ms - 200
[10:35:15 INF] simple_bloomberg_terminal.Services.Classification.IndustryClassifier Classify no-fit: Ablecom and Compuware [INFORMATION_TECHNOLOGY] label='(none)' — empty reply (likely truncated — token budget hit before the JSON). raw=''
[10:35:15 INF] System.Net.Http.HttpClient.IDeepSeekClient.LogicalHandler Start processing HTTP request POST https://api.deepseek.com/chat/completions
[10:35:15 INF] System.Net.Http.HttpClient.IDeepSeekClient.ClientHandler Sending HTTP request POST https://api.deepseek.com/chat/completions
[10:35:16 INF] System.Net.Http.HttpClient.IDeepSeekClient.ClientHandler Received HTTP response headers after 292.5995ms - 200
[10:35:16 INF] System.Net.Http.HttpClient.IDeepSeekClient.LogicalHandler End processing HTTP request after 301.3654ms - 200
[10:35:32 INF] simple_bloomberg_terminal.Services.Classification.IndustryClassifier Classify no-fit: Ablecom and Compuware [(unconstrained)] label='(none)' — empty reply (likely truncated — token budget hit before the JSON). raw=''
[10:36:05 INF] System.Net.Http.HttpClient.IStockApiClient.LogicalHandler Start processing HTTP request GET https://www.sec.gov/Archives/edgar/data/1375365/000137536525000027/smci-20250630.htm
[10:36:05 INF] System.Net.Http.HttpClient.IStockApiClient.ClientHandler Sending HTTP request GET https://www.sec.gov/Archives/edgar/data/1375365/000137536525000027/smci-20250630.htm
[10:36:06 INF] System.Net.Http.HttpClient.IStockApiClient.ClientHandler Received HTTP response headers after 94.898ms - 200
[10:36:06 INF] System.Net.Http.HttpClient.IStockApiClient.LogicalHandler End processing HTTP request after 103.1925ms - 200
[10:38:48 INF] System.Net.Http.HttpClient.IStockApiClient.LogicalHandler Start processing HTTP request GET https://www.sec.gov/Archives/edgar/data/1375365/000137536525000027/smci-20250630.htm
[10:38:48 INF] System.Net.Http.HttpClient.IStockApiClient.ClientHandler Sending HTTP request GET https://www.sec.gov/Archives/edgar/data/1375365/000137536525000027/smci-20250630.htm
[10:38:49 INF] System.Net.Http.HttpClient.IStockApiClient.ClientHandler Received HTTP response headers after 115.0984ms - 200
[10:38:49 INF] System.Net.Http.HttpClient.IStockApiClient.LogicalHandler End processing HTTP request after 124.6131ms - 200
[11:17:52 INF] System.Net.Http.HttpClient.IStockApiClient.LogicalHandler Start processing HTTP request GET https://data.sec.gov/submissions/CIK0001375365.json
[11:17:52 INF] System.Net.Http.HttpClient.IStockApiClient.ClientHandler Sending HTTP request GET https://data.sec.gov/submissions/CIK0001375365.json
[11:17:52 INF] System.Net.Http.HttpClient.IStockApiClient.ClientHandler Received HTTP response headers after 271.9923ms - 200
[11:17:52 INF] System.Net.Http.HttpClient.IStockApiClient.LogicalHandler End processing HTTP request after 280.1932ms - 200
[11:17:56 INF] System.Net.Http.HttpClient.IStockApiClient.LogicalHandler Start processing HTTP request GET https://www.sec.gov/Archives/edgar/data/1375365/000137536525000027/smci-20250630.htm
[11:17:56 INF] System.Net.Http.HttpClient.IStockApiClient.ClientHandler Sending HTTP request GET https://www.sec.gov/Archives/edgar/data/1375365/000137536525000027/smci-20250630.htm
[11:17:57 INF] System.Net.Http.HttpClient.IStockApiClient.ClientHandler Received HTTP response headers after 150.8587ms - 200
[11:17:57 INF] System.Net.Http.HttpClient.IStockApiClient.LogicalHandler End processing HTTP request after 158.75ms - 200
[11:17:58 INF] System.Net.Http.HttpClient.IDeepSeekClient.LogicalHandler Start processing HTTP request POST https://api.deepseek.com/chat/completions
[11:17:58 INF] System.Net.Http.HttpClient.IDeepSeekClient.ClientHandler Sending HTTP request POST https://api.deepseek.com/chat/completions
[11:17:58 INF] System.Net.Http.HttpClient.IDeepSeekClient.ClientHandler Received HTTP response headers after 340.0321ms - 200
[11:17:58 INF] System.Net.Http.HttpClient.IDeepSeekClient.LogicalHandler End processing HTTP request after 347.7829ms - 200
[11:18:31 INF] System.Net.Http.HttpClient.IStockApiClient.LogicalHandler Start processing HTTP request GET https://www.sec.gov/Archives/edgar/data/1375365/000137536525000027/FilingSummary.xml
[11:18:31 INF] System.Net.Http.HttpClient.IStockApiClient.ClientHandler Sending HTTP request GET https://www.sec.gov/Archives/edgar/data/1375365/000137536525000027/FilingSummary.xml
[11:18:31 INF] System.Net.Http.HttpClient.IStockApiClient.ClientHandler Received HTTP response headers after 39.2811ms - 200
[11:18:31 INF] System.Net.Http.HttpClient.IStockApiClient.LogicalHandler End processing HTTP request after 47.7264ms - 200
[11:18:31 INF] System.Net.Http.HttpClient.IStockApiClient.LogicalHandler Start processing HTTP request GET https://www.sec.gov/Archives/edgar/data/1375365/000137536525000027/R5.htm
[11:18:31 INF] System.Net.Http.HttpClient.IStockApiClient.ClientHandler Sending HTTP request GET https://www.sec.gov/Archives/edgar/data/1375365/000137536525000027/R5.htm
[11:18:31 INF] System.Net.Http.HttpClient.IStockApiClient.ClientHandler Received HTTP response headers after 24.2773ms - 200
[11:18:31 INF] System.Net.Http.HttpClient.IStockApiClient.LogicalHandler End processing HTTP request after 33.0737ms - 200
[11:18:31 INF] System.Net.Http.HttpClient.IStockApiClient.LogicalHandler Start processing HTTP request GET https://www.sec.gov/Archives/edgar/data/1375365/000137536525000027/R48.htm
[11:18:31 INF] System.Net.Http.HttpClient.IStockApiClient.ClientHandler Sending HTTP request GET https://www.sec.gov/Archives/edgar/data/1375365/000137536525000027/R48.htm
[11:18:32 INF] System.Net.Http.HttpClient.IStockApiClient.ClientHandler Received HTTP response headers after 24.7281ms - 200
[11:18:32 INF] System.Net.Http.HttpClient.IStockApiClient.LogicalHandler End processing HTTP request after 33.9402ms - 200
[11:18:32 INF] System.Net.Http.HttpClient.IStockApiClient.LogicalHandler Start processing HTTP request GET https://www.sec.gov/Archives/edgar/data/1375365/000137536525000027/R81.htm
[11:18:32 INF] System.Net.Http.HttpClient.IStockApiClient.ClientHandler Sending HTTP request GET https://www.sec.gov/Archives/edgar/data/1375365/000137536525000027/R81.htm
[11:18:32 INF] System.Net.Http.HttpClient.IStockApiClient.ClientHandler Received HTTP response headers after 28.0594ms - 200
[11:18:32 INF] System.Net.Http.HttpClient.IStockApiClient.LogicalHandler End processing HTTP request after 36.4819ms - 200
[11:18:32 INF] System.Net.Http.HttpClient.IStockApiClient.LogicalHandler Start processing HTTP request GET https://www.sec.gov/Archives/edgar/data/1375365/000137536525000027/R92.htm
[11:18:32 INF] System.Net.Http.HttpClient.IStockApiClient.ClientHandler Sending HTTP request GET https://www.sec.gov/Archives/edgar/data/1375365/000137536525000027/R92.htm
[11:18:32 INF] System.Net.Http.HttpClient.IStockApiClient.ClientHandler Received HTTP response headers after 26.1159ms - 200
[11:18:32 INF] System.Net.Http.HttpClient.IStockApiClient.LogicalHandler End processing HTTP request after 35.4449ms - 200
[11:18:32 INF] System.Net.Http.HttpClient.IStockApiClient.LogicalHandler Start processing HTTP request GET https://www.sec.gov/Archives/edgar/data/1375365/000137536525000027/R107.htm
[11:18:32 INF] System.Net.Http.HttpClient.IStockApiClient.ClientHandler Sending HTTP request GET https://www.sec.gov/Archives/edgar/data/1375365/000137536525000027/R107.htm
[11:18:32 INF] System.Net.Http.HttpClient.IStockApiClient.ClientHandler Received HTTP response headers after 25.3935ms - 200
[11:18:32 INF] System.Net.Http.HttpClient.IStockApiClient.LogicalHandler End processing HTTP request after 33.4164ms - 200
[11:18:32 INF] System.Net.Http.HttpClient.IStockApiClient.LogicalHandler Start processing HTTP request GET https://www.sec.gov/Archives/edgar/data/1375365/000137536525000027/R108.htm
[11:18:32 INF] System.Net.Http.HttpClient.IStockApiClient.ClientHandler Sending HTTP request GET https://www.sec.gov/Archives/edgar/data/1375365/000137536525000027/R108.htm
[11:18:32 INF] System.Net.Http.HttpClient.IStockApiClient.ClientHandler Received HTTP response headers after 22.8851ms - 200
[11:18:32 INF] System.Net.Http.HttpClient.IStockApiClient.LogicalHandler End processing HTTP request after 31.1351ms - 200
[11:18:32 INF] System.Net.Http.HttpClient.IDeepSeekClient.LogicalHandler Start processing HTTP request POST https://api.deepseek.com/chat/completions
[11:18:32 INF] System.Net.Http.HttpClient.IDeepSeekClient.ClientHandler Sending HTTP request POST https://api.deepseek.com/chat/completions
[11:18:32 INF] System.Net.Http.HttpClient.IDeepSeekClient.LogicalHandler Start processing HTTP request POST https://api.deepseek.com/chat/completions
[11:18:32 INF] System.Net.Http.HttpClient.IDeepSeekClient.ClientHandler Sending HTTP request POST https://api.deepseek.com/chat/completions
[11:18:32 INF] System.Net.Http.HttpClient.IDeepSeekClient.LogicalHandler Start processing HTTP request POST https://api.deepseek.com/chat/completions
[11:18:32 INF] System.Net.Http.HttpClient.IDeepSeekClient.ClientHandler Sending HTTP request POST https://api.deepseek.com/chat/completions
[11:18:32 INF] System.Net.Http.HttpClient.IDeepSeekClient.LogicalHandler Start processing HTTP request POST https://api.deepseek.com/chat/completions
[11:18:32 INF] System.Net.Http.HttpClient.IDeepSeekClient.ClientHandler Sending HTTP request POST https://api.deepseek.com/chat/completions
[11:18:32 INF] System.Net.Http.HttpClient.IDeepSeekClient.LogicalHandler Start processing HTTP request POST https://api.deepseek.com/chat/completions
[11:18:32 INF] System.Net.Http.HttpClient.IDeepSeekClient.ClientHandler Sending HTTP request POST https://api.deepseek.com/chat/completions
[11:18:32 INF] System.Net.Http.HttpClient.IDeepSeekClient.LogicalHandler Start processing HTTP request POST https://api.deepseek.com/chat/completions
[11:18:32 INF] System.Net.Http.HttpClient.IDeepSeekClient.ClientHandler Sending HTTP request POST https://api.deepseek.com/chat/completions
[11:18:32 INF] System.Net.Http.HttpClient.IDeepSeekClient.ClientHandler Received HTTP response headers after 300.1944ms - 200
[11:18:32 INF] System.Net.Http.HttpClient.IDeepSeekClient.LogicalHandler End processing HTTP request after 309.1566ms - 200
[11:18:32 INF] System.Net.Http.HttpClient.IDeepSeekClient.ClientHandler Received HTTP response headers after 335.9071ms - 200
[11:18:32 INF] System.Net.Http.HttpClient.IDeepSeekClient.ClientHandler Received HTTP response headers after 330.4186ms - 200
[11:18:32 INF] System.Net.Http.HttpClient.IDeepSeekClient.LogicalHandler End processing HTTP request after 344.5268ms - 200
[11:18:32 INF] System.Net.Http.HttpClient.IDeepSeekClient.LogicalHandler End processing HTTP request after 340.7651ms - 200
[11:18:32 INF] System.Net.Http.HttpClient.IDeepSeekClient.ClientHandler Received HTTP response headers after 362.1176ms - 200
[11:18:32 INF] System.Net.Http.HttpClient.IDeepSeekClient.ClientHandler Received HTTP response headers after 358.8685ms - 200
[11:18:32 INF] System.Net.Http.HttpClient.IDeepSeekClient.LogicalHandler End processing HTTP request after 371.7856ms - 200
[11:18:32 INF] System.Net.Http.HttpClient.IDeepSeekClient.LogicalHandler End processing HTTP request after 368.8204ms - 200
[11:18:32 INF] System.Net.Http.HttpClient.IDeepSeekClient.ClientHandler Received HTTP response headers after 366.5554ms - 200
[11:18:32 INF] System.Net.Http.HttpClient.IDeepSeekClient.LogicalHandler End processing HTTP request after 375.032ms - 200
[11:18:33 INF] System.Net.Http.HttpClient.IDeepSeekClient.LogicalHandler Start processing HTTP request POST https://api.deepseek.com/chat/completions
[11:18:33 INF] System.Net.Http.HttpClient.IDeepSeekClient.ClientHandler Sending HTTP request POST https://api.deepseek.com/chat/completions
[11:18:33 INF] System.Net.Http.HttpClient.IDeepSeekClient.ClientHandler Received HTTP response headers after 279.4718ms - 200
[11:18:33 INF] System.Net.Http.HttpClient.IDeepSeekClient.LogicalHandler End processing HTTP request after 286.991ms - 200
[11:18:33 INF] System.Net.Http.HttpClient.IDeepSeekClient.LogicalHandler Start processing HTTP request POST https://api.deepseek.com/chat/completions
[11:18:33 INF] System.Net.Http.HttpClient.IDeepSeekClient.ClientHandler Sending HTTP request POST https://api.deepseek.com/chat/completions
[11:18:33 INF] System.Net.Http.HttpClient.IDeepSeekClient.LogicalHandler Start processing HTTP request POST https://api.deepseek.com/chat/completions
[11:18:33 INF] System.Net.Http.HttpClient.IDeepSeekClient.ClientHandler Sending HTTP request POST https://api.deepseek.com/chat/completions
[11:18:33 INF] System.Net.Http.HttpClient.IDeepSeekClient.LogicalHandler Start processing HTTP request POST https://api.deepseek.com/chat/completions
[11:18:33 INF] System.Net.Http.HttpClient.IDeepSeekClient.ClientHandler Sending HTTP request POST https://api.deepseek.com/chat/completions
[11:18:33 INF] System.Net.Http.HttpClient.IDeepSeekClient.ClientHandler Received HTTP response headers after 299.8689ms - 200
[11:18:33 INF] System.Net.Http.HttpClient.IDeepSeekClient.LogicalHandler End processing HTTP request after 307.684ms - 200
[11:18:34 INF] System.Net.Http.HttpClient.IDeepSeekClient.ClientHandler Received HTTP response headers after 281.381ms - 200
[11:18:34 INF] System.Net.Http.HttpClient.IDeepSeekClient.LogicalHandler End processing HTTP request after 288.512ms - 200
[11:18:34 INF] System.Net.Http.HttpClient.IDeepSeekClient.ClientHandler Received HTTP response headers after 285.1788ms - 200
[11:18:34 INF] System.Net.Http.HttpClient.IDeepSeekClient.LogicalHandler End processing HTTP request after 292.646ms - 200
[11:18:44 INF] System.Net.Http.HttpClient.IDeepSeekClient.LogicalHandler Start processing HTTP request POST https://api.deepseek.com/chat/completions
[11:18:44 INF] System.Net.Http.HttpClient.IDeepSeekClient.ClientHandler Sending HTTP request POST https://api.deepseek.com/chat/completions
[11:18:44 INF] System.Net.Http.HttpClient.IDeepSeekClient.ClientHandler Received HTTP response headers after 286.4431ms - 200
[11:18:44 INF] System.Net.Http.HttpClient.IDeepSeekClient.LogicalHandler End processing HTTP request after 294.6423ms - 200
[11:18:46 INF] System.Net.Http.HttpClient.IDeepSeekClient.LogicalHandler Start processing HTTP request POST https://api.deepseek.com/chat/completions
[11:18:46 INF] System.Net.Http.HttpClient.IDeepSeekClient.ClientHandler Sending HTTP request POST https://api.deepseek.com/chat/completions
[11:18:46 INF] System.Net.Http.HttpClient.IDeepSeekClient.ClientHandler Received HTTP response headers after 368.4954ms - 200
[11:18:46 INF] System.Net.Http.HttpClient.IDeepSeekClient.LogicalHandler End processing HTTP request after 375.8431ms - 200
[11:18:47 INF] System.Net.Http.HttpClient.IDeepSeekClient.LogicalHandler Start processing HTTP request POST https://api.deepseek.com/chat/completions
[11:18:47 INF] System.Net.Http.HttpClient.IDeepSeekClient.ClientHandler Sending HTTP request POST https://api.deepseek.com/chat/completions
[11:18:48 INF] System.Net.Http.HttpClient.IDeepSeekClient.ClientHandler Received HTTP response headers after 281.2487ms - 200
[11:18:48 INF] System.Net.Http.HttpClient.IDeepSeekClient.LogicalHandler End processing HTTP request after 288.8959ms - 200
[11:18:51 INF] System.Net.Http.HttpClient.IDeepSeekClient.LogicalHandler Start processing HTTP request POST https://api.deepseek.com/chat/completions
[11:18:51 INF] System.Net.Http.HttpClient.IDeepSeekClient.ClientHandler Sending HTTP request POST https://api.deepseek.com/chat/completions
[11:18:52 INF] System.Net.Http.HttpClient.IDeepSeekClient.ClientHandler Received HTTP response headers after 289.0505ms - 200
[11:18:52 INF] System.Net.Http.HttpClient.IDeepSeekClient.LogicalHandler End processing HTTP request after 296.6614ms - 200
[11:19:01 INF] System.Net.Http.HttpClient.IDeepSeekClient.LogicalHandler Start processing HTTP request POST https://api.deepseek.com/chat/completions
[11:19:01 INF] System.Net.Http.HttpClient.IDeepSeekClient.ClientHandler Sending HTTP request POST https://api.deepseek.com/chat/completions
[11:19:01 INF] System.Net.Http.HttpClient.IDeepSeekClient.ClientHandler Received HTTP response headers after 290.5592ms - 200
[11:19:01 INF] System.Net.Http.HttpClient.IDeepSeekClient.LogicalHandler End processing HTTP request after 298.0326ms - 200
[11:19:08 INF] System.Net.Http.HttpClient.IDeepSeekClient.LogicalHandler Start processing HTTP request POST https://api.deepseek.com/chat/completions
[11:19:08 INF] System.Net.Http.HttpClient.IDeepSeekClient.ClientHandler Sending HTTP request POST https://api.deepseek.com/chat/completions
[11:19:08 INF] System.Net.Http.HttpClient.IDeepSeekClient.ClientHandler Received HTTP response headers after 296.5207ms - 200
[11:19:08 INF] System.Net.Http.HttpClient.IDeepSeekClient.LogicalHandler End processing HTTP request after 304.8976ms - 200
[11:19:16 INF] System.Net.Http.HttpClient.IDeepSeekClient.LogicalHandler Start processing HTTP request POST https://api.deepseek.com/chat/completions
[11:19:16 INF] System.Net.Http.HttpClient.IDeepSeekClient.ClientHandler Sending HTTP request POST https://api.deepseek.com/chat/completions
[11:19:17 INF] System.Net.Http.HttpClient.IDeepSeekClient.ClientHandler Received HTTP response headers after 285.8968ms - 200
[11:19:17 INF] System.Net.Http.HttpClient.IDeepSeekClient.LogicalHandler End processing HTTP request after 293.6503ms - 200
[11:19:42 INF] System.Net.Http.HttpClient.IDeepSeekClient.LogicalHandler Start processing HTTP request POST https://api.deepseek.com/chat/completions
[11:19:42 INF] System.Net.Http.HttpClient.IDeepSeekClient.ClientHandler Sending HTTP request POST https://api.deepseek.com/chat/completions
[11:19:43 INF] System.Net.Http.HttpClient.IDeepSeekClient.ClientHandler Received HTTP response headers after 282.5756ms - 200
[11:19:43 INF] System.Net.Http.HttpClient.IDeepSeekClient.LogicalHandler End processing HTTP request after 288.358ms - 200
[11:19:59 INF] System.Net.Http.HttpClient.IDeepSeekClient.LogicalHandler Start processing HTTP request POST https://api.deepseek.com/chat/completions
[11:19:59 INF] System.Net.Http.HttpClient.IDeepSeekClient.ClientHandler Sending HTTP request POST https://api.deepseek.com/chat/completions
[11:20:00 INF] System.Net.Http.HttpClient.IDeepSeekClient.ClientHandler Received HTTP response headers after 309.9961ms - 200
[11:20:00 INF] System.Net.Http.HttpClient.IDeepSeekClient.LogicalHandler End processing HTTP request after 315.2317ms - 200
[11:20:11 INF] System.Net.Http.HttpClient.IDeepSeekClient.LogicalHandler Start processing HTTP request POST https://api.deepseek.com/chat/completions
[11:20:11 INF] System.Net.Http.HttpClient.IDeepSeekClient.ClientHandler Sending HTTP request POST https://api.deepseek.com/chat/completions
[11:20:11 INF] System.Net.Http.HttpClient.IDeepSeekClient.ClientHandler Received HTTP response headers after 315.5883ms - 200
[11:20:11 INF] System.Net.Http.HttpClient.IDeepSeekClient.LogicalHandler End processing HTTP request after 321.5494ms - 200
[11:20:12 INF] System.Net.Http.HttpClient.IDeepSeekClient.LogicalHandler Start processing HTTP request POST https://api.deepseek.com/chat/completions
[11:20:12 INF] System.Net.Http.HttpClient.IDeepSeekClient.ClientHandler Sending HTTP request POST https://api.deepseek.com/chat/completions
[11:20:13 INF] System.Net.Http.HttpClient.IDeepSeekClient.ClientHandler Received HTTP response headers after 280.2348ms - 200
[11:20:13 INF] System.Net.Http.HttpClient.IDeepSeekClient.LogicalHandler End processing HTTP request after 285.7504ms - 200
[11:22:00 INF] System.Net.Http.HttpClient.IStockApiClient.LogicalHandler Start processing HTTP request GET https://data.sec.gov/api/xbrl/companyfacts/CIK0001375365.json
[11:22:00 INF] System.Net.Http.HttpClient.IStockApiClient.ClientHandler Sending HTTP request GET https://data.sec.gov/api/xbrl/companyfacts/CIK0001375365.json
[11:22:00 INF] System.Net.Http.HttpClient.IStockApiClient.ClientHandler Received HTTP response headers after 212.6059ms - 200
[11:22:00 INF] System.Net.Http.HttpClient.IStockApiClient.LogicalHandler End processing HTTP request after 219.4903ms - 200
[11:22:00 INF] System.Net.Http.HttpClient.IStockApiClient.LogicalHandler Start processing HTTP request GET https://data.sec.gov/submissions/CIK0001375365.json
[11:22:00 INF] System.Net.Http.HttpClient.IStockApiClient.ClientHandler Sending HTTP request GET https://data.sec.gov/submissions/CIK0001375365.json
[11:22:00 INF] System.Net.Http.HttpClient.IStockApiClient.ClientHandler Received HTTP response headers after 27.5217ms - 200
[11:22:00 INF] System.Net.Http.HttpClient.IStockApiClient.LogicalHandler End processing HTTP request after 33.5885ms - 200
[11:22:00 INF] System.Net.Http.HttpClient.IStockApiClient.LogicalHandler Start processing HTTP request GET https://www.sec.gov/Archives/edgar/data/1375365/000137536525000027/index.json
[11:22:00 INF] System.Net.Http.HttpClient.IStockApiClient.ClientHandler Sending HTTP request GET https://www.sec.gov/Archives/edgar/data/1375365/000137536525000027/index.json
[11:22:01 INF] System.Net.Http.HttpClient.IStockApiClient.ClientHandler Received HTTP response headers after 104.7934ms - 200
[11:22:01 INF] System.Net.Http.HttpClient.IStockApiClient.LogicalHandler End processing HTTP request after 111.3537ms - 200
[11:22:01 INF] System.Net.Http.HttpClient.IStockApiClient.LogicalHandler Start processing HTTP request GET https://www.sec.gov/Archives/edgar/data/1375365/000137536525000027/smci-20250630_htm.xml
[11:22:01 INF] System.Net.Http.HttpClient.IStockApiClient.ClientHandler Sending HTTP request GET https://www.sec.gov/Archives/edgar/data/1375365/000137536525000027/smci-20250630_htm.xml
[11:22:01 INF] System.Net.Http.HttpClient.IStockApiClient.ClientHandler Received HTTP response headers after 35.4061ms - 200
[11:22:01 INF] System.Net.Http.HttpClient.IStockApiClient.LogicalHandler End processing HTTP request after 41.5334ms - 200
[11:22:01 INF] System.Net.Http.HttpClient.IDeepSeekClient.LogicalHandler Start processing HTTP request POST https://api.deepseek.com/chat/completions
[11:22:01 INF] System.Net.Http.HttpClient.IDeepSeekClient.ClientHandler Sending HTTP request POST https://api.deepseek.com/chat/completions
[11:22:01 INF] System.Net.Http.HttpClient.IDeepSeekClient.ClientHandler Received HTTP response headers after 415.9145ms - 200
[11:22:01 INF] System.Net.Http.HttpClient.IDeepSeekClient.LogicalHandler End processing HTTP request after 422.6916ms - 200
[11:22:05 INF] System.Net.Http.HttpClient.IStockApiClient.LogicalHandler Start processing HTTP request GET https://www.sec.gov/Archives/edgar/data/1375365/000137536525000027/smci-20250630.htm
[11:22:05 INF] System.Net.Http.HttpClient.IStockApiClient.ClientHandler Sending HTTP request GET https://www.sec.gov/Archives/edgar/data/1375365/000137536525000027/smci-20250630.htm
[11:22:05 INF] System.Net.Http.HttpClient.IStockApiClient.ClientHandler Received HTTP response headers after 77.325ms - 200
[11:22:05 INF] System.Net.Http.HttpClient.IStockApiClient.LogicalHandler End processing HTTP request after 85.9827ms - 200
[11:33:07 INF] System.Net.Http.HttpClient.IStockApiClient.LogicalHandler Start processing HTTP request GET https://data.sec.gov/submissions/CIK0001375365.json
[11:33:07 INF] System.Net.Http.HttpClient.IStockApiClient.ClientHandler Sending HTTP request GET https://data.sec.gov/submissions/CIK0001375365.json
[11:33:07 INF] System.Net.Http.HttpClient.IStockApiClient.ClientHandler Received HTTP response headers after 269.0487ms - 200
[11:33:07 INF] System.Net.Http.HttpClient.IStockApiClient.LogicalHandler End processing HTTP request after 277.7335ms - 200
[11:33:12 INF] System.Net.Http.HttpClient.IDeepSeekClient.LogicalHandler Start processing HTTP request POST https://api.deepseek.com/chat/completions
[11:33:12 INF] System.Net.Http.HttpClient.IDeepSeekClient.ClientHandler Sending HTTP request POST https://api.deepseek.com/chat/completions
[11:33:12 INF] System.Net.Http.HttpClient.IDeepSeekClient.ClientHandler Received HTTP response headers after 339.8034ms - 200
[11:33:12 INF] System.Net.Http.HttpClient.IDeepSeekClient.LogicalHandler End processing HTTP request after 348.746ms - 200
[11:33:14 INF] System.Net.Http.HttpClient.IStockApiClient.LogicalHandler Start processing HTTP request GET https://www.sec.gov/Archives/edgar/data/1375365/000137536525000027/smci-20250630.htm
[11:33:14 INF] System.Net.Http.HttpClient.IStockApiClient.ClientHandler Sending HTTP request GET https://www.sec.gov/Archives/edgar/data/1375365/000137536525000027/smci-20250630.htm
[11:33:14 INF] System.Net.Http.HttpClient.IStockApiClient.ClientHandler Received HTTP response headers after 148.3135ms - 200
[11:33:14 INF] System.Net.Http.HttpClient.IStockApiClient.LogicalHandler End processing HTTP request after 156.4264ms - 200
[11:33:58 INF] System.Net.Http.HttpClient.IDeepSeekClient.LogicalHandler Start processing HTTP request POST https://api.deepseek.com/chat/completions
[11:33:58 INF] System.Net.Http.HttpClient.IDeepSeekClient.ClientHandler Sending HTTP request POST https://api.deepseek.com/chat/completions
[11:33:58 INF] System.Net.Http.HttpClient.IDeepSeekClient.LogicalHandler Start processing HTTP request POST https://api.deepseek.com/chat/completions
[11:33:58 INF] System.Net.Http.HttpClient.IDeepSeekClient.ClientHandler Sending HTTP request POST https://api.deepseek.com/chat/completions
[11:33:58 INF] System.Net.Http.HttpClient.IDeepSeekClient.LogicalHandler Start processing HTTP request POST https://api.deepseek.com/chat/completions
[11:33:58 INF] System.Net.Http.HttpClient.IDeepSeekClient.ClientHandler Sending HTTP request POST https://api.deepseek.com/chat/completions
[11:33:58 INF] System.Net.Http.HttpClient.IDeepSeekClient.LogicalHandler Start processing HTTP request POST https://api.deepseek.com/chat/completions
[11:33:58 INF] System.Net.Http.HttpClient.IDeepSeekClient.ClientHandler Sending HTTP request POST https://api.deepseek.com/chat/completions
[11:33:58 INF] System.Net.Http.HttpClient.IDeepSeekClient.LogicalHandler Start processing HTTP request POST https://api.deepseek.com/chat/completions
[11:33:58 INF] System.Net.Http.HttpClient.IDeepSeekClient.ClientHandler Sending HTTP request POST https://api.deepseek.com/chat/completions
[11:33:58 INF] System.Net.Http.HttpClient.IDeepSeekClient.LogicalHandler Start processing HTTP request POST https://api.deepseek.com/chat/completions
[11:33:58 INF] System.Net.Http.HttpClient.IDeepSeekClient.ClientHandler Sending HTTP request POST https://api.deepseek.com/chat/completions
[11:33:58 INF] System.Net.Http.HttpClient.IDeepSeekClient.ClientHandler Received HTTP response headers after 361.4446ms - 200
[11:33:58 INF] System.Net.Http.HttpClient.IDeepSeekClient.LogicalHandler End processing HTTP request after 370.3605ms - 200
[11:33:58 INF] System.Net.Http.HttpClient.IDeepSeekClient.ClientHandler Received HTTP response headers after 358.6331ms - 200
[11:33:58 INF] System.Net.Http.HttpClient.IDeepSeekClient.LogicalHandler End processing HTTP request after 366.8307ms - 200
[11:33:58 INF] System.Net.Http.HttpClient.IDeepSeekClient.ClientHandler Received HTTP response headers after 381.8468ms - 200
[11:33:58 INF] System.Net.Http.HttpClient.IDeepSeekClient.ClientHandler Received HTTP response headers after 360.775ms - 200
[11:33:58 INF] System.Net.Http.HttpClient.IDeepSeekClient.LogicalHandler End processing HTTP request after 369.94ms - 200
[11:33:58 INF] System.Net.Http.HttpClient.IDeepSeekClient.LogicalHandler End processing HTTP request after 390.2165ms - 200
[11:33:58 INF] System.Net.Http.HttpClient.IDeepSeekClient.ClientHandler Received HTTP response headers after 390.957ms - 200
[11:33:58 INF] System.Net.Http.HttpClient.IDeepSeekClient.LogicalHandler End processing HTTP request after 399.1044ms - 200
[11:33:58 INF] System.Net.Http.HttpClient.IDeepSeekClient.ClientHandler Received HTTP response headers after 390.2557ms - 200
[11:33:58 INF] System.Net.Http.HttpClient.IDeepSeekClient.LogicalHandler End processing HTTP request after 398.537ms - 200
[11:33:59 INF] System.Net.Http.HttpClient.IDeepSeekClient.LogicalHandler Start processing HTTP request POST https://api.deepseek.com/chat/completions
[11:33:59 INF] System.Net.Http.HttpClient.IDeepSeekClient.ClientHandler Sending HTTP request POST https://api.deepseek.com/chat/completions
[11:33:59 INF] System.Net.Http.HttpClient.IDeepSeekClient.ClientHandler Received HTTP response headers after 278.5659ms - 200
[11:33:59 INF] System.Net.Http.HttpClient.IDeepSeekClient.LogicalHandler End processing HTTP request after 286.2339ms - 200
[11:34:00 INF] System.Net.Http.HttpClient.IDeepSeekClient.LogicalHandler Start processing HTTP request POST https://api.deepseek.com/chat/completions
[11:34:00 INF] System.Net.Http.HttpClient.IDeepSeekClient.ClientHandler Sending HTTP request POST https://api.deepseek.com/chat/completions
[11:34:00 INF] System.Net.Http.HttpClient.IDeepSeekClient.LogicalHandler Start processing HTTP request POST https://api.deepseek.com/chat/completions
[11:34:00 INF] System.Net.Http.HttpClient.IDeepSeekClient.ClientHandler Sending HTTP request POST https://api.deepseek.com/chat/completions
[11:34:00 INF] System.Net.Http.HttpClient.IDeepSeekClient.ClientHandler Received HTTP response headers after 288.1629ms - 200
[11:34:00 INF] System.Net.Http.HttpClient.IDeepSeekClient.LogicalHandler End processing HTTP request after 296.1571ms - 200
[11:34:00 INF] System.Net.Http.HttpClient.IDeepSeekClient.ClientHandler Received HTTP response headers after 290.5482ms - 200
[11:34:00 INF] System.Net.Http.HttpClient.IDeepSeekClient.LogicalHandler End processing HTTP request after 298.1291ms - 200
[11:34:08 INF] System.Net.Http.HttpClient.IDeepSeekClient.LogicalHandler Start processing HTTP request POST https://api.deepseek.com/chat/completions
[11:34:08 INF] System.Net.Http.HttpClient.IDeepSeekClient.ClientHandler Sending HTTP request POST https://api.deepseek.com/chat/completions
[11:34:08 INF] System.Net.Http.HttpClient.IDeepSeekClient.ClientHandler Received HTTP response headers after 321.1931ms - 200
[11:34:08 INF] System.Net.Http.HttpClient.IDeepSeekClient.LogicalHandler End processing HTTP request after 329.0889ms - 200
[11:34:12 INF] System.Net.Http.HttpClient.IDeepSeekClient.LogicalHandler Start processing HTTP request POST https://api.deepseek.com/chat/completions
[11:34:12 INF] System.Net.Http.HttpClient.IDeepSeekClient.ClientHandler Sending HTTP request POST https://api.deepseek.com/chat/completions
[11:34:13 INF] System.Net.Http.HttpClient.IDeepSeekClient.ClientHandler Received HTTP response headers after 305.3684ms - 200
[11:34:13 INF] System.Net.Http.HttpClient.IDeepSeekClient.LogicalHandler End processing HTTP request after 313.4222ms - 200
[11:34:15 INF] System.Net.Http.HttpClient.IDeepSeekClient.LogicalHandler Start processing HTTP request POST https://api.deepseek.com/chat/completions
[11:34:15 INF] System.Net.Http.HttpClient.IDeepSeekClient.ClientHandler Sending HTTP request POST https://api.deepseek.com/chat/completions
[11:34:15 INF] System.Net.Http.HttpClient.IDeepSeekClient.ClientHandler Received HTTP response headers after 366.8491ms - 200
[11:34:15 INF] System.Net.Http.HttpClient.IDeepSeekClient.LogicalHandler End processing HTTP request after 374.7598ms - 200
[11:34:16 INF] System.Net.Http.HttpClient.IDeepSeekClient.LogicalHandler Start processing HTTP request POST https://api.deepseek.com/chat/completions
[11:34:16 INF] System.Net.Http.HttpClient.IDeepSeekClient.ClientHandler Sending HTTP request POST https://api.deepseek.com/chat/completions
[11:34:17 INF] System.Net.Http.HttpClient.IDeepSeekClient.ClientHandler Received HTTP response headers after 297.2051ms - 200
[11:34:17 INF] System.Net.Http.HttpClient.IDeepSeekClient.LogicalHandler End processing HTTP request after 305.1137ms - 200
[11:34:30 INF] System.Net.Http.HttpClient.IDeepSeekClient.LogicalHandler Start processing HTTP request POST https://api.deepseek.com/chat/completions
[11:34:30 INF] System.Net.Http.HttpClient.IDeepSeekClient.ClientHandler Sending HTTP request POST https://api.deepseek.com/chat/completions
[11:34:30 INF] System.Net.Http.HttpClient.IDeepSeekClient.ClientHandler Received HTTP response headers after 294.6051ms - 200
[11:34:30 INF] System.Net.Http.HttpClient.IDeepSeekClient.LogicalHandler End processing HTTP request after 302.555ms - 200
[11:34:40 INF] System.Net.Http.HttpClient.IDeepSeekClient.LogicalHandler Start processing HTTP request POST https://api.deepseek.com/chat/completions
[11:34:40 INF] System.Net.Http.HttpClient.IDeepSeekClient.ClientHandler Sending HTTP request POST https://api.deepseek.com/chat/completions
[11:34:40 INF] System.Net.Http.HttpClient.IDeepSeekClient.ClientHandler Received HTTP response headers after 300.4406ms - 200
[11:34:40 INF] System.Net.Http.HttpClient.IDeepSeekClient.LogicalHandler End processing HTTP request after 308.6952ms - 200
[11:34:48 INF] System.Net.Http.HttpClient.IDeepSeekClient.LogicalHandler Start processing HTTP request POST https://api.deepseek.com/chat/completions
[11:34:48 INF] System.Net.Http.HttpClient.IDeepSeekClient.ClientHandler Sending HTTP request POST https://api.deepseek.com/chat/completions
[11:34:48 INF] System.Net.Http.HttpClient.IDeepSeekClient.ClientHandler Received HTTP response headers after 299.2461ms - 200
[11:34:48 INF] System.Net.Http.HttpClient.IDeepSeekClient.LogicalHandler End processing HTTP request after 307.1003ms - 200
[11:35:06 INF] System.Net.Http.HttpClient.IDeepSeekClient.LogicalHandler Start processing HTTP request POST https://api.deepseek.com/chat/completions
[11:35:06 INF] System.Net.Http.HttpClient.IDeepSeekClient.ClientHandler Sending HTTP request POST https://api.deepseek.com/chat/completions
[11:35:06 INF] System.Net.Http.HttpClient.IDeepSeekClient.LogicalHandler Start processing HTTP request POST https://api.deepseek.com/chat/completions
[11:35:06 INF] System.Net.Http.HttpClient.IDeepSeekClient.ClientHandler Sending HTTP request POST https://api.deepseek.com/chat/completions
[11:35:06 INF] System.Net.Http.HttpClient.IDeepSeekClient.ClientHandler Received HTTP response headers after 278.1406ms - 200
[11:35:06 INF] System.Net.Http.HttpClient.IDeepSeekClient.LogicalHandler End processing HTTP request after 285.7971ms - 200
[11:35:06 INF] System.Net.Http.HttpClient.IDeepSeekClient.ClientHandler Received HTTP response headers after 287.6675ms - 200
[11:35:06 INF] System.Net.Http.HttpClient.IDeepSeekClient.LogicalHandler End processing HTTP request after 295.6783ms - 200
[11:35:10 INF] System.Net.Http.HttpClient.IDeepSeekClient.LogicalHandler Start processing HTTP request POST https://api.deepseek.com/chat/completions
[11:35:10 INF] System.Net.Http.HttpClient.IDeepSeekClient.ClientHandler Sending HTTP request POST https://api.deepseek.com/chat/completions
[11:35:10 INF] System.Net.Http.HttpClient.IDeepSeekClient.ClientHandler Received HTTP response headers after 383.7577ms - 200
[11:35:10 INF] System.Net.Http.HttpClient.IDeepSeekClient.LogicalHandler End processing HTTP request after 391.528ms - 200
[11:35:20 INF] System.Net.Http.HttpClient.IDeepSeekClient.LogicalHandler Start processing HTTP request POST https://api.deepseek.com/chat/completions
[11:35:20 INF] System.Net.Http.HttpClient.IDeepSeekClient.ClientHandler Sending HTTP request POST https://api.deepseek.com/chat/completions
[11:35:20 INF] System.Net.Http.HttpClient.IDeepSeekClient.ClientHandler Received HTTP response headers after 286.1172ms - 200
[11:35:20 INF] System.Net.Http.HttpClient.IDeepSeekClient.LogicalHandler End processing HTTP request after 293.8994ms - 200
[11:35:20 INF] System.Net.Http.HttpClient.IDeepSeekClient.LogicalHandler Start processing HTTP request POST https://api.deepseek.com/chat/completions
[11:35:20 INF] System.Net.Http.HttpClient.IDeepSeekClient.ClientHandler Sending HTTP request POST https://api.deepseek.com/chat/completions
[11:35:20 INF] System.Net.Http.HttpClient.IDeepSeekClient.ClientHandler Received HTTP response headers after 303.9302ms - 200
[11:35:20 INF] System.Net.Http.HttpClient.IDeepSeekClient.LogicalHandler End processing HTTP request after 311.434ms - 200
[11:37:01 INF] System.Net.Http.HttpClient.IDeepSeekClient.LogicalHandler Start processing HTTP request POST https://api.deepseek.com/chat/completions
[11:37:01 INF] System.Net.Http.HttpClient.IDeepSeekClient.ClientHandler Sending HTTP request POST https://api.deepseek.com/chat/completions
[11:37:02 INF] System.Net.Http.HttpClient.IDeepSeekClient.ClientHandler Received HTTP response headers after 432.6683ms - 200
[11:37:02 INF] System.Net.Http.HttpClient.IDeepSeekClient.LogicalHandler End processing HTTP request after 441.1712ms - 200
[12:24:45 INF] Microsoft.Hosting.Lifetime Application is shutting down...
[12:24:52 INF] Microsoft.Hosting.Lifetime Now listening on: http://localhost:5213
[12:24:52 INF] Microsoft.Hosting.Lifetime Application started. Press Ctrl+C to shut down.
[12:24:52 INF] Microsoft.Hosting.Lifetime Hosting environment: Development
[12:24:52 INF] Microsoft.Hosting.Lifetime Content root path: C:\Users\luka.osojnik\Documents\Coding\simple-bloomberg-terminal\simple-bloomberg-terminal
[12:24:53 WRN] Microsoft.EntityFrameworkCore.Query Compiling a query which loads related collections for more than one collection navigation, either via 'Include' or through projection, but no 'QuerySplittingBehavior' has been configured. By default, Entity Framework will use 'QuerySplittingBehavior.SingleQuery', which can potentially result in slow query performance. See https://go.microsoft.com/fwlink/?linkid=2134277 for more information. To identify the query that's triggering this warning call 'ConfigureWarnings(w => w.Throw(RelationalEventId.MultipleCollectionIncludeWarning))'.
[12:25:08 WRN] LuckyPennySoftware.AutoMapper.License You do not have a valid license key for the Lucky Penny software AutoMapper. This is allowed for development and testing scenarios. If you are running in production you are required to have a licensed version. Please visit https://luckypennysoftware.com to obtain a valid license.
[12:25:08 INF] System.Net.Http.HttpClient.IStockApiClient.LogicalHandler Start processing HTTP request GET https://data.sec.gov/submissions/CIK0001375365.json
[12:25:08 INF] System.Net.Http.HttpClient.IStockApiClient.ClientHandler Sending HTTP request GET https://data.sec.gov/submissions/CIK0001375365.json
[12:25:09 INF] System.Net.Http.HttpClient.IStockApiClient.ClientHandler Received HTTP response headers after 332.7308ms - 200
[12:25:09 INF] System.Net.Http.HttpClient.IStockApiClient.LogicalHandler End processing HTTP request after 356.3653ms - 200
[12:25:12 INF] System.Net.Http.HttpClient.IStockApiClient.LogicalHandler Start processing HTTP request GET https://www.sec.gov/Archives/edgar/data/1375365/000137536525000027/smci-20250630.htm
[12:25:12 INF] System.Net.Http.HttpClient.IStockApiClient.ClientHandler Sending HTTP request GET https://www.sec.gov/Archives/edgar/data/1375365/000137536525000027/smci-20250630.htm
[12:25:12 INF] System.Net.Http.HttpClient.IStockApiClient.ClientHandler Received HTTP response headers after 190.8456ms - 200
[12:25:12 INF] System.Net.Http.HttpClient.IStockApiClient.LogicalHandler End processing HTTP request after 201.0122ms - 200
[12:25:13 INF] System.Net.Http.HttpClient.IDeepSeekClient.LogicalHandler Start processing HTTP request POST https://api.deepseek.com/chat/completions
[12:25:13 INF] System.Net.Http.HttpClient.IDeepSeekClient.ClientHandler Sending HTTP request POST https://api.deepseek.com/chat/completions
[12:25:13 INF] System.Net.Http.HttpClient.IStockApiClient.LogicalHandler Start processing HTTP request GET https://www.sec.gov/Archives/edgar/data/1375365/000137536525000027/smci-20250630.htm
[12:25:13 INF] System.Net.Http.HttpClient.IStockApiClient.ClientHandler Sending HTTP request GET https://www.sec.gov/Archives/edgar/data/1375365/000137536525000027/smci-20250630.htm
[12:25:13 INF] System.Net.Http.HttpClient.IStockApiClient.ClientHandler Received HTTP response headers after 48.1534ms - 200
[12:25:13 INF] System.Net.Http.HttpClient.IStockApiClient.LogicalHandler End processing HTTP request after 57.3509ms - 200
[12:25:14 INF] System.Net.Http.HttpClient.IDeepSeekClient.ClientHandler Received HTTP response headers after 388.3899ms - 200
[12:25:14 INF] System.Net.Http.HttpClient.IDeepSeekClient.LogicalHandler End processing HTTP request after 398.8574ms - 200
[12:26:16 INF] System.Net.Http.HttpClient.IStockApiClient.LogicalHandler Start processing HTTP request GET https://www.sec.gov/Archives/edgar/data/1375365/000137536525000027/FilingSummary.xml
[12:26:16 INF] System.Net.Http.HttpClient.IStockApiClient.ClientHandler Sending HTTP request GET https://www.sec.gov/Archives/edgar/data/1375365/000137536525000027/FilingSummary.xml
[12:26:16 INF] System.Net.Http.HttpClient.IStockApiClient.ClientHandler Received HTTP response headers after 31.7375ms - 200
[12:26:16 INF] System.Net.Http.HttpClient.IStockApiClient.LogicalHandler End processing HTTP request after 41.2415ms - 200
[12:26:16 INF] System.Net.Http.HttpClient.IStockApiClient.LogicalHandler Start processing HTTP request GET https://www.sec.gov/Archives/edgar/data/1375365/000137536525000027/R5.htm
[12:26:16 INF] System.Net.Http.HttpClient.IStockApiClient.ClientHandler Sending HTTP request GET https://www.sec.gov/Archives/edgar/data/1375365/000137536525000027/R5.htm
[12:26:16 INF] System.Net.Http.HttpClient.IStockApiClient.ClientHandler Received HTTP response headers after 27.0256ms - 200
[12:26:16 INF] System.Net.Http.HttpClient.IStockApiClient.LogicalHandler End processing HTTP request after 36.7674ms - 200
[12:26:16 INF] System.Net.Http.HttpClient.IStockApiClient.LogicalHandler Start processing HTTP request GET https://www.sec.gov/Archives/edgar/data/1375365/000137536525000027/R48.htm
[12:26:16 INF] System.Net.Http.HttpClient.IStockApiClient.ClientHandler Sending HTTP request GET https://www.sec.gov/Archives/edgar/data/1375365/000137536525000027/R48.htm
[12:26:16 INF] System.Net.Http.HttpClient.IStockApiClient.ClientHandler Received HTTP response headers after 27.2184ms - 200
[12:26:16 INF] System.Net.Http.HttpClient.IStockApiClient.LogicalHandler End processing HTTP request after 37.3145ms - 200
[12:26:16 INF] System.Net.Http.HttpClient.IStockApiClient.LogicalHandler Start processing HTTP request GET https://www.sec.gov/Archives/edgar/data/1375365/000137536525000027/R81.htm
[12:26:16 INF] System.Net.Http.HttpClient.IStockApiClient.ClientHandler Sending HTTP request GET https://www.sec.gov/Archives/edgar/data/1375365/000137536525000027/R81.htm
[12:26:16 INF] System.Net.Http.HttpClient.IStockApiClient.ClientHandler Received HTTP response headers after 29.5573ms - 200
[12:26:16 INF] System.Net.Http.HttpClient.IStockApiClient.LogicalHandler End processing HTTP request after 39.4682ms - 200
[12:26:16 INF] System.Net.Http.HttpClient.IStockApiClient.LogicalHandler Start processing HTTP request GET https://www.sec.gov/Archives/edgar/data/1375365/000137536525000027/R92.htm
[12:26:16 INF] System.Net.Http.HttpClient.IStockApiClient.ClientHandler Sending HTTP request GET https://www.sec.gov/Archives/edgar/data/1375365/000137536525000027/R92.htm
[12:26:16 INF] System.Net.Http.HttpClient.IStockApiClient.ClientHandler Received HTTP response headers after 31.0092ms - 200
[12:26:16 INF] System.Net.Http.HttpClient.IStockApiClient.LogicalHandler End processing HTTP request after 40.1748ms - 200
[12:26:16 INF] System.Net.Http.HttpClient.IStockApiClient.LogicalHandler Start processing HTTP request GET https://www.sec.gov/Archives/edgar/data/1375365/000137536525000027/R107.htm
[12:26:16 INF] System.Net.Http.HttpClient.IStockApiClient.ClientHandler Sending HTTP request GET https://www.sec.gov/Archives/edgar/data/1375365/000137536525000027/R107.htm
[12:26:16 INF] System.Net.Http.HttpClient.IStockApiClient.ClientHandler Received HTTP response headers after 31.2301ms - 200
[12:26:16 INF] System.Net.Http.HttpClient.IStockApiClient.LogicalHandler End processing HTTP request after 40.8757ms - 200
[12:26:16 INF] System.Net.Http.HttpClient.IStockApiClient.LogicalHandler Start processing HTTP request GET https://www.sec.gov/Archives/edgar/data/1375365/000137536525000027/R108.htm
[12:26:16 INF] System.Net.Http.HttpClient.IStockApiClient.ClientHandler Sending HTTP request GET https://www.sec.gov/Archives/edgar/data/1375365/000137536525000027/R108.htm
[12:26:16 INF] System.Net.Http.HttpClient.IStockApiClient.ClientHandler Received HTTP response headers after 28.4979ms - 200
[12:26:16 INF] System.Net.Http.HttpClient.IStockApiClient.LogicalHandler End processing HTTP request after 37.9302ms - 200
[12:26:16 INF] System.Net.Http.HttpClient.IDeepSeekClient.LogicalHandler Start processing HTTP request POST https://api.deepseek.com/chat/completions
[12:26:16 INF] System.Net.Http.HttpClient.IDeepSeekClient.ClientHandler Sending HTTP request POST https://api.deepseek.com/chat/completions
[12:26:16 INF] System.Net.Http.HttpClient.IDeepSeekClient.LogicalHandler Start processing HTTP request POST https://api.deepseek.com/chat/completions
[12:26:16 INF] System.Net.Http.HttpClient.IDeepSeekClient.ClientHandler Sending HTTP request POST https://api.deepseek.com/chat/completions
[12:26:16 INF] System.Net.Http.HttpClient.IDeepSeekClient.LogicalHandler Start processing HTTP request POST https://api.deepseek.com/chat/completions
[12:26:16 INF] System.Net.Http.HttpClient.IDeepSeekClient.ClientHandler Sending HTTP request POST https://api.deepseek.com/chat/completions
[12:26:16 INF] System.Net.Http.HttpClient.IDeepSeekClient.LogicalHandler Start processing HTTP request POST https://api.deepseek.com/chat/completions
[12:26:16 INF] System.Net.Http.HttpClient.IDeepSeekClient.ClientHandler Sending HTTP request POST https://api.deepseek.com/chat/completions
[12:26:16 INF] System.Net.Http.HttpClient.IDeepSeekClient.LogicalHandler Start processing HTTP request POST https://api.deepseek.com/chat/completions
[12:26:16 INF] System.Net.Http.HttpClient.IDeepSeekClient.ClientHandler Sending HTTP request POST https://api.deepseek.com/chat/completions
[12:26:16 INF] System.Net.Http.HttpClient.IDeepSeekClient.LogicalHandler Start processing HTTP request POST https://api.deepseek.com/chat/completions
[12:26:16 INF] System.Net.Http.HttpClient.IDeepSeekClient.ClientHandler Sending HTTP request POST https://api.deepseek.com/chat/completions
[12:26:17 INF] System.Net.Http.HttpClient.IDeepSeekClient.ClientHandler Received HTTP response headers after 298.4354ms - 200
[12:26:17 INF] System.Net.Http.HttpClient.IDeepSeekClient.LogicalHandler End processing HTTP request after 308.2135ms - 200
[12:26:17 INF] System.Net.Http.HttpClient.IDeepSeekClient.ClientHandler Received HTTP response headers after 355.1208ms - 200
[12:26:17 INF] System.Net.Http.HttpClient.IDeepSeekClient.LogicalHandler End processing HTTP request after 365.6658ms - 200
[12:26:17 INF] System.Net.Http.HttpClient.IDeepSeekClient.ClientHandler Received HTTP response headers after 345.81ms - 200
[12:26:17 INF] System.Net.Http.HttpClient.IDeepSeekClient.LogicalHandler End processing HTTP request after 357.5075ms - 200
[12:26:17 INF] System.Net.Http.HttpClient.IDeepSeekClient.ClientHandler Received HTTP response headers after 350.4793ms - 200
[12:26:17 INF] System.Net.Http.HttpClient.IDeepSeekClient.LogicalHandler End processing HTTP request after 359.9919ms - 200
[12:26:17 INF] System.Net.Http.HttpClient.IDeepSeekClient.ClientHandler Received HTTP response headers after 386.8293ms - 200
[12:26:17 INF] System.Net.Http.HttpClient.IDeepSeekClient.LogicalHandler End processing HTTP request after 396.1351ms - 200
[12:26:17 INF] System.Net.Http.HttpClient.IDeepSeekClient.ClientHandler Received HTTP response headers after 388.5988ms - 200
[12:26:17 INF] System.Net.Http.HttpClient.IDeepSeekClient.LogicalHandler End processing HTTP request after 398.2773ms - 200
[12:26:18 INF] System.Net.Http.HttpClient.IDeepSeekClient.LogicalHandler Start processing HTTP request POST https://api.deepseek.com/chat/completions
[12:26:18 INF] System.Net.Http.HttpClient.IDeepSeekClient.ClientHandler Sending HTTP request POST https://api.deepseek.com/chat/completions
[12:26:18 INF] System.Net.Http.HttpClient.IDeepSeekClient.ClientHandler Received HTTP response headers after 345.653ms - 200
[12:26:18 INF] System.Net.Http.HttpClient.IDeepSeekClient.LogicalHandler End processing HTTP request after 360.8111ms - 200
[12:26:21 INF] System.Net.Http.HttpClient.IDeepSeekClient.LogicalHandler Start processing HTTP request POST https://api.deepseek.com/chat/completions
[12:26:21 INF] System.Net.Http.HttpClient.IDeepSeekClient.ClientHandler Sending HTTP request POST https://api.deepseek.com/chat/completions
[12:26:21 INF] System.Net.Http.HttpClient.IDeepSeekClient.ClientHandler Received HTTP response headers after 278.904ms - 200
[12:26:21 INF] System.Net.Http.HttpClient.IDeepSeekClient.LogicalHandler End processing HTTP request after 287.4159ms - 200
[12:26:22 INF] System.Net.Http.HttpClient.IDeepSeekClient.LogicalHandler Start processing HTTP request POST https://api.deepseek.com/chat/completions
[12:26:22 INF] System.Net.Http.HttpClient.IDeepSeekClient.ClientHandler Sending HTTP request POST https://api.deepseek.com/chat/completions
[12:26:22 INF] System.Net.Http.HttpClient.IDeepSeekClient.ClientHandler Received HTTP response headers after 318.4101ms - 200
[12:26:22 INF] System.Net.Http.HttpClient.IDeepSeekClient.LogicalHandler End processing HTTP request after 327.1993ms - 200
[12:26:23 INF] System.Net.Http.HttpClient.IDeepSeekClient.LogicalHandler Start processing HTTP request POST https://api.deepseek.com/chat/completions
[12:26:23 INF] System.Net.Http.HttpClient.IDeepSeekClient.ClientHandler Sending HTTP request POST https://api.deepseek.com/chat/completions
[12:26:23 INF] System.Net.Http.HttpClient.IDeepSeekClient.ClientHandler Received HTTP response headers after 287.5222ms - 200
[12:26:23 INF] System.Net.Http.HttpClient.IDeepSeekClient.LogicalHandler End processing HTTP request after 295.7887ms - 200
[12:26:25 INF] System.Net.Http.HttpClient.IDeepSeekClient.LogicalHandler Start processing HTTP request POST https://api.deepseek.com/chat/completions
[12:26:25 INF] System.Net.Http.HttpClient.IDeepSeekClient.ClientHandler Sending HTTP request POST https://api.deepseek.com/chat/completions
[12:26:25 INF] System.Net.Http.HttpClient.IDeepSeekClient.ClientHandler Received HTTP response headers after 293.2235ms - 200
[12:26:25 INF] System.Net.Http.HttpClient.IDeepSeekClient.LogicalHandler End processing HTTP request after 301.134ms - 200
[12:26:26 INF] System.Net.Http.HttpClient.IDeepSeekClient.LogicalHandler Start processing HTTP request POST https://api.deepseek.com/chat/completions
[12:26:26 INF] System.Net.Http.HttpClient.IDeepSeekClient.ClientHandler Sending HTTP request POST https://api.deepseek.com/chat/completions
[12:26:26 INF] System.Net.Http.HttpClient.IDeepSeekClient.ClientHandler Received HTTP response headers after 312.7744ms - 200
[12:26:26 INF] System.Net.Http.HttpClient.IDeepSeekClient.LogicalHandler End processing HTTP request after 321.4796ms - 200
[12:26:26 INF] System.Net.Http.HttpClient.IDeepSeekClient.LogicalHandler Start processing HTTP request POST https://api.deepseek.com/chat/completions
[12:26:26 INF] System.Net.Http.HttpClient.IDeepSeekClient.ClientHandler Sending HTTP request POST https://api.deepseek.com/chat/completions
[12:26:27 INF] System.Net.Http.HttpClient.IDeepSeekClient.ClientHandler Received HTTP response headers after 290.3705ms - 200
[12:26:27 INF] System.Net.Http.HttpClient.IDeepSeekClient.LogicalHandler End processing HTTP request after 298.3557ms - 200
[12:26:27 INF] System.Net.Http.HttpClient.IDeepSeekClient.LogicalHandler Start processing HTTP request POST https://api.deepseek.com/chat/completions
[12:26:27 INF] System.Net.Http.HttpClient.IDeepSeekClient.ClientHandler Sending HTTP request POST https://api.deepseek.com/chat/completions
[12:26:27 INF] System.Net.Http.HttpClient.IDeepSeekClient.ClientHandler Received HTTP response headers after 279.4875ms - 200
[12:26:27 INF] System.Net.Http.HttpClient.IDeepSeekClient.LogicalHandler End processing HTTP request after 287.3312ms - 200
[12:26:28 INF] System.Net.Http.HttpClient.IDeepSeekClient.LogicalHandler Start processing HTTP request POST https://api.deepseek.com/chat/completions
[12:26:28 INF] System.Net.Http.HttpClient.IDeepSeekClient.ClientHandler Sending HTTP request POST https://api.deepseek.com/chat/completions
[12:26:28 INF] System.Net.Http.HttpClient.IDeepSeekClient.ClientHandler Received HTTP response headers after 314.9022ms - 200
[12:26:28 INF] System.Net.Http.HttpClient.IDeepSeekClient.LogicalHandler End processing HTTP request after 323.3384ms - 200
[12:26:28 INF] System.Net.Http.HttpClient.IDeepSeekClient.LogicalHandler Start processing HTTP request POST https://api.deepseek.com/chat/completions
[12:26:28 INF] System.Net.Http.HttpClient.IDeepSeekClient.ClientHandler Sending HTTP request POST https://api.deepseek.com/chat/completions
[12:26:28 INF] System.Net.Http.HttpClient.IDeepSeekClient.ClientHandler Received HTTP response headers after 284.4473ms - 200
[12:26:28 INF] System.Net.Http.HttpClient.IDeepSeekClient.LogicalHandler End processing HTTP request after 292.5903ms - 200
[12:26:33 INF] System.Net.Http.HttpClient.IDeepSeekClient.LogicalHandler Start processing HTTP request POST https://api.deepseek.com/chat/completions
[12:26:33 INF] System.Net.Http.HttpClient.IDeepSeekClient.ClientHandler Sending HTTP request POST https://api.deepseek.com/chat/completions
[12:26:33 INF] System.Net.Http.HttpClient.IDeepSeekClient.ClientHandler Received HTTP response headers after 287.8403ms - 200
[12:26:33 INF] System.Net.Http.HttpClient.IDeepSeekClient.LogicalHandler End processing HTTP request after 295.9391ms - 200
[12:26:35 INF] System.Net.Http.HttpClient.IDeepSeekClient.LogicalHandler Start processing HTTP request POST https://api.deepseek.com/chat/completions
[12:26:35 INF] System.Net.Http.HttpClient.IDeepSeekClient.ClientHandler Sending HTTP request POST https://api.deepseek.com/chat/completions
[12:26:35 INF] System.Net.Http.HttpClient.IDeepSeekClient.ClientHandler Received HTTP response headers after 279.2748ms - 200
[12:26:35 INF] System.Net.Http.HttpClient.IDeepSeekClient.LogicalHandler End processing HTTP request after 286.9453ms - 200
[12:26:36 INF] System.Net.Http.HttpClient.IDeepSeekClient.LogicalHandler Start processing HTTP request POST https://api.deepseek.com/chat/completions
[12:26:36 INF] System.Net.Http.HttpClient.IDeepSeekClient.ClientHandler Sending HTTP request POST https://api.deepseek.com/chat/completions
[12:26:37 INF] System.Net.Http.HttpClient.IDeepSeekClient.ClientHandler Received HTTP response headers after 295.588ms - 200
[12:26:37 INF] System.Net.Http.HttpClient.IDeepSeekClient.LogicalHandler End processing HTTP request after 303.9375ms - 200
[12:26:40 INF] System.Net.Http.HttpClient.IDeepSeekClient.LogicalHandler Start processing HTTP request POST https://api.deepseek.com/chat/completions
[12:26:40 INF] System.Net.Http.HttpClient.IDeepSeekClient.ClientHandler Sending HTTP request POST https://api.deepseek.com/chat/completions
[12:26:41 INF] System.Net.Http.HttpClient.IDeepSeekClient.ClientHandler Received HTTP response headers after 276.0336ms - 200
[12:26:41 INF] System.Net.Http.HttpClient.IDeepSeekClient.LogicalHandler End processing HTTP request after 284.4261ms - 200
[12:26:42 INF] System.Net.Http.HttpClient.IDeepSeekClient.LogicalHandler Start processing HTTP request POST https://api.deepseek.com/chat/completions
[12:26:42 INF] System.Net.Http.HttpClient.IDeepSeekClient.ClientHandler Sending HTTP request POST https://api.deepseek.com/chat/completions
[12:26:42 INF] System.Net.Http.HttpClient.IDeepSeekClient.ClientHandler Received HTTP response headers after 303.6629ms - 200
[12:26:42 INF] System.Net.Http.HttpClient.IDeepSeekClient.LogicalHandler End processing HTTP request after 312.3176ms - 200
[12:26:44 INF] System.Net.Http.HttpClient.IDeepSeekClient.LogicalHandler Start processing HTTP request POST https://api.deepseek.com/chat/completions
[12:26:44 INF] System.Net.Http.HttpClient.IDeepSeekClient.ClientHandler Sending HTTP request POST https://api.deepseek.com/chat/completions
[12:26:44 INF] System.Net.Http.HttpClient.IDeepSeekClient.ClientHandler Received HTTP response headers after 289.3055ms - 200
[12:26:44 INF] System.Net.Http.HttpClient.IDeepSeekClient.LogicalHandler End processing HTTP request after 299.9378ms - 200
[12:27:11 INF] System.Net.Http.HttpClient.IDeepSeekClient.LogicalHandler Start processing HTTP request POST https://api.deepseek.com/chat/completions
[12:27:11 INF] System.Net.Http.HttpClient.IDeepSeekClient.ClientHandler Sending HTTP request POST https://api.deepseek.com/chat/completions
[12:27:11 INF] System.Net.Http.HttpClient.IDeepSeekClient.ClientHandler Received HTTP response headers after 285.5455ms - 200
[12:27:11 INF] System.Net.Http.HttpClient.IDeepSeekClient.LogicalHandler End processing HTTP request after 293.87ms - 200
[12:27:14 INF] System.Net.Http.HttpClient.IDeepSeekClient.LogicalHandler Start processing HTTP request POST https://api.deepseek.com/chat/completions
[12:27:14 INF] System.Net.Http.HttpClient.IDeepSeekClient.ClientHandler Sending HTTP request POST https://api.deepseek.com/chat/completions
[12:27:14 INF] System.Net.Http.HttpClient.IDeepSeekClient.ClientHandler Received HTTP response headers after 289.9538ms - 200
[12:27:14 INF] System.Net.Http.HttpClient.IDeepSeekClient.LogicalHandler End processing HTTP request after 297.9183ms - 200
[12:27:16 INF] System.Net.Http.HttpClient.IDeepSeekClient.LogicalHandler Start processing HTTP request POST https://api.deepseek.com/chat/completions
[12:27:16 INF] System.Net.Http.HttpClient.IDeepSeekClient.ClientHandler Sending HTTP request POST https://api.deepseek.com/chat/completions
[12:27:16 INF] System.Net.Http.HttpClient.IDeepSeekClient.LogicalHandler Start processing HTTP request POST https://api.deepseek.com/chat/completions
[12:27:16 INF] System.Net.Http.HttpClient.IDeepSeekClient.ClientHandler Sending HTTP request POST https://api.deepseek.com/chat/completions
[12:27:16 INF] System.Net.Http.HttpClient.IDeepSeekClient.ClientHandler Received HTTP response headers after 321.421ms - 200
[12:27:16 INF] System.Net.Http.HttpClient.IDeepSeekClient.LogicalHandler End processing HTTP request after 329.1489ms - 200
[12:27:16 INF] System.Net.Http.HttpClient.IDeepSeekClient.ClientHandler Received HTTP response headers after 294.9607ms - 200
[12:27:16 INF] System.Net.Http.HttpClient.IDeepSeekClient.LogicalHandler End processing HTTP request after 303.02ms - 200
[12:27:17 INF] System.Net.Http.HttpClient.IDeepSeekClient.LogicalHandler Start processing HTTP request POST https://api.deepseek.com/chat/completions
[12:27:17 INF] System.Net.Http.HttpClient.IDeepSeekClient.ClientHandler Sending HTTP request POST https://api.deepseek.com/chat/completions
[12:27:18 INF] System.Net.Http.HttpClient.IDeepSeekClient.ClientHandler Received HTTP response headers after 291.4444ms - 200
[12:27:18 INF] System.Net.Http.HttpClient.IDeepSeekClient.LogicalHandler End processing HTTP request after 301.4298ms - 200
[12:27:19 INF] System.Net.Http.HttpClient.IDeepSeekClient.LogicalHandler Start processing HTTP request POST https://api.deepseek.com/chat/completions
[12:27:19 INF] System.Net.Http.HttpClient.IDeepSeekClient.ClientHandler Sending HTTP request POST https://api.deepseek.com/chat/completions
[12:27:19 INF] System.Net.Http.HttpClient.IDeepSeekClient.ClientHandler Received HTTP response headers after 281.2491ms - 200
[12:27:19 INF] System.Net.Http.HttpClient.IDeepSeekClient.LogicalHandler End processing HTTP request after 289.5252ms - 200
[12:27:28 INF] System.Net.Http.HttpClient.IDeepSeekClient.LogicalHandler Start processing HTTP request POST https://api.deepseek.com/chat/completions
[12:27:28 INF] System.Net.Http.HttpClient.IDeepSeekClient.ClientHandler Sending HTTP request POST https://api.deepseek.com/chat/completions
[12:27:28 INF] System.Net.Http.HttpClient.IDeepSeekClient.ClientHandler Received HTTP response headers after 367.8628ms - 200
[12:27:28 INF] System.Net.Http.HttpClient.IDeepSeekClient.LogicalHandler End processing HTTP request after 375.8559ms - 200
[12:28:01 INF] System.Net.Http.HttpClient.IDeepSeekClient.LogicalHandler Start processing HTTP request POST https://api.deepseek.com/chat/completions
[12:28:01 INF] System.Net.Http.HttpClient.IDeepSeekClient.ClientHandler Sending HTTP request POST https://api.deepseek.com/chat/completions
[12:28:01 INF] System.Net.Http.HttpClient.IDeepSeekClient.ClientHandler Received HTTP response headers after 290.8679ms - 200
[12:28:01 INF] System.Net.Http.HttpClient.IDeepSeekClient.LogicalHandler End processing HTTP request after 299.0177ms - 200
[12:28:19 INF] System.Net.Http.HttpClient.IDeepSeekClient.LogicalHandler Start processing HTTP request POST https://api.deepseek.com/chat/completions
[12:28:19 INF] System.Net.Http.HttpClient.IDeepSeekClient.ClientHandler Sending HTTP request POST https://api.deepseek.com/chat/completions
[12:28:20 INF] System.Net.Http.HttpClient.IDeepSeekClient.ClientHandler Received HTTP response headers after 720.5182ms - 200
[12:28:20 INF] System.Net.Http.HttpClient.IDeepSeekClient.LogicalHandler End processing HTTP request after 728.9999ms - 200
[12:28:27 INF] System.Net.Http.HttpClient.IDeepSeekClient.LogicalHandler Start processing HTTP request POST https://api.deepseek.com/chat/completions
[12:28:27 INF] System.Net.Http.HttpClient.IDeepSeekClient.ClientHandler Sending HTTP request POST https://api.deepseek.com/chat/completions
[12:28:27 INF] System.Net.Http.HttpClient.IDeepSeekClient.ClientHandler Received HTTP response headers after 462.0515ms - 200
[12:28:27 INF] System.Net.Http.HttpClient.IDeepSeekClient.LogicalHandler End processing HTTP request after 469.4258ms - 200
[12:28:30 INF] System.Net.Http.HttpClient.IDeepSeekClient.LogicalHandler Start processing HTTP request POST https://api.deepseek.com/chat/completions
[12:28:30 INF] System.Net.Http.HttpClient.IDeepSeekClient.ClientHandler Sending HTTP request POST https://api.deepseek.com/chat/completions
[12:28:31 INF] System.Net.Http.HttpClient.IDeepSeekClient.ClientHandler Received HTTP response headers after 489.6799ms - 200
[12:28:31 INF] System.Net.Http.HttpClient.IDeepSeekClient.LogicalHandler End processing HTTP request after 497.4784ms - 200
[12:28:41 INF] System.Net.Http.HttpClient.IDeepSeekClient.LogicalHandler Start processing HTTP request POST https://api.deepseek.com/chat/completions
[12:28:41 INF] System.Net.Http.HttpClient.IDeepSeekClient.ClientHandler Sending HTTP request POST https://api.deepseek.com/chat/completions
[12:28:41 INF] System.Net.Http.HttpClient.IDeepSeekClient.ClientHandler Received HTTP response headers after 333.596ms - 200
[12:28:41 INF] System.Net.Http.HttpClient.IDeepSeekClient.LogicalHandler End processing HTTP request after 341.2208ms - 200
[12:30:17 INF] System.Net.Http.HttpClient.IStockApiClient.LogicalHandler Start processing HTTP request GET https://data.sec.gov/api/xbrl/companyfacts/CIK0001375365.json
[12:30:17 INF] System.Net.Http.HttpClient.IStockApiClient.ClientHandler Sending HTTP request GET https://data.sec.gov/api/xbrl/companyfacts/CIK0001375365.json
[12:30:17 INF] System.Net.Http.HttpClient.IStockApiClient.ClientHandler Received HTTP response headers after 231.5613ms - 200
[12:30:17 INF] System.Net.Http.HttpClient.IStockApiClient.LogicalHandler End processing HTTP request after 240.8719ms - 200
[12:30:18 INF] System.Net.Http.HttpClient.IStockApiClient.LogicalHandler Start processing HTTP request GET https://data.sec.gov/submissions/CIK0001375365.json
[12:30:18 INF] System.Net.Http.HttpClient.IStockApiClient.ClientHandler Sending HTTP request GET https://data.sec.gov/submissions/CIK0001375365.json
[12:30:18 INF] System.Net.Http.HttpClient.IStockApiClient.ClientHandler Received HTTP response headers after 146.3818ms - 200
[12:30:18 INF] System.Net.Http.HttpClient.IStockApiClient.LogicalHandler End processing HTTP request after 166.3305ms - 200
[12:30:18 INF] System.Net.Http.HttpClient.IStockApiClient.LogicalHandler Start processing HTTP request GET https://www.sec.gov/Archives/edgar/data/1375365/000137536525000027/index.json
[12:30:18 INF] System.Net.Http.HttpClient.IStockApiClient.ClientHandler Sending HTTP request GET https://www.sec.gov/Archives/edgar/data/1375365/000137536525000027/index.json
[12:30:18 INF] System.Net.Http.HttpClient.IStockApiClient.ClientHandler Received HTTP response headers after 173.47ms - 200
[12:30:18 INF] System.Net.Http.HttpClient.IStockApiClient.LogicalHandler End processing HTTP request after 190.7965ms - 200
[12:30:18 INF] System.Net.Http.HttpClient.IStockApiClient.LogicalHandler Start processing HTTP request GET https://www.sec.gov/Archives/edgar/data/1375365/000137536525000027/smci-20250630_htm.xml
[12:30:18 INF] System.Net.Http.HttpClient.IStockApiClient.ClientHandler Sending HTTP request GET https://www.sec.gov/Archives/edgar/data/1375365/000137536525000027/smci-20250630_htm.xml
[12:30:18 INF] System.Net.Http.HttpClient.IStockApiClient.ClientHandler Received HTTP response headers after 59.4433ms - 200
[12:30:18 INF] System.Net.Http.HttpClient.IStockApiClient.LogicalHandler End processing HTTP request after 78.7317ms - 200
[12:30:19 INF] System.Net.Http.HttpClient.IDeepSeekClient.LogicalHandler Start processing HTTP request POST https://api.deepseek.com/chat/completions
[12:30:19 INF] System.Net.Http.HttpClient.IDeepSeekClient.ClientHandler Sending HTTP request POST https://api.deepseek.com/chat/completions
[12:30:19 INF] System.Net.Http.HttpClient.IDeepSeekClient.ClientHandler Received HTTP response headers after 379.5966ms - 200
[12:30:19 INF] System.Net.Http.HttpClient.IDeepSeekClient.LogicalHandler End processing HTTP request after 388.6503ms - 200
[12:38:04 INF] Microsoft.Hosting.Lifetime Application is shutting down...
[12:38:11 INF] Microsoft.Hosting.Lifetime Now listening on: http://localhost:5213
[12:38:11 INF] Microsoft.Hosting.Lifetime Application started. Press Ctrl+C to shut down.
[12:38:11 INF] Microsoft.Hosting.Lifetime Hosting environment: Development
[12:38:11 INF] Microsoft.Hosting.Lifetime Content root path: C:\Users\luka.osojnik\Documents\Coding\simple-bloomberg-terminal\simple-bloomberg-terminal
[12:38:12 WRN] Microsoft.EntityFrameworkCore.Query Compiling a query which loads related collections for more than one collection navigation, either via 'Include' or through projection, but no 'QuerySplittingBehavior' has been configured. By default, Entity Framework will use 'QuerySplittingBehavior.SingleQuery', which can potentially result in slow query performance. See https://go.microsoft.com/fwlink/?linkid=2134277 for more information. To identify the query that's triggering this warning call 'ConfigureWarnings(w => w.Throw(RelationalEventId.MultipleCollectionIncludeWarning))'.
[12:38:21 WRN] LuckyPennySoftware.AutoMapper.License You do not have a valid license key for the Lucky Penny software AutoMapper. This is allowed for development and testing scenarios. If you are running in production you are required to have a licensed version. Please visit https://luckypennysoftware.com to obtain a valid license.
[12:38:21 INF] System.Net.Http.HttpClient.IStockApiClient.LogicalHandler Start processing HTTP request GET https://data.sec.gov/submissions/CIK0001375365.json
[12:38:21 INF] System.Net.Http.HttpClient.IStockApiClient.ClientHandler Sending HTTP request GET https://data.sec.gov/submissions/CIK0001375365.json
[12:38:22 INF] System.Net.Http.HttpClient.IStockApiClient.ClientHandler Received HTTP response headers after 294.0922ms - 200
[12:38:22 INF] System.Net.Http.HttpClient.IStockApiClient.LogicalHandler End processing HTTP request after 319.729ms - 200
[12:38:24 INF] System.Net.Http.HttpClient.IStockApiClient.LogicalHandler Start processing HTTP request GET https://data.sec.gov/submissions/CIK0001375365.json
[12:38:24 INF] System.Net.Http.HttpClient.IStockApiClient.ClientHandler Sending HTTP request GET https://data.sec.gov/submissions/CIK0001375365.json
[12:38:24 INF] System.Net.Http.HttpClient.IStockApiClient.ClientHandler Received HTTP response headers after 69.8417ms - 200
[12:38:24 INF] System.Net.Http.HttpClient.IStockApiClient.LogicalHandler End processing HTTP request after 80.0366ms - 200
[12:38:27 INF] System.Net.Http.HttpClient.IStockApiClient.LogicalHandler Start processing HTTP request GET https://www.sec.gov/Archives/edgar/data/1375365/000137536525000027/smci-20250630.htm
[12:38:27 INF] System.Net.Http.HttpClient.IStockApiClient.ClientHandler Sending HTTP request GET https://www.sec.gov/Archives/edgar/data/1375365/000137536525000027/smci-20250630.htm
[12:38:28 INF] System.Net.Http.HttpClient.IStockApiClient.ClientHandler Received HTTP response headers after 157.7275ms - 200
[12:38:28 INF] System.Net.Http.HttpClient.IStockApiClient.LogicalHandler End processing HTTP request after 166.5217ms - 200
[12:38:29 INF] System.Net.Http.HttpClient.IDeepSeekClient.LogicalHandler Start processing HTTP request POST https://api.deepseek.com/chat/completions
[12:38:29 INF] System.Net.Http.HttpClient.IDeepSeekClient.ClientHandler Sending HTTP request POST https://api.deepseek.com/chat/completions
[12:38:29 INF] System.Net.Http.HttpClient.IStockApiClient.LogicalHandler Start processing HTTP request GET https://www.sec.gov/Archives/edgar/data/1375365/000137536525000027/smci-20250630.htm
[12:38:29 INF] System.Net.Http.HttpClient.IStockApiClient.ClientHandler Sending HTTP request GET https://www.sec.gov/Archives/edgar/data/1375365/000137536525000027/smci-20250630.htm
[12:38:29 INF] System.Net.Http.HttpClient.IStockApiClient.ClientHandler Received HTTP response headers after 26.0971ms - 200
[12:38:29 INF] System.Net.Http.HttpClient.IStockApiClient.LogicalHandler End processing HTTP request after 35.5609ms - 200
[12:38:29 INF] System.Net.Http.HttpClient.IDeepSeekClient.ClientHandler Received HTTP response headers after 673.2087ms - 402
[12:38:29 INF] System.Net.Http.HttpClient.IDeepSeekClient.LogicalHandler End processing HTTP request after 682.8353ms - 402
[12:38:29 INF] System.Net.Http.HttpClient.IStockApiClient.LogicalHandler Start processing HTTP request GET https://www.sec.gov/Archives/edgar/data/1375365/000137536525000027/FilingSummary.xml
[12:38:29 INF] System.Net.Http.HttpClient.IStockApiClient.ClientHandler Sending HTTP request GET https://www.sec.gov/Archives/edgar/data/1375365/000137536525000027/FilingSummary.xml
[12:38:29 INF] System.Net.Http.HttpClient.IStockApiClient.ClientHandler Received HTTP response headers after 102.0581ms - 200
[12:38:29 INF] System.Net.Http.HttpClient.IStockApiClient.LogicalHandler End processing HTTP request after 112.5222ms - 200
[12:38:29 INF] System.Net.Http.HttpClient.IStockApiClient.LogicalHandler Start processing HTTP request GET https://www.sec.gov/Archives/edgar/data/1375365/000137536525000027/R5.htm
[12:38:29 INF] System.Net.Http.HttpClient.IStockApiClient.ClientHandler Sending HTTP request GET https://www.sec.gov/Archives/edgar/data/1375365/000137536525000027/R5.htm
[12:38:29 INF] System.Net.Http.HttpClient.IStockApiClient.ClientHandler Received HTTP response headers after 63.3289ms - 200
[12:38:29 INF] System.Net.Http.HttpClient.IStockApiClient.LogicalHandler End processing HTTP request after 76.348ms - 200
[12:38:29 INF] System.Net.Http.HttpClient.IStockApiClient.LogicalHandler Start processing HTTP request GET https://www.sec.gov/Archives/edgar/data/1375365/000137536525000027/R48.htm
[12:38:29 INF] System.Net.Http.HttpClient.IStockApiClient.ClientHandler Sending HTTP request GET https://www.sec.gov/Archives/edgar/data/1375365/000137536525000027/R48.htm
[12:38:29 INF] System.Net.Http.HttpClient.IStockApiClient.ClientHandler Received HTTP response headers after 32.934ms - 200
[12:38:29 INF] System.Net.Http.HttpClient.IStockApiClient.LogicalHandler End processing HTTP request after 42.3526ms - 200
[12:38:30 INF] System.Net.Http.HttpClient.IStockApiClient.LogicalHandler Start processing HTTP request GET https://www.sec.gov/Archives/edgar/data/1375365/000137536525000027/R81.htm
[12:38:30 INF] System.Net.Http.HttpClient.IStockApiClient.ClientHandler Sending HTTP request GET https://www.sec.gov/Archives/edgar/data/1375365/000137536525000027/R81.htm
[12:38:30 INF] System.Net.Http.HttpClient.IStockApiClient.ClientHandler Received HTTP response headers after 25.6603ms - 200
[12:38:30 INF] System.Net.Http.HttpClient.IStockApiClient.LogicalHandler End processing HTTP request after 34.9999ms - 200
[12:38:30 INF] System.Net.Http.HttpClient.IStockApiClient.LogicalHandler Start processing HTTP request GET https://www.sec.gov/Archives/edgar/data/1375365/000137536525000027/R92.htm
[12:38:30 INF] System.Net.Http.HttpClient.IStockApiClient.ClientHandler Sending HTTP request GET https://www.sec.gov/Archives/edgar/data/1375365/000137536525000027/R92.htm
[12:38:30 INF] System.Net.Http.HttpClient.IStockApiClient.ClientHandler Received HTTP response headers after 26.2798ms - 200
[12:38:30 INF] System.Net.Http.HttpClient.IStockApiClient.LogicalHandler End processing HTTP request after 36.4176ms - 200
[12:38:30 INF] System.Net.Http.HttpClient.IStockApiClient.LogicalHandler Start processing HTTP request GET https://www.sec.gov/Archives/edgar/data/1375365/000137536525000027/R107.htm
[12:38:30 INF] System.Net.Http.HttpClient.IStockApiClient.ClientHandler Sending HTTP request GET https://www.sec.gov/Archives/edgar/data/1375365/000137536525000027/R107.htm
[12:38:30 INF] System.Net.Http.HttpClient.IStockApiClient.ClientHandler Received HTTP response headers after 32.8475ms - 200
[12:38:30 INF] System.Net.Http.HttpClient.IStockApiClient.LogicalHandler End processing HTTP request after 43.1098ms - 200
[12:38:30 INF] System.Net.Http.HttpClient.IStockApiClient.LogicalHandler Start processing HTTP request GET https://www.sec.gov/Archives/edgar/data/1375365/000137536525000027/R108.htm
[12:38:30 INF] System.Net.Http.HttpClient.IStockApiClient.ClientHandler Sending HTTP request GET https://www.sec.gov/Archives/edgar/data/1375365/000137536525000027/R108.htm
[12:38:30 INF] System.Net.Http.HttpClient.IStockApiClient.ClientHandler Received HTTP response headers after 27.5335ms - 200
[12:38:30 INF] System.Net.Http.HttpClient.IStockApiClient.LogicalHandler End processing HTTP request after 38.3707ms - 200
[12:38:30 INF] System.Net.Http.HttpClient.IDeepSeekClient.LogicalHandler Start processing HTTP request POST https://api.deepseek.com/chat/completions
[12:38:30 INF] System.Net.Http.HttpClient.IDeepSeekClient.ClientHandler Sending HTTP request POST https://api.deepseek.com/chat/completions
[12:38:30 INF] System.Net.Http.HttpClient.IDeepSeekClient.LogicalHandler Start processing HTTP request POST https://api.deepseek.com/chat/completions
[12:38:30 INF] System.Net.Http.HttpClient.IDeepSeekClient.ClientHandler Sending HTTP request POST https://api.deepseek.com/chat/completions
[12:38:30 INF] System.Net.Http.HttpClient.IDeepSeekClient.LogicalHandler Start processing HTTP request POST https://api.deepseek.com/chat/completions
[12:38:30 INF] System.Net.Http.HttpClient.IDeepSeekClient.ClientHandler Sending HTTP request POST https://api.deepseek.com/chat/completions
[12:38:30 INF] System.Net.Http.HttpClient.IDeepSeekClient.LogicalHandler Start processing HTTP request POST https://api.deepseek.com/chat/completions
[12:38:30 INF] System.Net.Http.HttpClient.IDeepSeekClient.ClientHandler Sending HTTP request POST https://api.deepseek.com/chat/completions
[12:38:30 INF] System.Net.Http.HttpClient.IDeepSeekClient.LogicalHandler Start processing HTTP request POST https://api.deepseek.com/chat/completions
[12:38:30 INF] System.Net.Http.HttpClient.IDeepSeekClient.ClientHandler Sending HTTP request POST https://api.deepseek.com/chat/completions
[12:38:30 INF] System.Net.Http.HttpClient.IDeepSeekClient.LogicalHandler Start processing HTTP request POST https://api.deepseek.com/chat/completions
[12:38:30 INF] System.Net.Http.HttpClient.IDeepSeekClient.ClientHandler Sending HTTP request POST https://api.deepseek.com/chat/completions
[12:38:30 INF] System.Net.Http.HttpClient.IDeepSeekClient.ClientHandler Received HTTP response headers after 577.7053ms - 402
[12:38:30 INF] System.Net.Http.HttpClient.IDeepSeekClient.LogicalHandler End processing HTTP request after 587.7025ms - 402
[12:38:30 INF] System.Net.Http.HttpClient.IDeepSeekClient.LogicalHandler Start processing HTTP request POST https://api.deepseek.com/chat/completions
[12:38:30 INF] System.Net.Http.HttpClient.IDeepSeekClient.ClientHandler Sending HTTP request POST https://api.deepseek.com/chat/completions
[12:38:30 INF] System.Net.Http.HttpClient.IDeepSeekClient.ClientHandler Received HTTP response headers after 613.4551ms - 402
[12:38:30 INF] System.Net.Http.HttpClient.IDeepSeekClient.LogicalHandler End processing HTTP request after 623.5921ms - 402
[12:38:30 INF] System.Net.Http.HttpClient.IDeepSeekClient.LogicalHandler Start processing HTTP request POST https://api.deepseek.com/chat/completions
[12:38:30 INF] System.Net.Http.HttpClient.IDeepSeekClient.ClientHandler Sending HTTP request POST https://api.deepseek.com/chat/completions
[12:38:30 INF] System.Net.Http.HttpClient.IDeepSeekClient.ClientHandler Received HTTP response headers after 617.064ms - 402
[12:38:30 INF] System.Net.Http.HttpClient.IDeepSeekClient.LogicalHandler End processing HTTP request after 626.7204ms - 402
[12:38:30 INF] System.Net.Http.HttpClient.IDeepSeekClient.LogicalHandler Start processing HTTP request POST https://api.deepseek.com/chat/completions
[12:38:30 INF] System.Net.Http.HttpClient.IDeepSeekClient.ClientHandler Received HTTP response headers after 618.0277ms - 402
[12:38:30 INF] System.Net.Http.HttpClient.IDeepSeekClient.ClientHandler Sending HTTP request POST https://api.deepseek.com/chat/completions
[12:38:30 INF] System.Net.Http.HttpClient.IDeepSeekClient.LogicalHandler End processing HTTP request after 627.9274ms - 402
[12:38:30 INF] System.Net.Http.HttpClient.IDeepSeekClient.LogicalHandler Start processing HTTP request POST https://api.deepseek.com/chat/completions
[12:38:30 INF] System.Net.Http.HttpClient.IDeepSeekClient.ClientHandler Sending HTTP request POST https://api.deepseek.com/chat/completions
[12:38:30 INF] System.Net.Http.HttpClient.IDeepSeekClient.ClientHandler Received HTTP response headers after 644.131ms - 402
[12:38:30 INF] System.Net.Http.HttpClient.IDeepSeekClient.LogicalHandler End processing HTTP request after 656.0008ms - 402
[12:38:30 INF] System.Net.Http.HttpClient.IDeepSeekClient.LogicalHandler Start processing HTTP request POST https://api.deepseek.com/chat/completions
[12:38:30 INF] System.Net.Http.HttpClient.IDeepSeekClient.ClientHandler Sending HTTP request POST https://api.deepseek.com/chat/completions
[12:38:30 INF] System.Net.Http.HttpClient.IDeepSeekClient.ClientHandler Received HTTP response headers after 697.6098ms - 402
[12:38:30 INF] System.Net.Http.HttpClient.IDeepSeekClient.LogicalHandler End processing HTTP request after 707.2295ms - 402
[12:38:30 INF] System.Net.Http.HttpClient.IDeepSeekClient.LogicalHandler Start processing HTTP request POST https://api.deepseek.com/chat/completions
[12:38:30 INF] System.Net.Http.HttpClient.IDeepSeekClient.ClientHandler Sending HTTP request POST https://api.deepseek.com/chat/completions
[12:38:31 INF] System.Net.Http.HttpClient.IDeepSeekClient.ClientHandler Received HTTP response headers after 580.8264ms - 402
[12:38:31 INF] System.Net.Http.HttpClient.IDeepSeekClient.LogicalHandler End processing HTTP request after 589.2136ms - 402
[12:38:31 INF] System.Net.Http.HttpClient.IDeepSeekClient.LogicalHandler Start processing HTTP request POST https://api.deepseek.com/chat/completions
[12:38:31 INF] System.Net.Http.HttpClient.IDeepSeekClient.ClientHandler Sending HTTP request POST https://api.deepseek.com/chat/completions
[12:38:31 INF] System.Net.Http.HttpClient.IDeepSeekClient.ClientHandler Received HTTP response headers after 567.5705ms - 402
[12:38:31 INF] System.Net.Http.HttpClient.IDeepSeekClient.LogicalHandler End processing HTTP request after 576.4008ms - 402
[12:38:31 INF] System.Net.Http.HttpClient.IDeepSeekClient.LogicalHandler Start processing HTTP request POST https://api.deepseek.com/chat/completions
[12:38:31 INF] System.Net.Http.HttpClient.IDeepSeekClient.ClientHandler Sending HTTP request POST https://api.deepseek.com/chat/completions
[12:38:31 INF] System.Net.Http.HttpClient.IDeepSeekClient.ClientHandler Received HTTP response headers after 578.3665ms - 402
[12:38:31 INF] System.Net.Http.HttpClient.IDeepSeekClient.ClientHandler Received HTTP response headers after 571.7732ms - 402
[12:38:31 INF] System.Net.Http.HttpClient.IDeepSeekClient.LogicalHandler End processing HTTP request after 589.573ms - 402
[12:38:31 INF] System.Net.Http.HttpClient.IDeepSeekClient.LogicalHandler End processing HTTP request after 581.2632ms - 402
[12:38:31 INF] System.Net.Http.HttpClient.IDeepSeekClient.LogicalHandler Start processing HTTP request POST https://api.deepseek.com/chat/completions
[12:38:31 INF] System.Net.Http.HttpClient.IDeepSeekClient.LogicalHandler Start processing HTTP request POST https://api.deepseek.com/chat/completions
[12:38:31 INF] System.Net.Http.HttpClient.IDeepSeekClient.ClientHandler Sending HTTP request POST https://api.deepseek.com/chat/completions
[12:38:31 INF] System.Net.Http.HttpClient.IDeepSeekClient.ClientHandler Sending HTTP request POST https://api.deepseek.com/chat/completions
[12:38:31 INF] System.Net.Http.HttpClient.IDeepSeekClient.ClientHandler Received HTTP response headers after 575.0792ms - 402
[12:38:31 INF] System.Net.Http.HttpClient.IDeepSeekClient.LogicalHandler End processing HTTP request after 587.2424ms - 402
[12:38:31 INF] System.Net.Http.HttpClient.IDeepSeekClient.LogicalHandler Start processing HTTP request POST https://api.deepseek.com/chat/completions
[12:38:31 INF] System.Net.Http.HttpClient.IDeepSeekClient.ClientHandler Sending HTTP request POST https://api.deepseek.com/chat/completions
[12:38:31 INF] System.Net.Http.HttpClient.IDeepSeekClient.ClientHandler Received HTTP response headers after 563.4133ms - 402
[12:38:31 INF] System.Net.Http.HttpClient.IDeepSeekClient.LogicalHandler End processing HTTP request after 571.893ms - 402
[12:38:31 INF] System.Net.Http.HttpClient.IDeepSeekClient.LogicalHandler Start processing HTTP request POST https://api.deepseek.com/chat/completions
[12:38:31 INF] System.Net.Http.HttpClient.IDeepSeekClient.ClientHandler Sending HTTP request POST https://api.deepseek.com/chat/completions
[12:38:32 INF] System.Net.Http.HttpClient.IDeepSeekClient.ClientHandler Received HTTP response headers after 564.2816ms - 402
[12:38:32 INF] System.Net.Http.HttpClient.IDeepSeekClient.LogicalHandler End processing HTTP request after 572.3458ms - 402
[12:38:32 INF] System.Net.Http.HttpClient.IDeepSeekClient.LogicalHandler Start processing HTTP request POST https://api.deepseek.com/chat/completions
[12:38:32 INF] System.Net.Http.HttpClient.IDeepSeekClient.ClientHandler Sending HTTP request POST https://api.deepseek.com/chat/completions
[12:38:32 INF] System.Net.Http.HttpClient.IDeepSeekClient.ClientHandler Received HTTP response headers after 570.9379ms - 402
[12:38:32 INF] System.Net.Http.HttpClient.IDeepSeekClient.LogicalHandler End processing HTTP request after 583.3921ms - 402
[12:38:32 INF] System.Net.Http.HttpClient.IDeepSeekClient.LogicalHandler Start processing HTTP request POST https://api.deepseek.com/chat/completions
[12:38:32 INF] System.Net.Http.HttpClient.IDeepSeekClient.ClientHandler Received HTTP response headers after 568.1043ms - 402
[12:38:32 INF] System.Net.Http.HttpClient.IDeepSeekClient.ClientHandler Received HTTP response headers after 581.7787ms - 402
[12:38:32 INF] System.Net.Http.HttpClient.IDeepSeekClient.ClientHandler Sending HTTP request POST https://api.deepseek.com/chat/completions
[12:38:32 INF] System.Net.Http.HttpClient.IDeepSeekClient.ClientHandler Received HTTP response headers after 657.6909ms - 402
[12:38:32 INF] System.Net.Http.HttpClient.IDeepSeekClient.LogicalHandler End processing HTTP request after 577.2539ms - 402
[12:38:32 INF] System.Net.Http.HttpClient.IDeepSeekClient.LogicalHandler End processing HTTP request after 597.7649ms - 402
[12:38:32 INF] System.Net.Http.HttpClient.IDeepSeekClient.LogicalHandler End processing HTTP request after 672.1821ms - 402
[12:38:32 INF] System.Net.Http.HttpClient.IDeepSeekClient.LogicalHandler Start processing HTTP request POST https://api.deepseek.com/chat/completions
[12:38:32 INF] System.Net.Http.HttpClient.IDeepSeekClient.LogicalHandler Start processing HTTP request POST https://api.deepseek.com/chat/completions
[12:38:32 INF] System.Net.Http.HttpClient.IDeepSeekClient.LogicalHandler Start processing HTTP request POST https://api.deepseek.com/chat/completions
[12:38:32 INF] System.Net.Http.HttpClient.IDeepSeekClient.ClientHandler Sending HTTP request POST https://api.deepseek.com/chat/completions
[12:38:32 INF] System.Net.Http.HttpClient.IDeepSeekClient.ClientHandler Sending HTTP request POST https://api.deepseek.com/chat/completions
[12:38:32 INF] System.Net.Http.HttpClient.IDeepSeekClient.ClientHandler Sending HTTP request POST https://api.deepseek.com/chat/completions
[12:38:32 INF] System.Net.Http.HttpClient.IDeepSeekClient.ClientHandler Received HTTP response headers after 592.6145ms - 402
[12:38:32 INF] System.Net.Http.HttpClient.IDeepSeekClient.LogicalHandler End processing HTTP request after 600.3112ms - 402
[12:38:32 INF] System.Net.Http.HttpClient.IDeepSeekClient.LogicalHandler Start processing HTTP request POST https://api.deepseek.com/chat/completions
[12:38:32 INF] System.Net.Http.HttpClient.IDeepSeekClient.ClientHandler Sending HTTP request POST https://api.deepseek.com/chat/completions
[12:38:32 INF] System.Net.Http.HttpClient.IDeepSeekClient.ClientHandler Received HTTP response headers after 575.9363ms - 402
[12:38:32 INF] System.Net.Http.HttpClient.IDeepSeekClient.LogicalHandler End processing HTTP request after 585.2421ms - 402
[12:38:32 INF] System.Net.Http.HttpClient.IDeepSeekClient.LogicalHandler Start processing HTTP request POST https://api.deepseek.com/chat/completions
[12:38:32 INF] System.Net.Http.HttpClient.IDeepSeekClient.ClientHandler Sending HTTP request POST https://api.deepseek.com/chat/completions
[12:38:32 INF] System.Net.Http.HttpClient.IDeepSeekClient.ClientHandler Received HTTP response headers after 570.5788ms - 402
[12:38:32 INF] System.Net.Http.HttpClient.IDeepSeekClient.LogicalHandler End processing HTTP request after 589.0989ms - 402
[12:38:32 INF] System.Net.Http.HttpClient.IDeepSeekClient.ClientHandler Received HTTP response headers after 572.5334ms - 402
[12:38:32 INF] System.Net.Http.HttpClient.IDeepSeekClient.LogicalHandler Start processing HTTP request POST https://api.deepseek.com/chat/completions
[12:38:32 INF] System.Net.Http.HttpClient.IDeepSeekClient.LogicalHandler End processing HTTP request after 591.2348ms - 402
[12:38:32 INF] System.Net.Http.HttpClient.IDeepSeekClient.ClientHandler Sending HTTP request POST https://api.deepseek.com/chat/completions
[12:38:32 INF] System.Net.Http.HttpClient.IDeepSeekClient.LogicalHandler Start processing HTTP request POST https://api.deepseek.com/chat/completions
[12:38:32 INF] System.Net.Http.HttpClient.IDeepSeekClient.ClientHandler Sending HTTP request POST https://api.deepseek.com/chat/completions
[12:38:32 INF] System.Net.Http.HttpClient.IDeepSeekClient.ClientHandler Received HTTP response headers after 582.711ms - 402
[12:38:32 INF] System.Net.Http.HttpClient.IDeepSeekClient.LogicalHandler End processing HTTP request after 603.1484ms - 402
[12:38:32 INF] System.Net.Http.HttpClient.IDeepSeekClient.LogicalHandler Start processing HTTP request POST https://api.deepseek.com/chat/completions
[12:38:32 INF] System.Net.Http.HttpClient.IDeepSeekClient.ClientHandler Sending HTTP request POST https://api.deepseek.com/chat/completions
[12:38:32 INF] System.Net.Http.HttpClient.IDeepSeekClient.ClientHandler Received HTTP response headers after 576.2886ms - 402
[12:38:32 INF] System.Net.Http.HttpClient.IDeepSeekClient.LogicalHandler End processing HTTP request after 584.2119ms - 402
[12:38:32 INF] System.Net.Http.HttpClient.IDeepSeekClient.LogicalHandler Start processing HTTP request POST https://api.deepseek.com/chat/completions
[12:38:32 INF] System.Net.Http.HttpClient.IDeepSeekClient.ClientHandler Sending HTTP request POST https://api.deepseek.com/chat/completions
[12:38:32 INF] System.Net.Http.HttpClient.IDeepSeekClient.ClientHandler Received HTTP response headers after 642.7841ms - 402
[12:38:32 INF] System.Net.Http.HttpClient.IDeepSeekClient.LogicalHandler End processing HTTP request after 656.7842ms - 402
[12:38:32 INF] System.Net.Http.HttpClient.IDeepSeekClient.LogicalHandler Start processing HTTP request POST https://api.deepseek.com/chat/completions
[12:38:32 INF] System.Net.Http.HttpClient.IDeepSeekClient.ClientHandler Sending HTTP request POST https://api.deepseek.com/chat/completions
[12:38:33 INF] System.Net.Http.HttpClient.IDeepSeekClient.ClientHandler Received HTTP response headers after 584.8712ms - 402
[12:38:33 INF] System.Net.Http.HttpClient.IDeepSeekClient.LogicalHandler End processing HTTP request after 593.2344ms - 402
[12:38:33 INF] System.Net.Http.HttpClient.IDeepSeekClient.LogicalHandler Start processing HTTP request POST https://api.deepseek.com/chat/completions
[12:38:33 INF] System.Net.Http.HttpClient.IDeepSeekClient.ClientHandler Sending HTTP request POST https://api.deepseek.com/chat/completions
[12:38:33 INF] System.Net.Http.HttpClient.IDeepSeekClient.ClientHandler Received HTTP response headers after 579.4702ms - 402
[12:38:33 INF] System.Net.Http.HttpClient.IDeepSeekClient.ClientHandler Received HTTP response headers after 576.1908ms - 402
[12:38:33 INF] System.Net.Http.HttpClient.IDeepSeekClient.LogicalHandler End processing HTTP request after 591.7766ms - 402
[12:38:33 INF] System.Net.Http.HttpClient.IDeepSeekClient.LogicalHandler End processing HTTP request after 587.0461ms - 402
[12:38:33 INF] System.Net.Http.HttpClient.IDeepSeekClient.LogicalHandler Start processing HTTP request POST https://api.deepseek.com/chat/completions
[12:38:33 INF] System.Net.Http.HttpClient.IDeepSeekClient.LogicalHandler Start processing HTTP request POST https://api.deepseek.com/chat/completions
[12:38:33 INF] System.Net.Http.HttpClient.IDeepSeekClient.ClientHandler Sending HTTP request POST https://api.deepseek.com/chat/completions
[12:38:33 INF] System.Net.Http.HttpClient.IDeepSeekClient.ClientHandler Sending HTTP request POST https://api.deepseek.com/chat/completions
[12:38:33 INF] System.Net.Http.HttpClient.IDeepSeekClient.ClientHandler Received HTTP response headers after 586.4654ms - 402
[12:38:33 INF] System.Net.Http.HttpClient.IDeepSeekClient.LogicalHandler End processing HTTP request after 594.4273ms - 402
[12:38:33 INF] System.Net.Http.HttpClient.IDeepSeekClient.LogicalHandler Start processing HTTP request POST https://api.deepseek.com/chat/completions
[12:38:33 INF] System.Net.Http.HttpClient.IDeepSeekClient.ClientHandler Sending HTTP request POST https://api.deepseek.com/chat/completions
[12:38:33 INF] System.Net.Http.HttpClient.IDeepSeekClient.ClientHandler Received HTTP response headers after 566.474ms - 402
[12:38:33 INF] System.Net.Http.HttpClient.IDeepSeekClient.LogicalHandler End processing HTTP request after 574.0985ms - 402
[12:38:33 INF] System.Net.Http.HttpClient.IDeepSeekClient.ClientHandler Received HTTP response headers after 612.1392ms - 402
[12:38:33 INF] System.Net.Http.HttpClient.IDeepSeekClient.LogicalHandler End processing HTTP request after 620.0262ms - 402
[12:38:33 INF] System.Net.Http.HttpClient.IDeepSeekClient.ClientHandler Received HTTP response headers after 587.0673ms - 402
[12:38:33 INF] System.Net.Http.HttpClient.IDeepSeekClient.LogicalHandler End processing HTTP request after 594.7665ms - 402
[12:38:33 INF] System.Net.Http.HttpClient.IDeepSeekClient.ClientHandler Received HTTP response headers after 566.7814ms - 402
[12:38:33 INF] System.Net.Http.HttpClient.IDeepSeekClient.LogicalHandler End processing HTTP request after 579.0932ms - 402
[12:38:33 INF] System.Net.Http.HttpClient.IDeepSeekClient.ClientHandler Received HTTP response headers after 581.4563ms - 402
[12:38:33 INF] System.Net.Http.HttpClient.IDeepSeekClient.LogicalHandler End processing HTTP request after 593.7757ms - 402
[12:38:33 INF] System.Net.Http.HttpClient.IDeepSeekClient.ClientHandler Received HTTP response headers after 577.8878ms - 402
[12:38:33 INF] System.Net.Http.HttpClient.IDeepSeekClient.LogicalHandler End processing HTTP request after 585.2843ms - 402
[12:38:33 INF] System.Net.Http.HttpClient.IStockApiClient.LogicalHandler Start processing HTTP request GET https://data.sec.gov/api/xbrl/companyfacts/CIK0001375365.json
[12:38:33 INF] System.Net.Http.HttpClient.IStockApiClient.ClientHandler Sending HTTP request GET https://data.sec.gov/api/xbrl/companyfacts/CIK0001375365.json
[12:38:34 INF] System.Net.Http.HttpClient.IStockApiClient.ClientHandler Received HTTP response headers after 339.3472ms - 200
[12:38:34 INF] System.Net.Http.HttpClient.IStockApiClient.LogicalHandler End processing HTTP request after 349.1165ms - 200
[12:38:34 INF] System.Net.Http.HttpClient.IStockApiClient.LogicalHandler Start processing HTTP request GET https://data.sec.gov/submissions/CIK0001375365.json
[12:38:34 INF] System.Net.Http.HttpClient.IStockApiClient.ClientHandler Sending HTTP request GET https://data.sec.gov/submissions/CIK0001375365.json
[12:38:34 INF] System.Net.Http.HttpClient.IStockApiClient.ClientHandler Received HTTP response headers after 25.558ms - 200
[12:38:34 INF] System.Net.Http.HttpClient.IStockApiClient.LogicalHandler End processing HTTP request after 34.3476ms - 200
[12:38:34 INF] System.Net.Http.HttpClient.IStockApiClient.LogicalHandler Start processing HTTP request GET https://www.sec.gov/Archives/edgar/data/1375365/000137536525000027/index.json
[12:38:34 INF] System.Net.Http.HttpClient.IStockApiClient.ClientHandler Sending HTTP request GET https://www.sec.gov/Archives/edgar/data/1375365/000137536525000027/index.json
[12:38:34 INF] System.Net.Http.HttpClient.IStockApiClient.ClientHandler Received HTTP response headers after 29.1049ms - 200
[12:38:34 INF] System.Net.Http.HttpClient.IStockApiClient.LogicalHandler End processing HTTP request after 38.4816ms - 200
[12:38:34 INF] System.Net.Http.HttpClient.IStockApiClient.LogicalHandler Start processing HTTP request GET https://www.sec.gov/Archives/edgar/data/1375365/000137536525000027/smci-20250630_htm.xml
[12:38:34 INF] System.Net.Http.HttpClient.IStockApiClient.ClientHandler Sending HTTP request GET https://www.sec.gov/Archives/edgar/data/1375365/000137536525000027/smci-20250630_htm.xml
[12:38:34 INF] System.Net.Http.HttpClient.IStockApiClient.ClientHandler Received HTTP response headers after 28.4147ms - 200
[12:38:34 INF] System.Net.Http.HttpClient.IStockApiClient.LogicalHandler End processing HTTP request after 36.653ms - 200
[12:38:35 INF] System.Net.Http.HttpClient.IStockApiClient.LogicalHandler Start processing HTTP request GET https://www.sec.gov/Archives/edgar/data/1375365/000137536525000027/smci-20250630.htm
[12:38:35 INF] System.Net.Http.HttpClient.IStockApiClient.ClientHandler Sending HTTP request GET https://www.sec.gov/Archives/edgar/data/1375365/000137536525000027/smci-20250630.htm
[12:38:35 INF] System.Net.Http.HttpClient.IStockApiClient.ClientHandler Received HTTP response headers after 28.7728ms - 200
[12:38:35 INF] System.Net.Http.HttpClient.IStockApiClient.LogicalHandler End processing HTTP request after 37.5222ms - 200
[12:38:36 INF] System.Net.Http.HttpClient.IDeepSeekClient.LogicalHandler Start processing HTTP request POST https://api.deepseek.com/chat/completions
[12:38:36 INF] System.Net.Http.HttpClient.IDeepSeekClient.ClientHandler Sending HTTP request POST https://api.deepseek.com/chat/completions
[12:38:37 INF] System.Net.Http.HttpClient.IDeepSeekClient.ClientHandler Received HTTP response headers after 747.3227ms - 402
[12:38:37 INF] System.Net.Http.HttpClient.IDeepSeekClient.LogicalHandler End processing HTTP request after 755.8299ms - 402
[12:41:10 INF] System.Net.Http.HttpClient.IStockApiClient.LogicalHandler Start processing HTTP request GET https://data.sec.gov/submissions/CIK0001375365.json
[12:41:10 INF] System.Net.Http.HttpClient.IStockApiClient.ClientHandler Sending HTTP request GET https://data.sec.gov/submissions/CIK0001375365.json
[12:41:11 INF] System.Net.Http.HttpClient.IStockApiClient.ClientHandler Received HTTP response headers after 346.2232ms - 200
[12:41:11 INF] System.Net.Http.HttpClient.IStockApiClient.LogicalHandler End processing HTTP request after 354.4263ms - 200
[12:41:14 INF] System.Net.Http.HttpClient.IDeepSeekClient.LogicalHandler Start processing HTTP request POST https://api.deepseek.com/chat/completions
[12:41:14 INF] System.Net.Http.HttpClient.IDeepSeekClient.ClientHandler Sending HTTP request POST https://api.deepseek.com/chat/completions
[12:41:15 INF] System.Net.Http.HttpClient.IDeepSeekClient.ClientHandler Received HTTP response headers after 336.0303ms - 200
[12:41:15 INF] System.Net.Http.HttpClient.IDeepSeekClient.LogicalHandler End processing HTTP request after 343.9829ms - 200
[12:41:15 INF] System.Net.Http.HttpClient.IStockApiClient.LogicalHandler Start processing HTTP request GET https://www.sec.gov/Archives/edgar/data/1375365/000137536525000027/smci-20250630.htm
[12:41:15 INF] System.Net.Http.HttpClient.IStockApiClient.ClientHandler Sending HTTP request GET https://www.sec.gov/Archives/edgar/data/1375365/000137536525000027/smci-20250630.htm
[12:41:15 INF] System.Net.Http.HttpClient.IStockApiClient.ClientHandler Received HTTP response headers after 141.9209ms - 200
[12:41:15 INF] System.Net.Http.HttpClient.IStockApiClient.LogicalHandler End processing HTTP request after 150.8844ms - 200
[12:42:08 INF] System.Net.Http.HttpClient.IDeepSeekClient.LogicalHandler Start processing HTTP request POST https://api.deepseek.com/chat/completions
[12:42:08 INF] System.Net.Http.HttpClient.IDeepSeekClient.ClientHandler Sending HTTP request POST https://api.deepseek.com/chat/completions
[12:42:08 INF] System.Net.Http.HttpClient.IDeepSeekClient.LogicalHandler Start processing HTTP request POST https://api.deepseek.com/chat/completions
[12:42:08 INF] System.Net.Http.HttpClient.IDeepSeekClient.ClientHandler Sending HTTP request POST https://api.deepseek.com/chat/completions
[12:42:08 INF] System.Net.Http.HttpClient.IDeepSeekClient.LogicalHandler Start processing HTTP request POST https://api.deepseek.com/chat/completions
[12:42:08 INF] System.Net.Http.HttpClient.IDeepSeekClient.ClientHandler Sending HTTP request POST https://api.deepseek.com/chat/completions
[12:42:08 INF] System.Net.Http.HttpClient.IDeepSeekClient.LogicalHandler Start processing HTTP request POST https://api.deepseek.com/chat/completions
[12:42:08 INF] System.Net.Http.HttpClient.IDeepSeekClient.ClientHandler Sending HTTP request POST https://api.deepseek.com/chat/completions
[12:42:08 INF] System.Net.Http.HttpClient.IDeepSeekClient.LogicalHandler Start processing HTTP request POST https://api.deepseek.com/chat/completions
[12:42:08 INF] System.Net.Http.HttpClient.IDeepSeekClient.ClientHandler Sending HTTP request POST https://api.deepseek.com/chat/completions
[12:42:08 INF] System.Net.Http.HttpClient.IDeepSeekClient.LogicalHandler Start processing HTTP request POST https://api.deepseek.com/chat/completions
[12:42:08 INF] System.Net.Http.HttpClient.IDeepSeekClient.ClientHandler Sending HTTP request POST https://api.deepseek.com/chat/completions
[12:42:08 INF] System.Net.Http.HttpClient.IDeepSeekClient.ClientHandler Received HTTP response headers after 266.2443ms - 200
[12:42:08 INF] System.Net.Http.HttpClient.IDeepSeekClient.LogicalHandler End processing HTTP request after 274.8057ms - 200
[12:42:08 INF] System.Net.Http.HttpClient.IDeepSeekClient.ClientHandler Received HTTP response headers after 327.8681ms - 200
[12:42:08 INF] System.Net.Http.HttpClient.IDeepSeekClient.LogicalHandler End processing HTTP request after 337.1362ms - 200
[12:42:08 INF] System.Net.Http.HttpClient.IDeepSeekClient.ClientHandler Received HTTP response headers after 330.5051ms - 200
[12:42:08 INF] System.Net.Http.HttpClient.IDeepSeekClient.LogicalHandler End processing HTTP request after 339.4147ms - 200
[12:42:08 INF] System.Net.Http.HttpClient.IDeepSeekClient.ClientHandler Received HTTP response headers after 332.7713ms - 200
[12:42:08 INF] System.Net.Http.HttpClient.IDeepSeekClient.LogicalHandler End processing HTTP request after 342.2045ms - 200
[12:42:08 INF] System.Net.Http.HttpClient.IDeepSeekClient.ClientHandler Received HTTP response headers after 348.7385ms - 200
[12:42:08 INF] System.Net.Http.HttpClient.IDeepSeekClient.LogicalHandler End processing HTTP request after 358.0178ms - 200
[12:42:08 INF] System.Net.Http.HttpClient.IDeepSeekClient.ClientHandler Received HTTP response headers after 403.6173ms - 200
[12:42:08 INF] System.Net.Http.HttpClient.IDeepSeekClient.LogicalHandler End processing HTTP request after 413.7617ms - 200
[12:42:09 INF] System.Net.Http.HttpClient.IDeepSeekClient.LogicalHandler Start processing HTTP request POST https://api.deepseek.com/chat/completions
[12:42:09 INF] System.Net.Http.HttpClient.IDeepSeekClient.ClientHandler Sending HTTP request POST https://api.deepseek.com/chat/completions
[12:42:09 INF] System.Net.Http.HttpClient.IDeepSeekClient.LogicalHandler Start processing HTTP request POST https://api.deepseek.com/chat/completions
[12:42:09 INF] System.Net.Http.HttpClient.IDeepSeekClient.ClientHandler Sending HTTP request POST https://api.deepseek.com/chat/completions
[12:42:09 INF] System.Net.Http.HttpClient.IDeepSeekClient.ClientHandler Received HTTP response headers after 289.3275ms - 200
[12:42:09 INF] System.Net.Http.HttpClient.IDeepSeekClient.LogicalHandler End processing HTTP request after 297.1642ms - 200
[12:42:09 INF] System.Net.Http.HttpClient.IDeepSeekClient.LogicalHandler Start processing HTTP request POST https://api.deepseek.com/chat/completions
[12:42:09 INF] System.Net.Http.HttpClient.IDeepSeekClient.ClientHandler Sending HTTP request POST https://api.deepseek.com/chat/completions
[12:42:09 INF] System.Net.Http.HttpClient.IDeepSeekClient.ClientHandler Received HTTP response headers after 286.4365ms - 200
[12:42:09 INF] System.Net.Http.HttpClient.IDeepSeekClient.LogicalHandler End processing HTTP request after 294.101ms - 200
[12:42:09 INF] System.Net.Http.HttpClient.IDeepSeekClient.ClientHandler Received HTTP response headers after 286.4201ms - 200
[12:42:09 INF] System.Net.Http.HttpClient.IDeepSeekClient.LogicalHandler End processing HTTP request after 294.1503ms - 200
[12:42:09 INF] System.Net.Http.HttpClient.IDeepSeekClient.LogicalHandler Start processing HTTP request POST https://api.deepseek.com/chat/completions
[12:42:09 INF] System.Net.Http.HttpClient.IDeepSeekClient.ClientHandler Sending HTTP request POST https://api.deepseek.com/chat/completions
[12:42:10 INF] System.Net.Http.HttpClient.IDeepSeekClient.ClientHandler Received HTTP response headers after 287.3315ms - 200
[12:42:10 INF] System.Net.Http.HttpClient.IDeepSeekClient.LogicalHandler End processing HTTP request after 295.4316ms - 200
[12:42:20 INF] System.Net.Http.HttpClient.IDeepSeekClient.LogicalHandler Start processing HTTP request POST https://api.deepseek.com/chat/completions
[12:42:20 INF] System.Net.Http.HttpClient.IDeepSeekClient.ClientHandler Sending HTTP request POST https://api.deepseek.com/chat/completions
[12:42:20 INF] System.Net.Http.HttpClient.IDeepSeekClient.ClientHandler Received HTTP response headers after 295.7995ms - 200
[12:42:20 INF] System.Net.Http.HttpClient.IDeepSeekClient.LogicalHandler End processing HTTP request after 304.2838ms - 200
[12:42:20 INF] System.Net.Http.HttpClient.IDeepSeekClient.LogicalHandler Start processing HTTP request POST https://api.deepseek.com/chat/completions
[12:42:20 INF] System.Net.Http.HttpClient.IDeepSeekClient.ClientHandler Sending HTTP request POST https://api.deepseek.com/chat/completions
[12:42:21 INF] System.Net.Http.HttpClient.IDeepSeekClient.ClientHandler Received HTTP response headers after 290.1469ms - 200
[12:42:21 INF] System.Net.Http.HttpClient.IDeepSeekClient.LogicalHandler End processing HTTP request after 299.1378ms - 200
[12:42:22 INF] System.Net.Http.HttpClient.IDeepSeekClient.LogicalHandler Start processing HTTP request POST https://api.deepseek.com/chat/completions
[12:42:22 INF] System.Net.Http.HttpClient.IDeepSeekClient.ClientHandler Sending HTTP request POST https://api.deepseek.com/chat/completions
[12:42:23 INF] System.Net.Http.HttpClient.IDeepSeekClient.ClientHandler Received HTTP response headers after 299.7043ms - 200
[12:42:23 INF] System.Net.Http.HttpClient.IDeepSeekClient.LogicalHandler End processing HTTP request after 307.3773ms - 200
[12:42:24 INF] System.Net.Http.HttpClient.IDeepSeekClient.LogicalHandler Start processing HTTP request POST https://api.deepseek.com/chat/completions
[12:42:24 INF] System.Net.Http.HttpClient.IDeepSeekClient.ClientHandler Sending HTTP request POST https://api.deepseek.com/chat/completions
[12:42:24 INF] System.Net.Http.HttpClient.IDeepSeekClient.ClientHandler Received HTTP response headers after 288.142ms - 200
[12:42:24 INF] System.Net.Http.HttpClient.IDeepSeekClient.LogicalHandler End processing HTTP request after 295.7605ms - 200
[12:42:49 INF] System.Net.Http.HttpClient.IDeepSeekClient.LogicalHandler Start processing HTTP request POST https://api.deepseek.com/chat/completions
[12:42:49 INF] System.Net.Http.HttpClient.IDeepSeekClient.ClientHandler Sending HTTP request POST https://api.deepseek.com/chat/completions
[12:42:49 INF] System.Net.Http.HttpClient.IDeepSeekClient.ClientHandler Received HTTP response headers after 299.3162ms - 200
[12:42:49 INF] System.Net.Http.HttpClient.IDeepSeekClient.LogicalHandler End processing HTTP request after 306.78ms - 200
[12:42:54 INF] System.Net.Http.HttpClient.IDeepSeekClient.LogicalHandler Start processing HTTP request POST https://api.deepseek.com/chat/completions
[12:42:54 INF] System.Net.Http.HttpClient.IDeepSeekClient.ClientHandler Sending HTTP request POST https://api.deepseek.com/chat/completions
[12:42:54 INF] System.Net.Http.HttpClient.IDeepSeekClient.ClientHandler Received HTTP response headers after 281.9578ms - 200
[12:42:54 INF] System.Net.Http.HttpClient.IDeepSeekClient.LogicalHandler End processing HTTP request after 290.6616ms - 200
[12:43:01 INF] System.Net.Http.HttpClient.IDeepSeekClient.LogicalHandler Start processing HTTP request POST https://api.deepseek.com/chat/completions
[12:43:01 INF] System.Net.Http.HttpClient.IDeepSeekClient.ClientHandler Sending HTTP request POST https://api.deepseek.com/chat/completions
[12:43:01 INF] System.Net.Http.HttpClient.IDeepSeekClient.ClientHandler Received HTTP response headers after 293.565ms - 200
[12:43:01 INF] System.Net.Http.HttpClient.IDeepSeekClient.LogicalHandler End processing HTTP request after 301.0743ms - 200
[12:43:33 INF] System.Net.Http.HttpClient.IDeepSeekClient.LogicalHandler Start processing HTTP request POST https://api.deepseek.com/chat/completions
[12:43:33 INF] System.Net.Http.HttpClient.IDeepSeekClient.ClientHandler Sending HTTP request POST https://api.deepseek.com/chat/completions
[12:43:34 INF] System.Net.Http.HttpClient.IDeepSeekClient.ClientHandler Received HTTP response headers after 283.2255ms - 200
[12:43:34 INF] System.Net.Http.HttpClient.IDeepSeekClient.LogicalHandler End processing HTTP request after 291.333ms - 200
[12:43:44 INF] System.Net.Http.HttpClient.IDeepSeekClient.LogicalHandler Start processing HTTP request POST https://api.deepseek.com/chat/completions
[12:43:44 INF] System.Net.Http.HttpClient.IDeepSeekClient.ClientHandler Sending HTTP request POST https://api.deepseek.com/chat/completions
[12:43:44 INF] System.Net.Http.HttpClient.IDeepSeekClient.ClientHandler Received HTTP response headers after 286.7586ms - 200
[12:43:44 INF] System.Net.Http.HttpClient.IDeepSeekClient.LogicalHandler End processing HTTP request after 294.7287ms - 200
[12:43:45 INF] System.Net.Http.HttpClient.IDeepSeekClient.LogicalHandler Start processing HTTP request POST https://api.deepseek.com/chat/completions
[12:43:45 INF] System.Net.Http.HttpClient.IDeepSeekClient.ClientHandler Sending HTTP request POST https://api.deepseek.com/chat/completions
[12:43:45 INF] System.Net.Http.HttpClient.IDeepSeekClient.ClientHandler Received HTTP response headers after 280.9498ms - 200
[12:43:45 INF] System.Net.Http.HttpClient.IDeepSeekClient.LogicalHandler End processing HTTP request after 289.0154ms - 200
[12:43:48 INF] System.Net.Http.HttpClient.IDeepSeekClient.LogicalHandler Start processing HTTP request POST https://api.deepseek.com/chat/completions
[12:43:48 INF] System.Net.Http.HttpClient.IDeepSeekClient.ClientHandler Sending HTTP request POST https://api.deepseek.com/chat/completions
[12:43:48 INF] System.Net.Http.HttpClient.IDeepSeekClient.ClientHandler Received HTTP response headers after 299.9893ms - 200
[12:43:48 INF] System.Net.Http.HttpClient.IDeepSeekClient.LogicalHandler End processing HTTP request after 307.5847ms - 200
[12:44:04 INF] System.Net.Http.HttpClient.IDeepSeekClient.LogicalHandler Start processing HTTP request POST https://api.deepseek.com/chat/completions
[12:44:04 INF] System.Net.Http.HttpClient.IDeepSeekClient.ClientHandler Sending HTTP request POST https://api.deepseek.com/chat/completions
[12:44:04 INF] System.Net.Http.HttpClient.IDeepSeekClient.ClientHandler Received HTTP response headers after 360.8677ms - 200
[12:44:04 INF] System.Net.Http.HttpClient.IDeepSeekClient.LogicalHandler End processing HTTP request after 369.362ms - 200
[12:44:22 INF] System.Net.Http.HttpClient.IDeepSeekClient.LogicalHandler Start processing HTTP request POST https://api.deepseek.com/chat/completions
[12:44:22 INF] System.Net.Http.HttpClient.IDeepSeekClient.ClientHandler Sending HTTP request POST https://api.deepseek.com/chat/completions
[12:44:22 INF] System.Net.Http.HttpClient.IDeepSeekClient.ClientHandler Received HTTP response headers after 328.5054ms - 200
[12:44:22 INF] System.Net.Http.HttpClient.IDeepSeekClient.LogicalHandler End processing HTTP request after 338.118ms - 200
[12:44:27 INF] System.Net.Http.HttpClient.IDeepSeekClient.LogicalHandler Start processing HTTP request POST https://api.deepseek.com/chat/completions
[12:44:27 INF] System.Net.Http.HttpClient.IDeepSeekClient.ClientHandler Sending HTTP request POST https://api.deepseek.com/chat/completions
[12:44:28 INF] System.Net.Http.HttpClient.IDeepSeekClient.ClientHandler Received HTTP response headers after 295.0446ms - 200
[12:44:28 INF] System.Net.Http.HttpClient.IDeepSeekClient.LogicalHandler End processing HTTP request after 303.9366ms - 200
[12:45:20 INF] System.Net.Http.HttpClient.IDeepSeekClient.LogicalHandler Start processing HTTP request POST https://api.deepseek.com/chat/completions
[12:45:20 INF] System.Net.Http.HttpClient.IDeepSeekClient.ClientHandler Sending HTTP request POST https://api.deepseek.com/chat/completions
[12:45:21 INF] System.Net.Http.HttpClient.IDeepSeekClient.ClientHandler Received HTTP response headers after 405.6281ms - 200
[12:45:21 INF] System.Net.Http.HttpClient.IDeepSeekClient.LogicalHandler End processing HTTP request after 414.5379ms - 200
[12:45:42 INF] System.Net.Http.HttpClient.IDeepSeekClient.LogicalHandler Start processing HTTP request POST https://api.deepseek.com/chat/completions
[12:45:42 INF] System.Net.Http.HttpClient.IDeepSeekClient.ClientHandler Sending HTTP request POST https://api.deepseek.com/chat/completions
[12:45:42 INF] System.Net.Http.HttpClient.IDeepSeekClient.ClientHandler Received HTTP response headers after 361.8365ms - 200
[12:45:42 INF] System.Net.Http.HttpClient.IDeepSeekClient.LogicalHandler End processing HTTP request after 369.9508ms - 200
[12:47:42 INF] System.Net.Http.HttpClient.IDeepSeekClient.LogicalHandler Start processing HTTP request POST https://api.deepseek.com/chat/completions
[12:47:42 INF] System.Net.Http.HttpClient.IDeepSeekClient.ClientHandler Sending HTTP request POST https://api.deepseek.com/chat/completions
[12:47:42 INF] System.Net.Http.HttpClient.IDeepSeekClient.ClientHandler Received HTTP response headers after 411.313ms - 200
[12:47:42 INF] System.Net.Http.HttpClient.IDeepSeekClient.LogicalHandler End processing HTTP request after 421.4595ms - 200
[12:50:33 INF] Microsoft.Hosting.Lifetime Application is shutting down...
[12:52:14 INF] Microsoft.Hosting.Lifetime Now listening on: http://localhost:5213
[12:52:14 INF] Microsoft.Hosting.Lifetime Application started. Press Ctrl+C to shut down.
[12:52:14 INF] Microsoft.Hosting.Lifetime Hosting environment: Development
[12:52:14 INF] Microsoft.Hosting.Lifetime Content root path: C:\Users\luka.osojnik\Documents\Coding\simple-bloomberg-terminal\simple-bloomberg-terminal
[12:52:15 WRN] Microsoft.EntityFrameworkCore.Query Compiling a query which loads related collections for more than one collection navigation, either via 'Include' or through projection, but no 'QuerySplittingBehavior' has been configured. By default, Entity Framework will use 'QuerySplittingBehavior.SingleQuery', which can potentially result in slow query performance. See https://go.microsoft.com/fwlink/?linkid=2134277 for more information. To identify the query that's triggering this warning call 'ConfigureWarnings(w => w.Throw(RelationalEventId.MultipleCollectionIncludeWarning))'.
[12:52:24 INF] simple_bloomberg_terminal.Areas.Identity.Pages.Account.ExternalLoginModel Luka Osojnik signed in with Google.
[12:52:32 WRN] LuckyPennySoftware.AutoMapper.License You do not have a valid license key for the Lucky Penny software AutoMapper. This is allowed for development and testing scenarios. If you are running in production you are required to have a licensed version. Please visit https://luckypennysoftware.com to obtain a valid license.
[12:52:32 INF] System.Net.Http.HttpClient.IStockApiClient.LogicalHandler Start processing HTTP request GET https://data.sec.gov/submissions/CIK0001375365.json
[12:52:32 INF] System.Net.Http.HttpClient.IStockApiClient.ClientHandler Sending HTTP request GET https://data.sec.gov/submissions/CIK0001375365.json
[12:52:33 INF] System.Net.Http.HttpClient.IStockApiClient.ClientHandler Received HTTP response headers after 283.9625ms - 200
[12:52:33 INF] System.Net.Http.HttpClient.IStockApiClient.LogicalHandler End processing HTTP request after 306.913ms - 200
[12:52:37 INF] System.Net.Http.HttpClient.IStockApiClient.LogicalHandler Start processing HTTP request GET https://www.sec.gov/Archives/edgar/data/1375365/000137536525000027/smci-20250630.htm
[12:52:37 INF] System.Net.Http.HttpClient.IStockApiClient.ClientHandler Sending HTTP request GET https://www.sec.gov/Archives/edgar/data/1375365/000137536525000027/smci-20250630.htm
[12:52:37 INF] System.Net.Http.HttpClient.IStockApiClient.ClientHandler Received HTTP response headers after 242.8306ms - 200
[12:52:37 INF] System.Net.Http.HttpClient.IStockApiClient.LogicalHandler End processing HTTP request after 252.3641ms - 200
[12:52:38 INF] System.Net.Http.HttpClient.IDeepSeekClient.LogicalHandler Start processing HTTP request POST https://api.deepseek.com/chat/completions
[12:52:38 INF] System.Net.Http.HttpClient.IDeepSeekClient.ClientHandler Sending HTTP request POST https://api.deepseek.com/chat/completions
[12:52:38 INF] System.Net.Http.HttpClient.IStockApiClient.LogicalHandler Start processing HTTP request GET https://www.sec.gov/Archives/edgar/data/1375365/000137536525000027/smci-20250630.htm
[12:52:38 INF] System.Net.Http.HttpClient.IStockApiClient.ClientHandler Sending HTTP request GET https://www.sec.gov/Archives/edgar/data/1375365/000137536525000027/smci-20250630.htm
[12:52:38 INF] System.Net.Http.HttpClient.IStockApiClient.ClientHandler Received HTTP response headers after 30.144ms - 200
[12:52:38 INF] System.Net.Http.HttpClient.IStockApiClient.LogicalHandler End processing HTTP request after 40.134ms - 200
[12:52:38 INF] System.Net.Http.HttpClient.IDeepSeekClient.ClientHandler Received HTTP response headers after 343.4241ms - 200
[12:52:38 INF] System.Net.Http.HttpClient.IDeepSeekClient.LogicalHandler End processing HTTP request after 352.8617ms - 200
[12:53:40 INF] System.Net.Http.HttpClient.IStockApiClient.LogicalHandler Start processing HTTP request GET https://www.sec.gov/Archives/edgar/data/1375365/000137536525000027/FilingSummary.xml
[12:53:40 INF] System.Net.Http.HttpClient.IStockApiClient.ClientHandler Sending HTTP request GET https://www.sec.gov/Archives/edgar/data/1375365/000137536525000027/FilingSummary.xml
[12:53:41 INF] System.Net.Http.HttpClient.IStockApiClient.ClientHandler Received HTTP response headers after 31.2415ms - 200
[12:53:41 INF] System.Net.Http.HttpClient.IStockApiClient.LogicalHandler End processing HTTP request after 40.8985ms - 200
[12:53:41 INF] System.Net.Http.HttpClient.IStockApiClient.LogicalHandler Start processing HTTP request GET https://www.sec.gov/Archives/edgar/data/1375365/000137536525000027/R5.htm
[12:53:41 INF] System.Net.Http.HttpClient.IStockApiClient.ClientHandler Sending HTTP request GET https://www.sec.gov/Archives/edgar/data/1375365/000137536525000027/R5.htm
[12:53:41 INF] System.Net.Http.HttpClient.IStockApiClient.ClientHandler Received HTTP response headers after 38.2232ms - 200
[12:53:41 INF] System.Net.Http.HttpClient.IStockApiClient.LogicalHandler End processing HTTP request after 47.4264ms - 200
[12:53:41 INF] System.Net.Http.HttpClient.IStockApiClient.LogicalHandler Start processing HTTP request GET https://www.sec.gov/Archives/edgar/data/1375365/000137536525000027/R48.htm
[12:53:41 INF] System.Net.Http.HttpClient.IStockApiClient.ClientHandler Sending HTTP request GET https://www.sec.gov/Archives/edgar/data/1375365/000137536525000027/R48.htm
[12:53:41 INF] System.Net.Http.HttpClient.IStockApiClient.ClientHandler Received HTTP response headers after 26.2196ms - 200
[12:53:41 INF] System.Net.Http.HttpClient.IStockApiClient.LogicalHandler End processing HTTP request after 35.3635ms - 200
[12:53:41 INF] System.Net.Http.HttpClient.IStockApiClient.LogicalHandler Start processing HTTP request GET https://www.sec.gov/Archives/edgar/data/1375365/000137536525000027/R81.htm
[12:53:41 INF] System.Net.Http.HttpClient.IStockApiClient.ClientHandler Sending HTTP request GET https://www.sec.gov/Archives/edgar/data/1375365/000137536525000027/R81.htm
[12:53:41 INF] System.Net.Http.HttpClient.IStockApiClient.ClientHandler Received HTTP response headers after 26.0039ms - 200
[12:53:41 INF] System.Net.Http.HttpClient.IStockApiClient.LogicalHandler End processing HTTP request after 35.2399ms - 200
[12:53:41 INF] System.Net.Http.HttpClient.IStockApiClient.LogicalHandler Start processing HTTP request GET https://www.sec.gov/Archives/edgar/data/1375365/000137536525000027/R92.htm
[12:53:41 INF] System.Net.Http.HttpClient.IStockApiClient.ClientHandler Sending HTTP request GET https://www.sec.gov/Archives/edgar/data/1375365/000137536525000027/R92.htm
[12:53:41 INF] System.Net.Http.HttpClient.IStockApiClient.ClientHandler Received HTTP response headers after 46.0335ms - 200
[12:53:41 INF] System.Net.Http.HttpClient.IStockApiClient.LogicalHandler End processing HTTP request after 54.7014ms - 200
[12:53:41 INF] System.Net.Http.HttpClient.IStockApiClient.LogicalHandler Start processing HTTP request GET https://www.sec.gov/Archives/edgar/data/1375365/000137536525000027/R107.htm
[12:53:41 INF] System.Net.Http.HttpClient.IStockApiClient.ClientHandler Sending HTTP request GET https://www.sec.gov/Archives/edgar/data/1375365/000137536525000027/R107.htm
[12:53:41 INF] System.Net.Http.HttpClient.IStockApiClient.ClientHandler Received HTTP response headers after 28.0938ms - 200
[12:53:41 INF] System.Net.Http.HttpClient.IStockApiClient.LogicalHandler End processing HTTP request after 37.0474ms - 200
[12:53:41 INF] System.Net.Http.HttpClient.IStockApiClient.LogicalHandler Start processing HTTP request GET https://www.sec.gov/Archives/edgar/data/1375365/000137536525000027/R108.htm
[12:53:41 INF] System.Net.Http.HttpClient.IStockApiClient.ClientHandler Sending HTTP request GET https://www.sec.gov/Archives/edgar/data/1375365/000137536525000027/R108.htm
[12:53:41 INF] System.Net.Http.HttpClient.IStockApiClient.ClientHandler Received HTTP response headers after 26.0587ms - 200
[12:53:41 INF] System.Net.Http.HttpClient.IStockApiClient.LogicalHandler End processing HTTP request after 35.7704ms - 200
[12:53:41 INF] System.Net.Http.HttpClient.IDeepSeekClient.LogicalHandler Start processing HTTP request POST https://api.deepseek.com/chat/completions
[12:53:41 INF] System.Net.Http.HttpClient.IDeepSeekClient.ClientHandler Sending HTTP request POST https://api.deepseek.com/chat/completions
[12:53:41 INF] System.Net.Http.HttpClient.IDeepSeekClient.LogicalHandler Start processing HTTP request POST https://api.deepseek.com/chat/completions
[12:53:41 INF] System.Net.Http.HttpClient.IDeepSeekClient.ClientHandler Sending HTTP request POST https://api.deepseek.com/chat/completions
[12:53:41 INF] System.Net.Http.HttpClient.IDeepSeekClient.LogicalHandler Start processing HTTP request POST https://api.deepseek.com/chat/completions
[12:53:41 INF] System.Net.Http.HttpClient.IDeepSeekClient.ClientHandler Sending HTTP request POST https://api.deepseek.com/chat/completions
[12:53:41 INF] System.Net.Http.HttpClient.IDeepSeekClient.LogicalHandler Start processing HTTP request POST https://api.deepseek.com/chat/completions
[12:53:41 INF] System.Net.Http.HttpClient.IDeepSeekClient.ClientHandler Sending HTTP request POST https://api.deepseek.com/chat/completions
[12:53:41 INF] System.Net.Http.HttpClient.IDeepSeekClient.LogicalHandler Start processing HTTP request POST https://api.deepseek.com/chat/completions
[12:53:41 INF] System.Net.Http.HttpClient.IDeepSeekClient.ClientHandler Sending HTTP request POST https://api.deepseek.com/chat/completions
[12:53:41 INF] System.Net.Http.HttpClient.IDeepSeekClient.LogicalHandler Start processing HTTP request POST https://api.deepseek.com/chat/completions
[12:53:41 INF] System.Net.Http.HttpClient.IDeepSeekClient.ClientHandler Sending HTTP request POST https://api.deepseek.com/chat/completions
[12:53:41 INF] System.Net.Http.HttpClient.IDeepSeekClient.ClientHandler Received HTTP response headers after 292.9138ms - 200
[12:53:41 INF] System.Net.Http.HttpClient.IDeepSeekClient.LogicalHandler End processing HTTP request after 303.3326ms - 200
[12:53:41 INF] System.Net.Http.HttpClient.IDeepSeekClient.ClientHandler Received HTTP response headers after 358.5213ms - 200
[12:53:41 INF] System.Net.Http.HttpClient.IDeepSeekClient.ClientHandler Received HTTP response headers after 337.8207ms - 200
[12:53:41 INF] System.Net.Http.HttpClient.IDeepSeekClient.LogicalHandler End processing HTTP request after 368.6579ms - 200
[12:53:41 INF] System.Net.Http.HttpClient.IDeepSeekClient.ClientHandler Received HTTP response headers after 347.4554ms - 200
[12:53:41 INF] System.Net.Http.HttpClient.IDeepSeekClient.LogicalHandler End processing HTTP request after 349.9745ms - 200
[12:53:41 INF] System.Net.Http.HttpClient.IDeepSeekClient.ClientHandler Received HTTP response headers after 358.4153ms - 200
[12:53:41 INF] System.Net.Http.HttpClient.IDeepSeekClient.LogicalHandler End processing HTTP request after 362.4292ms - 200
[12:53:41 INF] System.Net.Http.HttpClient.IDeepSeekClient.LogicalHandler End processing HTTP request after 375.1367ms - 200
[12:53:41 INF] System.Net.Http.HttpClient.IDeepSeekClient.ClientHandler Received HTTP response headers after 391.1866ms - 200
[12:53:41 INF] System.Net.Http.HttpClient.IDeepSeekClient.LogicalHandler End processing HTTP request after 400.8481ms - 200
[12:53:42 INF] System.Net.Http.HttpClient.IDeepSeekClient.LogicalHandler Start processing HTTP request POST https://api.deepseek.com/chat/completions
[12:53:42 INF] System.Net.Http.HttpClient.IDeepSeekClient.ClientHandler Sending HTTP request POST https://api.deepseek.com/chat/completions
[12:53:43 INF] System.Net.Http.HttpClient.IDeepSeekClient.ClientHandler Received HTTP response headers after 314.4829ms - 200
[12:53:43 INF] System.Net.Http.HttpClient.IDeepSeekClient.LogicalHandler End processing HTTP request after 322.7366ms - 200
[12:53:44 INF] System.Net.Http.HttpClient.IDeepSeekClient.LogicalHandler Start processing HTTP request POST https://api.deepseek.com/chat/completions
[12:53:44 INF] System.Net.Http.HttpClient.IDeepSeekClient.ClientHandler Sending HTTP request POST https://api.deepseek.com/chat/completions
[12:53:44 INF] System.Net.Http.HttpClient.IDeepSeekClient.LogicalHandler Start processing HTTP request POST https://api.deepseek.com/chat/completions
[12:53:44 INF] System.Net.Http.HttpClient.IDeepSeekClient.ClientHandler Sending HTTP request POST https://api.deepseek.com/chat/completions
[12:53:44 INF] System.Net.Http.HttpClient.IDeepSeekClient.ClientHandler Received HTTP response headers after 278.0253ms - 200
[12:53:44 INF] System.Net.Http.HttpClient.IDeepSeekClient.LogicalHandler End processing HTTP request after 286.5046ms - 200
[12:53:44 INF] System.Net.Http.HttpClient.IDeepSeekClient.ClientHandler Received HTTP response headers after 308.1851ms - 200
[12:53:44 INF] System.Net.Http.HttpClient.IDeepSeekClient.LogicalHandler End processing HTTP request after 316.4696ms - 200
[12:53:45 INF] System.Net.Http.HttpClient.IDeepSeekClient.LogicalHandler Start processing HTTP request POST https://api.deepseek.com/chat/completions
[12:53:45 INF] System.Net.Http.HttpClient.IDeepSeekClient.ClientHandler Sending HTTP request POST https://api.deepseek.com/chat/completions
[12:53:45 INF] System.Net.Http.HttpClient.IDeepSeekClient.ClientHandler Received HTTP response headers after 289.0055ms - 200
[12:53:46 INF] System.Net.Http.HttpClient.IDeepSeekClient.LogicalHandler End processing HTTP request after 299.21ms - 200
[12:53:46 INF] System.Net.Http.HttpClient.IDeepSeekClient.LogicalHandler Start processing HTTP request POST https://api.deepseek.com/chat/completions
[12:53:46 INF] System.Net.Http.HttpClient.IDeepSeekClient.ClientHandler Sending HTTP request POST https://api.deepseek.com/chat/completions
[12:53:46 INF] System.Net.Http.HttpClient.IDeepSeekClient.ClientHandler Received HTTP response headers after 285.1018ms - 200
[12:53:46 INF] System.Net.Http.HttpClient.IDeepSeekClient.LogicalHandler End processing HTTP request after 295.2101ms - 200
[12:53:47 INF] System.Net.Http.HttpClient.IDeepSeekClient.LogicalHandler Start processing HTTP request POST https://api.deepseek.com/chat/completions
[12:53:47 INF] System.Net.Http.HttpClient.IDeepSeekClient.ClientHandler Sending HTTP request POST https://api.deepseek.com/chat/completions
[12:53:47 INF] System.Net.Http.HttpClient.IDeepSeekClient.ClientHandler Received HTTP response headers after 301.1964ms - 200
[12:53:47 INF] System.Net.Http.HttpClient.IDeepSeekClient.LogicalHandler End processing HTTP request after 309.5168ms - 200
[12:53:49 INF] System.Net.Http.HttpClient.IDeepSeekClient.LogicalHandler Start processing HTTP request POST https://api.deepseek.com/chat/completions
[12:53:49 INF] System.Net.Http.HttpClient.IDeepSeekClient.ClientHandler Sending HTTP request POST https://api.deepseek.com/chat/completions
[12:53:49 INF] System.Net.Http.HttpClient.IDeepSeekClient.LogicalHandler Start processing HTTP request POST https://api.deepseek.com/chat/completions
[12:53:49 INF] System.Net.Http.HttpClient.IDeepSeekClient.ClientHandler Sending HTTP request POST https://api.deepseek.com/chat/completions
[12:53:49 INF] System.Net.Http.HttpClient.IDeepSeekClient.ClientHandler Received HTTP response headers after 286.7824ms - 200
[12:53:49 INF] System.Net.Http.HttpClient.IDeepSeekClient.LogicalHandler End processing HTTP request after 295.2698ms - 200
[12:53:49 INF] System.Net.Http.HttpClient.IDeepSeekClient.ClientHandler Received HTTP response headers after 293.5339ms - 200
[12:53:49 INF] System.Net.Http.HttpClient.IDeepSeekClient.LogicalHandler End processing HTTP request after 301.9711ms - 200
[12:53:50 INF] System.Net.Http.HttpClient.IDeepSeekClient.LogicalHandler Start processing HTTP request POST https://api.deepseek.com/chat/completions
[12:53:50 INF] System.Net.Http.HttpClient.IDeepSeekClient.ClientHandler Sending HTTP request POST https://api.deepseek.com/chat/completions
[12:53:50 INF] System.Net.Http.HttpClient.IDeepSeekClient.LogicalHandler Start processing HTTP request POST https://api.deepseek.com/chat/completions
[12:53:50 INF] System.Net.Http.HttpClient.IDeepSeekClient.ClientHandler Sending HTTP request POST https://api.deepseek.com/chat/completions
[12:53:51 INF] System.Net.Http.HttpClient.IDeepSeekClient.ClientHandler Received HTTP response headers after 299.6354ms - 200
[12:53:51 INF] System.Net.Http.HttpClient.IDeepSeekClient.LogicalHandler End processing HTTP request after 307.8996ms - 200
[12:53:51 INF] System.Net.Http.HttpClient.IDeepSeekClient.ClientHandler Received HTTP response headers after 309.5849ms - 200
[12:53:51 INF] System.Net.Http.HttpClient.IDeepSeekClient.LogicalHandler End processing HTTP request after 317.9737ms - 200
[12:53:54 INF] System.Net.Http.HttpClient.IDeepSeekClient.LogicalHandler Start processing HTTP request POST https://api.deepseek.com/chat/completions
[12:53:54 INF] System.Net.Http.HttpClient.IDeepSeekClient.ClientHandler Sending HTTP request POST https://api.deepseek.com/chat/completions
[12:53:54 INF] System.Net.Http.HttpClient.IDeepSeekClient.ClientHandler Received HTTP response headers after 324.2076ms - 200
[12:53:54 INF] System.Net.Http.HttpClient.IDeepSeekClient.LogicalHandler End processing HTTP request after 332.4877ms - 200
[12:53:55 INF] System.Net.Http.HttpClient.IDeepSeekClient.LogicalHandler Start processing HTTP request POST https://api.deepseek.com/chat/completions
[12:53:55 INF] System.Net.Http.HttpClient.IDeepSeekClient.ClientHandler Sending HTTP request POST https://api.deepseek.com/chat/completions
[12:53:56 INF] System.Net.Http.HttpClient.IDeepSeekClient.ClientHandler Received HTTP response headers after 288.3191ms - 200
[12:53:56 INF] System.Net.Http.HttpClient.IDeepSeekClient.LogicalHandler End processing HTTP request after 297.1834ms - 200
[12:53:58 INF] System.Net.Http.HttpClient.IDeepSeekClient.LogicalHandler Start processing HTTP request POST https://api.deepseek.com/chat/completions
[12:53:58 INF] System.Net.Http.HttpClient.IDeepSeekClient.ClientHandler Sending HTTP request POST https://api.deepseek.com/chat/completions
[12:53:58 INF] System.Net.Http.HttpClient.IDeepSeekClient.ClientHandler Received HTTP response headers after 294.2153ms - 200
[12:53:58 INF] System.Net.Http.HttpClient.IDeepSeekClient.LogicalHandler End processing HTTP request after 302.9108ms - 200
[12:54:00 INF] System.Net.Http.HttpClient.IDeepSeekClient.LogicalHandler Start processing HTTP request POST https://api.deepseek.com/chat/completions
[12:54:00 INF] System.Net.Http.HttpClient.IDeepSeekClient.ClientHandler Sending HTTP request POST https://api.deepseek.com/chat/completions
[12:54:00 INF] System.Net.Http.HttpClient.IDeepSeekClient.ClientHandler Received HTTP response headers after 293.2545ms - 200
[12:54:00 INF] System.Net.Http.HttpClient.IDeepSeekClient.LogicalHandler End processing HTTP request after 301.3604ms - 200
[12:54:06 INF] System.Net.Http.HttpClient.IDeepSeekClient.LogicalHandler Start processing HTTP request POST https://api.deepseek.com/chat/completions
[12:54:06 INF] System.Net.Http.HttpClient.IDeepSeekClient.ClientHandler Sending HTTP request POST https://api.deepseek.com/chat/completions
[12:54:07 INF] System.Net.Http.HttpClient.IDeepSeekClient.ClientHandler Received HTTP response headers after 280.7973ms - 200
[12:54:07 INF] System.Net.Http.HttpClient.IDeepSeekClient.LogicalHandler End processing HTTP request after 287.335ms - 200
[12:54:27 INF] System.Net.Http.HttpClient.IDeepSeekClient.LogicalHandler Start processing HTTP request POST https://api.deepseek.com/chat/completions
[12:54:27 INF] System.Net.Http.HttpClient.IDeepSeekClient.ClientHandler Sending HTTP request POST https://api.deepseek.com/chat/completions
[12:54:27 INF] System.Net.Http.HttpClient.IDeepSeekClient.ClientHandler Received HTTP response headers after 294.631ms - 200
[12:54:27 INF] System.Net.Http.HttpClient.IDeepSeekClient.LogicalHandler End processing HTTP request after 302.744ms - 200
[12:54:33 INF] System.Net.Http.HttpClient.IDeepSeekClient.LogicalHandler Start processing HTTP request POST https://api.deepseek.com/chat/completions
[12:54:33 INF] System.Net.Http.HttpClient.IDeepSeekClient.ClientHandler Sending HTTP request POST https://api.deepseek.com/chat/completions
[12:54:33 INF] System.Net.Http.HttpClient.IDeepSeekClient.ClientHandler Received HTTP response headers after 300.6412ms - 200
[12:54:33 INF] System.Net.Http.HttpClient.IDeepSeekClient.LogicalHandler End processing HTTP request after 308.3179ms - 200
[12:54:35 INF] System.Net.Http.HttpClient.IDeepSeekClient.LogicalHandler Start processing HTTP request POST https://api.deepseek.com/chat/completions
[12:54:35 INF] System.Net.Http.HttpClient.IDeepSeekClient.ClientHandler Sending HTTP request POST https://api.deepseek.com/chat/completions
[12:54:35 INF] System.Net.Http.HttpClient.IDeepSeekClient.ClientHandler Received HTTP response headers after 293.2336ms - 200
[12:54:35 INF] System.Net.Http.HttpClient.IDeepSeekClient.LogicalHandler End processing HTTP request after 301.5571ms - 200
[12:54:37 INF] System.Net.Http.HttpClient.IDeepSeekClient.LogicalHandler Start processing HTTP request POST https://api.deepseek.com/chat/completions
[12:54:37 INF] System.Net.Http.HttpClient.IDeepSeekClient.ClientHandler Sending HTTP request POST https://api.deepseek.com/chat/completions
[12:54:37 INF] System.Net.Http.HttpClient.IDeepSeekClient.ClientHandler Received HTTP response headers after 293.1025ms - 200
[12:54:37 INF] System.Net.Http.HttpClient.IDeepSeekClient.LogicalHandler End processing HTTP request after 300.6195ms - 200
[12:54:39 INF] System.Net.Http.HttpClient.IDeepSeekClient.LogicalHandler Start processing HTTP request POST https://api.deepseek.com/chat/completions
[12:54:39 INF] System.Net.Http.HttpClient.IDeepSeekClient.ClientHandler Sending HTTP request POST https://api.deepseek.com/chat/completions
[12:54:40 INF] System.Net.Http.HttpClient.IDeepSeekClient.ClientHandler Received HTTP response headers after 290.7077ms - 200
[12:54:40 INF] System.Net.Http.HttpClient.IDeepSeekClient.LogicalHandler End processing HTTP request after 299.3223ms - 200
[12:54:49 INF] System.Net.Http.HttpClient.IDeepSeekClient.LogicalHandler Start processing HTTP request POST https://api.deepseek.com/chat/completions
[12:54:49 INF] System.Net.Http.HttpClient.IDeepSeekClient.ClientHandler Sending HTTP request POST https://api.deepseek.com/chat/completions
[12:54:49 INF] System.Net.Http.HttpClient.IDeepSeekClient.ClientHandler Received HTTP response headers after 290.4969ms - 200
[12:54:49 INF] System.Net.Http.HttpClient.IDeepSeekClient.LogicalHandler End processing HTTP request after 299.8835ms - 200
[12:54:56 INF] System.Net.Http.HttpClient.IDeepSeekClient.LogicalHandler Start processing HTTP request POST https://api.deepseek.com/chat/completions
[12:54:56 INF] System.Net.Http.HttpClient.IDeepSeekClient.ClientHandler Sending HTTP request POST https://api.deepseek.com/chat/completions
[12:54:56 INF] System.Net.Http.HttpClient.IDeepSeekClient.ClientHandler Received HTTP response headers after 279.7895ms - 200
[12:54:56 INF] System.Net.Http.HttpClient.IDeepSeekClient.LogicalHandler End processing HTTP request after 288.2945ms - 200
[12:55:00 INF] System.Net.Http.HttpClient.IDeepSeekClient.LogicalHandler Start processing HTTP request POST https://api.deepseek.com/chat/completions
[12:55:00 INF] System.Net.Http.HttpClient.IDeepSeekClient.ClientHandler Sending HTTP request POST https://api.deepseek.com/chat/completions
[12:55:00 INF] System.Net.Http.HttpClient.IDeepSeekClient.ClientHandler Received HTTP response headers after 303.8423ms - 200
[12:55:00 INF] System.Net.Http.HttpClient.IDeepSeekClient.LogicalHandler End processing HTTP request after 312.0052ms - 200
[12:55:42 INF] System.Net.Http.HttpClient.IDeepSeekClient.LogicalHandler Start processing HTTP request POST https://api.deepseek.com/chat/completions
[12:55:42 INF] System.Net.Http.HttpClient.IDeepSeekClient.ClientHandler Sending HTTP request POST https://api.deepseek.com/chat/completions
[12:55:42 INF] System.Net.Http.HttpClient.IDeepSeekClient.ClientHandler Received HTTP response headers after 336.8181ms - 200
[12:55:42 INF] System.Net.Http.HttpClient.IDeepSeekClient.LogicalHandler End processing HTTP request after 344.3745ms - 200
[12:55:48 INF] System.Net.Http.HttpClient.IDeepSeekClient.LogicalHandler Start processing HTTP request POST https://api.deepseek.com/chat/completions
[12:55:48 INF] System.Net.Http.HttpClient.IDeepSeekClient.ClientHandler Sending HTTP request POST https://api.deepseek.com/chat/completions
[12:55:49 INF] System.Net.Http.HttpClient.IDeepSeekClient.ClientHandler Received HTTP response headers after 332.6224ms - 200
[12:55:49 INF] System.Net.Http.HttpClient.IDeepSeekClient.LogicalHandler End processing HTTP request after 340.9068ms - 200
[12:56:16 INF] System.Net.Http.HttpClient.IDeepSeekClient.LogicalHandler Start processing HTTP request POST https://api.deepseek.com/chat/completions
[12:56:16 INF] System.Net.Http.HttpClient.IDeepSeekClient.ClientHandler Sending HTTP request POST https://api.deepseek.com/chat/completions
[12:56:16 INF] System.Net.Http.HttpClient.IDeepSeekClient.ClientHandler Received HTTP response headers after 330.9999ms - 200
[12:56:16 INF] System.Net.Http.HttpClient.IDeepSeekClient.LogicalHandler End processing HTTP request after 339.2284ms - 200
[12:56:19 INF] System.Net.Http.HttpClient.IDeepSeekClient.LogicalHandler Start processing HTTP request POST https://api.deepseek.com/chat/completions
[12:56:19 INF] System.Net.Http.HttpClient.IDeepSeekClient.ClientHandler Sending HTTP request POST https://api.deepseek.com/chat/completions
[12:56:19 INF] System.Net.Http.HttpClient.IDeepSeekClient.ClientHandler Received HTTP response headers after 346.4516ms - 200
[12:56:19 INF] System.Net.Http.HttpClient.IDeepSeekClient.LogicalHandler End processing HTTP request after 358.6648ms - 200
[12:56:25 INF] System.Net.Http.HttpClient.IDeepSeekClient.LogicalHandler Start processing HTTP request POST https://api.deepseek.com/chat/completions
[12:56:25 INF] System.Net.Http.HttpClient.IDeepSeekClient.ClientHandler Sending HTTP request POST https://api.deepseek.com/chat/completions
[12:56:25 INF] System.Net.Http.HttpClient.IDeepSeekClient.ClientHandler Received HTTP response headers after 298.2095ms - 200
[12:56:25 INF] System.Net.Http.HttpClient.IDeepSeekClient.LogicalHandler End processing HTTP request after 306.803ms - 200
[12:56:31 INF] System.Net.Http.HttpClient.IDeepSeekClient.LogicalHandler Start processing HTTP request POST https://api.deepseek.com/chat/completions
[12:56:31 INF] System.Net.Http.HttpClient.IDeepSeekClient.ClientHandler Sending HTTP request POST https://api.deepseek.com/chat/completions
[12:56:31 INF] System.Net.Http.HttpClient.IDeepSeekClient.ClientHandler Received HTTP response headers after 379.6203ms - 200
[12:56:31 INF] System.Net.Http.HttpClient.IDeepSeekClient.LogicalHandler End processing HTTP request after 388.786ms - 200
[12:56:35 INF] System.Net.Http.HttpClient.IDeepSeekClient.LogicalHandler Start processing HTTP request POST https://api.deepseek.com/chat/completions
[12:56:35 INF] System.Net.Http.HttpClient.IDeepSeekClient.ClientHandler Sending HTTP request POST https://api.deepseek.com/chat/completions
[12:56:35 INF] System.Net.Http.HttpClient.IDeepSeekClient.ClientHandler Received HTTP response headers after 338.1268ms - 200
[12:56:35 INF] System.Net.Http.HttpClient.IDeepSeekClient.LogicalHandler End processing HTTP request after 346.4697ms - 200
[12:57:00 INF] System.Net.Http.HttpClient.IDeepSeekClient.LogicalHandler Start processing HTTP request POST https://api.deepseek.com/chat/completions
[12:57:00 INF] System.Net.Http.HttpClient.IDeepSeekClient.ClientHandler Sending HTTP request POST https://api.deepseek.com/chat/completions
[12:57:00 INF] System.Net.Http.HttpClient.IDeepSeekClient.ClientHandler Received HTTP response headers after 293.6981ms - 200
[12:57:00 INF] System.Net.Http.HttpClient.IDeepSeekClient.LogicalHandler End processing HTTP request after 301.7085ms - 200
[12:58:12 INF] System.Net.Http.HttpClient.IDeepSeekClient.LogicalHandler Start processing HTTP request POST https://api.deepseek.com/chat/completions
[12:58:12 INF] System.Net.Http.HttpClient.IDeepSeekClient.ClientHandler Sending HTTP request POST https://api.deepseek.com/chat/completions
[12:58:12 INF] System.Net.Http.HttpClient.IDeepSeekClient.ClientHandler Received HTTP response headers after 287.2667ms - 200
[12:58:12 INF] System.Net.Http.HttpClient.IDeepSeekClient.LogicalHandler End processing HTTP request after 295.4964ms - 200
[12:59:18 INF] System.Net.Http.HttpClient.IStockApiClient.LogicalHandler Start processing HTTP request GET https://data.sec.gov/api/xbrl/companyfacts/CIK0001375365.json
[12:59:18 INF] System.Net.Http.HttpClient.IStockApiClient.ClientHandler Sending HTTP request GET https://data.sec.gov/api/xbrl/companyfacts/CIK0001375365.json
[12:59:19 INF] System.Net.Http.HttpClient.IStockApiClient.ClientHandler Received HTTP response headers after 254.8965ms - 200
[12:59:19 INF] System.Net.Http.HttpClient.IStockApiClient.LogicalHandler End processing HTTP request after 268.146ms - 200
[12:59:19 INF] System.Net.Http.HttpClient.IStockApiClient.LogicalHandler Start processing HTTP request GET https://data.sec.gov/submissions/CIK0001375365.json
[12:59:19 INF] System.Net.Http.HttpClient.IStockApiClient.ClientHandler Sending HTTP request GET https://data.sec.gov/submissions/CIK0001375365.json
[12:59:19 INF] System.Net.Http.HttpClient.IStockApiClient.ClientHandler Received HTTP response headers after 30.4747ms - 200
[12:59:19 INF] System.Net.Http.HttpClient.IStockApiClient.LogicalHandler End processing HTTP request after 38.9139ms - 200
[12:59:20 INF] System.Net.Http.HttpClient.IStockApiClient.LogicalHandler Start processing HTTP request GET https://www.sec.gov/Archives/edgar/data/1375365/000137536525000027/index.json
[12:59:20 INF] System.Net.Http.HttpClient.IStockApiClient.ClientHandler Sending HTTP request GET https://www.sec.gov/Archives/edgar/data/1375365/000137536525000027/index.json
[12:59:20 INF] System.Net.Http.HttpClient.IStockApiClient.ClientHandler Received HTTP response headers after 151.864ms - 200
[12:59:20 INF] System.Net.Http.HttpClient.IStockApiClient.LogicalHandler End processing HTTP request after 164.4556ms - 200
[12:59:20 INF] System.Net.Http.HttpClient.IStockApiClient.LogicalHandler Start processing HTTP request GET https://www.sec.gov/Archives/edgar/data/1375365/000137536525000027/smci-20250630_htm.xml
[12:59:20 INF] System.Net.Http.HttpClient.IStockApiClient.ClientHandler Sending HTTP request GET https://www.sec.gov/Archives/edgar/data/1375365/000137536525000027/smci-20250630_htm.xml
[12:59:20 INF] System.Net.Http.HttpClient.IStockApiClient.ClientHandler Received HTTP response headers after 32.4225ms - 200
[12:59:20 INF] System.Net.Http.HttpClient.IStockApiClient.LogicalHandler End processing HTTP request after 41.195ms - 200
[12:59:20 INF] System.Net.Http.HttpClient.IDeepSeekClient.LogicalHandler Start processing HTTP request POST https://api.deepseek.com/chat/completions
[12:59:20 INF] System.Net.Http.HttpClient.IDeepSeekClient.ClientHandler Sending HTTP request POST https://api.deepseek.com/chat/completions
[12:59:21 INF] System.Net.Http.HttpClient.IDeepSeekClient.ClientHandler Received HTTP response headers after 486.368ms - 200
[12:59:21 INF] System.Net.Http.HttpClient.IDeepSeekClient.LogicalHandler End processing HTTP request after 495.483ms - 200
[13:05:34 INF] Microsoft.Hosting.Lifetime Application is shutting down...
[13:05:45 INF] Microsoft.Hosting.Lifetime Now listening on: http://localhost:5213
[13:05:45 INF] Microsoft.Hosting.Lifetime Application started. Press Ctrl+C to shut down.
[13:05:45 INF] Microsoft.Hosting.Lifetime Hosting environment: Development
[13:05:45 INF] Microsoft.Hosting.Lifetime Content root path: C:\Users\luka.osojnik\Documents\Coding\simple-bloomberg-terminal\simple-bloomberg-terminal
[13:05:46 WRN] Microsoft.EntityFrameworkCore.Query Compiling a query which loads related collections for more than one collection navigation, either via 'Include' or through projection, but no 'QuerySplittingBehavior' has been configured. By default, Entity Framework will use 'QuerySplittingBehavior.SingleQuery', which can potentially result in slow query performance. See https://go.microsoft.com/fwlink/?linkid=2134277 for more information. To identify the query that's triggering this warning call 'ConfigureWarnings(w => w.Throw(RelationalEventId.MultipleCollectionIncludeWarning))'.
[13:05:56 WRN] LuckyPennySoftware.AutoMapper.License You do not have a valid license key for the Lucky Penny software AutoMapper. This is allowed for development and testing scenarios. If you are running in production you are required to have a licensed version. Please visit https://luckypennysoftware.com to obtain a valid license.
[13:05:56 INF] System.Net.Http.HttpClient.IStockApiClient.LogicalHandler Start processing HTTP request GET https://data.sec.gov/submissions/CIK0001375365.json
[13:05:56 INF] System.Net.Http.HttpClient.IStockApiClient.ClientHandler Sending HTTP request GET https://data.sec.gov/submissions/CIK0001375365.json
[13:05:57 INF] System.Net.Http.HttpClient.IStockApiClient.ClientHandler Received HTTP response headers after 335.6309ms - 200
[13:05:57 INF] System.Net.Http.HttpClient.IStockApiClient.LogicalHandler End processing HTTP request after 361.5981ms - 200
[13:06:00 INF] System.Net.Http.HttpClient.IStockApiClient.LogicalHandler Start processing HTTP request GET https://www.sec.gov/Archives/edgar/data/1375365/000137536525000027/smci-20250630.htm
[13:06:00 INF] System.Net.Http.HttpClient.IStockApiClient.ClientHandler Sending HTTP request GET https://www.sec.gov/Archives/edgar/data/1375365/000137536525000027/smci-20250630.htm
[13:06:00 INF] System.Net.Http.HttpClient.IStockApiClient.ClientHandler Received HTTP response headers after 154.0887ms - 200
[13:06:00 INF] System.Net.Http.HttpClient.IStockApiClient.LogicalHandler End processing HTTP request after 165.0964ms - 200
[13:06:01 INF] System.Net.Http.HttpClient.IDeepSeekClient.LogicalHandler Start processing HTTP request POST https://api.deepseek.com/chat/completions
[13:06:01 INF] System.Net.Http.HttpClient.IDeepSeekClient.ClientHandler Sending HTTP request POST https://api.deepseek.com/chat/completions
[13:06:01 INF] System.Net.Http.HttpClient.IDeepSeekClient.ClientHandler Received HTTP response headers after 375.3279ms - 200
[13:06:01 INF] System.Net.Http.HttpClient.IDeepSeekClient.LogicalHandler End processing HTTP request after 385.1729ms - 200
[13:06:40 INF] System.Net.Http.HttpClient.IStockApiClient.LogicalHandler Start processing HTTP request GET https://www.sec.gov/Archives/edgar/data/1375365/000137536525000027/FilingSummary.xml
[13:06:40 INF] System.Net.Http.HttpClient.IStockApiClient.ClientHandler Sending HTTP request GET https://www.sec.gov/Archives/edgar/data/1375365/000137536525000027/FilingSummary.xml
[13:06:40 INF] System.Net.Http.HttpClient.IStockApiClient.ClientHandler Received HTTP response headers after 30.0987ms - 200
[13:06:40 INF] System.Net.Http.HttpClient.IStockApiClient.LogicalHandler End processing HTTP request after 39.2054ms - 200
[13:06:40 INF] System.Net.Http.HttpClient.IStockApiClient.LogicalHandler Start processing HTTP request GET https://www.sec.gov/Archives/edgar/data/1375365/000137536525000027/R5.htm
[13:06:40 INF] System.Net.Http.HttpClient.IStockApiClient.ClientHandler Sending HTTP request GET https://www.sec.gov/Archives/edgar/data/1375365/000137536525000027/R5.htm
[13:06:40 INF] System.Net.Http.HttpClient.IStockApiClient.ClientHandler Received HTTP response headers after 31.8304ms - 200
[13:06:40 INF] System.Net.Http.HttpClient.IStockApiClient.LogicalHandler End processing HTTP request after 41.1005ms - 200
[13:06:40 INF] System.Net.Http.HttpClient.IStockApiClient.LogicalHandler Start processing HTTP request GET https://www.sec.gov/Archives/edgar/data/1375365/000137536525000027/R48.htm
[13:06:40 INF] System.Net.Http.HttpClient.IStockApiClient.ClientHandler Sending HTTP request GET https://www.sec.gov/Archives/edgar/data/1375365/000137536525000027/R48.htm
[13:06:40 INF] System.Net.Http.HttpClient.IStockApiClient.ClientHandler Received HTTP response headers after 29.2692ms - 200
[13:06:40 INF] System.Net.Http.HttpClient.IStockApiClient.LogicalHandler End processing HTTP request after 38.1033ms - 200
[13:06:40 INF] System.Net.Http.HttpClient.IStockApiClient.LogicalHandler Start processing HTTP request GET https://www.sec.gov/Archives/edgar/data/1375365/000137536525000027/R81.htm
[13:06:40 INF] System.Net.Http.HttpClient.IStockApiClient.ClientHandler Sending HTTP request GET https://www.sec.gov/Archives/edgar/data/1375365/000137536525000027/R81.htm
[13:06:40 INF] System.Net.Http.HttpClient.IStockApiClient.ClientHandler Received HTTP response headers after 28.6284ms - 200
[13:06:40 INF] System.Net.Http.HttpClient.IStockApiClient.LogicalHandler End processing HTTP request after 37.3888ms - 200
[13:06:40 INF] System.Net.Http.HttpClient.IStockApiClient.LogicalHandler Start processing HTTP request GET https://www.sec.gov/Archives/edgar/data/1375365/000137536525000027/R92.htm
[13:06:40 INF] System.Net.Http.HttpClient.IStockApiClient.ClientHandler Sending HTTP request GET https://www.sec.gov/Archives/edgar/data/1375365/000137536525000027/R92.htm
[13:06:40 INF] System.Net.Http.HttpClient.IStockApiClient.ClientHandler Received HTTP response headers after 28.2686ms - 200
[13:06:40 INF] System.Net.Http.HttpClient.IStockApiClient.LogicalHandler End processing HTTP request after 37.3399ms - 200
[13:06:40 INF] System.Net.Http.HttpClient.IStockApiClient.LogicalHandler Start processing HTTP request GET https://www.sec.gov/Archives/edgar/data/1375365/000137536525000027/R107.htm
[13:06:40 INF] System.Net.Http.HttpClient.IStockApiClient.ClientHandler Sending HTTP request GET https://www.sec.gov/Archives/edgar/data/1375365/000137536525000027/R107.htm
[13:06:40 INF] System.Net.Http.HttpClient.IStockApiClient.ClientHandler Received HTTP response headers after 29.6342ms - 200
[13:06:40 INF] System.Net.Http.HttpClient.IStockApiClient.LogicalHandler End processing HTTP request after 38.5678ms - 200
[13:06:40 INF] System.Net.Http.HttpClient.IStockApiClient.LogicalHandler Start processing HTTP request GET https://www.sec.gov/Archives/edgar/data/1375365/000137536525000027/R108.htm
[13:06:40 INF] System.Net.Http.HttpClient.IStockApiClient.ClientHandler Sending HTTP request GET https://www.sec.gov/Archives/edgar/data/1375365/000137536525000027/R108.htm
[13:06:40 INF] System.Net.Http.HttpClient.IStockApiClient.ClientHandler Received HTTP response headers after 29.164ms - 200
[13:06:40 INF] System.Net.Http.HttpClient.IStockApiClient.LogicalHandler End processing HTTP request after 37.9167ms - 200
[13:06:40 INF] System.Net.Http.HttpClient.IDeepSeekClient.LogicalHandler Start processing HTTP request POST https://api.deepseek.com/chat/completions
[13:06:40 INF] System.Net.Http.HttpClient.IDeepSeekClient.ClientHandler Sending HTTP request POST https://api.deepseek.com/chat/completions
[13:06:40 INF] System.Net.Http.HttpClient.IDeepSeekClient.LogicalHandler Start processing HTTP request POST https://api.deepseek.com/chat/completions
[13:06:40 INF] System.Net.Http.HttpClient.IDeepSeekClient.ClientHandler Sending HTTP request POST https://api.deepseek.com/chat/completions
[13:06:40 INF] System.Net.Http.HttpClient.IDeepSeekClient.LogicalHandler Start processing HTTP request POST https://api.deepseek.com/chat/completions
[13:06:40 INF] System.Net.Http.HttpClient.IDeepSeekClient.ClientHandler Sending HTTP request POST https://api.deepseek.com/chat/completions
[13:06:40 INF] System.Net.Http.HttpClient.IDeepSeekClient.LogicalHandler Start processing HTTP request POST https://api.deepseek.com/chat/completions
[13:06:40 INF] System.Net.Http.HttpClient.IDeepSeekClient.ClientHandler Sending HTTP request POST https://api.deepseek.com/chat/completions
[13:06:40 INF] System.Net.Http.HttpClient.IDeepSeekClient.LogicalHandler Start processing HTTP request POST https://api.deepseek.com/chat/completions
[13:06:40 INF] System.Net.Http.HttpClient.IDeepSeekClient.ClientHandler Sending HTTP request POST https://api.deepseek.com/chat/completions
[13:06:40 INF] System.Net.Http.HttpClient.IDeepSeekClient.LogicalHandler Start processing HTTP request POST https://api.deepseek.com/chat/completions
[13:06:40 INF] System.Net.Http.HttpClient.IDeepSeekClient.ClientHandler Sending HTTP request POST https://api.deepseek.com/chat/completions
[13:06:41 INF] System.Net.Http.HttpClient.IDeepSeekClient.ClientHandler Received HTTP response headers after 288.7243ms - 200
[13:06:41 INF] System.Net.Http.HttpClient.IDeepSeekClient.LogicalHandler End processing HTTP request after 298.6855ms - 200
[13:06:41 INF] System.Net.Http.HttpClient.IDeepSeekClient.ClientHandler Received HTTP response headers after 327.0157ms - 200
[13:06:41 INF] System.Net.Http.HttpClient.IDeepSeekClient.LogicalHandler End processing HTTP request after 336.7022ms - 200
[13:06:41 INF] System.Net.Http.HttpClient.IDeepSeekClient.ClientHandler Received HTTP response headers after 357.5679ms - 200
[13:06:41 INF] System.Net.Http.HttpClient.IDeepSeekClient.LogicalHandler End processing HTTP request after 367.1656ms - 200
[13:06:41 INF] System.Net.Http.HttpClient.IDeepSeekClient.ClientHandler Received HTTP response headers after 361.7841ms - 200
[13:06:41 INF] System.Net.Http.HttpClient.IDeepSeekClient.LogicalHandler End processing HTTP request after 371.044ms - 200
[13:06:41 INF] System.Net.Http.HttpClient.IDeepSeekClient.ClientHandler Received HTTP response headers after 362.2069ms - 200
[13:06:41 INF] System.Net.Http.HttpClient.IDeepSeekClient.LogicalHandler End processing HTTP request after 371.5282ms - 200
[13:06:41 INF] System.Net.Http.HttpClient.IDeepSeekClient.ClientHandler Received HTTP response headers after 391.8043ms - 200
[13:06:41 INF] System.Net.Http.HttpClient.IDeepSeekClient.LogicalHandler End processing HTTP request after 403.226ms - 200
[13:06:42 INF] System.Net.Http.HttpClient.IDeepSeekClient.LogicalHandler Start processing HTTP request POST https://api.deepseek.com/chat/completions
[13:06:42 INF] System.Net.Http.HttpClient.IDeepSeekClient.ClientHandler Sending HTTP request POST https://api.deepseek.com/chat/completions
[13:06:43 INF] System.Net.Http.HttpClient.IDeepSeekClient.ClientHandler Received HTTP response headers after 287.1909ms - 200
[13:06:43 INF] System.Net.Http.HttpClient.IDeepSeekClient.LogicalHandler End processing HTTP request after 294.9248ms - 200
[13:06:43 INF] System.Net.Http.HttpClient.IDeepSeekClient.LogicalHandler Start processing HTTP request POST https://api.deepseek.com/chat/completions
[13:06:43 INF] System.Net.Http.HttpClient.IDeepSeekClient.ClientHandler Sending HTTP request POST https://api.deepseek.com/chat/completions
[13:06:44 INF] System.Net.Http.HttpClient.IDeepSeekClient.ClientHandler Received HTTP response headers after 283.7062ms - 200
[13:06:44 INF] System.Net.Http.HttpClient.IDeepSeekClient.LogicalHandler End processing HTTP request after 291.5406ms - 200
[13:06:45 INF] System.Net.Http.HttpClient.IDeepSeekClient.LogicalHandler Start processing HTTP request POST https://api.deepseek.com/chat/completions
[13:06:45 INF] System.Net.Http.HttpClient.IDeepSeekClient.ClientHandler Sending HTTP request POST https://api.deepseek.com/chat/completions
[13:06:45 INF] System.Net.Http.HttpClient.IDeepSeekClient.ClientHandler Received HTTP response headers after 303.9082ms - 200
[13:06:45 INF] System.Net.Http.HttpClient.IDeepSeekClient.LogicalHandler End processing HTTP request after 312.0484ms - 200
[13:06:46 INF] System.Net.Http.HttpClient.IDeepSeekClient.LogicalHandler Start processing HTTP request POST https://api.deepseek.com/chat/completions
[13:06:46 INF] System.Net.Http.HttpClient.IDeepSeekClient.ClientHandler Sending HTTP request POST https://api.deepseek.com/chat/completions
[13:06:46 INF] System.Net.Http.HttpClient.IDeepSeekClient.LogicalHandler Start processing HTTP request POST https://api.deepseek.com/chat/completions
[13:06:46 INF] System.Net.Http.HttpClient.IDeepSeekClient.ClientHandler Sending HTTP request POST https://api.deepseek.com/chat/completions
[13:06:46 INF] System.Net.Http.HttpClient.IDeepSeekClient.ClientHandler Received HTTP response headers after 299.2247ms - 200
[13:06:46 INF] System.Net.Http.HttpClient.IDeepSeekClient.LogicalHandler End processing HTTP request after 317.8117ms - 200
[13:06:46 INF] System.Net.Http.HttpClient.IDeepSeekClient.ClientHandler Received HTTP response headers after 287.2961ms - 200
[13:06:46 INF] System.Net.Http.HttpClient.IDeepSeekClient.LogicalHandler End processing HTTP request after 301.0911ms - 200
[13:06:48 INF] System.Net.Http.HttpClient.IDeepSeekClient.LogicalHandler Start processing HTTP request POST https://api.deepseek.com/chat/completions
[13:06:48 INF] System.Net.Http.HttpClient.IDeepSeekClient.ClientHandler Sending HTTP request POST https://api.deepseek.com/chat/completions
[13:06:48 INF] System.Net.Http.HttpClient.IDeepSeekClient.ClientHandler Received HTTP response headers after 355.7502ms - 200
[13:06:48 INF] System.Net.Http.HttpClient.IDeepSeekClient.LogicalHandler End processing HTTP request after 364.2765ms - 200
[13:06:50 INF] System.Net.Http.HttpClient.IDeepSeekClient.LogicalHandler Start processing HTTP request POST https://api.deepseek.com/chat/completions
[13:06:50 INF] System.Net.Http.HttpClient.IDeepSeekClient.ClientHandler Sending HTTP request POST https://api.deepseek.com/chat/completions
[13:06:51 INF] System.Net.Http.HttpClient.IDeepSeekClient.ClientHandler Received HTTP response headers after 280.152ms - 200
[13:06:51 INF] System.Net.Http.HttpClient.IDeepSeekClient.LogicalHandler End processing HTTP request after 287.8417ms - 200
[13:06:53 INF] System.Net.Http.HttpClient.IDeepSeekClient.LogicalHandler Start processing HTTP request POST https://api.deepseek.com/chat/completions
[13:06:53 INF] System.Net.Http.HttpClient.IDeepSeekClient.ClientHandler Sending HTTP request POST https://api.deepseek.com/chat/completions
[13:06:53 INF] System.Net.Http.HttpClient.IDeepSeekClient.ClientHandler Received HTTP response headers after 282.1779ms - 200
[13:06:53 INF] System.Net.Http.HttpClient.IDeepSeekClient.LogicalHandler End processing HTTP request after 290.2119ms - 200
[13:06:55 INF] System.Net.Http.HttpClient.IDeepSeekClient.LogicalHandler Start processing HTTP request POST https://api.deepseek.com/chat/completions
[13:06:55 INF] System.Net.Http.HttpClient.IDeepSeekClient.ClientHandler Sending HTTP request POST https://api.deepseek.com/chat/completions
[13:06:55 INF] System.Net.Http.HttpClient.IDeepSeekClient.ClientHandler Received HTTP response headers after 289.5942ms - 200
[13:06:55 INF] System.Net.Http.HttpClient.IDeepSeekClient.LogicalHandler End processing HTTP request after 297.5762ms - 200
[13:06:57 INF] System.Net.Http.HttpClient.IDeepSeekClient.LogicalHandler Start processing HTTP request POST https://api.deepseek.com/chat/completions
[13:06:57 INF] System.Net.Http.HttpClient.IDeepSeekClient.ClientHandler Sending HTTP request POST https://api.deepseek.com/chat/completions
[13:06:57 INF] System.Net.Http.HttpClient.IDeepSeekClient.ClientHandler Received HTTP response headers after 288.191ms - 200
[13:06:57 INF] System.Net.Http.HttpClient.IDeepSeekClient.LogicalHandler End processing HTTP request after 296.0901ms - 200
[13:07:01 INF] System.Net.Http.HttpClient.IDeepSeekClient.LogicalHandler Start processing HTTP request POST https://api.deepseek.com/chat/completions
[13:07:01 INF] System.Net.Http.HttpClient.IDeepSeekClient.ClientHandler Sending HTTP request POST https://api.deepseek.com/chat/completions
[13:07:01 INF] System.Net.Http.HttpClient.IDeepSeekClient.ClientHandler Received HTTP response headers after 288.7178ms - 200
[13:07:01 INF] System.Net.Http.HttpClient.IDeepSeekClient.LogicalHandler End processing HTTP request after 296.8724ms - 200
[13:07:03 INF] System.Net.Http.HttpClient.IDeepSeekClient.LogicalHandler Start processing HTTP request POST https://api.deepseek.com/chat/completions
[13:07:03 INF] System.Net.Http.HttpClient.IDeepSeekClient.ClientHandler Sending HTTP request POST https://api.deepseek.com/chat/completions
[13:07:03 INF] System.Net.Http.HttpClient.IDeepSeekClient.ClientHandler Received HTTP response headers after 277.5473ms - 200
[13:07:03 INF] System.Net.Http.HttpClient.IDeepSeekClient.LogicalHandler End processing HTTP request after 285.3444ms - 200
[13:07:05 INF] System.Net.Http.HttpClient.IDeepSeekClient.LogicalHandler Start processing HTTP request POST https://api.deepseek.com/chat/completions
[13:07:05 INF] System.Net.Http.HttpClient.IDeepSeekClient.ClientHandler Sending HTTP request POST https://api.deepseek.com/chat/completions
[13:07:05 INF] System.Net.Http.HttpClient.IDeepSeekClient.ClientHandler Received HTTP response headers after 287.8637ms - 200
[13:07:05 INF] System.Net.Http.HttpClient.IDeepSeekClient.LogicalHandler End processing HTTP request after 295.6153ms - 200
[13:07:08 INF] System.Net.Http.HttpClient.IDeepSeekClient.LogicalHandler Start processing HTTP request POST https://api.deepseek.com/chat/completions
[13:07:08 INF] System.Net.Http.HttpClient.IDeepSeekClient.ClientHandler Sending HTTP request POST https://api.deepseek.com/chat/completions
[13:07:08 INF] System.Net.Http.HttpClient.IDeepSeekClient.ClientHandler Received HTTP response headers after 284.6224ms - 200
[13:07:08 INF] System.Net.Http.HttpClient.IDeepSeekClient.LogicalHandler End processing HTTP request after 292.8904ms - 200
[13:07:10 INF] System.Net.Http.HttpClient.IStockApiClient.LogicalHandler Start processing HTTP request GET https://www.sec.gov/Archives/edgar/data/1375365/000137536525000027/smci-20250630.htm
[13:07:10 INF] System.Net.Http.HttpClient.IStockApiClient.ClientHandler Sending HTTP request GET https://www.sec.gov/Archives/edgar/data/1375365/000137536525000027/smci-20250630.htm
[13:07:10 INF] System.Net.Http.HttpClient.IStockApiClient.ClientHandler Received HTTP response headers after 25.7528ms - 200
[13:07:10 INF] System.Net.Http.HttpClient.IStockApiClient.LogicalHandler End processing HTTP request after 34.1454ms - 200
[13:07:14 INF] System.Net.Http.HttpClient.IDeepSeekClient.LogicalHandler Start processing HTTP request POST https://api.deepseek.com/chat/completions
[13:07:14 INF] System.Net.Http.HttpClient.IDeepSeekClient.ClientHandler Sending HTTP request POST https://api.deepseek.com/chat/completions
[13:07:14 INF] System.Net.Http.HttpClient.IDeepSeekClient.ClientHandler Received HTTP response headers after 275.3299ms - 200
[13:07:14 INF] System.Net.Http.HttpClient.IDeepSeekClient.LogicalHandler End processing HTTP request after 283.9398ms - 200
[13:07:27 INF] System.Net.Http.HttpClient.IDeepSeekClient.LogicalHandler Start processing HTTP request POST https://api.deepseek.com/chat/completions
[13:07:27 INF] System.Net.Http.HttpClient.IDeepSeekClient.ClientHandler Sending HTTP request POST https://api.deepseek.com/chat/completions
[13:07:27 INF] System.Net.Http.HttpClient.IDeepSeekClient.ClientHandler Received HTTP response headers after 288.8344ms - 200
[13:07:28 INF] System.Net.Http.HttpClient.IDeepSeekClient.LogicalHandler End processing HTTP request after 296.7671ms - 200
[13:07:29 INF] System.Net.Http.HttpClient.IDeepSeekClient.LogicalHandler Start processing HTTP request POST https://api.deepseek.com/chat/completions
[13:07:30 INF] System.Net.Http.HttpClient.IDeepSeekClient.ClientHandler Sending HTTP request POST https://api.deepseek.com/chat/completions
[13:07:30 INF] System.Net.Http.HttpClient.IDeepSeekClient.ClientHandler Received HTTP response headers after 285.2096ms - 200
[13:07:30 INF] System.Net.Http.HttpClient.IDeepSeekClient.LogicalHandler End processing HTTP request after 292.555ms - 200
[13:07:35 INF] System.Net.Http.HttpClient.IDeepSeekClient.LogicalHandler Start processing HTTP request POST https://api.deepseek.com/chat/completions
[13:07:35 INF] System.Net.Http.HttpClient.IDeepSeekClient.ClientHandler Sending HTTP request POST https://api.deepseek.com/chat/completions
[13:07:35 INF] System.Net.Http.HttpClient.IDeepSeekClient.ClientHandler Received HTTP response headers after 287.897ms - 200
[13:07:35 INF] System.Net.Http.HttpClient.IDeepSeekClient.LogicalHandler End processing HTTP request after 295.6563ms - 200
[13:07:37 INF] System.Net.Http.HttpClient.IDeepSeekClient.LogicalHandler Start processing HTTP request POST https://api.deepseek.com/chat/completions
[13:07:37 INF] System.Net.Http.HttpClient.IDeepSeekClient.ClientHandler Sending HTTP request POST https://api.deepseek.com/chat/completions
[13:07:37 INF] System.Net.Http.HttpClient.IDeepSeekClient.ClientHandler Received HTTP response headers after 298.3484ms - 200
[13:07:37 INF] System.Net.Http.HttpClient.IDeepSeekClient.LogicalHandler End processing HTTP request after 305.9262ms - 200
[13:07:39 INF] System.Net.Http.HttpClient.IDeepSeekClient.LogicalHandler Start processing HTTP request POST https://api.deepseek.com/chat/completions
[13:07:39 INF] System.Net.Http.HttpClient.IDeepSeekClient.ClientHandler Sending HTTP request POST https://api.deepseek.com/chat/completions
[13:07:39 INF] System.Net.Http.HttpClient.IDeepSeekClient.ClientHandler Received HTTP response headers after 291.5228ms - 200
[13:07:39 INF] System.Net.Http.HttpClient.IDeepSeekClient.LogicalHandler End processing HTTP request after 299.1394ms - 200
[13:07:51 INF] System.Net.Http.HttpClient.IDeepSeekClient.LogicalHandler Start processing HTTP request POST https://api.deepseek.com/chat/completions
[13:07:51 INF] System.Net.Http.HttpClient.IDeepSeekClient.ClientHandler Sending HTTP request POST https://api.deepseek.com/chat/completions
[13:07:51 INF] System.Net.Http.HttpClient.IDeepSeekClient.ClientHandler Received HTTP response headers after 311.3127ms - 200
[13:07:51 INF] System.Net.Http.HttpClient.IDeepSeekClient.LogicalHandler End processing HTTP request after 320.256ms - 200
[13:08:30 INF] System.Net.Http.HttpClient.IDeepSeekClient.LogicalHandler Start processing HTTP request POST https://api.deepseek.com/chat/completions
[13:08:30 INF] System.Net.Http.HttpClient.IDeepSeekClient.ClientHandler Sending HTTP request POST https://api.deepseek.com/chat/completions
[13:08:30 INF] System.Net.Http.HttpClient.IDeepSeekClient.ClientHandler Received HTTP response headers after 371.0076ms - 200
[13:08:30 INF] System.Net.Http.HttpClient.IDeepSeekClient.LogicalHandler End processing HTTP request after 378.8587ms - 200
[13:08:36 INF] System.Net.Http.HttpClient.IDeepSeekClient.LogicalHandler Start processing HTTP request POST https://api.deepseek.com/chat/completions
[13:08:36 INF] System.Net.Http.HttpClient.IDeepSeekClient.ClientHandler Sending HTTP request POST https://api.deepseek.com/chat/completions
[13:08:36 INF] System.Net.Http.HttpClient.IDeepSeekClient.ClientHandler Received HTTP response headers after 551.0843ms - 200
[13:08:36 INF] System.Net.Http.HttpClient.IDeepSeekClient.LogicalHandler End processing HTTP request after 558.8679ms - 200
[13:08:43 INF] System.Net.Http.HttpClient.IDeepSeekClient.LogicalHandler Start processing HTTP request POST https://api.deepseek.com/chat/completions
[13:08:43 INF] System.Net.Http.HttpClient.IDeepSeekClient.ClientHandler Sending HTTP request POST https://api.deepseek.com/chat/completions
[13:08:44 INF] System.Net.Http.HttpClient.IDeepSeekClient.ClientHandler Received HTTP response headers after 321.3791ms - 200
[13:08:44 INF] System.Net.Http.HttpClient.IDeepSeekClient.LogicalHandler End processing HTTP request after 328.834ms - 200
[13:08:50 INF] System.Net.Http.HttpClient.IDeepSeekClient.LogicalHandler Start processing HTTP request POST https://api.deepseek.com/chat/completions
[13:08:50 INF] System.Net.Http.HttpClient.IDeepSeekClient.ClientHandler Sending HTTP request POST https://api.deepseek.com/chat/completions
[13:08:51 INF] System.Net.Http.HttpClient.IDeepSeekClient.ClientHandler Received HTTP response headers after 327.9116ms - 200
[13:08:51 INF] System.Net.Http.HttpClient.IDeepSeekClient.LogicalHandler End processing HTTP request after 336.2635ms - 200
[13:09:13 INF] System.Net.Http.HttpClient.IDeepSeekClient.LogicalHandler Start processing HTTP request POST https://api.deepseek.com/chat/completions
[13:09:13 INF] System.Net.Http.HttpClient.IDeepSeekClient.ClientHandler Sending HTTP request POST https://api.deepseek.com/chat/completions
[13:09:13 INF] System.Net.Http.HttpClient.IDeepSeekClient.ClientHandler Received HTTP response headers after 348.0787ms - 200
[13:09:13 INF] System.Net.Http.HttpClient.IDeepSeekClient.LogicalHandler End processing HTTP request after 356.8713ms - 200
[13:09:20 INF] System.Net.Http.HttpClient.IDeepSeekClient.LogicalHandler Start processing HTTP request POST https://api.deepseek.com/chat/completions
[13:09:20 INF] System.Net.Http.HttpClient.IDeepSeekClient.ClientHandler Sending HTTP request POST https://api.deepseek.com/chat/completions
[13:09:20 INF] System.Net.Http.HttpClient.IDeepSeekClient.ClientHandler Received HTTP response headers after 281.4461ms - 200
[13:09:20 INF] System.Net.Http.HttpClient.IDeepSeekClient.LogicalHandler End processing HTTP request after 289.4654ms - 200
[13:09:22 INF] System.Net.Http.HttpClient.IDeepSeekClient.LogicalHandler Start processing HTTP request POST https://api.deepseek.com/chat/completions
[13:09:22 INF] System.Net.Http.HttpClient.IDeepSeekClient.ClientHandler Sending HTTP request POST https://api.deepseek.com/chat/completions
[13:09:23 INF] System.Net.Http.HttpClient.IDeepSeekClient.ClientHandler Received HTTP response headers after 317.0828ms - 200
[13:09:23 INF] System.Net.Http.HttpClient.IDeepSeekClient.LogicalHandler End processing HTTP request after 325.93ms - 200
[13:09:43 INF] System.Net.Http.HttpClient.IDeepSeekClient.LogicalHandler Start processing HTTP request POST https://api.deepseek.com/chat/completions
[13:09:43 INF] System.Net.Http.HttpClient.IDeepSeekClient.ClientHandler Sending HTTP request POST https://api.deepseek.com/chat/completions
[13:09:43 INF] System.Net.Http.HttpClient.IDeepSeekClient.ClientHandler Received HTTP response headers after 371.467ms - 200
[13:09:43 INF] System.Net.Http.HttpClient.IDeepSeekClient.LogicalHandler End processing HTTP request after 379.9366ms - 200
[13:10:04 INF] System.Net.Http.HttpClient.IDeepSeekClient.LogicalHandler Start processing HTTP request POST https://api.deepseek.com/chat/completions
[13:10:04 INF] System.Net.Http.HttpClient.IDeepSeekClient.ClientHandler Sending HTTP request POST https://api.deepseek.com/chat/completions
[13:10:04 INF] System.Net.Http.HttpClient.IDeepSeekClient.ClientHandler Received HTTP response headers after 283.123ms - 200
[13:10:04 INF] System.Net.Http.HttpClient.IDeepSeekClient.LogicalHandler End processing HTTP request after 290.9103ms - 200
[13:10:25 INF] System.Net.Http.HttpClient.IDeepSeekClient.LogicalHandler Start processing HTTP request POST https://api.deepseek.com/chat/completions
[13:10:25 INF] System.Net.Http.HttpClient.IDeepSeekClient.ClientHandler Sending HTTP request POST https://api.deepseek.com/chat/completions
[13:10:26 INF] System.Net.Http.HttpClient.IDeepSeekClient.ClientHandler Received HTTP response headers after 291.7796ms - 200
[13:10:26 INF] System.Net.Http.HttpClient.IDeepSeekClient.LogicalHandler End processing HTTP request after 299.7974ms - 200
[13:10:43 INF] System.Net.Http.HttpClient.IDeepSeekClient.LogicalHandler Start processing HTTP request POST https://api.deepseek.com/chat/completions
[13:10:43 INF] System.Net.Http.HttpClient.IDeepSeekClient.ClientHandler Sending HTTP request POST https://api.deepseek.com/chat/completions
[13:10:43 INF] System.Net.Http.HttpClient.IDeepSeekClient.ClientHandler Received HTTP response headers after 298.2461ms - 200
[13:10:43 INF] System.Net.Http.HttpClient.IDeepSeekClient.LogicalHandler End processing HTTP request after 305.6162ms - 200
[13:12:04 INF] System.Net.Http.HttpClient.IStockApiClient.LogicalHandler Start processing HTTP request GET https://data.sec.gov/api/xbrl/companyfacts/CIK0001375365.json
[13:12:04 INF] System.Net.Http.HttpClient.IStockApiClient.ClientHandler Sending HTTP request GET https://data.sec.gov/api/xbrl/companyfacts/CIK0001375365.json
[13:12:04 INF] System.Net.Http.HttpClient.IStockApiClient.ClientHandler Received HTTP response headers after 299.9314ms - 200
[13:12:04 INF] System.Net.Http.HttpClient.IStockApiClient.LogicalHandler End processing HTTP request after 308.6424ms - 200
[13:12:05 INF] System.Net.Http.HttpClient.IStockApiClient.LogicalHandler Start processing HTTP request GET https://data.sec.gov/submissions/CIK0001375365.json
[13:12:05 INF] System.Net.Http.HttpClient.IStockApiClient.ClientHandler Sending HTTP request GET https://data.sec.gov/submissions/CIK0001375365.json
[13:12:05 INF] System.Net.Http.HttpClient.IStockApiClient.ClientHandler Received HTTP response headers after 140.5091ms - 200
[13:12:05 INF] System.Net.Http.HttpClient.IStockApiClient.LogicalHandler End processing HTTP request after 148.8834ms - 200
[13:12:05 INF] System.Net.Http.HttpClient.IStockApiClient.LogicalHandler Start processing HTTP request GET https://www.sec.gov/Archives/edgar/data/1375365/000137536525000027/index.json
[13:12:05 INF] System.Net.Http.HttpClient.IStockApiClient.ClientHandler Sending HTTP request GET https://www.sec.gov/Archives/edgar/data/1375365/000137536525000027/index.json
[13:12:05 INF] System.Net.Http.HttpClient.IStockApiClient.ClientHandler Received HTTP response headers after 181.2208ms - 200
[13:12:05 INF] System.Net.Http.HttpClient.IStockApiClient.LogicalHandler End processing HTTP request after 193.3865ms - 200
[13:12:05 INF] System.Net.Http.HttpClient.IStockApiClient.LogicalHandler Start processing HTTP request GET https://www.sec.gov/Archives/edgar/data/1375365/000137536525000027/smci-20250630_htm.xml
[13:12:05 INF] System.Net.Http.HttpClient.IStockApiClient.ClientHandler Sending HTTP request GET https://www.sec.gov/Archives/edgar/data/1375365/000137536525000027/smci-20250630_htm.xml
[13:12:05 INF] System.Net.Http.HttpClient.IStockApiClient.ClientHandler Received HTTP response headers after 70.7565ms - 200
[13:12:05 INF] System.Net.Http.HttpClient.IStockApiClient.LogicalHandler End processing HTTP request after 79.354ms - 200
[13:12:05 INF] System.Net.Http.HttpClient.IDeepSeekClient.LogicalHandler Start processing HTTP request POST https://api.deepseek.com/chat/completions
[13:12:05 INF] System.Net.Http.HttpClient.IDeepSeekClient.ClientHandler Sending HTTP request POST https://api.deepseek.com/chat/completions
[13:12:06 INF] System.Net.Http.HttpClient.IDeepSeekClient.ClientHandler Received HTTP response headers after 450.7889ms - 200
[13:12:06 INF] System.Net.Http.HttpClient.IDeepSeekClient.LogicalHandler End processing HTTP request after 460.0581ms - 200
[13:20:18 INF] System.Net.Http.HttpClient.IDeepSeekClient.LogicalHandler Start processing HTTP request POST https://api.deepseek.com/chat/completions
[13:20:18 INF] System.Net.Http.HttpClient.IDeepSeekClient.ClientHandler Sending HTTP request POST https://api.deepseek.com/chat/completions
[13:20:18 INF] System.Net.Http.HttpClient.IDeepSeekClient.ClientHandler Received HTTP response headers after 365.085ms - 200
[13:20:18 INF] System.Net.Http.HttpClient.IDeepSeekClient.LogicalHandler End processing HTTP request after 374.2646ms - 200
[13:20:57 INF] System.Net.Http.HttpClient.IDeepSeekClient.LogicalHandler Start processing HTTP request POST https://api.deepseek.com/chat/completions
[13:20:57 INF] System.Net.Http.HttpClient.IDeepSeekClient.ClientHandler Sending HTTP request POST https://api.deepseek.com/chat/completions
[13:20:57 INF] System.Net.Http.HttpClient.IDeepSeekClient.ClientHandler Received HTTP response headers after 277.8136ms - 200
[13:20:57 INF] System.Net.Http.HttpClient.IDeepSeekClient.LogicalHandler End processing HTTP request after 287.7954ms - 200
[13:21:15 INF] simple_bloomberg_terminal.Services.Classification.IndustryClassifier Classify no-fit: Ablecom Technology, Inc. [INFORMATION_TECHNOLOGY] label='(none)' — empty reply (likely truncated — token budget hit before the JSON). raw=''
[13:21:15 INF] System.Net.Http.HttpClient.IDeepSeekClient.LogicalHandler Start processing HTTP request POST https://api.deepseek.com/chat/completions
[13:21:15 INF] System.Net.Http.HttpClient.IDeepSeekClient.ClientHandler Sending HTTP request POST https://api.deepseek.com/chat/completions
[13:21:15 INF] System.Net.Http.HttpClient.IDeepSeekClient.ClientHandler Received HTTP response headers after 359.6362ms - 200
[13:21:15 INF] System.Net.Http.HttpClient.IDeepSeekClient.LogicalHandler End processing HTTP request after 366.9074ms - 200
[13:21:32 INF] simple_bloomberg_terminal.Services.Classification.IndustryClassifier Classify no-fit: Ablecom Technology, Inc. [(unconstrained)] label='(none)' — empty reply (likely truncated — token budget hit before the JSON). raw=''
[13:21:32 INF] System.Net.Http.HttpClient.IDeepSeekClient.LogicalHandler Start processing HTTP request POST https://api.deepseek.com/chat/completions
[13:21:32 INF] System.Net.Http.HttpClient.IDeepSeekClient.ClientHandler Sending HTTP request POST https://api.deepseek.com/chat/completions
[13:21:32 INF] System.Net.Http.HttpClient.IDeepSeekClient.ClientHandler Received HTTP response headers after 273.5697ms - 200
[13:21:32 INF] System.Net.Http.HttpClient.IDeepSeekClient.LogicalHandler End processing HTTP request after 280.5214ms - 200
[13:21:50 INF] simple_bloomberg_terminal.Services.Classification.IndustryClassifier Classify no-fit: Compuware Technology, Inc. [INFORMATION_TECHNOLOGY] label='(none)' — empty reply (likely truncated — token budget hit before the JSON). raw=''
[13:21:50 INF] System.Net.Http.HttpClient.IDeepSeekClient.LogicalHandler Start processing HTTP request POST https://api.deepseek.com/chat/completions
[13:21:50 INF] System.Net.Http.HttpClient.IDeepSeekClient.ClientHandler Sending HTTP request POST https://api.deepseek.com/chat/completions
[13:21:50 INF] System.Net.Http.HttpClient.IDeepSeekClient.ClientHandler Received HTTP response headers after 310.8654ms - 200
[13:21:50 INF] System.Net.Http.HttpClient.IDeepSeekClient.LogicalHandler End processing HTTP request after 319.935ms - 200
[13:22:08 INF] simple_bloomberg_terminal.Services.Classification.IndustryClassifier Classify no-fit: Compuware Technology, Inc. [(unconstrained)] label='(none)' — empty reply (likely truncated — token budget hit before the JSON). raw=''
[13:30:02 INF] Microsoft.Hosting.Lifetime Application is shutting down...
[13:30:12 INF] Microsoft.Hosting.Lifetime Now listening on: http://localhost:5213
[13:30:12 INF] Microsoft.Hosting.Lifetime Application started. Press Ctrl+C to shut down.
[13:30:12 INF] Microsoft.Hosting.Lifetime Hosting environment: Development
[13:30:12 INF] Microsoft.Hosting.Lifetime Content root path: C:\Users\luka.osojnik\Documents\Coding\simple-bloomberg-terminal\simple-bloomberg-terminal
[13:30:13 WRN] Microsoft.EntityFrameworkCore.Query Compiling a query which loads related collections for more than one collection navigation, either via 'Include' or through projection, but no 'QuerySplittingBehavior' has been configured. By default, Entity Framework will use 'QuerySplittingBehavior.SingleQuery', which can potentially result in slow query performance. See https://go.microsoft.com/fwlink/?linkid=2134277 for more information. To identify the query that's triggering this warning call 'ConfigureWarnings(w => w.Throw(RelationalEventId.MultipleCollectionIncludeWarning))'.
[13:30:21 INF] simple_bloomberg_terminal.Areas.Identity.Pages.Account.ExternalLoginModel Luka Osojnik signed in with Google.
[13:30:35 WRN] LuckyPennySoftware.AutoMapper.License You do not have a valid license key for the Lucky Penny software AutoMapper. This is allowed for development and testing scenarios. If you are running in production you are required to have a licensed version. Please visit https://luckypennysoftware.com to obtain a valid license.
[13:30:35 INF] System.Net.Http.HttpClient.IStockApiClient.LogicalHandler Start processing HTTP request GET https://data.sec.gov/submissions/CIK0001375365.json
[13:30:35 INF] System.Net.Http.HttpClient.IStockApiClient.ClientHandler Sending HTTP request GET https://data.sec.gov/submissions/CIK0001375365.json
[13:30:35 INF] System.Net.Http.HttpClient.IStockApiClient.ClientHandler Received HTTP response headers after 283.2042ms - 200
[13:30:35 INF] System.Net.Http.HttpClient.IStockApiClient.LogicalHandler End processing HTTP request after 308.3591ms - 200
[13:30:39 INF] System.Net.Http.HttpClient.IStockApiClient.LogicalHandler Start processing HTTP request GET https://www.sec.gov/Archives/edgar/data/1375365/000137536525000027/smci-20250630.htm
[13:30:39 INF] System.Net.Http.HttpClient.IStockApiClient.ClientHandler Sending HTTP request GET https://www.sec.gov/Archives/edgar/data/1375365/000137536525000027/smci-20250630.htm
[13:30:39 INF] System.Net.Http.HttpClient.IStockApiClient.ClientHandler Received HTTP response headers after 153.6069ms - 200
[13:30:39 INF] System.Net.Http.HttpClient.IStockApiClient.LogicalHandler End processing HTTP request after 163.7836ms - 200
[13:30:40 INF] System.Net.Http.HttpClient.IStockApiClient.LogicalHandler Start processing HTTP request GET https://www.sec.gov/Archives/edgar/data/1375365/000137536525000027/smci-20250630.htm
[13:30:40 INF] System.Net.Http.HttpClient.IStockApiClient.ClientHandler Sending HTTP request GET https://www.sec.gov/Archives/edgar/data/1375365/000137536525000027/smci-20250630.htm
[13:30:40 INF] System.Net.Http.HttpClient.IStockApiClient.ClientHandler Received HTTP response headers after 40.4826ms - 200
[13:30:40 INF] System.Net.Http.HttpClient.IStockApiClient.LogicalHandler End processing HTTP request after 50.9814ms - 200
[13:30:40 INF] System.Net.Http.HttpClient.IDeepSeekClient.LogicalHandler Start processing HTTP request POST https://api.deepseek.com/chat/completions
[13:30:40 INF] System.Net.Http.HttpClient.IDeepSeekClient.ClientHandler Sending HTTP request POST https://api.deepseek.com/chat/completions
[13:30:40 INF] System.Net.Http.HttpClient.IDeepSeekClient.ClientHandler Received HTTP response headers after 630.5726ms - 200
[13:30:40 INF] System.Net.Http.HttpClient.IDeepSeekClient.LogicalHandler End processing HTTP request after 641.5539ms - 200
[13:31:06 INF] System.Net.Http.HttpClient.IStockApiClient.LogicalHandler Start processing HTTP request GET https://www.sec.gov/Archives/edgar/data/1375365/000137536525000027/FilingSummary.xml
[13:31:06 INF] System.Net.Http.HttpClient.IStockApiClient.ClientHandler Sending HTTP request GET https://www.sec.gov/Archives/edgar/data/1375365/000137536525000027/FilingSummary.xml
[13:31:06 INF] System.Net.Http.HttpClient.IStockApiClient.ClientHandler Received HTTP response headers after 45.3854ms - 200
[13:31:06 INF] System.Net.Http.HttpClient.IStockApiClient.LogicalHandler End processing HTTP request after 54.8543ms - 200
[13:31:06 INF] System.Net.Http.HttpClient.IStockApiClient.LogicalHandler Start processing HTTP request GET https://www.sec.gov/Archives/edgar/data/1375365/000137536525000027/R5.htm
[13:31:06 INF] System.Net.Http.HttpClient.IStockApiClient.ClientHandler Sending HTTP request GET https://www.sec.gov/Archives/edgar/data/1375365/000137536525000027/R5.htm
[13:31:06 INF] System.Net.Http.HttpClient.IStockApiClient.ClientHandler Received HTTP response headers after 27.0479ms - 200
[13:31:06 INF] System.Net.Http.HttpClient.IStockApiClient.LogicalHandler End processing HTTP request after 36.9131ms - 200
[13:31:06 INF] System.Net.Http.HttpClient.IStockApiClient.LogicalHandler Start processing HTTP request GET https://www.sec.gov/Archives/edgar/data/1375365/000137536525000027/R48.htm
[13:31:06 INF] System.Net.Http.HttpClient.IStockApiClient.ClientHandler Sending HTTP request GET https://www.sec.gov/Archives/edgar/data/1375365/000137536525000027/R48.htm
[13:31:06 INF] System.Net.Http.HttpClient.IStockApiClient.ClientHandler Received HTTP response headers after 26.8636ms - 200
[13:31:06 INF] System.Net.Http.HttpClient.IStockApiClient.LogicalHandler End processing HTTP request after 35.6065ms - 200
[13:31:06 INF] System.Net.Http.HttpClient.IStockApiClient.LogicalHandler Start processing HTTP request GET https://www.sec.gov/Archives/edgar/data/1375365/000137536525000027/R81.htm
[13:31:06 INF] System.Net.Http.HttpClient.IStockApiClient.ClientHandler Sending HTTP request GET https://www.sec.gov/Archives/edgar/data/1375365/000137536525000027/R81.htm
[13:31:06 INF] System.Net.Http.HttpClient.IStockApiClient.ClientHandler Received HTTP response headers after 29.1985ms - 200
[13:31:06 INF] System.Net.Http.HttpClient.IStockApiClient.LogicalHandler End processing HTTP request after 38.0834ms - 200
[13:31:06 INF] System.Net.Http.HttpClient.IStockApiClient.LogicalHandler Start processing HTTP request GET https://www.sec.gov/Archives/edgar/data/1375365/000137536525000027/R92.htm
[13:31:06 INF] System.Net.Http.HttpClient.IStockApiClient.ClientHandler Sending HTTP request GET https://www.sec.gov/Archives/edgar/data/1375365/000137536525000027/R92.htm
[13:31:06 INF] System.Net.Http.HttpClient.IStockApiClient.ClientHandler Received HTTP response headers after 28.8481ms - 200
[13:31:06 INF] System.Net.Http.HttpClient.IStockApiClient.LogicalHandler End processing HTTP request after 37.3439ms - 200
[13:31:06 INF] System.Net.Http.HttpClient.IStockApiClient.LogicalHandler Start processing HTTP request GET https://www.sec.gov/Archives/edgar/data/1375365/000137536525000027/R107.htm
[13:31:06 INF] System.Net.Http.HttpClient.IStockApiClient.ClientHandler Sending HTTP request GET https://www.sec.gov/Archives/edgar/data/1375365/000137536525000027/R107.htm
[13:31:06 INF] System.Net.Http.HttpClient.IStockApiClient.ClientHandler Received HTTP response headers after 26.2682ms - 200
[13:31:06 INF] System.Net.Http.HttpClient.IStockApiClient.LogicalHandler End processing HTTP request after 35.5533ms - 200
[13:31:06 INF] System.Net.Http.HttpClient.IStockApiClient.LogicalHandler Start processing HTTP request GET https://www.sec.gov/Archives/edgar/data/1375365/000137536525000027/R108.htm
[13:31:06 INF] System.Net.Http.HttpClient.IStockApiClient.ClientHandler Sending HTTP request GET https://www.sec.gov/Archives/edgar/data/1375365/000137536525000027/R108.htm
[13:31:06 INF] System.Net.Http.HttpClient.IStockApiClient.ClientHandler Received HTTP response headers after 29.5267ms - 200
[13:31:06 INF] System.Net.Http.HttpClient.IStockApiClient.LogicalHandler End processing HTTP request after 38.1122ms - 200
[13:31:06 INF] System.Net.Http.HttpClient.IDeepSeekClient.LogicalHandler Start processing HTTP request POST https://api.deepseek.com/chat/completions
[13:31:06 INF] System.Net.Http.HttpClient.IDeepSeekClient.ClientHandler Sending HTTP request POST https://api.deepseek.com/chat/completions
[13:31:06 INF] System.Net.Http.HttpClient.IDeepSeekClient.LogicalHandler Start processing HTTP request POST https://api.deepseek.com/chat/completions
[13:31:06 INF] System.Net.Http.HttpClient.IDeepSeekClient.ClientHandler Sending HTTP request POST https://api.deepseek.com/chat/completions
[13:31:06 INF] System.Net.Http.HttpClient.IDeepSeekClient.LogicalHandler Start processing HTTP request POST https://api.deepseek.com/chat/completions
[13:31:06 INF] System.Net.Http.HttpClient.IDeepSeekClient.ClientHandler Sending HTTP request POST https://api.deepseek.com/chat/completions
[13:31:06 INF] System.Net.Http.HttpClient.IDeepSeekClient.LogicalHandler Start processing HTTP request POST https://api.deepseek.com/chat/completions
[13:31:06 INF] System.Net.Http.HttpClient.IDeepSeekClient.ClientHandler Sending HTTP request POST https://api.deepseek.com/chat/completions
[13:31:06 INF] System.Net.Http.HttpClient.IDeepSeekClient.LogicalHandler Start processing HTTP request POST https://api.deepseek.com/chat/completions
[13:31:06 INF] System.Net.Http.HttpClient.IDeepSeekClient.ClientHandler Sending HTTP request POST https://api.deepseek.com/chat/completions
[13:31:06 INF] System.Net.Http.HttpClient.IDeepSeekClient.LogicalHandler Start processing HTTP request POST https://api.deepseek.com/chat/completions
[13:31:06 INF] System.Net.Http.HttpClient.IDeepSeekClient.ClientHandler Sending HTTP request POST https://api.deepseek.com/chat/completions
[13:31:07 INF] System.Net.Http.HttpClient.IDeepSeekClient.ClientHandler Received HTTP response headers after 291.9012ms - 200
[13:31:07 INF] System.Net.Http.HttpClient.IDeepSeekClient.LogicalHandler End processing HTTP request after 301.6378ms - 200
[13:31:07 INF] System.Net.Http.HttpClient.IDeepSeekClient.ClientHandler Received HTTP response headers after 331.8603ms - 200
[13:31:07 INF] System.Net.Http.HttpClient.IDeepSeekClient.LogicalHandler End processing HTTP request after 340.8162ms - 200
[13:31:07 INF] System.Net.Http.HttpClient.IDeepSeekClient.ClientHandler Received HTTP response headers after 339.6964ms - 200
[13:31:07 INF] System.Net.Http.HttpClient.IDeepSeekClient.LogicalHandler End processing HTTP request after 349.5669ms - 200
[13:31:07 INF] System.Net.Http.HttpClient.IDeepSeekClient.ClientHandler Received HTTP response headers after 337.5079ms - 200
[13:31:07 INF] System.Net.Http.HttpClient.IDeepSeekClient.LogicalHandler End processing HTTP request after 348.0116ms - 200
[13:31:07 INF] System.Net.Http.HttpClient.IDeepSeekClient.ClientHandler Received HTTP response headers after 341.5195ms - 200
[13:31:07 INF] System.Net.Http.HttpClient.IDeepSeekClient.LogicalHandler End processing HTTP request after 351.3818ms - 200
[13:31:07 INF] System.Net.Http.HttpClient.IDeepSeekClient.ClientHandler Received HTTP response headers after 407.7467ms - 200
[13:31:07 INF] System.Net.Http.HttpClient.IDeepSeekClient.LogicalHandler End processing HTTP request after 417.2687ms - 200
[13:31:09 INF] System.Net.Http.HttpClient.IDeepSeekClient.LogicalHandler Start processing HTTP request POST https://api.deepseek.com/chat/completions
[13:31:09 INF] System.Net.Http.HttpClient.IDeepSeekClient.ClientHandler Sending HTTP request POST https://api.deepseek.com/chat/completions
[13:31:09 INF] System.Net.Http.HttpClient.IDeepSeekClient.ClientHandler Received HTTP response headers after 286.2029ms - 200
[13:31:09 INF] System.Net.Http.HttpClient.IDeepSeekClient.LogicalHandler End processing HTTP request after 295.6075ms - 200
[13:31:10 INF] System.Net.Http.HttpClient.IDeepSeekClient.LogicalHandler Start processing HTTP request POST https://api.deepseek.com/chat/completions
[13:31:10 INF] System.Net.Http.HttpClient.IDeepSeekClient.ClientHandler Sending HTTP request POST https://api.deepseek.com/chat/completions
[13:31:10 INF] System.Net.Http.HttpClient.IDeepSeekClient.ClientHandler Received HTTP response headers after 277.1591ms - 200
[13:31:10 INF] System.Net.Http.HttpClient.IDeepSeekClient.LogicalHandler End processing HTTP request after 286.1946ms - 200
[13:31:11 INF] System.Net.Http.HttpClient.IDeepSeekClient.LogicalHandler Start processing HTTP request POST https://api.deepseek.com/chat/completions
[13:31:11 INF] System.Net.Http.HttpClient.IDeepSeekClient.ClientHandler Sending HTTP request POST https://api.deepseek.com/chat/completions
[13:31:11 INF] System.Net.Http.HttpClient.IDeepSeekClient.ClientHandler Received HTTP response headers after 326.1963ms - 200
[13:31:11 INF] System.Net.Http.HttpClient.IDeepSeekClient.LogicalHandler End processing HTTP request after 334.5565ms - 200
[13:31:12 INF] System.Net.Http.HttpClient.IDeepSeekClient.LogicalHandler Start processing HTTP request POST https://api.deepseek.com/chat/completions
[13:31:12 INF] System.Net.Http.HttpClient.IDeepSeekClient.ClientHandler Sending HTTP request POST https://api.deepseek.com/chat/completions
[13:31:12 INF] System.Net.Http.HttpClient.IDeepSeekClient.ClientHandler Received HTTP response headers after 293.83ms - 200
[13:31:12 INF] System.Net.Http.HttpClient.IDeepSeekClient.LogicalHandler End processing HTTP request after 302.1081ms - 200
[13:31:14 INF] System.Net.Http.HttpClient.IDeepSeekClient.LogicalHandler Start processing HTTP request POST https://api.deepseek.com/chat/completions
[13:31:14 INF] System.Net.Http.HttpClient.IDeepSeekClient.ClientHandler Sending HTTP request POST https://api.deepseek.com/chat/completions
[13:31:14 INF] System.Net.Http.HttpClient.IDeepSeekClient.ClientHandler Received HTTP response headers after 283.2466ms - 200
[13:31:14 INF] System.Net.Http.HttpClient.IDeepSeekClient.LogicalHandler End processing HTTP request after 292.9902ms - 200
[13:31:16 INF] System.Net.Http.HttpClient.IDeepSeekClient.LogicalHandler Start processing HTTP request POST https://api.deepseek.com/chat/completions
[13:31:16 INF] System.Net.Http.HttpClient.IDeepSeekClient.ClientHandler Sending HTTP request POST https://api.deepseek.com/chat/completions
[13:31:16 INF] System.Net.Http.HttpClient.IDeepSeekClient.ClientHandler Received HTTP response headers after 300.0156ms - 200
[13:31:16 INF] System.Net.Http.HttpClient.IDeepSeekClient.LogicalHandler End processing HTTP request after 308.5459ms - 200
[13:31:19 INF] System.Net.Http.HttpClient.IDeepSeekClient.LogicalHandler Start processing HTTP request POST https://api.deepseek.com/chat/completions
[13:31:19 INF] System.Net.Http.HttpClient.IDeepSeekClient.ClientHandler Sending HTTP request POST https://api.deepseek.com/chat/completions
[13:31:19 INF] System.Net.Http.HttpClient.IDeepSeekClient.ClientHandler Received HTTP response headers after 284.4017ms - 200
[13:31:19 INF] System.Net.Http.HttpClient.IDeepSeekClient.LogicalHandler End processing HTTP request after 296.8831ms - 200
[13:31:20 INF] System.Net.Http.HttpClient.IDeepSeekClient.LogicalHandler Start processing HTTP request POST https://api.deepseek.com/chat/completions
[13:31:20 INF] System.Net.Http.HttpClient.IDeepSeekClient.ClientHandler Sending HTTP request POST https://api.deepseek.com/chat/completions
[13:31:21 INF] System.Net.Http.HttpClient.IDeepSeekClient.ClientHandler Received HTTP response headers after 294.6732ms - 200
[13:31:21 INF] System.Net.Http.HttpClient.IDeepSeekClient.LogicalHandler End processing HTTP request after 304.1861ms - 200
[13:31:22 INF] System.Net.Http.HttpClient.IDeepSeekClient.LogicalHandler Start processing HTTP request POST https://api.deepseek.com/chat/completions
[13:31:22 INF] System.Net.Http.HttpClient.IDeepSeekClient.ClientHandler Sending HTTP request POST https://api.deepseek.com/chat/completions
[13:31:22 INF] System.Net.Http.HttpClient.IDeepSeekClient.ClientHandler Received HTTP response headers after 326.496ms - 200
[13:31:22 INF] System.Net.Http.HttpClient.IDeepSeekClient.LogicalHandler End processing HTTP request after 335.0529ms - 200
[13:31:24 INF] System.Net.Http.HttpClient.IDeepSeekClient.LogicalHandler Start processing HTTP request POST https://api.deepseek.com/chat/completions
[13:31:24 INF] System.Net.Http.HttpClient.IDeepSeekClient.ClientHandler Sending HTTP request POST https://api.deepseek.com/chat/completions
[13:31:24 INF] System.Net.Http.HttpClient.IDeepSeekClient.ClientHandler Received HTTP response headers after 280.0895ms - 200
[13:31:24 INF] System.Net.Http.HttpClient.IDeepSeekClient.LogicalHandler End processing HTTP request after 288.4383ms - 200
[13:31:28 INF] System.Net.Http.HttpClient.IDeepSeekClient.LogicalHandler Start processing HTTP request POST https://api.deepseek.com/chat/completions
[13:31:28 INF] System.Net.Http.HttpClient.IDeepSeekClient.ClientHandler Sending HTTP request POST https://api.deepseek.com/chat/completions
[13:31:28 INF] System.Net.Http.HttpClient.IDeepSeekClient.ClientHandler Received HTTP response headers after 293.1481ms - 200
[13:31:28 INF] System.Net.Http.HttpClient.IDeepSeekClient.LogicalHandler End processing HTTP request after 301.4736ms - 200
[13:31:30 INF] System.Net.Http.HttpClient.IDeepSeekClient.LogicalHandler Start processing HTTP request POST https://api.deepseek.com/chat/completions
[13:31:30 INF] System.Net.Http.HttpClient.IDeepSeekClient.ClientHandler Sending HTTP request POST https://api.deepseek.com/chat/completions
[13:31:30 INF] System.Net.Http.HttpClient.IDeepSeekClient.ClientHandler Received HTTP response headers after 338.1677ms - 200
[13:31:30 INF] System.Net.Http.HttpClient.IDeepSeekClient.LogicalHandler End processing HTTP request after 346.2298ms - 200
[13:31:33 INF] System.Net.Http.HttpClient.IDeepSeekClient.LogicalHandler Start processing HTTP request POST https://api.deepseek.com/chat/completions
[13:31:33 INF] System.Net.Http.HttpClient.IDeepSeekClient.ClientHandler Sending HTTP request POST https://api.deepseek.com/chat/completions
[13:31:33 INF] System.Net.Http.HttpClient.IDeepSeekClient.ClientHandler Received HTTP response headers after 290.9204ms - 200
[13:31:33 INF] System.Net.Http.HttpClient.IDeepSeekClient.LogicalHandler End processing HTTP request after 299.6564ms - 200
[13:31:34 INF] System.Net.Http.HttpClient.IDeepSeekClient.LogicalHandler Start processing HTTP request POST https://api.deepseek.com/chat/completions
[13:31:34 INF] System.Net.Http.HttpClient.IDeepSeekClient.ClientHandler Sending HTTP request POST https://api.deepseek.com/chat/completions
[13:31:34 INF] System.Net.Http.HttpClient.IDeepSeekClient.ClientHandler Received HTTP response headers after 292.7958ms - 200
[13:31:34 INF] System.Net.Http.HttpClient.IDeepSeekClient.LogicalHandler End processing HTTP request after 301.2636ms - 200
[13:31:41 INF] System.Net.Http.HttpClient.IDeepSeekClient.LogicalHandler Start processing HTTP request POST https://api.deepseek.com/chat/completions
[13:31:41 INF] System.Net.Http.HttpClient.IDeepSeekClient.ClientHandler Sending HTTP request POST https://api.deepseek.com/chat/completions
[13:31:42 INF] System.Net.Http.HttpClient.IDeepSeekClient.ClientHandler Received HTTP response headers after 296.1765ms - 200
[13:31:42 INF] System.Net.Http.HttpClient.IDeepSeekClient.LogicalHandler End processing HTTP request after 304.4251ms - 200
[13:31:50 INF] System.Net.Http.HttpClient.IDeepSeekClient.LogicalHandler Start processing HTTP request POST https://api.deepseek.com/chat/completions
[13:31:50 INF] System.Net.Http.HttpClient.IDeepSeekClient.ClientHandler Sending HTTP request POST https://api.deepseek.com/chat/completions
[13:31:51 INF] System.Net.Http.HttpClient.IDeepSeekClient.ClientHandler Received HTTP response headers after 291.8801ms - 200
[13:31:51 INF] System.Net.Http.HttpClient.IDeepSeekClient.LogicalHandler End processing HTTP request after 299.7799ms - 200
[13:32:15 INF] System.Net.Http.HttpClient.IDeepSeekClient.LogicalHandler Start processing HTTP request POST https://api.deepseek.com/chat/completions
[13:32:15 INF] System.Net.Http.HttpClient.IDeepSeekClient.ClientHandler Sending HTTP request POST https://api.deepseek.com/chat/completions
[13:32:15 INF] System.Net.Http.HttpClient.IDeepSeekClient.ClientHandler Received HTTP response headers after 301.6603ms - 200
[13:32:15 INF] System.Net.Http.HttpClient.IDeepSeekClient.LogicalHandler End processing HTTP request after 309.4808ms - 200
[13:32:21 INF] System.Net.Http.HttpClient.IDeepSeekClient.LogicalHandler Start processing HTTP request POST https://api.deepseek.com/chat/completions
[13:32:21 INF] System.Net.Http.HttpClient.IDeepSeekClient.ClientHandler Sending HTTP request POST https://api.deepseek.com/chat/completions
[13:32:22 INF] System.Net.Http.HttpClient.IDeepSeekClient.ClientHandler Received HTTP response headers after 288.7948ms - 200
[13:32:22 INF] System.Net.Http.HttpClient.IDeepSeekClient.LogicalHandler End processing HTTP request after 296.9078ms - 200
[13:32:24 INF] System.Net.Http.HttpClient.IDeepSeekClient.LogicalHandler Start processing HTTP request POST https://api.deepseek.com/chat/completions
[13:32:24 INF] System.Net.Http.HttpClient.IDeepSeekClient.ClientHandler Sending HTTP request POST https://api.deepseek.com/chat/completions
[13:32:25 INF] System.Net.Http.HttpClient.IDeepSeekClient.ClientHandler Received HTTP response headers after 298.5677ms - 200
[13:32:25 INF] System.Net.Http.HttpClient.IDeepSeekClient.LogicalHandler End processing HTTP request after 306.7019ms - 200
[13:32:27 INF] System.Net.Http.HttpClient.IDeepSeekClient.LogicalHandler Start processing HTTP request POST https://api.deepseek.com/chat/completions
[13:32:27 INF] System.Net.Http.HttpClient.IDeepSeekClient.ClientHandler Sending HTTP request POST https://api.deepseek.com/chat/completions
[13:32:28 INF] System.Net.Http.HttpClient.IDeepSeekClient.ClientHandler Received HTTP response headers after 355.3013ms - 200
[13:32:28 INF] System.Net.Http.HttpClient.IDeepSeekClient.LogicalHandler End processing HTTP request after 363.3791ms - 200
[13:32:28 INF] System.Net.Http.HttpClient.IDeepSeekClient.LogicalHandler Start processing HTTP request POST https://api.deepseek.com/chat/completions
[13:32:28 INF] System.Net.Http.HttpClient.IDeepSeekClient.ClientHandler Sending HTTP request POST https://api.deepseek.com/chat/completions
[13:32:28 INF] System.Net.Http.HttpClient.IDeepSeekClient.ClientHandler Received HTTP response headers after 312.1586ms - 200
[13:32:28 INF] System.Net.Http.HttpClient.IDeepSeekClient.LogicalHandler End processing HTTP request after 320.1882ms - 200
[13:32:33 INF] System.Net.Http.HttpClient.IDeepSeekClient.LogicalHandler Start processing HTTP request POST https://api.deepseek.com/chat/completions
[13:32:33 INF] System.Net.Http.HttpClient.IDeepSeekClient.ClientHandler Sending HTTP request POST https://api.deepseek.com/chat/completions
[13:32:34 INF] System.Net.Http.HttpClient.IDeepSeekClient.ClientHandler Received HTTP response headers after 284.3877ms - 200
[13:32:34 INF] System.Net.Http.HttpClient.IDeepSeekClient.LogicalHandler End processing HTTP request after 292.3554ms - 200
[13:32:44 INF] System.Net.Http.HttpClient.IDeepSeekClient.LogicalHandler Start processing HTTP request POST https://api.deepseek.com/chat/completions
[13:32:44 INF] System.Net.Http.HttpClient.IDeepSeekClient.ClientHandler Sending HTTP request POST https://api.deepseek.com/chat/completions
[13:32:44 INF] System.Net.Http.HttpClient.IDeepSeekClient.ClientHandler Received HTTP response headers after 303.2983ms - 200
[13:32:44 INF] System.Net.Http.HttpClient.IDeepSeekClient.LogicalHandler End processing HTTP request after 311.084ms - 200
[13:32:44 INF] System.Net.Http.HttpClient.IDeepSeekClient.LogicalHandler Start processing HTTP request POST https://api.deepseek.com/chat/completions
[13:32:44 INF] System.Net.Http.HttpClient.IDeepSeekClient.ClientHandler Sending HTTP request POST https://api.deepseek.com/chat/completions
[13:32:44 INF] System.Net.Http.HttpClient.IDeepSeekClient.ClientHandler Received HTTP response headers after 286.2283ms - 200
[13:32:44 INF] System.Net.Http.HttpClient.IDeepSeekClient.LogicalHandler End processing HTTP request after 294.1593ms - 200
[13:33:01 INF] System.Net.Http.HttpClient.IDeepSeekClient.LogicalHandler Start processing HTTP request POST https://api.deepseek.com/chat/completions
[13:33:01 INF] System.Net.Http.HttpClient.IDeepSeekClient.ClientHandler Sending HTTP request POST https://api.deepseek.com/chat/completions
[13:33:02 INF] System.Net.Http.HttpClient.IDeepSeekClient.ClientHandler Received HTTP response headers after 277.6184ms - 200
[13:33:02 INF] System.Net.Http.HttpClient.IDeepSeekClient.LogicalHandler End processing HTTP request after 286.2499ms - 200
[13:33:16 INF] System.Net.Http.HttpClient.IDeepSeekClient.LogicalHandler Start processing HTTP request POST https://api.deepseek.com/chat/completions
[13:33:16 INF] System.Net.Http.HttpClient.IDeepSeekClient.ClientHandler Sending HTTP request POST https://api.deepseek.com/chat/completions
[13:33:17 INF] System.Net.Http.HttpClient.IDeepSeekClient.ClientHandler Received HTTP response headers after 565.3246ms - 200
[13:33:17 INF] System.Net.Http.HttpClient.IDeepSeekClient.LogicalHandler End processing HTTP request after 573.92ms - 200
[13:33:24 INF] System.Net.Http.HttpClient.IDeepSeekClient.LogicalHandler Start processing HTTP request POST https://api.deepseek.com/chat/completions
[13:33:24 INF] System.Net.Http.HttpClient.IDeepSeekClient.ClientHandler Sending HTTP request POST https://api.deepseek.com/chat/completions
[13:33:24 INF] System.Net.Http.HttpClient.IDeepSeekClient.ClientHandler Received HTTP response headers after 336.4084ms - 200
[13:33:24 INF] System.Net.Http.HttpClient.IDeepSeekClient.LogicalHandler End processing HTTP request after 344.0995ms - 200
[13:33:34 INF] System.Net.Http.HttpClient.IDeepSeekClient.LogicalHandler Start processing HTTP request POST https://api.deepseek.com/chat/completions
[13:33:34 INF] System.Net.Http.HttpClient.IDeepSeekClient.ClientHandler Sending HTTP request POST https://api.deepseek.com/chat/completions
[13:33:34 INF] System.Net.Http.HttpClient.IDeepSeekClient.ClientHandler Received HTTP response headers after 346.2157ms - 200
[13:33:34 INF] System.Net.Http.HttpClient.IDeepSeekClient.LogicalHandler End processing HTTP request after 354.2055ms - 200
[13:34:09 INF] System.Net.Http.HttpClient.IDeepSeekClient.LogicalHandler Start processing HTTP request POST https://api.deepseek.com/chat/completions
[13:34:09 INF] System.Net.Http.HttpClient.IDeepSeekClient.ClientHandler Sending HTTP request POST https://api.deepseek.com/chat/completions
[13:34:09 INF] System.Net.Http.HttpClient.IDeepSeekClient.ClientHandler Received HTTP response headers after 294.1817ms - 200
[13:34:09 INF] System.Net.Http.HttpClient.IDeepSeekClient.LogicalHandler End processing HTTP request after 302.5146ms - 200
[13:34:26 INF] System.Net.Http.HttpClient.IDeepSeekClient.LogicalHandler Start processing HTTP request POST https://api.deepseek.com/chat/completions
[13:34:26 INF] System.Net.Http.HttpClient.IDeepSeekClient.ClientHandler Sending HTTP request POST https://api.deepseek.com/chat/completions
[13:34:26 INF] System.Net.Http.HttpClient.IDeepSeekClient.ClientHandler Received HTTP response headers after 333.4987ms - 200
[13:34:26 INF] System.Net.Http.HttpClient.IDeepSeekClient.LogicalHandler End processing HTTP request after 341.777ms - 200
[13:34:52 INF] System.Net.Http.HttpClient.IDeepSeekClient.LogicalHandler Start processing HTTP request POST https://api.deepseek.com/chat/completions
[13:34:52 INF] System.Net.Http.HttpClient.IDeepSeekClient.ClientHandler Sending HTTP request POST https://api.deepseek.com/chat/completions
[13:34:52 INF] System.Net.Http.HttpClient.IDeepSeekClient.ClientHandler Received HTTP response headers after 294.4733ms - 200
[13:34:52 INF] System.Net.Http.HttpClient.IDeepSeekClient.LogicalHandler End processing HTTP request after 304.5193ms - 200
[13:35:20 INF] System.Net.Http.HttpClient.IDeepSeekClient.LogicalHandler Start processing HTTP request POST https://api.deepseek.com/chat/completions
[13:35:20 INF] System.Net.Http.HttpClient.IDeepSeekClient.ClientHandler Sending HTTP request POST https://api.deepseek.com/chat/completions
[13:35:20 INF] System.Net.Http.HttpClient.IDeepSeekClient.ClientHandler Received HTTP response headers after 282.4505ms - 200
[13:35:20 INF] System.Net.Http.HttpClient.IDeepSeekClient.LogicalHandler End processing HTTP request after 290.9655ms - 200
[13:37:27 INF] System.Net.Http.HttpClient.IStockApiClient.LogicalHandler Start processing HTTP request GET https://data.sec.gov/api/xbrl/companyfacts/CIK0001375365.json
[13:37:27 INF] System.Net.Http.HttpClient.IStockApiClient.ClientHandler Sending HTTP request GET https://data.sec.gov/api/xbrl/companyfacts/CIK0001375365.json
[13:37:27 INF] System.Net.Http.HttpClient.IStockApiClient.ClientHandler Received HTTP response headers after 237.966ms - 200
[13:37:27 INF] System.Net.Http.HttpClient.IStockApiClient.LogicalHandler End processing HTTP request after 246.3225ms - 200
[13:37:28 INF] System.Net.Http.HttpClient.IStockApiClient.LogicalHandler Start processing HTTP request GET https://data.sec.gov/submissions/CIK0001375365.json
[13:37:28 INF] System.Net.Http.HttpClient.IStockApiClient.ClientHandler Sending HTTP request GET https://data.sec.gov/submissions/CIK0001375365.json
[13:37:28 INF] System.Net.Http.HttpClient.IStockApiClient.ClientHandler Received HTTP response headers after 171.6954ms - 200
[13:37:28 INF] System.Net.Http.HttpClient.IStockApiClient.LogicalHandler End processing HTTP request after 180.6489ms - 200
[13:37:28 INF] System.Net.Http.HttpClient.IStockApiClient.LogicalHandler Start processing HTTP request GET https://www.sec.gov/Archives/edgar/data/1375365/000137536525000027/index.json
[13:37:28 INF] System.Net.Http.HttpClient.IStockApiClient.ClientHandler Sending HTTP request GET https://www.sec.gov/Archives/edgar/data/1375365/000137536525000027/index.json
[13:37:28 INF] System.Net.Http.HttpClient.IStockApiClient.ClientHandler Received HTTP response headers after 143.0586ms - 200
[13:37:28 INF] System.Net.Http.HttpClient.IStockApiClient.LogicalHandler End processing HTTP request after 152.209ms - 200
[13:37:28 INF] System.Net.Http.HttpClient.IStockApiClient.LogicalHandler Start processing HTTP request GET https://www.sec.gov/Archives/edgar/data/1375365/000137536525000027/smci-20250630_htm.xml
[13:37:28 INF] System.Net.Http.HttpClient.IStockApiClient.ClientHandler Sending HTTP request GET https://www.sec.gov/Archives/edgar/data/1375365/000137536525000027/smci-20250630_htm.xml
[13:37:28 INF] System.Net.Http.HttpClient.IStockApiClient.ClientHandler Received HTTP response headers after 102.5754ms - 200
[13:37:28 INF] System.Net.Http.HttpClient.IStockApiClient.LogicalHandler End processing HTTP request after 110.8154ms - 200
[13:37:29 INF] System.Net.Http.HttpClient.IDeepSeekClient.LogicalHandler Start processing HTTP request POST https://api.deepseek.com/chat/completions
[13:37:29 INF] System.Net.Http.HttpClient.IDeepSeekClient.ClientHandler Sending HTTP request POST https://api.deepseek.com/chat/completions
[13:37:29 INF] System.Net.Http.HttpClient.IDeepSeekClient.ClientHandler Received HTTP response headers after 445.9831ms - 200
[13:37:29 INF] System.Net.Http.HttpClient.IDeepSeekClient.LogicalHandler End processing HTTP request after 454.7556ms - 200
[13:44:49 INF] System.Net.Http.HttpClient.IDeepSeekClient.LogicalHandler Start processing HTTP request POST https://api.deepseek.com/chat/completions
[13:44:49 INF] System.Net.Http.HttpClient.IDeepSeekClient.ClientHandler Sending HTTP request POST https://api.deepseek.com/chat/completions
[13:44:50 INF] System.Net.Http.HttpClient.IDeepSeekClient.ClientHandler Received HTTP response headers after 507.7509ms - 200
[13:44:50 INF] System.Net.Http.HttpClient.IDeepSeekClient.LogicalHandler End processing HTTP request after 515.6021ms - 200
[13:49:38 INF] System.Net.Http.HttpClient.IDeepSeekClient.LogicalHandler Start processing HTTP request POST https://api.deepseek.com/chat/completions
[13:49:38 INF] System.Net.Http.HttpClient.IDeepSeekClient.ClientHandler Sending HTTP request POST https://api.deepseek.com/chat/completions
[13:49:38 INF] System.Net.Http.HttpClient.IDeepSeekClient.ClientHandler Received HTTP response headers after 442.1159ms - 200
[13:49:38 INF] System.Net.Http.HttpClient.IDeepSeekClient.LogicalHandler End processing HTTP request after 450.4244ms - 200
[13:51:59 INF] System.Net.Http.HttpClient.ICompanyProfileDiscovery.LogicalHandler Start processing HTTP request POST https://api.perplexity.ai/chat/completions
[13:51:59 INF] System.Net.Http.HttpClient.ICompanyProfileDiscovery.ClientHandler Sending HTTP request POST https://api.perplexity.ai/chat/completions
[13:52:02 INF] System.Net.Http.HttpClient.ICompanyProfileDiscovery.ClientHandler Received HTTP response headers after 2894.2393ms - 200
[13:52:02 INF] System.Net.Http.HttpClient.ICompanyProfileDiscovery.LogicalHandler End processing HTTP request after 2902.3695ms - 200
[13:52:47 INF] Microsoft.Hosting.Lifetime Application is shutting down...
[14:19:42 INF] Microsoft.Hosting.Lifetime Now listening on: http://localhost:5213
[14:19:42 INF] Microsoft.Hosting.Lifetime Application started. Press Ctrl+C to shut down.
[14:19:42 INF] Microsoft.Hosting.Lifetime Hosting environment: Development
[14:19:42 INF] Microsoft.Hosting.Lifetime Content root path: C:\Users\luka.osojnik\Documents\Coding\simple-bloomberg-terminal\simple-bloomberg-terminal
[14:19:44 WRN] Microsoft.EntityFrameworkCore.Query Compiling a query which loads related collections for more than one collection navigation, either via 'Include' or through projection, but no 'QuerySplittingBehavior' has been configured. By default, Entity Framework will use 'QuerySplittingBehavior.SingleQuery', which can potentially result in slow query performance. See https://go.microsoft.com/fwlink/?linkid=2134277 for more information. To identify the query that's triggering this warning call 'ConfigureWarnings(w => w.Throw(RelationalEventId.MultipleCollectionIncludeWarning))'.
[14:29:10 INF] simple_bloomberg_terminal.Areas.Identity.Pages.Account.ExternalLoginModel Luka Osojnik signed in with Google.
[14:29:14 WRN] LuckyPennySoftware.AutoMapper.License You do not have a valid license key for the Lucky Penny software AutoMapper. This is allowed for development and testing scenarios. If you are running in production you are required to have a licensed version. Please visit https://luckypennysoftware.com to obtain a valid license.
[14:29:14 INF] System.Net.Http.HttpClient.IStockApiClient.LogicalHandler Start processing HTTP request GET https://data.sec.gov/submissions/CIK0000091142.json
[14:29:14 INF] System.Net.Http.HttpClient.IStockApiClient.ClientHandler Sending HTTP request GET https://data.sec.gov/submissions/CIK0000091142.json
[14:29:15 INF] System.Net.Http.HttpClient.IStockApiClient.ClientHandler Received HTTP response headers after 269.1223ms - 200
[14:29:15 INF] System.Net.Http.HttpClient.IStockApiClient.LogicalHandler End processing HTTP request after 291.3667ms - 200
[14:29:18 INF] System.Net.Http.HttpClient.IStockApiClient.LogicalHandler Start processing HTTP request GET https://www.sec.gov/Archives/edgar/data/91142/000009114226000008/aos-20251231.htm
[14:29:18 INF] System.Net.Http.HttpClient.IStockApiClient.ClientHandler Sending HTTP request GET https://www.sec.gov/Archives/edgar/data/91142/000009114226000008/aos-20251231.htm
[14:29:19 INF] System.Net.Http.HttpClient.IStockApiClient.ClientHandler Received HTTP response headers after 490.7895ms - 200
[14:29:19 INF] System.Net.Http.HttpClient.IStockApiClient.LogicalHandler End processing HTTP request after 506.3868ms - 200
[14:29:20 INF] System.Net.Http.HttpClient.IDeepSeekClient.LogicalHandler Start processing HTTP request POST https://api.deepseek.com/chat/completions
[14:29:20 INF] System.Net.Http.HttpClient.IDeepSeekClient.ClientHandler Sending HTTP request POST https://api.deepseek.com/chat/completions
[14:29:20 INF] System.Net.Http.HttpClient.IDeepSeekClient.ClientHandler Received HTTP response headers after 393.738ms - 200
[14:29:20 INF] System.Net.Http.HttpClient.IDeepSeekClient.LogicalHandler End processing HTTP request after 403.2696ms - 200
[14:30:08 INF] System.Net.Http.HttpClient.IStockApiClient.LogicalHandler Start processing HTTP request GET https://www.sec.gov/Archives/edgar/data/91142/000009114226000008/FilingSummary.xml
[14:30:08 INF] System.Net.Http.HttpClient.IStockApiClient.ClientHandler Sending HTTP request GET https://www.sec.gov/Archives/edgar/data/91142/000009114226000008/FilingSummary.xml
[14:30:08 INF] System.Net.Http.HttpClient.IStockApiClient.ClientHandler Received HTTP response headers after 182.1401ms - 200
[14:30:08 INF] System.Net.Http.HttpClient.IStockApiClient.LogicalHandler End processing HTTP request after 191.0962ms - 200
[14:30:08 INF] System.Net.Http.HttpClient.IStockApiClient.LogicalHandler Start processing HTTP request GET https://www.sec.gov/Archives/edgar/data/91142/000009114226000008/R5.htm
[14:30:08 INF] System.Net.Http.HttpClient.IStockApiClient.ClientHandler Sending HTTP request GET https://www.sec.gov/Archives/edgar/data/91142/000009114226000008/R5.htm
[14:30:08 INF] System.Net.Http.HttpClient.IStockApiClient.ClientHandler Received HTTP response headers after 246.113ms - 200
[14:30:08 INF] System.Net.Http.HttpClient.IStockApiClient.LogicalHandler End processing HTTP request after 254.8767ms - 200
[14:30:08 INF] System.Net.Http.HttpClient.IStockApiClient.LogicalHandler Start processing HTTP request GET https://www.sec.gov/Archives/edgar/data/91142/000009114226000008/R6.htm
[14:30:08 INF] System.Net.Http.HttpClient.IStockApiClient.ClientHandler Sending HTTP request GET https://www.sec.gov/Archives/edgar/data/91142/000009114226000008/R6.htm
[14:30:09 INF] System.Net.Http.HttpClient.IStockApiClient.ClientHandler Received HTTP response headers after 312.8784ms - 200
[14:30:09 INF] System.Net.Http.HttpClient.IStockApiClient.LogicalHandler End processing HTTP request after 321.6483ms - 200
[14:30:09 INF] System.Net.Http.HttpClient.IStockApiClient.LogicalHandler Start processing HTTP request GET https://www.sec.gov/Archives/edgar/data/91142/000009114226000008/R53.htm
[14:30:09 INF] System.Net.Http.HttpClient.IStockApiClient.ClientHandler Sending HTTP request GET https://www.sec.gov/Archives/edgar/data/91142/000009114226000008/R53.htm
[14:30:09 INF] System.Net.Http.HttpClient.IStockApiClient.ClientHandler Received HTTP response headers after 187.8338ms - 200
[14:30:09 INF] System.Net.Http.HttpClient.IStockApiClient.LogicalHandler End processing HTTP request after 196.5424ms - 200
[14:30:09 INF] System.Net.Http.HttpClient.IStockApiClient.LogicalHandler Start processing HTTP request GET https://www.sec.gov/Archives/edgar/data/91142/000009114226000008/R58.htm
[14:30:09 INF] System.Net.Http.HttpClient.IStockApiClient.ClientHandler Sending HTTP request GET https://www.sec.gov/Archives/edgar/data/91142/000009114226000008/R58.htm
[14:30:19 INF] System.Net.Http.HttpClient.IStockApiClient.ClientHandler Received HTTP response headers after 10153.3929ms - 200
[14:30:19 INF] System.Net.Http.HttpClient.IStockApiClient.LogicalHandler End processing HTTP request after 10165.0478ms - 200
[14:30:19 INF] System.Net.Http.HttpClient.IStockApiClient.LogicalHandler Start processing HTTP request GET https://www.sec.gov/Archives/edgar/data/91142/000009114226000008/R60.htm
[14:30:19 INF] System.Net.Http.HttpClient.IStockApiClient.ClientHandler Sending HTTP request GET https://www.sec.gov/Archives/edgar/data/91142/000009114226000008/R60.htm
[14:30:19 INF] System.Net.Http.HttpClient.IStockApiClient.ClientHandler Received HTTP response headers after 199.8703ms - 200
[14:30:19 INF] System.Net.Http.HttpClient.IStockApiClient.LogicalHandler End processing HTTP request after 212.7682ms - 200
[14:30:19 INF] System.Net.Http.HttpClient.IStockApiClient.LogicalHandler Start processing HTTP request GET https://www.sec.gov/Archives/edgar/data/91142/000009114226000008/R61.htm
[14:30:19 INF] System.Net.Http.HttpClient.IStockApiClient.ClientHandler Sending HTTP request GET https://www.sec.gov/Archives/edgar/data/91142/000009114226000008/R61.htm
[14:30:19 INF] System.Net.Http.HttpClient.IStockApiClient.ClientHandler Received HTTP response headers after 212.3255ms - 200
[14:30:19 INF] System.Net.Http.HttpClient.IStockApiClient.LogicalHandler End processing HTTP request after 221.8136ms - 200
[14:30:19 INF] System.Net.Http.HttpClient.IStockApiClient.LogicalHandler Start processing HTTP request GET https://www.sec.gov/Archives/edgar/data/91142/000009114226000008/R91.htm
[14:30:19 INF] System.Net.Http.HttpClient.IStockApiClient.ClientHandler Sending HTTP request GET https://www.sec.gov/Archives/edgar/data/91142/000009114226000008/R91.htm
[14:30:20 INF] System.Net.Http.HttpClient.IStockApiClient.ClientHandler Received HTTP response headers after 227.708ms - 200
[14:30:20 INF] System.Net.Http.HttpClient.IStockApiClient.LogicalHandler End processing HTTP request after 236.5174ms - 200
[14:30:20 INF] System.Net.Http.HttpClient.IStockApiClient.LogicalHandler Start processing HTTP request GET https://www.sec.gov/Archives/edgar/data/91142/000009114226000008/R92.htm
[14:30:20 INF] System.Net.Http.HttpClient.IStockApiClient.ClientHandler Sending HTTP request GET https://www.sec.gov/Archives/edgar/data/91142/000009114226000008/R92.htm
[14:30:20 INF] System.Net.Http.HttpClient.IStockApiClient.ClientHandler Received HTTP response headers after 183.4882ms - 200
[14:30:20 INF] System.Net.Http.HttpClient.IStockApiClient.LogicalHandler End processing HTTP request after 192.4883ms - 200
[14:30:20 INF] System.Net.Http.HttpClient.IStockApiClient.LogicalHandler Start processing HTTP request GET https://www.sec.gov/Archives/edgar/data/91142/000009114226000008/R93.htm
[14:30:20 INF] System.Net.Http.HttpClient.IStockApiClient.ClientHandler Sending HTTP request GET https://www.sec.gov/Archives/edgar/data/91142/000009114226000008/R93.htm
[14:30:20 INF] System.Net.Http.HttpClient.IStockApiClient.ClientHandler Received HTTP response headers after 240.7694ms - 200
[14:30:20 INF] System.Net.Http.HttpClient.IStockApiClient.LogicalHandler End processing HTTP request after 249.4606ms - 200
[14:30:20 INF] System.Net.Http.HttpClient.IStockApiClient.LogicalHandler Start processing HTTP request GET https://www.sec.gov/Archives/edgar/data/91142/000009114226000008/R94.htm
[14:30:20 INF] System.Net.Http.HttpClient.IStockApiClient.ClientHandler Sending HTTP request GET https://www.sec.gov/Archives/edgar/data/91142/000009114226000008/R94.htm
[14:30:20 INF] System.Net.Http.HttpClient.IStockApiClient.ClientHandler Received HTTP response headers after 264.6084ms - 200
[14:30:20 INF] System.Net.Http.HttpClient.IStockApiClient.LogicalHandler End processing HTTP request after 273.41ms - 200
[14:30:21 INF] System.Net.Http.HttpClient.IDeepSeekClient.LogicalHandler Start processing HTTP request POST https://api.deepseek.com/chat/completions
[14:30:21 INF] System.Net.Http.HttpClient.IDeepSeekClient.ClientHandler Sending HTTP request POST https://api.deepseek.com/chat/completions
[14:30:21 INF] System.Net.Http.HttpClient.IDeepSeekClient.LogicalHandler Start processing HTTP request POST https://api.deepseek.com/chat/completions
[14:30:21 INF] System.Net.Http.HttpClient.IDeepSeekClient.ClientHandler Sending HTTP request POST https://api.deepseek.com/chat/completions
[14:30:21 INF] System.Net.Http.HttpClient.IDeepSeekClient.LogicalHandler Start processing HTTP request POST https://api.deepseek.com/chat/completions
[14:30:21 INF] System.Net.Http.HttpClient.IDeepSeekClient.ClientHandler Sending HTTP request POST https://api.deepseek.com/chat/completions
[14:30:21 INF] System.Net.Http.HttpClient.IDeepSeekClient.LogicalHandler Start processing HTTP request POST https://api.deepseek.com/chat/completions
[14:30:21 INF] System.Net.Http.HttpClient.IDeepSeekClient.ClientHandler Sending HTTP request POST https://api.deepseek.com/chat/completions
[14:30:21 INF] System.Net.Http.HttpClient.IDeepSeekClient.LogicalHandler Start processing HTTP request POST https://api.deepseek.com/chat/completions
[14:30:21 INF] System.Net.Http.HttpClient.IDeepSeekClient.ClientHandler Sending HTTP request POST https://api.deepseek.com/chat/completions
[14:30:21 INF] System.Net.Http.HttpClient.IDeepSeekClient.LogicalHandler Start processing HTTP request POST https://api.deepseek.com/chat/completions
[14:30:21 INF] System.Net.Http.HttpClient.IDeepSeekClient.ClientHandler Sending HTTP request POST https://api.deepseek.com/chat/completions
[14:30:21 INF] System.Net.Http.HttpClient.IDeepSeekClient.ClientHandler Received HTTP response headers after 274.3324ms - 200
[14:30:21 INF] System.Net.Http.HttpClient.IDeepSeekClient.LogicalHandler End processing HTTP request after 284.2158ms - 200
[14:30:21 INF] System.Net.Http.HttpClient.IDeepSeekClient.ClientHandler Received HTTP response headers after 332.4592ms - 200
[14:30:21 INF] System.Net.Http.HttpClient.IDeepSeekClient.ClientHandler Received HTTP response headers after 339.9978ms - 200
[14:30:21 INF] System.Net.Http.HttpClient.IDeepSeekClient.LogicalHandler End processing HTTP request after 342.5296ms - 200
[14:30:21 INF] System.Net.Http.HttpClient.IDeepSeekClient.ClientHandler Received HTTP response headers after 329.9625ms - 200
[14:30:21 INF] System.Net.Http.HttpClient.IDeepSeekClient.LogicalHandler End processing HTTP request after 351.9577ms - 200
[14:30:21 INF] System.Net.Http.HttpClient.IDeepSeekClient.LogicalHandler End processing HTTP request after 343.7976ms - 200
[14:30:21 INF] System.Net.Http.HttpClient.IDeepSeekClient.ClientHandler Received HTTP response headers after 335.6813ms - 200
[14:30:21 INF] System.Net.Http.HttpClient.IDeepSeekClient.LogicalHandler End processing HTTP request after 345.0384ms - 200
[14:30:21 INF] System.Net.Http.HttpClient.IDeepSeekClient.ClientHandler Received HTTP response headers after 346.4231ms - 200
[14:30:21 INF] System.Net.Http.HttpClient.IDeepSeekClient.LogicalHandler End processing HTTP request after 357.5113ms - 200
[14:30:22 INF] System.Net.Http.HttpClient.IDeepSeekClient.LogicalHandler Start processing HTTP request POST https://api.deepseek.com/chat/completions
[14:30:22 INF] System.Net.Http.HttpClient.IDeepSeekClient.ClientHandler Sending HTTP request POST https://api.deepseek.com/chat/completions
[14:30:22 INF] System.Net.Http.HttpClient.IDeepSeekClient.ClientHandler Received HTTP response headers after 278.1316ms - 200
[14:30:22 INF] System.Net.Http.HttpClient.IDeepSeekClient.LogicalHandler End processing HTTP request after 286.4735ms - 200
[14:30:22 INF] System.Net.Http.HttpClient.IDeepSeekClient.LogicalHandler Start processing HTTP request POST https://api.deepseek.com/chat/completions
[14:30:22 INF] System.Net.Http.HttpClient.IDeepSeekClient.ClientHandler Sending HTTP request POST https://api.deepseek.com/chat/completions
[14:30:23 INF] System.Net.Http.HttpClient.IDeepSeekClient.LogicalHandler Start processing HTTP request POST https://api.deepseek.com/chat/completions
[14:30:23 INF] System.Net.Http.HttpClient.IDeepSeekClient.ClientHandler Sending HTTP request POST https://api.deepseek.com/chat/completions
[14:30:23 INF] System.Net.Http.HttpClient.IDeepSeekClient.ClientHandler Received HTTP response headers after 301.0118ms - 200
[14:30:23 INF] System.Net.Http.HttpClient.IDeepSeekClient.LogicalHandler End processing HTTP request after 309.0506ms - 200
[14:30:23 INF] System.Net.Http.HttpClient.IDeepSeekClient.ClientHandler Received HTTP response headers after 301.3066ms - 200
[14:30:23 INF] System.Net.Http.HttpClient.IDeepSeekClient.LogicalHandler End processing HTTP request after 309.6338ms - 200
[14:30:23 INF] System.Net.Http.HttpClient.IDeepSeekClient.LogicalHandler Start processing HTTP request POST https://api.deepseek.com/chat/completions
[14:30:23 INF] System.Net.Http.HttpClient.IDeepSeekClient.ClientHandler Sending HTTP request POST https://api.deepseek.com/chat/completions
[14:30:23 INF] System.Net.Http.HttpClient.IDeepSeekClient.ClientHandler Received HTTP response headers after 288.8066ms - 200
[14:30:23 INF] System.Net.Http.HttpClient.IDeepSeekClient.LogicalHandler End processing HTTP request after 297.0327ms - 200
[14:30:23 INF] System.Net.Http.HttpClient.IDeepSeekClient.LogicalHandler Start processing HTTP request POST https://api.deepseek.com/chat/completions
[14:30:23 INF] System.Net.Http.HttpClient.IDeepSeekClient.ClientHandler Sending HTTP request POST https://api.deepseek.com/chat/completions
[14:30:24 INF] System.Net.Http.HttpClient.IDeepSeekClient.ClientHandler Received HTTP response headers after 273.641ms - 200
[14:30:24 INF] System.Net.Http.HttpClient.IDeepSeekClient.LogicalHandler End processing HTTP request after 282.5635ms - 200
[14:30:28 INF] System.Net.Http.HttpClient.IDeepSeekClient.LogicalHandler Start processing HTTP request POST https://api.deepseek.com/chat/completions
[14:30:28 INF] System.Net.Http.HttpClient.IDeepSeekClient.ClientHandler Sending HTTP request POST https://api.deepseek.com/chat/completions
[14:30:29 INF] System.Net.Http.HttpClient.IDeepSeekClient.ClientHandler Received HTTP response headers after 333.8209ms - 200
[14:30:29 INF] System.Net.Http.HttpClient.IDeepSeekClient.LogicalHandler End processing HTTP request after 342.227ms - 200
[14:30:29 INF] System.Net.Http.HttpClient.IDeepSeekClient.LogicalHandler Start processing HTTP request POST https://api.deepseek.com/chat/completions
[14:30:29 INF] System.Net.Http.HttpClient.IDeepSeekClient.ClientHandler Sending HTTP request POST https://api.deepseek.com/chat/completions
[14:30:29 INF] System.Net.Http.HttpClient.IDeepSeekClient.ClientHandler Received HTTP response headers after 274.236ms - 200
[14:30:29 INF] System.Net.Http.HttpClient.IDeepSeekClient.LogicalHandler End processing HTTP request after 282.9179ms - 200
[14:30:31 INF] System.Net.Http.HttpClient.IDeepSeekClient.LogicalHandler Start processing HTTP request POST https://api.deepseek.com/chat/completions
[14:30:31 INF] System.Net.Http.HttpClient.IDeepSeekClient.ClientHandler Sending HTTP request POST https://api.deepseek.com/chat/completions
[14:30:32 INF] System.Net.Http.HttpClient.IDeepSeekClient.ClientHandler Received HTTP response headers after 286.088ms - 200
[14:30:32 INF] System.Net.Http.HttpClient.IDeepSeekClient.LogicalHandler End processing HTTP request after 292.2092ms - 200
[14:30:38 INF] System.Net.Http.HttpClient.IDeepSeekClient.LogicalHandler Start processing HTTP request POST https://api.deepseek.com/chat/completions
[14:30:38 INF] System.Net.Http.HttpClient.IDeepSeekClient.ClientHandler Sending HTTP request POST https://api.deepseek.com/chat/completions
[14:30:38 INF] System.Net.Http.HttpClient.IDeepSeekClient.ClientHandler Received HTTP response headers after 290.9741ms - 200
[14:30:38 INF] System.Net.Http.HttpClient.IDeepSeekClient.LogicalHandler End processing HTTP request after 299.2775ms - 200
[14:30:50 INF] System.Net.Http.HttpClient.IDeepSeekClient.LogicalHandler Start processing HTTP request POST https://api.deepseek.com/chat/completions
[14:30:50 INF] System.Net.Http.HttpClient.IDeepSeekClient.ClientHandler Sending HTTP request POST https://api.deepseek.com/chat/completions
[14:30:51 INF] System.Net.Http.HttpClient.IDeepSeekClient.ClientHandler Received HTTP response headers after 304.6461ms - 200
[14:30:51 INF] System.Net.Http.HttpClient.IDeepSeekClient.LogicalHandler End processing HTTP request after 312.7721ms - 200
[14:30:52 INF] System.Net.Http.HttpClient.IDeepSeekClient.LogicalHandler Start processing HTTP request POST https://api.deepseek.com/chat/completions
[14:30:52 INF] System.Net.Http.HttpClient.IDeepSeekClient.ClientHandler Sending HTTP request POST https://api.deepseek.com/chat/completions
[14:30:52 INF] System.Net.Http.HttpClient.IDeepSeekClient.ClientHandler Received HTTP response headers after 292.3636ms - 200
[14:30:52 INF] System.Net.Http.HttpClient.IDeepSeekClient.LogicalHandler End processing HTTP request after 300.9201ms - 200
[14:30:55 INF] System.Net.Http.HttpClient.IDeepSeekClient.LogicalHandler Start processing HTTP request POST https://api.deepseek.com/chat/completions
[14:30:55 INF] System.Net.Http.HttpClient.IDeepSeekClient.ClientHandler Sending HTTP request POST https://api.deepseek.com/chat/completions
[14:30:55 INF] System.Net.Http.HttpClient.IDeepSeekClient.ClientHandler Received HTTP response headers after 297.066ms - 200
[14:30:55 INF] System.Net.Http.HttpClient.IDeepSeekClient.LogicalHandler End processing HTTP request after 305.2539ms - 200
[14:30:56 INF] System.Net.Http.HttpClient.IDeepSeekClient.LogicalHandler Start processing HTTP request POST https://api.deepseek.com/chat/completions
[14:30:56 INF] System.Net.Http.HttpClient.IDeepSeekClient.ClientHandler Sending HTTP request POST https://api.deepseek.com/chat/completions
[14:30:56 INF] System.Net.Http.HttpClient.IDeepSeekClient.ClientHandler Received HTTP response headers after 312.5386ms - 200
[14:30:56 INF] System.Net.Http.HttpClient.IDeepSeekClient.LogicalHandler End processing HTTP request after 319.8874ms - 200
[14:30:57 INF] System.Net.Http.HttpClient.IDeepSeekClient.LogicalHandler Start processing HTTP request POST https://api.deepseek.com/chat/completions
[14:30:57 INF] System.Net.Http.HttpClient.IDeepSeekClient.ClientHandler Sending HTTP request POST https://api.deepseek.com/chat/completions
[14:30:57 INF] System.Net.Http.HttpClient.IDeepSeekClient.ClientHandler Received HTTP response headers after 291.707ms - 200
[14:30:57 INF] System.Net.Http.HttpClient.IDeepSeekClient.LogicalHandler End processing HTTP request after 299.8379ms - 200
[14:31:07 INF] System.Net.Http.HttpClient.IDeepSeekClient.LogicalHandler Start processing HTTP request POST https://api.deepseek.com/chat/completions
[14:31:07 INF] System.Net.Http.HttpClient.IDeepSeekClient.ClientHandler Sending HTTP request POST https://api.deepseek.com/chat/completions
[14:31:07 INF] System.Net.Http.HttpClient.IDeepSeekClient.ClientHandler Received HTTP response headers after 297.0486ms - 200
[14:31:07 INF] System.Net.Http.HttpClient.IDeepSeekClient.LogicalHandler End processing HTTP request after 304.3204ms - 200
[14:31:21 INF] System.Net.Http.HttpClient.IDeepSeekClient.LogicalHandler Start processing HTTP request POST https://api.deepseek.com/chat/completions
[14:31:21 INF] System.Net.Http.HttpClient.IDeepSeekClient.ClientHandler Sending HTTP request POST https://api.deepseek.com/chat/completions
[14:31:21 INF] System.Net.Http.HttpClient.IDeepSeekClient.ClientHandler Received HTTP response headers after 290.1429ms - 200
[14:31:21 INF] System.Net.Http.HttpClient.IDeepSeekClient.LogicalHandler End processing HTTP request after 297.8855ms - 200
[14:31:30 INF] System.Net.Http.HttpClient.IDeepSeekClient.LogicalHandler Start processing HTTP request POST https://api.deepseek.com/chat/completions
[14:31:30 INF] System.Net.Http.HttpClient.IDeepSeekClient.ClientHandler Sending HTTP request POST https://api.deepseek.com/chat/completions
[14:31:30 INF] System.Net.Http.HttpClient.IDeepSeekClient.ClientHandler Received HTTP response headers after 296.7999ms - 200
[14:31:30 INF] System.Net.Http.HttpClient.IDeepSeekClient.LogicalHandler End processing HTTP request after 304.3465ms - 200
[14:31:33 INF] System.Net.Http.HttpClient.IDeepSeekClient.LogicalHandler Start processing HTTP request POST https://api.deepseek.com/chat/completions
[14:31:33 INF] System.Net.Http.HttpClient.IDeepSeekClient.ClientHandler Sending HTTP request POST https://api.deepseek.com/chat/completions
[14:31:33 INF] System.Net.Http.HttpClient.IDeepSeekClient.ClientHandler Received HTTP response headers after 369.8224ms - 200
[14:31:33 INF] System.Net.Http.HttpClient.IDeepSeekClient.LogicalHandler End processing HTTP request after 377.9123ms - 200
[14:32:12 INF] System.Net.Http.HttpClient.IDeepSeekClient.LogicalHandler Start processing HTTP request POST https://api.deepseek.com/chat/completions
[14:32:12 INF] System.Net.Http.HttpClient.IDeepSeekClient.ClientHandler Sending HTTP request POST https://api.deepseek.com/chat/completions
[14:32:13 INF] System.Net.Http.HttpClient.IDeepSeekClient.ClientHandler Received HTTP response headers after 295.9867ms - 200
[14:32:13 INF] System.Net.Http.HttpClient.IDeepSeekClient.LogicalHandler End processing HTTP request after 304.8504ms - 200
[14:32:23 INF] System.Net.Http.HttpClient.IDeepSeekClient.LogicalHandler Start processing HTTP request POST https://api.deepseek.com/chat/completions
[14:32:23 INF] System.Net.Http.HttpClient.IDeepSeekClient.ClientHandler Sending HTTP request POST https://api.deepseek.com/chat/completions
[14:32:24 INF] System.Net.Http.HttpClient.IDeepSeekClient.ClientHandler Received HTTP response headers after 395.5231ms - 200
[14:32:24 INF] System.Net.Http.HttpClient.IDeepSeekClient.LogicalHandler End processing HTTP request after 404.083ms - 200
[14:32:48 INF] System.Net.Http.HttpClient.IDeepSeekClient.LogicalHandler Start processing HTTP request POST https://api.deepseek.com/chat/completions
[14:32:48 INF] System.Net.Http.HttpClient.IDeepSeekClient.ClientHandler Sending HTTP request POST https://api.deepseek.com/chat/completions
[14:32:48 INF] System.Net.Http.HttpClient.IDeepSeekClient.ClientHandler Received HTTP response headers after 335.0847ms - 200
[14:32:48 INF] System.Net.Http.HttpClient.IDeepSeekClient.LogicalHandler End processing HTTP request after 343.2004ms - 200
[14:32:58 INF] System.Net.Http.HttpClient.IDeepSeekClient.LogicalHandler Start processing HTTP request POST https://api.deepseek.com/chat/completions
[14:32:58 INF] System.Net.Http.HttpClient.IDeepSeekClient.ClientHandler Sending HTTP request POST https://api.deepseek.com/chat/completions
[14:32:58 INF] System.Net.Http.HttpClient.IDeepSeekClient.ClientHandler Received HTTP response headers after 326.8717ms - 200
[14:32:58 INF] System.Net.Http.HttpClient.IDeepSeekClient.LogicalHandler End processing HTTP request after 335.4596ms - 200
[14:33:07 INF] System.Net.Http.HttpClient.IDeepSeekClient.LogicalHandler Start processing HTTP request POST https://api.deepseek.com/chat/completions
[14:33:07 INF] System.Net.Http.HttpClient.IDeepSeekClient.ClientHandler Sending HTTP request POST https://api.deepseek.com/chat/completions
[14:33:07 INF] System.Net.Http.HttpClient.IDeepSeekClient.ClientHandler Received HTTP response headers after 369.5889ms - 200
[14:33:07 INF] System.Net.Http.HttpClient.IDeepSeekClient.LogicalHandler End processing HTTP request after 376.98ms - 200
[14:33:27 INF] System.Net.Http.HttpClient.IDeepSeekClient.LogicalHandler Start processing HTTP request POST https://api.deepseek.com/chat/completions
[14:33:27 INF] System.Net.Http.HttpClient.IDeepSeekClient.ClientHandler Sending HTTP request POST https://api.deepseek.com/chat/completions
[14:33:28 INF] System.Net.Http.HttpClient.IDeepSeekClient.ClientHandler Received HTTP response headers after 400ms - 200
[14:33:28 INF] System.Net.Http.HttpClient.IDeepSeekClient.LogicalHandler End processing HTTP request after 409.1975ms - 200
[14:34:10 INF] System.Net.Http.HttpClient.IDeepSeekClient.LogicalHandler Start processing HTTP request POST https://api.deepseek.com/chat/completions
[14:34:10 INF] System.Net.Http.HttpClient.IDeepSeekClient.ClientHandler Sending HTTP request POST https://api.deepseek.com/chat/completions
[14:34:11 INF] System.Net.Http.HttpClient.IDeepSeekClient.ClientHandler Received HTTP response headers after 293.919ms - 200
[14:34:11 INF] System.Net.Http.HttpClient.IDeepSeekClient.LogicalHandler End processing HTTP request after 302.5551ms - 200
[14:36:32 INF] System.Net.Http.HttpClient.IStockApiClient.LogicalHandler Start processing HTTP request GET https://data.sec.gov/api/xbrl/companyfacts/CIK0000091142.json
[14:36:32 INF] System.Net.Http.HttpClient.IStockApiClient.ClientHandler Sending HTTP request GET https://data.sec.gov/api/xbrl/companyfacts/CIK0000091142.json
[14:36:32 INF] System.Net.Http.HttpClient.IStockApiClient.ClientHandler Received HTTP response headers after 277.8898ms - 200
[14:36:32 INF] System.Net.Http.HttpClient.IStockApiClient.LogicalHandler End processing HTTP request after 286.8683ms - 200
[14:36:32 INF] System.Net.Http.HttpClient.IStockApiClient.LogicalHandler Start processing HTTP request GET https://data.sec.gov/submissions/CIK0000091142.json
[14:36:32 INF] System.Net.Http.HttpClient.IStockApiClient.ClientHandler Sending HTTP request GET https://data.sec.gov/submissions/CIK0000091142.json
[14:36:33 INF] System.Net.Http.HttpClient.IStockApiClient.ClientHandler Received HTTP response headers after 209.6029ms - 200
[14:36:33 INF] System.Net.Http.HttpClient.IStockApiClient.LogicalHandler End processing HTTP request after 217.9317ms - 200
[14:36:33 INF] System.Net.Http.HttpClient.IStockApiClient.LogicalHandler Start processing HTTP request GET https://www.sec.gov/Archives/edgar/data/91142/000009114226000008/index.json
[14:36:33 INF] System.Net.Http.HttpClient.IStockApiClient.ClientHandler Sending HTTP request GET https://www.sec.gov/Archives/edgar/data/91142/000009114226000008/index.json
[14:36:33 INF] System.Net.Http.HttpClient.IStockApiClient.ClientHandler Received HTTP response headers after 175.8414ms - 200
[14:36:33 INF] System.Net.Http.HttpClient.IStockApiClient.LogicalHandler End processing HTTP request after 184.2762ms - 200
[14:36:33 INF] System.Net.Http.HttpClient.IStockApiClient.LogicalHandler Start processing HTTP request GET https://www.sec.gov/Archives/edgar/data/91142/000009114226000008/aos-20251231_htm.xml
[14:36:33 INF] System.Net.Http.HttpClient.IStockApiClient.ClientHandler Sending HTTP request GET https://www.sec.gov/Archives/edgar/data/91142/000009114226000008/aos-20251231_htm.xml
[14:36:33 INF] System.Net.Http.HttpClient.IStockApiClient.ClientHandler Received HTTP response headers after 31.3942ms - 200
[14:36:33 INF] System.Net.Http.HttpClient.IStockApiClient.LogicalHandler End processing HTTP request after 39.8312ms - 200
[14:36:33 INF] System.Net.Http.HttpClient.IDeepSeekClient.LogicalHandler Start processing HTTP request POST https://api.deepseek.com/chat/completions
[14:36:33 INF] System.Net.Http.HttpClient.IDeepSeekClient.ClientHandler Sending HTTP request POST https://api.deepseek.com/chat/completions
[14:36:34 INF] System.Net.Http.HttpClient.IDeepSeekClient.ClientHandler Received HTTP response headers after 455.2253ms - 200
[14:36:34 INF] System.Net.Http.HttpClient.IDeepSeekClient.LogicalHandler End processing HTTP request after 464.0523ms - 200
[14:41:33 WRN] Microsoft.EntityFrameworkCore.Query Compiling a query which loads related collections for more than one collection navigation, either via 'Include' or through projection, but no 'QuerySplittingBehavior' has been configured. By default, Entity Framework will use 'QuerySplittingBehavior.SingleQuery', which can potentially result in slow query performance. See https://go.microsoft.com/fwlink/?linkid=2134277 for more information. To identify the query that's triggering this warning call 'ConfigureWarnings(w => w.Throw(RelationalEventId.MultipleCollectionIncludeWarning))'.
[14:41:37 INF] Microsoft.Hosting.Lifetime Application is shutting down...
