[14:17:41 INF] Microsoft.Hosting.Lifetime Application is shutting down...
[14:17:51 INF] Microsoft.Hosting.Lifetime Now listening on: http://localhost:5213
[14:17:51 INF] Microsoft.Hosting.Lifetime Application started. Press Ctrl+C to shut down.
[14:17:51 INF] Microsoft.Hosting.Lifetime Hosting environment: Development
[14:17:51 INF] Microsoft.Hosting.Lifetime Content root path: /Users/lukaosojnik/Documents/Coding/simple-bloomberg-terminal/simple-bloomberg-terminal
[14:17:52 WRN] Microsoft.EntityFrameworkCore.Query Compiling a query which loads related collections for more than one collection navigation, either via 'Include' or through projection, but no 'QuerySplittingBehavior' has been configured. By default, Entity Framework will use 'QuerySplittingBehavior.SingleQuery', which can potentially result in slow query performance. See https://go.microsoft.com/fwlink/?linkid=2134277 for more information. To identify the query that's triggering this warning call 'ConfigureWarnings(w => w.Throw(RelationalEventId.MultipleCollectionIncludeWarning))'.
[14:18:02 WRN] LuckyPennySoftware.AutoMapper.License You do not have a valid license key for the Lucky Penny software AutoMapper. This is allowed for development and testing scenarios. If you are running in production you are required to have a licensed version. Please visit https://luckypennysoftware.com to obtain a valid license.
[14:18:02 INF] System.Net.Http.HttpClient.IStockApiClient.LogicalHandler Start processing HTTP request GET https://data.sec.gov/submissions/CIK0001375365.json
[14:18:02 INF] System.Net.Http.HttpClient.IStockApiClient.ClientHandler Sending HTTP request GET https://data.sec.gov/submissions/CIK0001375365.json
[14:18:03 INF] System.Net.Http.HttpClient.IStockApiClient.ClientHandler Received HTTP response headers after 434.1992ms - 200
[14:18:03 INF] System.Net.Http.HttpClient.IStockApiClient.LogicalHandler End processing HTTP request after 444.9888ms - 200
[14:18:09 INF] System.Net.Http.HttpClient.IStockApiClient.LogicalHandler Start processing HTTP request GET https://www.sec.gov/Archives/edgar/data/1375365/000137536525000027/smci-20250630.htm
[14:18:09 INF] System.Net.Http.HttpClient.IStockApiClient.ClientHandler Sending HTTP request GET https://www.sec.gov/Archives/edgar/data/1375365/000137536525000027/smci-20250630.htm
[14:18:09 INF] System.Net.Http.HttpClient.IStockApiClient.ClientHandler Received HTTP response headers after 337.9725ms - 200
[14:18:09 INF] System.Net.Http.HttpClient.IStockApiClient.LogicalHandler End processing HTTP request after 339.0222ms - 200
[14:18:10 INF] System.Net.Http.HttpClient.IStockApiClient.LogicalHandler Start processing HTTP request GET https://www.sec.gov/Archives/edgar/data/1375365/000137536525000027/FilingSummary.xml
[14:18:10 INF] System.Net.Http.HttpClient.IStockApiClient.ClientHandler Sending HTTP request GET https://www.sec.gov/Archives/edgar/data/1375365/000137536525000027/FilingSummary.xml
[14:18:10 INF] System.Net.Http.HttpClient.IStockApiClient.ClientHandler Received HTTP response headers after 42.9161ms - 200
[14:18:10 INF] System.Net.Http.HttpClient.IStockApiClient.LogicalHandler End processing HTTP request after 43.3635ms - 200
[14:18:10 INF] System.Net.Http.HttpClient.IStockApiClient.LogicalHandler Start processing HTTP request GET https://www.sec.gov/Archives/edgar/data/1375365/000137536525000027/R5.htm
[14:18:10 INF] System.Net.Http.HttpClient.IStockApiClient.ClientHandler Sending HTTP request GET https://www.sec.gov/Archives/edgar/data/1375365/000137536525000027/R5.htm
[14:18:10 INF] System.Net.Http.HttpClient.IStockApiClient.ClientHandler Received HTTP response headers after 37.1446ms - 200
[14:18:10 INF] System.Net.Http.HttpClient.IStockApiClient.LogicalHandler End processing HTTP request after 37.6736ms - 200
[14:18:10 INF] System.Net.Http.HttpClient.IStockApiClient.LogicalHandler Start processing HTTP request GET https://www.sec.gov/Archives/edgar/data/1375365/000137536525000027/R48.htm
[14:18:10 INF] System.Net.Http.HttpClient.IStockApiClient.ClientHandler Sending HTTP request GET https://www.sec.gov/Archives/edgar/data/1375365/000137536525000027/R48.htm
[14:18:10 INF] System.Net.Http.HttpClient.IStockApiClient.ClientHandler Received HTTP response headers after 123.6597ms - 200
[14:18:10 INF] System.Net.Http.HttpClient.IStockApiClient.LogicalHandler End processing HTTP request after 124.0764ms - 200
[14:18:10 INF] System.Net.Http.HttpClient.IStockApiClient.LogicalHandler Start processing HTTP request GET https://www.sec.gov/Archives/edgar/data/1375365/000137536525000027/R81.htm
[14:18:10 INF] System.Net.Http.HttpClient.IStockApiClient.ClientHandler Sending HTTP request GET https://www.sec.gov/Archives/edgar/data/1375365/000137536525000027/R81.htm
[14:18:10 INF] System.Net.Http.HttpClient.IStockApiClient.ClientHandler Received HTTP response headers after 44.2577ms - 200
[14:18:10 INF] System.Net.Http.HttpClient.IStockApiClient.LogicalHandler End processing HTTP request after 44.5491ms - 200
[14:18:10 INF] System.Net.Http.HttpClient.IStockApiClient.LogicalHandler Start processing HTTP request GET https://www.sec.gov/Archives/edgar/data/1375365/000137536525000027/R92.htm
[14:18:10 INF] System.Net.Http.HttpClient.IStockApiClient.ClientHandler Sending HTTP request GET https://www.sec.gov/Archives/edgar/data/1375365/000137536525000027/R92.htm
[14:18:10 INF] System.Net.Http.HttpClient.IStockApiClient.ClientHandler Received HTTP response headers after 39.2834ms - 200
[14:18:10 INF] System.Net.Http.HttpClient.IStockApiClient.LogicalHandler End processing HTTP request after 39.5762ms - 200
[14:18:10 INF] System.Net.Http.HttpClient.IStockApiClient.LogicalHandler Start processing HTTP request GET https://www.sec.gov/Archives/edgar/data/1375365/000137536525000027/R107.htm
[14:18:10 INF] System.Net.Http.HttpClient.IStockApiClient.ClientHandler Sending HTTP request GET https://www.sec.gov/Archives/edgar/data/1375365/000137536525000027/R107.htm
[14:18:10 INF] System.Net.Http.HttpClient.IStockApiClient.ClientHandler Received HTTP response headers after 55.074ms - 200
[14:18:10 INF] System.Net.Http.HttpClient.IStockApiClient.LogicalHandler End processing HTTP request after 55.4809ms - 200
[14:18:10 INF] System.Net.Http.HttpClient.IStockApiClient.LogicalHandler Start processing HTTP request GET https://www.sec.gov/Archives/edgar/data/1375365/000137536525000027/R108.htm
[14:18:10 INF] System.Net.Http.HttpClient.IStockApiClient.ClientHandler Sending HTTP request GET https://www.sec.gov/Archives/edgar/data/1375365/000137536525000027/R108.htm
[14:18:10 INF] System.Net.Http.HttpClient.IStockApiClient.ClientHandler Received HTTP response headers after 38.0106ms - 200
[14:18:10 INF] System.Net.Http.HttpClient.IStockApiClient.LogicalHandler End processing HTTP request after 38.4361ms - 200
[14:18:10 INF] System.Net.Http.HttpClient.DeepSeek.LogicalHandler Start processing HTTP request POST https://api.deepseek.com/chat/completions
[14:18:10 INF] System.Net.Http.HttpClient.DeepSeek.ClientHandler Sending HTTP request POST https://api.deepseek.com/chat/completions
[14:18:10 INF] System.Net.Http.HttpClient.DeepSeek.LogicalHandler Start processing HTTP request POST https://api.deepseek.com/chat/completions
[14:18:10 INF] System.Net.Http.HttpClient.DeepSeek.ClientHandler Sending HTTP request POST https://api.deepseek.com/chat/completions
[14:18:10 INF] System.Net.Http.HttpClient.DeepSeek.LogicalHandler Start processing HTTP request POST https://api.deepseek.com/chat/completions
[14:18:10 INF] System.Net.Http.HttpClient.DeepSeek.ClientHandler Sending HTTP request POST https://api.deepseek.com/chat/completions
[14:18:10 INF] System.Net.Http.HttpClient.DeepSeek.LogicalHandler Start processing HTTP request POST https://api.deepseek.com/chat/completions
[14:18:10 INF] System.Net.Http.HttpClient.DeepSeek.ClientHandler Sending HTTP request POST https://api.deepseek.com/chat/completions
[14:18:10 INF] System.Net.Http.HttpClient.DeepSeek.LogicalHandler Start processing HTTP request POST https://api.deepseek.com/chat/completions
[14:18:10 INF] System.Net.Http.HttpClient.DeepSeek.ClientHandler Sending HTTP request POST https://api.deepseek.com/chat/completions
[14:18:10 INF] System.Net.Http.HttpClient.DeepSeek.LogicalHandler Start processing HTTP request POST https://api.deepseek.com/chat/completions
[14:18:10 INF] System.Net.Http.HttpClient.DeepSeek.ClientHandler Sending HTTP request POST https://api.deepseek.com/chat/completions
[14:18:11 INF] System.Net.Http.HttpClient.DeepSeek.ClientHandler Received HTTP response headers after 562.8006ms - 200
[14:18:11 INF] System.Net.Http.HttpClient.DeepSeek.LogicalHandler End processing HTTP request after 563.2115ms - 200
[14:18:11 INF] System.Net.Http.HttpClient.DeepSeek.ClientHandler Received HTTP response headers after 565.782ms - 200
[14:18:11 INF] System.Net.Http.HttpClient.DeepSeek.LogicalHandler End processing HTTP request after 565.9321ms - 200
[14:18:11 INF] System.Net.Http.HttpClient.DeepSeek.ClientHandler Received HTTP response headers after 568.7872ms - 200
[14:18:11 INF] System.Net.Http.HttpClient.DeepSeek.LogicalHandler End processing HTTP request after 568.9519ms - 200
[14:18:11 INF] System.Net.Http.HttpClient.DeepSeek.ClientHandler Received HTTP response headers after 569.7555ms - 200
[14:18:11 INF] System.Net.Http.HttpClient.DeepSeek.LogicalHandler End processing HTTP request after 569.8911ms - 200
[14:18:11 INF] System.Net.Http.HttpClient.DeepSeek.ClientHandler Received HTTP response headers after 570.3941ms - 200
[14:18:11 INF] System.Net.Http.HttpClient.DeepSeek.LogicalHandler End processing HTTP request after 570.507ms - 200
[14:18:11 INF] System.Net.Http.HttpClient.DeepSeek.ClientHandler Received HTTP response headers after 574.1903ms - 200
[14:18:11 INF] System.Net.Http.HttpClient.DeepSeek.LogicalHandler End processing HTTP request after 574.4335ms - 200
[14:18:12 INF] System.Net.Http.HttpClient.DeepSeek.LogicalHandler Start processing HTTP request POST https://api.deepseek.com/chat/completions
[14:18:12 INF] System.Net.Http.HttpClient.DeepSeek.ClientHandler Sending HTTP request POST https://api.deepseek.com/chat/completions
[14:18:12 INF] System.Net.Http.HttpClient.DeepSeek.ClientHandler Received HTTP response headers after 372.6199ms - 200
[14:18:12 INF] System.Net.Http.HttpClient.DeepSeek.LogicalHandler End processing HTTP request after 373.4895ms - 200
[14:18:13 INF] System.Net.Http.HttpClient.DeepSeek.LogicalHandler Start processing HTTP request POST https://api.deepseek.com/chat/completions
[14:18:13 INF] System.Net.Http.HttpClient.DeepSeek.ClientHandler Sending HTTP request POST https://api.deepseek.com/chat/completions
[14:18:13 INF] System.Net.Http.HttpClient.DeepSeek.LogicalHandler Start processing HTTP request POST https://api.deepseek.com/chat/completions
[14:18:13 INF] System.Net.Http.HttpClient.DeepSeek.ClientHandler Sending HTTP request POST https://api.deepseek.com/chat/completions
[14:18:13 INF] System.Net.Http.HttpClient.DeepSeek.ClientHandler Received HTTP response headers after 284.8782ms - 200
[14:18:13 INF] System.Net.Http.HttpClient.DeepSeek.LogicalHandler End processing HTTP request after 285.8522ms - 200
[14:18:13 INF] System.Net.Http.HttpClient.DeepSeek.ClientHandler Received HTTP response headers after 321.9876ms - 200
[14:18:13 INF] System.Net.Http.HttpClient.DeepSeek.LogicalHandler End processing HTTP request after 322.4524ms - 200
[14:18:14 INF] System.Net.Http.HttpClient.DeepSeek.LogicalHandler Start processing HTTP request POST https://api.deepseek.com/chat/completions
[14:18:14 INF] System.Net.Http.HttpClient.DeepSeek.ClientHandler Sending HTTP request POST https://api.deepseek.com/chat/completions
[14:18:14 INF] System.Net.Http.HttpClient.DeepSeek.ClientHandler Received HTTP response headers after 272.2995ms - 200
[14:18:14 INF] System.Net.Http.HttpClient.DeepSeek.LogicalHandler End processing HTTP request after 272.8812ms - 200
[14:18:15 INF] System.Net.Http.HttpClient.DeepSeek.LogicalHandler Start processing HTTP request POST https://api.deepseek.com/chat/completions
[14:18:15 INF] System.Net.Http.HttpClient.DeepSeek.ClientHandler Sending HTTP request POST https://api.deepseek.com/chat/completions
[14:18:15 INF] System.Net.Http.HttpClient.DeepSeek.ClientHandler Received HTTP response headers after 375.3605ms - 200
[14:18:15 INF] System.Net.Http.HttpClient.DeepSeek.LogicalHandler End processing HTTP request after 377.4016ms - 200
[14:18:15 INF] System.Net.Http.HttpClient.DeepSeek.LogicalHandler Start processing HTTP request POST https://api.deepseek.com/chat/completions
[14:18:15 INF] System.Net.Http.HttpClient.DeepSeek.ClientHandler Sending HTTP request POST https://api.deepseek.com/chat/completions
[14:18:15 INF] System.Net.Http.HttpClient.DeepSeek.ClientHandler Received HTTP response headers after 284.7699ms - 200
[14:18:15 INF] System.Net.Http.HttpClient.DeepSeek.LogicalHandler End processing HTTP request after 285.3227ms - 200
[14:18:17 INF] System.Net.Http.HttpClient.DeepSeek.LogicalHandler Start processing HTTP request POST https://api.deepseek.com/chat/completions
[14:18:17 INF] System.Net.Http.HttpClient.DeepSeek.ClientHandler Sending HTTP request POST https://api.deepseek.com/chat/completions
[14:18:17 INF] System.Net.Http.HttpClient.DeepSeek.LogicalHandler Start processing HTTP request POST https://api.deepseek.com/chat/completions
[14:18:17 INF] System.Net.Http.HttpClient.DeepSeek.ClientHandler Sending HTTP request POST https://api.deepseek.com/chat/completions
[14:18:17 INF] System.Net.Http.HttpClient.DeepSeek.ClientHandler Received HTTP response headers after 306.2512ms - 200
[14:18:17 INF] System.Net.Http.HttpClient.DeepSeek.LogicalHandler End processing HTTP request after 307.0238ms - 200
[14:18:17 INF] System.Net.Http.HttpClient.DeepSeek.LogicalHandler Start processing HTTP request POST https://api.deepseek.com/chat/completions
[14:18:17 INF] System.Net.Http.HttpClient.DeepSeek.ClientHandler Sending HTTP request POST https://api.deepseek.com/chat/completions
[14:18:17 INF] System.Net.Http.HttpClient.DeepSeek.ClientHandler Received HTTP response headers after 289.3393ms - 200
[14:18:17 INF] System.Net.Http.HttpClient.DeepSeek.LogicalHandler End processing HTTP request after 290.1785ms - 200
[14:18:17 INF] System.Net.Http.HttpClient.DeepSeek.ClientHandler Received HTTP response headers after 294.5671ms - 200
[14:18:17 INF] System.Net.Http.HttpClient.DeepSeek.LogicalHandler End processing HTTP request after 295.0215ms - 200
[14:18:18 INF] System.Net.Http.HttpClient.DeepSeek.LogicalHandler Start processing HTTP request POST https://api.deepseek.com/chat/completions
[14:18:18 INF] System.Net.Http.HttpClient.DeepSeek.ClientHandler Sending HTTP request POST https://api.deepseek.com/chat/completions
[14:18:18 INF] System.Net.Http.HttpClient.DeepSeek.ClientHandler Received HTTP response headers after 305.919ms - 200
[14:18:18 INF] System.Net.Http.HttpClient.DeepSeek.LogicalHandler End processing HTTP request after 306.5552ms - 200
[14:18:18 INF] System.Net.Http.HttpClient.DeepSeek.LogicalHandler Start processing HTTP request POST https://api.deepseek.com/chat/completions
[14:18:18 INF] System.Net.Http.HttpClient.DeepSeek.ClientHandler Sending HTTP request POST https://api.deepseek.com/chat/completions
[14:18:18 INF] System.Net.Http.HttpClient.DeepSeek.LogicalHandler Start processing HTTP request POST https://api.deepseek.com/chat/completions
[14:18:18 INF] System.Net.Http.HttpClient.DeepSeek.ClientHandler Sending HTTP request POST https://api.deepseek.com/chat/completions
[14:18:19 INF] System.Net.Http.HttpClient.DeepSeek.ClientHandler Received HTTP response headers after 408.7688ms - 200
[14:18:19 INF] System.Net.Http.HttpClient.DeepSeek.LogicalHandler End processing HTTP request after 409.4392ms - 200
[14:18:19 INF] System.Net.Http.HttpClient.DeepSeek.ClientHandler Received HTTP response headers after 354.1524ms - 200
[14:18:19 INF] System.Net.Http.HttpClient.DeepSeek.LogicalHandler End processing HTTP request after 355.3442ms - 200
[14:18:19 INF] System.Net.Http.HttpClient.DeepSeek.LogicalHandler Start processing HTTP request POST https://api.deepseek.com/chat/completions
[14:18:19 INF] System.Net.Http.HttpClient.DeepSeek.ClientHandler Sending HTTP request POST https://api.deepseek.com/chat/completions
[14:18:19 INF] System.Net.Http.HttpClient.DeepSeek.LogicalHandler Start processing HTTP request POST https://api.deepseek.com/chat/completions
[14:18:19 INF] System.Net.Http.HttpClient.DeepSeek.ClientHandler Sending HTTP request POST https://api.deepseek.com/chat/completions
[14:18:19 INF] System.Net.Http.HttpClient.DeepSeek.ClientHandler Received HTTP response headers after 289.6101ms - 200
[14:18:19 INF] System.Net.Http.HttpClient.DeepSeek.LogicalHandler End processing HTTP request after 290.4512ms - 200
[14:18:20 INF] System.Net.Http.HttpClient.DeepSeek.ClientHandler Received HTTP response headers after 301.7869ms - 200
[14:18:20 INF] System.Net.Http.HttpClient.DeepSeek.LogicalHandler End processing HTTP request after 302.3045ms - 200
[14:18:20 INF] System.Net.Http.HttpClient.DeepSeek.LogicalHandler Start processing HTTP request POST https://api.deepseek.com/chat/completions
[14:18:20 INF] System.Net.Http.HttpClient.DeepSeek.ClientHandler Sending HTTP request POST https://api.deepseek.com/chat/completions
[14:18:20 INF] System.Net.Http.HttpClient.DeepSeek.LogicalHandler Start processing HTTP request POST https://api.deepseek.com/chat/completions
[14:18:20 INF] System.Net.Http.HttpClient.DeepSeek.ClientHandler Sending HTTP request POST https://api.deepseek.com/chat/completions
[14:18:20 INF] System.Net.Http.HttpClient.DeepSeek.ClientHandler Received HTTP response headers after 281.8892ms - 200
[14:18:20 INF] System.Net.Http.HttpClient.DeepSeek.LogicalHandler End processing HTTP request after 282.2266ms - 200
[14:18:20 INF] System.Net.Http.HttpClient.DeepSeek.ClientHandler Received HTTP response headers after 293.8246ms - 200
[14:18:20 INF] System.Net.Http.HttpClient.DeepSeek.LogicalHandler End processing HTTP request after 294.2422ms - 200
[14:18:20 INF] System.Net.Http.HttpClient.DeepSeek.LogicalHandler Start processing HTTP request POST https://api.deepseek.com/chat/completions
[14:18:20 INF] System.Net.Http.HttpClient.DeepSeek.ClientHandler Sending HTTP request POST https://api.deepseek.com/chat/completions
[14:18:20 INF] System.Net.Http.HttpClient.DeepSeek.LogicalHandler Start processing HTTP request POST https://api.deepseek.com/chat/completions
[14:18:20 INF] System.Net.Http.HttpClient.DeepSeek.ClientHandler Sending HTTP request POST https://api.deepseek.com/chat/completions
[14:18:20 INF] System.Net.Http.HttpClient.DeepSeek.ClientHandler Received HTTP response headers after 276.3995ms - 200
[14:18:20 INF] System.Net.Http.HttpClient.DeepSeek.LogicalHandler End processing HTTP request after 276.7127ms - 200
[14:18:20 INF] System.Net.Http.HttpClient.DeepSeek.ClientHandler Received HTTP response headers after 284.4126ms - 200
[14:18:20 INF] System.Net.Http.HttpClient.DeepSeek.LogicalHandler End processing HTTP request after 284.7897ms - 200
[14:18:21 INF] System.Net.Http.HttpClient.DeepSeek.LogicalHandler Start processing HTTP request POST https://api.deepseek.com/chat/completions
[14:18:21 INF] System.Net.Http.HttpClient.DeepSeek.ClientHandler Sending HTTP request POST https://api.deepseek.com/chat/completions
[14:18:21 INF] System.Net.Http.HttpClient.DeepSeek.LogicalHandler Start processing HTTP request POST https://api.deepseek.com/chat/completions
[14:18:21 INF] System.Net.Http.HttpClient.DeepSeek.ClientHandler Sending HTTP request POST https://api.deepseek.com/chat/completions
[14:18:21 INF] System.Net.Http.HttpClient.DeepSeek.ClientHandler Received HTTP response headers after 283.0515ms - 200
[14:18:21 INF] System.Net.Http.HttpClient.DeepSeek.LogicalHandler End processing HTTP request after 283.5294ms - 200
[14:18:21 INF] System.Net.Http.HttpClient.DeepSeek.ClientHandler Received HTTP response headers after 291.9172ms - 200
[14:18:21 INF] System.Net.Http.HttpClient.DeepSeek.LogicalHandler End processing HTTP request after 292.4504ms - 200
[14:18:21 INF] System.Net.Http.HttpClient.DeepSeek.LogicalHandler Start processing HTTP request POST https://api.deepseek.com/chat/completions
[14:18:21 INF] System.Net.Http.HttpClient.DeepSeek.ClientHandler Sending HTTP request POST https://api.deepseek.com/chat/completions
[14:18:22 INF] System.Net.Http.HttpClient.DeepSeek.LogicalHandler Start processing HTTP request POST https://api.deepseek.com/chat/completions
[14:18:22 INF] System.Net.Http.HttpClient.DeepSeek.ClientHandler Sending HTTP request POST https://api.deepseek.com/chat/completions
[14:18:22 INF] System.Net.Http.HttpClient.DeepSeek.ClientHandler Received HTTP response headers after 293.868ms - 200
[14:18:22 INF] System.Net.Http.HttpClient.DeepSeek.LogicalHandler End processing HTTP request after 294.2879ms - 200
[14:18:22 INF] System.Net.Http.HttpClient.DeepSeek.ClientHandler Received HTTP response headers after 340.2915ms - 200
[14:18:22 INF] System.Net.Http.HttpClient.DeepSeek.LogicalHandler End processing HTTP request after 340.6798ms - 200
[14:18:23 INF] System.Net.Http.HttpClient.DeepSeek.LogicalHandler Start processing HTTP request POST https://api.deepseek.com/chat/completions
[14:18:23 INF] System.Net.Http.HttpClient.DeepSeek.ClientHandler Sending HTTP request POST https://api.deepseek.com/chat/completions
[14:18:23 INF] System.Net.Http.HttpClient.DeepSeek.LogicalHandler Start processing HTTP request POST https://api.deepseek.com/chat/completions
[14:18:23 INF] System.Net.Http.HttpClient.DeepSeek.ClientHandler Sending HTTP request POST https://api.deepseek.com/chat/completions
[14:18:23 INF] System.Net.Http.HttpClient.DeepSeek.LogicalHandler Start processing HTTP request POST https://api.deepseek.com/chat/completions
[14:18:23 INF] System.Net.Http.HttpClient.DeepSeek.ClientHandler Sending HTTP request POST https://api.deepseek.com/chat/completions
[14:18:23 INF] System.Net.Http.HttpClient.DeepSeek.ClientHandler Received HTTP response headers after 288.5892ms - 200
[14:18:23 INF] System.Net.Http.HttpClient.DeepSeek.LogicalHandler End processing HTTP request after 289.1597ms - 200
[14:18:23 INF] System.Net.Http.HttpClient.DeepSeek.ClientHandler Received HTTP response headers after 276.1305ms - 200
[14:18:23 INF] System.Net.Http.HttpClient.DeepSeek.LogicalHandler End processing HTTP request after 276.885ms - 200
[14:18:23 INF] System.Net.Http.HttpClient.DeepSeek.ClientHandler Received HTTP response headers after 278.8677ms - 200
[14:18:23 INF] System.Net.Http.HttpClient.DeepSeek.LogicalHandler End processing HTTP request after 279.2995ms - 200
[14:18:23 INF] System.Net.Http.HttpClient.DeepSeek.LogicalHandler Start processing HTTP request POST https://api.deepseek.com/chat/completions
[14:18:23 INF] System.Net.Http.HttpClient.DeepSeek.ClientHandler Sending HTTP request POST https://api.deepseek.com/chat/completions
[14:18:24 INF] System.Net.Http.HttpClient.DeepSeek.ClientHandler Received HTTP response headers after 286.3215ms - 200
[14:18:24 INF] System.Net.Http.HttpClient.DeepSeek.LogicalHandler End processing HTTP request after 286.8386ms - 200
[14:18:24 INF] System.Net.Http.HttpClient.DeepSeek.LogicalHandler Start processing HTTP request POST https://api.deepseek.com/chat/completions
[14:18:24 INF] System.Net.Http.HttpClient.DeepSeek.ClientHandler Sending HTTP request POST https://api.deepseek.com/chat/completions
[14:18:24 INF] System.Net.Http.HttpClient.DeepSeek.ClientHandler Received HTTP response headers after 284.2259ms - 200
[14:18:24 INF] System.Net.Http.HttpClient.DeepSeek.LogicalHandler End processing HTTP request after 284.7921ms - 200
[14:18:25 INF] System.Net.Http.HttpClient.DeepSeek.LogicalHandler Start processing HTTP request POST https://api.deepseek.com/chat/completions
[14:18:25 INF] System.Net.Http.HttpClient.DeepSeek.ClientHandler Sending HTTP request POST https://api.deepseek.com/chat/completions
[14:18:25 INF] System.Net.Http.HttpClient.DeepSeek.ClientHandler Received HTTP response headers after 298.8262ms - 200
[14:18:25 INF] System.Net.Http.HttpClient.DeepSeek.LogicalHandler End processing HTTP request after 299.4414ms - 200
[14:18:56 INF] System.Net.Http.HttpClient.IStockApiClient.LogicalHandler Start processing HTTP request GET https://data.sec.gov/api/xbrl/companyfacts/CIK0001375365.json
[14:18:56 INF] System.Net.Http.HttpClient.IStockApiClient.ClientHandler Sending HTTP request GET https://data.sec.gov/api/xbrl/companyfacts/CIK0001375365.json
[14:18:57 INF] System.Net.Http.HttpClient.IStockApiClient.ClientHandler Received HTTP response headers after 245.0921ms - 200
[14:18:57 INF] System.Net.Http.HttpClient.IStockApiClient.LogicalHandler End processing HTTP request after 245.653ms - 200
[14:18:57 INF] System.Net.Http.HttpClient.IStockApiClient.LogicalHandler Start processing HTTP request GET https://data.sec.gov/submissions/CIK0001375365.json
[14:18:57 INF] System.Net.Http.HttpClient.IStockApiClient.ClientHandler Sending HTTP request GET https://data.sec.gov/submissions/CIK0001375365.json
[14:18:57 INF] System.Net.Http.HttpClient.IStockApiClient.ClientHandler Received HTTP response headers after 31.65ms - 200
[14:18:57 INF] System.Net.Http.HttpClient.IStockApiClient.LogicalHandler End processing HTTP request after 31.9776ms - 200
[14:18:57 INF] System.Net.Http.HttpClient.IStockApiClient.LogicalHandler Start processing HTTP request GET https://www.sec.gov/Archives/edgar/data/1375365/000137536525000027/index.json
[14:18:57 INF] System.Net.Http.HttpClient.IStockApiClient.ClientHandler Sending HTTP request GET https://www.sec.gov/Archives/edgar/data/1375365/000137536525000027/index.json
[14:18:57 INF] System.Net.Http.HttpClient.IStockApiClient.ClientHandler Received HTTP response headers after 37.5746ms - 200
[14:18:57 INF] System.Net.Http.HttpClient.IStockApiClient.LogicalHandler End processing HTTP request after 37.8451ms - 200
[14:18:57 INF] System.Net.Http.HttpClient.IStockApiClient.LogicalHandler Start processing HTTP request GET https://www.sec.gov/Archives/edgar/data/1375365/000137536525000027/smci-20250630_htm.xml
[14:18:57 INF] System.Net.Http.HttpClient.IStockApiClient.ClientHandler Sending HTTP request GET https://www.sec.gov/Archives/edgar/data/1375365/000137536525000027/smci-20250630_htm.xml
[14:18:57 INF] System.Net.Http.HttpClient.IStockApiClient.ClientHandler Received HTTP response headers after 53.2013ms - 200
[14:18:57 INF] System.Net.Http.HttpClient.IStockApiClient.LogicalHandler End processing HTTP request after 53.487ms - 200
[14:18:57 INF] System.Net.Http.HttpClient.DeepSeek.LogicalHandler Start processing HTTP request POST https://api.deepseek.com/chat/completions
[14:18:57 INF] System.Net.Http.HttpClient.DeepSeek.ClientHandler Sending HTTP request POST https://api.deepseek.com/chat/completions
[14:18:58 INF] System.Net.Http.HttpClient.DeepSeek.ClientHandler Received HTTP response headers after 274.3086ms - 200
[14:18:58 INF] System.Net.Http.HttpClient.DeepSeek.LogicalHandler End processing HTTP request after 274.6219ms - 200
[14:19:15 INF] System.Net.Http.HttpClient.DeepSeek.LogicalHandler Start processing HTTP request POST https://api.deepseek.com/chat/completions
[14:19:15 INF] System.Net.Http.HttpClient.DeepSeek.ClientHandler Sending HTTP request POST https://api.deepseek.com/chat/completions
[14:19:15 INF] System.Net.Http.HttpClient.DeepSeek.LogicalHandler Start processing HTTP request POST https://api.deepseek.com/chat/completions
[14:19:15 INF] System.Net.Http.HttpClient.DeepSeek.ClientHandler Sending HTTP request POST https://api.deepseek.com/chat/completions
[14:19:15 INF] System.Net.Http.HttpClient.DeepSeek.LogicalHandler Start processing HTTP request POST https://api.deepseek.com/chat/completions
[14:19:15 INF] System.Net.Http.HttpClient.DeepSeek.ClientHandler Sending HTTP request POST https://api.deepseek.com/chat/completions
[14:19:15 INF] System.Net.Http.HttpClient.DeepSeek.LogicalHandler Start processing HTTP request POST https://api.deepseek.com/chat/completions
[14:19:15 INF] System.Net.Http.HttpClient.DeepSeek.ClientHandler Sending HTTP request POST https://api.deepseek.com/chat/completions
[14:19:15 INF] System.Net.Http.HttpClient.DeepSeek.LogicalHandler Start processing HTTP request POST https://api.deepseek.com/chat/completions
[14:19:15 INF] System.Net.Http.HttpClient.DeepSeek.ClientHandler Sending HTTP request POST https://api.deepseek.com/chat/completions
[14:19:15 INF] System.Net.Http.HttpClient.DeepSeek.LogicalHandler Start processing HTTP request POST https://api.deepseek.com/chat/completions
[14:19:15 INF] System.Net.Http.HttpClient.DeepSeek.ClientHandler Sending HTTP request POST https://api.deepseek.com/chat/completions
[14:19:15 INF] System.Net.Http.HttpClient.DeepSeek.LogicalHandler Start processing HTTP request POST https://api.deepseek.com/chat/completions
[14:19:15 INF] System.Net.Http.HttpClient.DeepSeek.ClientHandler Sending HTTP request POST https://api.deepseek.com/chat/completions
[14:19:15 INF] System.Net.Http.HttpClient.DeepSeek.LogicalHandler Start processing HTTP request POST https://api.deepseek.com/chat/completions
[14:19:15 INF] System.Net.Http.HttpClient.DeepSeek.ClientHandler Sending HTTP request POST https://api.deepseek.com/chat/completions
[14:19:15 INF] System.Net.Http.HttpClient.DeepSeek.LogicalHandler Start processing HTTP request POST https://api.deepseek.com/chat/completions
[14:19:15 INF] System.Net.Http.HttpClient.DeepSeek.ClientHandler Sending HTTP request POST https://api.deepseek.com/chat/completions
[14:19:15 INF] System.Net.Http.HttpClient.DeepSeek.LogicalHandler Start processing HTTP request POST https://api.deepseek.com/chat/completions
[14:19:15 INF] System.Net.Http.HttpClient.DeepSeek.ClientHandler Sending HTTP request POST https://api.deepseek.com/chat/completions
[14:19:15 INF] System.Net.Http.HttpClient.DeepSeek.LogicalHandler Start processing HTTP request POST https://api.deepseek.com/chat/completions
[14:19:15 INF] System.Net.Http.HttpClient.DeepSeek.ClientHandler Sending HTTP request POST https://api.deepseek.com/chat/completions
[14:19:15 INF] System.Net.Http.HttpClient.DeepSeek.LogicalHandler Start processing HTTP request POST https://api.deepseek.com/chat/completions
[14:19:15 INF] System.Net.Http.HttpClient.DeepSeek.ClientHandler Sending HTTP request POST https://api.deepseek.com/chat/completions
[14:19:15 INF] System.Net.Http.HttpClient.DeepSeek.LogicalHandler Start processing HTTP request POST https://api.deepseek.com/chat/completions
[14:19:15 INF] System.Net.Http.HttpClient.DeepSeek.ClientHandler Sending HTTP request POST https://api.deepseek.com/chat/completions
[14:19:15 INF] System.Net.Http.HttpClient.DeepSeek.LogicalHandler Start processing HTTP request POST https://api.deepseek.com/chat/completions
[14:19:15 INF] System.Net.Http.HttpClient.DeepSeek.ClientHandler Sending HTTP request POST https://api.deepseek.com/chat/completions
[14:19:15 INF] System.Net.Http.HttpClient.DeepSeek.LogicalHandler Start processing HTTP request POST https://api.deepseek.com/chat/completions
[14:19:15 INF] System.Net.Http.HttpClient.DeepSeek.ClientHandler Sending HTTP request POST https://api.deepseek.com/chat/completions
[14:19:15 INF] System.Net.Http.HttpClient.DeepSeek.LogicalHandler Start processing HTTP request POST https://api.deepseek.com/chat/completions
[14:19:15 INF] System.Net.Http.HttpClient.DeepSeek.ClientHandler Sending HTTP request POST https://api.deepseek.com/chat/completions
[14:19:15 INF] System.Net.Http.HttpClient.DeepSeek.LogicalHandler Start processing HTTP request POST https://api.deepseek.com/chat/completions
[14:19:15 INF] System.Net.Http.HttpClient.DeepSeek.ClientHandler Sending HTTP request POST https://api.deepseek.com/chat/completions
[14:19:15 INF] System.Net.Http.HttpClient.DeepSeek.LogicalHandler Start processing HTTP request POST https://api.deepseek.com/chat/completions
[14:19:15 INF] System.Net.Http.HttpClient.DeepSeek.ClientHandler Sending HTTP request POST https://api.deepseek.com/chat/completions
[14:19:15 INF] System.Net.Http.HttpClient.DeepSeek.LogicalHandler Start processing HTTP request POST https://api.deepseek.com/chat/completions
[14:19:15 INF] System.Net.Http.HttpClient.DeepSeek.ClientHandler Sending HTTP request POST https://api.deepseek.com/chat/completions
[14:19:15 INF] System.Net.Http.HttpClient.DeepSeek.LogicalHandler Start processing HTTP request POST https://api.deepseek.com/chat/completions
[14:19:15 INF] System.Net.Http.HttpClient.DeepSeek.ClientHandler Sending HTTP request POST https://api.deepseek.com/chat/completions
[14:19:15 INF] System.Net.Http.HttpClient.DeepSeek.LogicalHandler Start processing HTTP request POST https://api.deepseek.com/chat/completions
[14:19:15 INF] System.Net.Http.HttpClient.DeepSeek.ClientHandler Sending HTTP request POST https://api.deepseek.com/chat/completions
[14:19:15 INF] System.Net.Http.HttpClient.DeepSeek.LogicalHandler Start processing HTTP request POST https://api.deepseek.com/chat/completions
[14:19:15 INF] System.Net.Http.HttpClient.DeepSeek.ClientHandler Sending HTTP request POST https://api.deepseek.com/chat/completions
[14:19:15 INF] System.Net.Http.HttpClient.DeepSeek.LogicalHandler Start processing HTTP request POST https://api.deepseek.com/chat/completions
[14:19:15 INF] System.Net.Http.HttpClient.DeepSeek.ClientHandler Sending HTTP request POST https://api.deepseek.com/chat/completions
[14:19:15 INF] System.Net.Http.HttpClient.DeepSeek.LogicalHandler Start processing HTTP request POST https://api.deepseek.com/chat/completions
[14:19:15 INF] System.Net.Http.HttpClient.DeepSeek.ClientHandler Sending HTTP request POST https://api.deepseek.com/chat/completions
[14:19:15 INF] System.Net.Http.HttpClient.DeepSeek.ClientHandler Received HTTP response headers after 281.5234ms - 200
[14:19:15 INF] System.Net.Http.HttpClient.DeepSeek.ClientHandler Received HTTP response headers after 280.3352ms - 200
[14:19:15 INF] System.Net.Http.HttpClient.DeepSeek.LogicalHandler End processing HTTP request after 280.657ms - 200
[14:19:15 INF] System.Net.Http.HttpClient.DeepSeek.LogicalHandler End processing HTTP request after 282.5276ms - 200
[14:19:15 INF] System.Net.Http.HttpClient.DeepSeek.ClientHandler Received HTTP response headers after 285.7798ms - 200
[14:19:15 INF] System.Net.Http.HttpClient.DeepSeek.LogicalHandler End processing HTTP request after 286.0996ms - 200
[14:19:15 INF] System.Net.Http.HttpClient.DeepSeek.ClientHandler Received HTTP response headers after 297.8605ms - 200
[14:19:15 INF] System.Net.Http.HttpClient.DeepSeek.LogicalHandler End processing HTTP request after 298.088ms - 200
[14:19:15 INF] System.Net.Http.HttpClient.DeepSeek.ClientHandler Received HTTP response headers after 297.9838ms - 200
[14:19:15 INF] System.Net.Http.HttpClient.DeepSeek.LogicalHandler End processing HTTP request after 298.1204ms - 200
[14:19:15 INF] System.Net.Http.HttpClient.DeepSeek.ClientHandler Received HTTP response headers after 299.5131ms - 200
[14:19:15 INF] System.Net.Http.HttpClient.DeepSeek.LogicalHandler End processing HTTP request after 299.9801ms - 200
[14:19:16 INF] System.Net.Http.HttpClient.DeepSeek.ClientHandler Received HTTP response headers after 1014.24ms - 200
[14:19:16 INF] System.Net.Http.HttpClient.DeepSeek.LogicalHandler End processing HTTP request after 1014.7691ms - 200
[14:19:16 INF] System.Net.Http.HttpClient.DeepSeek.ClientHandler Received HTTP response headers after 1059.7377ms - 200
[14:19:16 INF] System.Net.Http.HttpClient.DeepSeek.LogicalHandler End processing HTTP request after 1060.8342ms - 200
[14:19:16 INF] System.Net.Http.HttpClient.DeepSeek.ClientHandler Received HTTP response headers after 1063.4101ms - 200
[14:19:16 INF] System.Net.Http.HttpClient.DeepSeek.LogicalHandler End processing HTTP request after 1063.6016ms - 200
[14:19:16 INF] System.Net.Http.HttpClient.DeepSeek.ClientHandler Received HTTP response headers after 1073.4817ms - 200
[14:19:16 INF] System.Net.Http.HttpClient.DeepSeek.LogicalHandler End processing HTTP request after 1073.9952ms - 200
[14:19:16 INF] System.Net.Http.HttpClient.DeepSeek.ClientHandler Received HTTP response headers after 1072.5725ms - 200
[14:19:16 INF] System.Net.Http.HttpClient.DeepSeek.LogicalHandler End processing HTTP request after 1073.9515ms - 200
[14:19:16 INF] System.Net.Http.HttpClient.DeepSeek.ClientHandler Received HTTP response headers after 1069.113ms - 200
[14:19:16 INF] System.Net.Http.HttpClient.DeepSeek.LogicalHandler End processing HTTP request after 1069.2862ms - 200
[14:19:16 INF] System.Net.Http.HttpClient.DeepSeek.ClientHandler Received HTTP response headers after 1073.9248ms - 200
[14:19:16 INF] System.Net.Http.HttpClient.DeepSeek.ClientHandler Received HTTP response headers after 1075.4256ms - 200
[14:19:16 INF] System.Net.Http.HttpClient.DeepSeek.LogicalHandler End processing HTTP request after 1074.2465ms - 200
[14:19:16 INF] System.Net.Http.HttpClient.DeepSeek.LogicalHandler End processing HTTP request after 1077.4765ms - 200
[14:19:16 INF] System.Net.Http.HttpClient.DeepSeek.ClientHandler Received HTTP response headers after 1080.6801ms - 200
[14:19:16 INF] System.Net.Http.HttpClient.DeepSeek.LogicalHandler End processing HTTP request after 1081.2886ms - 200
[14:19:16 INF] System.Net.Http.HttpClient.DeepSeek.ClientHandler Received HTTP response headers after 1086.2147ms - 200
[14:19:16 INF] System.Net.Http.HttpClient.DeepSeek.LogicalHandler End processing HTTP request after 1086.4787ms - 200
[14:19:16 INF] System.Net.Http.HttpClient.DeepSeek.ClientHandler Received HTTP response headers after 1086.2166ms - 200
[14:19:16 INF] System.Net.Http.HttpClient.DeepSeek.ClientHandler Received HTTP response headers after 1087.6997ms - 200
[14:19:16 INF] System.Net.Http.HttpClient.DeepSeek.LogicalHandler End processing HTTP request after 1086.368ms - 200
[14:19:16 INF] System.Net.Http.HttpClient.DeepSeek.LogicalHandler End processing HTTP request after 1087.9323ms - 200
[14:19:16 INF] System.Net.Http.HttpClient.DeepSeek.ClientHandler Received HTTP response headers after 1085.8399ms - 200
[14:19:16 INF] System.Net.Http.HttpClient.DeepSeek.LogicalHandler End processing HTTP request after 1086.2677ms - 200
[14:19:16 INF] System.Net.Http.HttpClient.DeepSeek.ClientHandler Received HTTP response headers after 1084.8964ms - 200
[14:19:16 INF] System.Net.Http.HttpClient.DeepSeek.LogicalHandler End processing HTTP request after 1085.1482ms - 200
[14:19:16 INF] System.Net.Http.HttpClient.DeepSeek.ClientHandler Received HTTP response headers after 1088.9138ms - 200
[14:19:16 INF] System.Net.Http.HttpClient.DeepSeek.LogicalHandler End processing HTTP request after 1089.2737ms - 200
[14:19:16 INF] System.Net.Http.HttpClient.DeepSeek.ClientHandler Received HTTP response headers after 1104.7062ms - 200
[14:19:16 INF] System.Net.Http.HttpClient.DeepSeek.LogicalHandler End processing HTTP request after 1104.9323ms - 200
[14:19:16 INF] System.Net.Http.HttpClient.DeepSeek.ClientHandler Received HTTP response headers after 1119.0278ms - 200
[14:19:16 INF] System.Net.Http.HttpClient.DeepSeek.LogicalHandler End processing HTTP request after 1119.404ms - 200
[14:19:16 INF] System.Net.Http.HttpClient.DeepSeek.LogicalHandler Start processing HTTP request POST https://api.deepseek.com/chat/completions
[14:19:16 INF] System.Net.Http.HttpClient.DeepSeek.ClientHandler Sending HTTP request POST https://api.deepseek.com/chat/completions
[14:19:17 INF] System.Net.Http.HttpClient.DeepSeek.ClientHandler Received HTTP response headers after 1402.014ms - 200
[14:19:17 INF] System.Net.Http.HttpClient.DeepSeek.LogicalHandler End processing HTTP request after 1402.364ms - 200
[14:19:17 INF] System.Net.Http.HttpClient.DeepSeek.ClientHandler Received HTTP response headers after 291.0429ms - 200
[14:19:17 INF] System.Net.Http.HttpClient.DeepSeek.LogicalHandler End processing HTTP request after 291.3759ms - 200
[14:19:17 INF] System.Net.Http.HttpClient.DeepSeek.LogicalHandler Start processing HTTP request POST https://api.deepseek.com/chat/completions
[14:19:17 INF] System.Net.Http.HttpClient.DeepSeek.ClientHandler Sending HTTP request POST https://api.deepseek.com/chat/completions
[14:19:17 INF] System.Net.Http.HttpClient.DeepSeek.ClientHandler Received HTTP response headers after 291.3127ms - 200
[14:19:17 INF] System.Net.Http.HttpClient.DeepSeek.LogicalHandler End processing HTTP request after 292.1472ms - 200
[14:19:17 INF] System.Net.Http.HttpClient.DeepSeek.LogicalHandler Start processing HTTP request POST https://api.deepseek.com/chat/completions
[14:19:17 INF] System.Net.Http.HttpClient.DeepSeek.ClientHandler Sending HTTP request POST https://api.deepseek.com/chat/completions
[14:19:17 INF] System.Net.Http.HttpClient.DeepSeek.LogicalHandler Start processing HTTP request POST https://api.deepseek.com/chat/completions
[14:19:17 INF] System.Net.Http.HttpClient.DeepSeek.ClientHandler Sending HTTP request POST https://api.deepseek.com/chat/completions
[14:19:17 INF] System.Net.Http.HttpClient.DeepSeek.LogicalHandler Start processing HTTP request POST https://api.deepseek.com/chat/completions
[14:19:17 INF] System.Net.Http.HttpClient.DeepSeek.ClientHandler Sending HTTP request POST https://api.deepseek.com/chat/completions
[14:19:17 INF] System.Net.Http.HttpClient.DeepSeek.LogicalHandler Start processing HTTP request POST https://api.deepseek.com/chat/completions
[14:19:17 INF] System.Net.Http.HttpClient.DeepSeek.ClientHandler Sending HTTP request POST https://api.deepseek.com/chat/completions
[14:19:17 INF] System.Net.Http.HttpClient.DeepSeek.ClientHandler Received HTTP response headers after 286.0973ms - 200
[14:19:17 INF] System.Net.Http.HttpClient.DeepSeek.LogicalHandler End processing HTTP request after 286.7405ms - 200
[14:19:17 INF] System.Net.Http.HttpClient.DeepSeek.ClientHandler Received HTTP response headers after 274.0213ms - 200
[14:19:17 INF] System.Net.Http.HttpClient.DeepSeek.LogicalHandler End processing HTTP request after 274.884ms - 200
[14:19:18 INF] System.Net.Http.HttpClient.DeepSeek.ClientHandler Received HTTP response headers after 298.8427ms - 200
[14:19:18 INF] System.Net.Http.HttpClient.DeepSeek.LogicalHandler End processing HTTP request after 299.3828ms - 200
[14:19:18 INF] System.Net.Http.HttpClient.DeepSeek.LogicalHandler Start processing HTTP request POST https://api.deepseek.com/chat/completions
[14:19:18 INF] System.Net.Http.HttpClient.DeepSeek.ClientHandler Sending HTTP request POST https://api.deepseek.com/chat/completions
[14:19:18 INF] System.Net.Http.HttpClient.DeepSeek.ClientHandler Received HTTP response headers after 320.766ms - 200
[14:19:18 INF] System.Net.Http.HttpClient.DeepSeek.LogicalHandler End processing HTTP request after 321.1801ms - 200
[14:19:18 INF] System.Net.Http.HttpClient.DeepSeek.LogicalHandler Start processing HTTP request POST https://api.deepseek.com/chat/completions
[14:19:18 INF] System.Net.Http.HttpClient.DeepSeek.ClientHandler Sending HTTP request POST https://api.deepseek.com/chat/completions
[14:19:18 INF] System.Net.Http.HttpClient.DeepSeek.LogicalHandler Start processing HTTP request POST https://api.deepseek.com/chat/completions
[14:19:18 INF] System.Net.Http.HttpClient.DeepSeek.ClientHandler Sending HTTP request POST https://api.deepseek.com/chat/completions
[14:19:18 INF] System.Net.Http.HttpClient.DeepSeek.ClientHandler Received HTTP response headers after 295.293ms - 200
[14:19:18 INF] System.Net.Http.HttpClient.DeepSeek.LogicalHandler End processing HTTP request after 295.6827ms - 200
[14:19:18 INF] System.Net.Http.HttpClient.DeepSeek.LogicalHandler Start processing HTTP request POST https://api.deepseek.com/chat/completions
[14:19:18 INF] System.Net.Http.HttpClient.DeepSeek.ClientHandler Sending HTTP request POST https://api.deepseek.com/chat/completions
[14:19:18 INF] System.Net.Http.HttpClient.DeepSeek.ClientHandler Received HTTP response headers after 315.4951ms - 200
[14:19:18 INF] System.Net.Http.HttpClient.DeepSeek.LogicalHandler End processing HTTP request after 315.8356ms - 200
[14:19:18 INF] System.Net.Http.HttpClient.DeepSeek.LogicalHandler Start processing HTTP request POST https://api.deepseek.com/chat/completions
[14:19:18 INF] System.Net.Http.HttpClient.DeepSeek.ClientHandler Sending HTTP request POST https://api.deepseek.com/chat/completions
[14:19:18 INF] System.Net.Http.HttpClient.DeepSeek.LogicalHandler Start processing HTTP request POST https://api.deepseek.com/chat/completions
[14:19:18 INF] System.Net.Http.HttpClient.DeepSeek.ClientHandler Sending HTTP request POST https://api.deepseek.com/chat/completions
[14:19:18 INF] System.Net.Http.HttpClient.DeepSeek.ClientHandler Received HTTP response headers after 288.1421ms - 200
[14:19:18 INF] System.Net.Http.HttpClient.DeepSeek.LogicalHandler End processing HTTP request after 288.6882ms - 200
[14:19:18 INF] System.Net.Http.HttpClient.DeepSeek.LogicalHandler Start processing HTTP request POST https://api.deepseek.com/chat/completions
[14:19:18 INF] System.Net.Http.HttpClient.DeepSeek.ClientHandler Sending HTTP request POST https://api.deepseek.com/chat/completions
[14:19:18 INF] System.Net.Http.HttpClient.DeepSeek.LogicalHandler Start processing HTTP request POST https://api.deepseek.com/chat/completions
[14:19:18 INF] System.Net.Http.HttpClient.DeepSeek.ClientHandler Sending HTTP request POST https://api.deepseek.com/chat/completions
[14:19:18 INF] System.Net.Http.HttpClient.DeepSeek.ClientHandler Received HTTP response headers after 359.5202ms - 200
[14:19:18 INF] System.Net.Http.HttpClient.DeepSeek.LogicalHandler End processing HTTP request after 360.0835ms - 200
[14:19:18 INF] System.Net.Http.HttpClient.DeepSeek.ClientHandler Received HTTP response headers after 293.5597ms - 200
[14:19:18 INF] System.Net.Http.HttpClient.DeepSeek.LogicalHandler End processing HTTP request after 293.7825ms - 200
[14:19:18 INF] System.Net.Http.HttpClient.DeepSeek.ClientHandler Received HTTP response headers after 302.5027ms - 200
[14:19:18 INF] System.Net.Http.HttpClient.DeepSeek.LogicalHandler End processing HTTP request after 302.779ms - 200
[14:19:19 INF] System.Net.Http.HttpClient.DeepSeek.ClientHandler Received HTTP response headers after 306.1668ms - 200
[14:19:19 INF] System.Net.Http.HttpClient.DeepSeek.LogicalHandler End processing HTTP request after 306.8742ms - 200
[14:19:19 INF] System.Net.Http.HttpClient.DeepSeek.ClientHandler Received HTTP response headers after 310.2499ms - 200
[14:19:19 INF] System.Net.Http.HttpClient.DeepSeek.LogicalHandler End processing HTTP request after 310.6584ms - 200
[14:19:19 INF] System.Net.Http.HttpClient.DeepSeek.LogicalHandler Start processing HTTP request POST https://api.deepseek.com/chat/completions
[14:19:19 INF] System.Net.Http.HttpClient.DeepSeek.ClientHandler Sending HTTP request POST https://api.deepseek.com/chat/completions
[14:19:19 INF] System.Net.Http.HttpClient.DeepSeek.LogicalHandler Start processing HTTP request POST https://api.deepseek.com/chat/completions
[14:19:19 INF] System.Net.Http.HttpClient.DeepSeek.ClientHandler Sending HTTP request POST https://api.deepseek.com/chat/completions
[14:19:19 INF] System.Net.Http.HttpClient.DeepSeek.LogicalHandler Start processing HTTP request POST https://api.deepseek.com/chat/completions
[14:19:19 INF] System.Net.Http.HttpClient.DeepSeek.ClientHandler Sending HTTP request POST https://api.deepseek.com/chat/completions
[14:19:19 INF] System.Net.Http.HttpClient.DeepSeek.LogicalHandler Start processing HTTP request POST https://api.deepseek.com/chat/completions
[14:19:19 INF] System.Net.Http.HttpClient.DeepSeek.ClientHandler Sending HTTP request POST https://api.deepseek.com/chat/completions
[14:19:19 INF] System.Net.Http.HttpClient.DeepSeek.LogicalHandler Start processing HTTP request POST https://api.deepseek.com/chat/completions
[14:19:19 INF] System.Net.Http.HttpClient.DeepSeek.ClientHandler Sending HTTP request POST https://api.deepseek.com/chat/completions
[14:19:19 INF] System.Net.Http.HttpClient.DeepSeek.ClientHandler Received HTTP response headers after 324.1849ms - 200
[14:19:19 INF] System.Net.Http.HttpClient.DeepSeek.LogicalHandler End processing HTTP request after 324.8171ms - 200
[14:19:19 INF] System.Net.Http.HttpClient.DeepSeek.LogicalHandler Start processing HTTP request POST https://api.deepseek.com/chat/completions
[14:19:19 INF] System.Net.Http.HttpClient.DeepSeek.ClientHandler Sending HTTP request POST https://api.deepseek.com/chat/completions
[14:19:20 INF] System.Net.Http.HttpClient.DeepSeek.ClientHandler Received HTTP response headers after 287.3592ms - 200
[14:19:20 INF] System.Net.Http.HttpClient.DeepSeek.LogicalHandler End processing HTTP request after 287.8639ms - 200
[14:19:20 INF] System.Net.Http.HttpClient.DeepSeek.ClientHandler Received HTTP response headers after 290.7846ms - 200
[14:19:20 INF] System.Net.Http.HttpClient.DeepSeek.LogicalHandler End processing HTTP request after 291.0935ms - 200
[14:19:20 INF] System.Net.Http.HttpClient.DeepSeek.ClientHandler Received HTTP response headers after 304.4634ms - 200
[14:19:20 INF] System.Net.Http.HttpClient.DeepSeek.LogicalHandler End processing HTTP request after 304.9092ms - 200
[14:19:20 INF] System.Net.Http.HttpClient.DeepSeek.ClientHandler Received HTTP response headers after 297.5798ms - 200
[14:19:20 INF] System.Net.Http.HttpClient.DeepSeek.LogicalHandler End processing HTTP request after 298.072ms - 200
[14:19:20 INF] System.Net.Http.HttpClient.DeepSeek.LogicalHandler Start processing HTTP request POST https://api.deepseek.com/chat/completions
[14:19:20 INF] System.Net.Http.HttpClient.DeepSeek.ClientHandler Sending HTTP request POST https://api.deepseek.com/chat/completions
[14:19:20 INF] System.Net.Http.HttpClient.DeepSeek.LogicalHandler Start processing HTTP request POST https://api.deepseek.com/chat/completions
[14:19:20 INF] System.Net.Http.HttpClient.DeepSeek.ClientHandler Sending HTTP request POST https://api.deepseek.com/chat/completions
[14:19:20 INF] System.Net.Http.HttpClient.DeepSeek.ClientHandler Received HTTP response headers after 299.9992ms - 200
[14:19:20 INF] System.Net.Http.HttpClient.DeepSeek.LogicalHandler End processing HTTP request after 300.5599ms - 200
[14:19:20 INF] System.Net.Http.HttpClient.DeepSeek.ClientHandler Received HTTP response headers after 288.9212ms - 200
[14:19:20 INF] System.Net.Http.HttpClient.DeepSeek.LogicalHandler End processing HTTP request after 289.2591ms - 200
[14:19:20 INF] System.Net.Http.HttpClient.DeepSeek.ClientHandler Received HTTP response headers after 293.4063ms - 200
[14:19:20 INF] System.Net.Http.HttpClient.DeepSeek.LogicalHandler End processing HTTP request after 293.7861ms - 200
[14:19:20 INF] System.Net.Http.HttpClient.DeepSeek.LogicalHandler Start processing HTTP request POST https://api.deepseek.com/chat/completions
[14:19:20 INF] System.Net.Http.HttpClient.DeepSeek.ClientHandler Sending HTTP request POST https://api.deepseek.com/chat/completions
[14:19:20 INF] System.Net.Http.HttpClient.DeepSeek.LogicalHandler Start processing HTTP request POST https://api.deepseek.com/chat/completions
[14:19:20 INF] System.Net.Http.HttpClient.DeepSeek.ClientHandler Sending HTTP request POST https://api.deepseek.com/chat/completions
[14:19:20 INF] System.Net.Http.HttpClient.DeepSeek.LogicalHandler Start processing HTTP request POST https://api.deepseek.com/chat/completions
[14:19:20 INF] System.Net.Http.HttpClient.DeepSeek.ClientHandler Sending HTTP request POST https://api.deepseek.com/chat/completions
[14:19:20 INF] System.Net.Http.HttpClient.DeepSeek.LogicalHandler Start processing HTTP request POST https://api.deepseek.com/chat/completions
[14:19:20 INF] System.Net.Http.HttpClient.DeepSeek.ClientHandler Sending HTTP request POST https://api.deepseek.com/chat/completions
[14:19:21 INF] System.Net.Http.HttpClient.DeepSeek.ClientHandler Received HTTP response headers after 361.935ms - 200
[14:19:21 INF] System.Net.Http.HttpClient.DeepSeek.LogicalHandler End processing HTTP request after 362.492ms - 200
[14:19:21 INF] System.Net.Http.HttpClient.DeepSeek.ClientHandler Received HTTP response headers after 269.9588ms - 200
[14:19:21 INF] System.Net.Http.HttpClient.DeepSeek.LogicalHandler End processing HTTP request after 270.3922ms - 200
[14:19:21 INF] System.Net.Http.HttpClient.DeepSeek.LogicalHandler Start processing HTTP request POST https://api.deepseek.com/chat/completions
[14:19:21 INF] System.Net.Http.HttpClient.DeepSeek.ClientHandler Sending HTTP request POST https://api.deepseek.com/chat/completions
[14:19:21 INF] System.Net.Http.HttpClient.DeepSeek.ClientHandler Received HTTP response headers after 301.004ms - 200
[14:19:21 INF] System.Net.Http.HttpClient.DeepSeek.LogicalHandler End processing HTTP request after 301.3331ms - 200
[14:19:21 INF] System.Net.Http.HttpClient.DeepSeek.ClientHandler Received HTTP response headers after 281.4149ms - 200
[14:19:21 INF] System.Net.Http.HttpClient.DeepSeek.LogicalHandler End processing HTTP request after 281.7306ms - 200
[14:19:21 INF] System.Net.Http.HttpClient.DeepSeek.LogicalHandler Start processing HTTP request POST https://api.deepseek.com/chat/completions
[14:19:21 INF] System.Net.Http.HttpClient.DeepSeek.ClientHandler Sending HTTP request POST https://api.deepseek.com/chat/completions
[14:19:21 INF] System.Net.Http.HttpClient.DeepSeek.LogicalHandler Start processing HTTP request POST https://api.deepseek.com/chat/completions
[14:19:21 INF] System.Net.Http.HttpClient.DeepSeek.ClientHandler Sending HTTP request POST https://api.deepseek.com/chat/completions
[14:19:21 INF] System.Net.Http.HttpClient.DeepSeek.LogicalHandler Start processing HTTP request POST https://api.deepseek.com/chat/completions
[14:19:21 INF] System.Net.Http.HttpClient.DeepSeek.ClientHandler Sending HTTP request POST https://api.deepseek.com/chat/completions
[14:19:21 INF] System.Net.Http.HttpClient.DeepSeek.LogicalHandler Start processing HTTP request POST https://api.deepseek.com/chat/completions
[14:19:21 INF] System.Net.Http.HttpClient.DeepSeek.ClientHandler Sending HTTP request POST https://api.deepseek.com/chat/completions
[14:19:21 INF] System.Net.Http.HttpClient.DeepSeek.ClientHandler Received HTTP response headers after 283.3888ms - 200
[14:19:21 INF] System.Net.Http.HttpClient.DeepSeek.LogicalHandler End processing HTTP request after 283.919ms - 200
[14:19:21 INF] System.Net.Http.HttpClient.DeepSeek.ClientHandler Received HTTP response headers after 290.9542ms - 200
[14:19:21 INF] System.Net.Http.HttpClient.DeepSeek.LogicalHandler End processing HTTP request after 291.1878ms - 200
[14:19:21 INF] System.Net.Http.HttpClient.DeepSeek.LogicalHandler Start processing HTTP request POST https://api.deepseek.com/chat/completions
[14:19:21 INF] System.Net.Http.HttpClient.DeepSeek.ClientHandler Sending HTTP request POST https://api.deepseek.com/chat/completions
[14:19:21 INF] System.Net.Http.HttpClient.DeepSeek.ClientHandler Received HTTP response headers after 283.9047ms - 200
[14:19:21 INF] System.Net.Http.HttpClient.DeepSeek.LogicalHandler End processing HTTP request after 284.4964ms - 200
[14:19:21 INF] System.Net.Http.HttpClient.DeepSeek.ClientHandler Received HTTP response headers after 294.9794ms - 200
[14:19:21 INF] System.Net.Http.HttpClient.DeepSeek.LogicalHandler End processing HTTP request after 295.4209ms - 200
[14:19:21 INF] System.Net.Http.HttpClient.DeepSeek.ClientHandler Received HTTP response headers after 274.7613ms - 200
[14:19:21 INF] System.Net.Http.HttpClient.DeepSeek.LogicalHandler End processing HTTP request after 275.2195ms - 200
[14:19:21 INF] System.Net.Http.HttpClient.DeepSeek.LogicalHandler Start processing HTTP request POST https://api.deepseek.com/chat/completions
[14:19:21 INF] System.Net.Http.HttpClient.DeepSeek.ClientHandler Sending HTTP request POST https://api.deepseek.com/chat/completions
[14:19:21 INF] System.Net.Http.HttpClient.DeepSeek.LogicalHandler Start processing HTTP request POST https://api.deepseek.com/chat/completions
[14:19:21 INF] System.Net.Http.HttpClient.DeepSeek.ClientHandler Sending HTTP request POST https://api.deepseek.com/chat/completions
[14:19:21 INF] System.Net.Http.HttpClient.DeepSeek.ClientHandler Received HTTP response headers after 305.8037ms - 200
[14:19:21 INF] System.Net.Http.HttpClient.DeepSeek.LogicalHandler End processing HTTP request after 306.9147ms - 200
[14:19:22 INF] System.Net.Http.HttpClient.DeepSeek.ClientHandler Received HTTP response headers after 288.0968ms - 200
[14:19:22 INF] System.Net.Http.HttpClient.DeepSeek.LogicalHandler End processing HTTP request after 288.4272ms - 200
[14:19:22 INF] System.Net.Http.HttpClient.DeepSeek.ClientHandler Received HTTP response headers after 282.3299ms - 200
[14:19:22 INF] System.Net.Http.HttpClient.DeepSeek.LogicalHandler End processing HTTP request after 283.1283ms - 200
[14:19:22 INF] System.Net.Http.HttpClient.DeepSeek.LogicalHandler Start processing HTTP request POST https://api.deepseek.com/chat/completions
[14:19:22 INF] System.Net.Http.HttpClient.DeepSeek.ClientHandler Sending HTTP request POST https://api.deepseek.com/chat/completions
[14:19:22 INF] System.Net.Http.HttpClient.DeepSeek.LogicalHandler Start processing HTTP request POST https://api.deepseek.com/chat/completions
[14:19:22 INF] System.Net.Http.HttpClient.DeepSeek.ClientHandler Sending HTTP request POST https://api.deepseek.com/chat/completions
[14:19:22 INF] System.Net.Http.HttpClient.DeepSeek.LogicalHandler Start processing HTTP request POST https://api.deepseek.com/chat/completions
[14:19:22 INF] System.Net.Http.HttpClient.DeepSeek.ClientHandler Sending HTTP request POST https://api.deepseek.com/chat/completions
[14:19:22 INF] System.Net.Http.HttpClient.DeepSeek.LogicalHandler Start processing HTTP request POST https://api.deepseek.com/chat/completions
[14:19:22 INF] System.Net.Http.HttpClient.DeepSeek.ClientHandler Sending HTTP request POST https://api.deepseek.com/chat/completions
[14:19:22 INF] System.Net.Http.HttpClient.DeepSeek.LogicalHandler Start processing HTTP request POST https://api.deepseek.com/chat/completions
[14:19:22 INF] System.Net.Http.HttpClient.DeepSeek.ClientHandler Sending HTTP request POST https://api.deepseek.com/chat/completions
[14:19:22 INF] System.Net.Http.HttpClient.DeepSeek.ClientHandler Received HTTP response headers after 303.7171ms - 200
[14:19:22 INF] System.Net.Http.HttpClient.DeepSeek.LogicalHandler End processing HTTP request after 304.4337ms - 200
[14:19:22 INF] System.Net.Http.HttpClient.DeepSeek.ClientHandler Received HTTP response headers after 312.391ms - 200
[14:19:22 INF] System.Net.Http.HttpClient.DeepSeek.LogicalHandler End processing HTTP request after 312.8392ms - 200
[14:19:22 INF] System.Net.Http.HttpClient.DeepSeek.LogicalHandler Start processing HTTP request POST https://api.deepseek.com/chat/completions
[14:19:22 INF] System.Net.Http.HttpClient.DeepSeek.ClientHandler Sending HTTP request POST https://api.deepseek.com/chat/completions
[14:19:22 INF] System.Net.Http.HttpClient.DeepSeek.ClientHandler Received HTTP response headers after 298.9635ms - 200
[14:19:22 INF] System.Net.Http.HttpClient.DeepSeek.ClientHandler Received HTTP response headers after 288.4951ms - 200
[14:19:22 INF] System.Net.Http.HttpClient.DeepSeek.LogicalHandler End processing HTTP request after 288.7809ms - 200
[14:19:22 INF] System.Net.Http.HttpClient.DeepSeek.LogicalHandler End processing HTTP request after 299.3973ms - 200
[14:19:22 INF] System.Net.Http.HttpClient.DeepSeek.LogicalHandler Start processing HTTP request POST https://api.deepseek.com/chat/completions
[14:19:22 INF] System.Net.Http.HttpClient.DeepSeek.ClientHandler Sending HTTP request POST https://api.deepseek.com/chat/completions
[14:19:22 INF] System.Net.Http.HttpClient.DeepSeek.LogicalHandler Start processing HTTP request POST https://api.deepseek.com/chat/completions
[14:19:22 INF] System.Net.Http.HttpClient.DeepSeek.ClientHandler Sending HTTP request POST https://api.deepseek.com/chat/completions
[14:19:22 INF] System.Net.Http.HttpClient.DeepSeek.ClientHandler Received HTTP response headers after 308.1256ms - 200
[14:19:22 INF] System.Net.Http.HttpClient.DeepSeek.LogicalHandler End processing HTTP request after 308.8635ms - 200
[14:19:22 INF] System.Net.Http.HttpClient.DeepSeek.LogicalHandler Start processing HTTP request POST https://api.deepseek.com/chat/completions
[14:19:22 INF] System.Net.Http.HttpClient.DeepSeek.ClientHandler Sending HTTP request POST https://api.deepseek.com/chat/completions
[14:19:22 INF] System.Net.Http.HttpClient.DeepSeek.ClientHandler Received HTTP response headers after 315.2674ms - 200
[14:19:22 INF] System.Net.Http.HttpClient.DeepSeek.LogicalHandler End processing HTTP request after 320.5864ms - 200
[14:19:23 INF] System.Net.Http.HttpClient.DeepSeek.ClientHandler Received HTTP response headers after 291.476ms - 200
[14:19:23 INF] System.Net.Http.HttpClient.DeepSeek.LogicalHandler End processing HTTP request after 292.0896ms - 200
[14:19:23 INF] System.Net.Http.HttpClient.DeepSeek.ClientHandler Received HTTP response headers after 307.477ms - 200
[14:19:23 INF] System.Net.Http.HttpClient.DeepSeek.LogicalHandler End processing HTTP request after 308.1716ms - 200
[14:19:23 INF] System.Net.Http.HttpClient.DeepSeek.ClientHandler Received HTTP response headers after 276.5789ms - 200
[14:19:23 INF] System.Net.Http.HttpClient.DeepSeek.LogicalHandler End processing HTTP request after 277.4282ms - 200
[14:19:23 INF] System.Net.Http.HttpClient.DeepSeek.LogicalHandler Start processing HTTP request POST https://api.deepseek.com/chat/completions
[14:19:23 INF] System.Net.Http.HttpClient.DeepSeek.ClientHandler Sending HTTP request POST https://api.deepseek.com/chat/completions
[14:19:23 INF] System.Net.Http.HttpClient.DeepSeek.LogicalHandler Start processing HTTP request POST https://api.deepseek.com/chat/completions
[14:19:23 INF] System.Net.Http.HttpClient.DeepSeek.ClientHandler Sending HTTP request POST https://api.deepseek.com/chat/completions
[14:19:23 INF] System.Net.Http.HttpClient.DeepSeek.LogicalHandler Start processing HTTP request POST https://api.deepseek.com/chat/completions
[14:19:23 INF] System.Net.Http.HttpClient.DeepSeek.ClientHandler Sending HTTP request POST https://api.deepseek.com/chat/completions
[14:19:23 INF] System.Net.Http.HttpClient.DeepSeek.LogicalHandler Start processing HTTP request POST https://api.deepseek.com/chat/completions
[14:19:23 INF] System.Net.Http.HttpClient.DeepSeek.ClientHandler Sending HTTP request POST https://api.deepseek.com/chat/completions
[14:19:23 INF] System.Net.Http.HttpClient.DeepSeek.LogicalHandler Start processing HTTP request POST https://api.deepseek.com/chat/completions
[14:19:23 INF] System.Net.Http.HttpClient.DeepSeek.ClientHandler Sending HTTP request POST https://api.deepseek.com/chat/completions
[14:19:23 INF] System.Net.Http.HttpClient.DeepSeek.LogicalHandler Start processing HTTP request POST https://api.deepseek.com/chat/completions
[14:19:23 INF] System.Net.Http.HttpClient.DeepSeek.ClientHandler Sending HTTP request POST https://api.deepseek.com/chat/completions
[14:19:23 INF] System.Net.Http.HttpClient.DeepSeek.ClientHandler Received HTTP response headers after 292.2281ms - 200
[14:19:23 INF] System.Net.Http.HttpClient.DeepSeek.LogicalHandler End processing HTTP request after 293.5534ms - 200
[14:19:23 INF] System.Net.Http.HttpClient.DeepSeek.ClientHandler Received HTTP response headers after 299.3412ms - 200
[14:19:23 INF] System.Net.Http.HttpClient.DeepSeek.LogicalHandler End processing HTTP request after 300.3803ms - 200
[14:19:23 INF] System.Net.Http.HttpClient.DeepSeek.LogicalHandler Start processing HTTP request POST https://api.deepseek.com/chat/completions
[14:19:23 INF] System.Net.Http.HttpClient.DeepSeek.ClientHandler Sending HTTP request POST https://api.deepseek.com/chat/completions
[14:19:23 INF] System.Net.Http.HttpClient.DeepSeek.ClientHandler Received HTTP response headers after 283.8343ms - 200
[14:19:23 INF] System.Net.Http.HttpClient.DeepSeek.LogicalHandler End processing HTTP request after 284.3618ms - 200
[14:19:23 INF] System.Net.Http.HttpClient.DeepSeek.ClientHandler Received HTTP response headers after 297.0023ms - 200
[14:19:23 INF] System.Net.Http.HttpClient.DeepSeek.LogicalHandler End processing HTTP request after 297.7085ms - 200
[14:19:23 INF] System.Net.Http.HttpClient.DeepSeek.LogicalHandler Start processing HTTP request POST https://api.deepseek.com/chat/completions
[14:19:23 INF] System.Net.Http.HttpClient.DeepSeek.ClientHandler Sending HTTP request POST https://api.deepseek.com/chat/completions
[14:19:23 INF] System.Net.Http.HttpClient.DeepSeek.ClientHandler Received HTTP response headers after 277.7711ms - 200
[14:19:23 INF] System.Net.Http.HttpClient.DeepSeek.LogicalHandler End processing HTTP request after 278.239ms - 200
[14:19:23 INF] System.Net.Http.HttpClient.DeepSeek.ClientHandler Received HTTP response headers after 281.4455ms - 200
[14:19:23 INF] System.Net.Http.HttpClient.DeepSeek.LogicalHandler End processing HTTP request after 281.8302ms - 200
[14:19:23 INF] System.Net.Http.HttpClient.DeepSeek.LogicalHandler Start processing HTTP request POST https://api.deepseek.com/chat/completions
[14:19:23 INF] System.Net.Http.HttpClient.DeepSeek.ClientHandler Sending HTTP request POST https://api.deepseek.com/chat/completions
[14:19:24 INF] System.Net.Http.HttpClient.DeepSeek.ClientHandler Received HTTP response headers after 284.792ms - 200
[14:19:24 INF] System.Net.Http.HttpClient.DeepSeek.LogicalHandler End processing HTTP request after 285.3219ms - 200
[14:19:24 INF] System.Net.Http.HttpClient.DeepSeek.LogicalHandler Start processing HTTP request POST https://api.deepseek.com/chat/completions
[14:19:24 INF] System.Net.Http.HttpClient.DeepSeek.ClientHandler Sending HTTP request POST https://api.deepseek.com/chat/completions
[14:19:24 INF] System.Net.Http.HttpClient.DeepSeek.ClientHandler Received HTTP response headers after 283.3963ms - 200
[14:19:24 INF] System.Net.Http.HttpClient.DeepSeek.LogicalHandler End processing HTTP request after 283.9419ms - 200
[14:19:24 INF] System.Net.Http.HttpClient.DeepSeek.ClientHandler Received HTTP response headers after 294.8298ms - 200
[14:19:24 INF] System.Net.Http.HttpClient.DeepSeek.LogicalHandler End processing HTTP request after 295.3463ms - 200
[14:19:24 INF] System.Net.Http.HttpClient.DeepSeek.LogicalHandler Start processing HTTP request POST https://api.deepseek.com/chat/completions
[14:19:24 INF] System.Net.Http.HttpClient.DeepSeek.ClientHandler Sending HTTP request POST https://api.deepseek.com/chat/completions
[14:19:24 INF] System.Net.Http.HttpClient.DeepSeek.LogicalHandler Start processing HTTP request POST https://api.deepseek.com/chat/completions
[14:19:24 INF] System.Net.Http.HttpClient.DeepSeek.ClientHandler Sending HTTP request POST https://api.deepseek.com/chat/completions
[14:19:24 INF] System.Net.Http.HttpClient.DeepSeek.ClientHandler Received HTTP response headers after 284.9207ms - 200
[14:19:24 INF] System.Net.Http.HttpClient.DeepSeek.LogicalHandler End processing HTTP request after 285.2775ms - 200
[14:19:24 INF] System.Net.Http.HttpClient.DeepSeek.ClientHandler Received HTTP response headers after 339.0113ms - 200
[14:19:24 INF] System.Net.Http.HttpClient.DeepSeek.LogicalHandler Start processing HTTP request POST https://api.deepseek.com/chat/completions
[14:19:24 INF] System.Net.Http.HttpClient.DeepSeek.LogicalHandler End processing HTTP request after 339.5248ms - 200
[14:19:24 INF] System.Net.Http.HttpClient.DeepSeek.ClientHandler Received HTTP response headers after 334.4895ms - 200
[14:19:24 INF] System.Net.Http.HttpClient.DeepSeek.LogicalHandler End processing HTTP request after 335.1763ms - 200
[14:19:24 INF] System.Net.Http.HttpClient.DeepSeek.ClientHandler Sending HTTP request POST https://api.deepseek.com/chat/completions
[14:19:24 INF] System.Net.Http.HttpClient.DeepSeek.LogicalHandler Start processing HTTP request POST https://api.deepseek.com/chat/completions
[14:19:24 INF] System.Net.Http.HttpClient.DeepSeek.ClientHandler Sending HTTP request POST https://api.deepseek.com/chat/completions
[14:19:24 INF] System.Net.Http.HttpClient.DeepSeek.LogicalHandler Start processing HTTP request POST https://api.deepseek.com/chat/completions
[14:19:24 INF] System.Net.Http.HttpClient.DeepSeek.ClientHandler Sending HTTP request POST https://api.deepseek.com/chat/completions
[14:19:25 INF] System.Net.Http.HttpClient.DeepSeek.ClientHandler Received HTTP response headers after 408.3425ms - 200
[14:19:25 INF] System.Net.Http.HttpClient.DeepSeek.ClientHandler Received HTTP response headers after 406.8217ms - 200
[14:19:25 INF] System.Net.Http.HttpClient.DeepSeek.LogicalHandler End processing HTTP request after 407.7102ms - 200
[14:19:25 INF] System.Net.Http.HttpClient.DeepSeek.LogicalHandler Start processing HTTP request POST https://api.deepseek.com/chat/completions
[14:19:25 INF] System.Net.Http.HttpClient.DeepSeek.LogicalHandler Start processing HTTP request POST https://api.deepseek.com/chat/completions
[14:19:25 INF] System.Net.Http.HttpClient.DeepSeek.LogicalHandler End processing HTTP request after 409.4858ms - 200
[14:19:25 INF] System.Net.Http.HttpClient.DeepSeek.ClientHandler Received HTTP response headers after 405.755ms - 200
[14:19:25 INF] System.Net.Http.HttpClient.DeepSeek.LogicalHandler End processing HTTP request after 407.3681ms - 200
[14:19:25 INF] System.Net.Http.HttpClient.DeepSeek.ClientHandler Sending HTTP request POST https://api.deepseek.com/chat/completions
[14:19:25 INF] System.Net.Http.HttpClient.DeepSeek.ClientHandler Sending HTTP request POST https://api.deepseek.com/chat/completions
[14:19:25 INF] System.Net.Http.HttpClient.DeepSeek.LogicalHandler Start processing HTTP request POST https://api.deepseek.com/chat/completions
[14:19:25 INF] System.Net.Http.HttpClient.DeepSeek.ClientHandler Sending HTTP request POST https://api.deepseek.com/chat/completions
[14:19:25 INF] System.Net.Http.HttpClient.DeepSeek.LogicalHandler Start processing HTTP request POST https://api.deepseek.com/chat/completions
[14:19:25 INF] System.Net.Http.HttpClient.DeepSeek.ClientHandler Sending HTTP request POST https://api.deepseek.com/chat/completions
[14:19:25 INF] System.Net.Http.HttpClient.DeepSeek.LogicalHandler Start processing HTTP request POST https://api.deepseek.com/chat/completions
[14:19:25 INF] System.Net.Http.HttpClient.DeepSeek.ClientHandler Sending HTTP request POST https://api.deepseek.com/chat/completions
[14:19:25 INF] System.Net.Http.HttpClient.DeepSeek.ClientHandler Received HTTP response headers after 293.1407ms - 200
[14:19:25 INF] System.Net.Http.HttpClient.DeepSeek.LogicalHandler End processing HTTP request after 294.2068ms - 200
[14:19:25 INF] System.Net.Http.HttpClient.DeepSeek.ClientHandler Received HTTP response headers after 306.9004ms - 200
[14:19:25 INF] System.Net.Http.HttpClient.DeepSeek.LogicalHandler End processing HTTP request after 307.9529ms - 200
[14:19:25 INF] System.Net.Http.HttpClient.DeepSeek.ClientHandler Received HTTP response headers after 305.2744ms - 200
[14:19:25 INF] System.Net.Http.HttpClient.DeepSeek.LogicalHandler End processing HTTP request after 305.6044ms - 200
[14:19:25 INF] System.Net.Http.HttpClient.DeepSeek.ClientHandler Received HTTP response headers after 277.1574ms - 200
[14:19:25 INF] System.Net.Http.HttpClient.DeepSeek.LogicalHandler End processing HTTP request after 277.8158ms - 200
[14:19:25 INF] System.Net.Http.HttpClient.DeepSeek.LogicalHandler Start processing HTTP request POST https://api.deepseek.com/chat/completions
[14:19:25 INF] System.Net.Http.HttpClient.DeepSeek.ClientHandler Sending HTTP request POST https://api.deepseek.com/chat/completions
[14:19:25 INF] System.Net.Http.HttpClient.DeepSeek.LogicalHandler Start processing HTTP request POST https://api.deepseek.com/chat/completions
[14:19:25 INF] System.Net.Http.HttpClient.DeepSeek.ClientHandler Sending HTTP request POST https://api.deepseek.com/chat/completions
[14:19:25 INF] System.Net.Http.HttpClient.DeepSeek.ClientHandler Received HTTP response headers after 290.846ms - 200
[14:19:25 INF] System.Net.Http.HttpClient.DeepSeek.LogicalHandler End processing HTTP request after 292.3405ms - 200
[14:19:25 INF] System.Net.Http.HttpClient.DeepSeek.LogicalHandler Start processing HTTP request POST https://api.deepseek.com/chat/completions
[14:19:25 INF] System.Net.Http.HttpClient.DeepSeek.ClientHandler Sending HTTP request POST https://api.deepseek.com/chat/completions
[14:19:25 INF] System.Net.Http.HttpClient.DeepSeek.ClientHandler Received HTTP response headers after 296.2979ms - 200
[14:19:25 INF] System.Net.Http.HttpClient.DeepSeek.LogicalHandler End processing HTTP request after 296.8803ms - 200
[14:19:25 INF] System.Net.Http.HttpClient.DeepSeek.ClientHandler Received HTTP response headers after 303.7832ms - 200
[14:19:25 INF] System.Net.Http.HttpClient.DeepSeek.LogicalHandler End processing HTTP request after 304.315ms - 200
[14:19:25 INF] System.Net.Http.HttpClient.DeepSeek.LogicalHandler Start processing HTTP request POST https://api.deepseek.com/chat/completions
[14:19:25 INF] System.Net.Http.HttpClient.DeepSeek.ClientHandler Sending HTTP request POST https://api.deepseek.com/chat/completions
[14:19:25 INF] System.Net.Http.HttpClient.DeepSeek.LogicalHandler Start processing HTTP request POST https://api.deepseek.com/chat/completions
[14:19:25 INF] System.Net.Http.HttpClient.DeepSeek.ClientHandler Sending HTTP request POST https://api.deepseek.com/chat/completions
[14:19:26 INF] System.Net.Http.HttpClient.DeepSeek.LogicalHandler Start processing HTTP request POST https://api.deepseek.com/chat/completions
[14:19:26 INF] System.Net.Http.HttpClient.DeepSeek.ClientHandler Sending HTTP request POST https://api.deepseek.com/chat/completions
[14:19:26 INF] System.Net.Http.HttpClient.DeepSeek.ClientHandler Received HTTP response headers after 288.4967ms - 200
[14:19:26 INF] System.Net.Http.HttpClient.DeepSeek.LogicalHandler End processing HTTP request after 289.0436ms - 200
[14:19:26 INF] System.Net.Http.HttpClient.DeepSeek.LogicalHandler Start processing HTTP request POST https://api.deepseek.com/chat/completions
[14:19:26 INF] System.Net.Http.HttpClient.DeepSeek.ClientHandler Sending HTTP request POST https://api.deepseek.com/chat/completions
[14:19:26 INF] System.Net.Http.HttpClient.DeepSeek.LogicalHandler Start processing HTTP request POST https://api.deepseek.com/chat/completions
[14:19:26 INF] System.Net.Http.HttpClient.DeepSeek.ClientHandler Sending HTTP request POST https://api.deepseek.com/chat/completions
[14:19:26 INF] System.Net.Http.HttpClient.DeepSeek.ClientHandler Received HTTP response headers after 284.0254ms - 200
[14:19:26 INF] System.Net.Http.HttpClient.DeepSeek.LogicalHandler End processing HTTP request after 284.7271ms - 200
[14:19:26 INF] System.Net.Http.HttpClient.DeepSeek.ClientHandler Received HTTP response headers after 306.3591ms - 200
[14:19:26 INF] System.Net.Http.HttpClient.DeepSeek.LogicalHandler End processing HTTP request after 306.8267ms - 200
[14:19:26 INF] System.Net.Http.HttpClient.DeepSeek.ClientHandler Received HTTP response headers after 286.187ms - 200
[14:19:26 INF] System.Net.Http.HttpClient.DeepSeek.LogicalHandler End processing HTTP request after 286.5958ms - 200
[14:19:26 INF] System.Net.Http.HttpClient.DeepSeek.LogicalHandler Start processing HTTP request POST https://api.deepseek.com/chat/completions
[14:19:26 INF] System.Net.Http.HttpClient.DeepSeek.ClientHandler Sending HTTP request POST https://api.deepseek.com/chat/completions
[14:19:26 INF] System.Net.Http.HttpClient.DeepSeek.ClientHandler Received HTTP response headers after 283.8432ms - 200
[14:19:26 INF] System.Net.Http.HttpClient.DeepSeek.LogicalHandler End processing HTTP request after 284.724ms - 200
[14:19:26 INF] System.Net.Http.HttpClient.DeepSeek.ClientHandler Received HTTP response headers after 290.9392ms - 200
[14:19:26 INF] System.Net.Http.HttpClient.DeepSeek.LogicalHandler End processing HTTP request after 291.422ms - 200
[14:19:26 INF] System.Net.Http.HttpClient.DeepSeek.ClientHandler Received HTTP response headers after 280.9871ms - 200
[14:19:26 INF] System.Net.Http.HttpClient.DeepSeek.LogicalHandler End processing HTTP request after 281.3839ms - 200
[14:19:26 INF] System.Net.Http.HttpClient.DeepSeek.LogicalHandler Start processing HTTP request POST https://api.deepseek.com/chat/completions
[14:19:26 INF] System.Net.Http.HttpClient.DeepSeek.ClientHandler Sending HTTP request POST https://api.deepseek.com/chat/completions
[14:19:26 INF] System.Net.Http.HttpClient.DeepSeek.LogicalHandler Start processing HTTP request POST https://api.deepseek.com/chat/completions
[14:19:26 INF] System.Net.Http.HttpClient.DeepSeek.ClientHandler Sending HTTP request POST https://api.deepseek.com/chat/completions
[14:19:26 INF] System.Net.Http.HttpClient.DeepSeek.LogicalHandler Start processing HTTP request POST https://api.deepseek.com/chat/completions
[14:19:26 INF] System.Net.Http.HttpClient.DeepSeek.ClientHandler Sending HTTP request POST https://api.deepseek.com/chat/completions
[14:19:26 INF] System.Net.Http.HttpClient.DeepSeek.LogicalHandler Start processing HTTP request POST https://api.deepseek.com/chat/completions
[14:19:26 INF] System.Net.Http.HttpClient.DeepSeek.ClientHandler Sending HTTP request POST https://api.deepseek.com/chat/completions
[14:19:26 INF] System.Net.Http.HttpClient.DeepSeek.LogicalHandler Start processing HTTP request POST https://api.deepseek.com/chat/completions
[14:19:26 INF] System.Net.Http.HttpClient.DeepSeek.ClientHandler Sending HTTP request POST https://api.deepseek.com/chat/completions
[14:19:26 INF] System.Net.Http.HttpClient.DeepSeek.LogicalHandler Start processing HTTP request POST https://api.deepseek.com/chat/completions
[14:19:26 INF] System.Net.Http.HttpClient.DeepSeek.ClientHandler Sending HTTP request POST https://api.deepseek.com/chat/completions
[14:19:26 INF] System.Net.Http.HttpClient.DeepSeek.ClientHandler Received HTTP response headers after 299.2625ms - 200
[14:19:26 INF] System.Net.Http.HttpClient.DeepSeek.LogicalHandler End processing HTTP request after 299.776ms - 200
[14:19:26 INF] System.Net.Http.HttpClient.DeepSeek.LogicalHandler Start processing HTTP request POST https://api.deepseek.com/chat/completions
[14:19:26 INF] System.Net.Http.HttpClient.DeepSeek.ClientHandler Sending HTTP request POST https://api.deepseek.com/chat/completions
[14:19:26 INF] System.Net.Http.HttpClient.DeepSeek.ClientHandler Received HTTP response headers after 291.3675ms - 200
[14:19:26 INF] System.Net.Http.HttpClient.DeepSeek.LogicalHandler End processing HTTP request after 291.8209ms - 200
[14:19:27 INF] System.Net.Http.HttpClient.DeepSeek.LogicalHandler Start processing HTTP request POST https://api.deepseek.com/chat/completions
[14:19:27 INF] System.Net.Http.HttpClient.DeepSeek.ClientHandler Sending HTTP request POST https://api.deepseek.com/chat/completions
[14:19:27 INF] System.Net.Http.HttpClient.DeepSeek.LogicalHandler Start processing HTTP request POST https://api.deepseek.com/chat/completions
[14:19:27 INF] System.Net.Http.HttpClient.DeepSeek.ClientHandler Sending HTTP request POST https://api.deepseek.com/chat/completions
[14:19:27 INF] System.Net.Http.HttpClient.DeepSeek.ClientHandler Received HTTP response headers after 313.2197ms - 200
[14:19:27 INF] System.Net.Http.HttpClient.DeepSeek.LogicalHandler End processing HTTP request after 313.6442ms - 200
[14:19:27 INF] System.Net.Http.HttpClient.DeepSeek.ClientHandler Received HTTP response headers after 300.4792ms - 200
[14:19:27 INF] System.Net.Http.HttpClient.DeepSeek.LogicalHandler End processing HTTP request after 301.0209ms - 200
[14:19:27 INF] System.Net.Http.HttpClient.DeepSeek.ClientHandler Received HTTP response headers after 364.8697ms - 200
[14:19:27 INF] System.Net.Http.HttpClient.DeepSeek.LogicalHandler End processing HTTP request after 365.2925ms - 200
[14:19:27 INF] System.Net.Http.HttpClient.DeepSeek.LogicalHandler Start processing HTTP request POST https://api.deepseek.com/chat/completions
[14:19:27 INF] System.Net.Http.HttpClient.DeepSeek.ClientHandler Sending HTTP request POST https://api.deepseek.com/chat/completions
[14:19:27 INF] System.Net.Http.HttpClient.DeepSeek.LogicalHandler Start processing HTTP request POST https://api.deepseek.com/chat/completions
[14:19:27 INF] System.Net.Http.HttpClient.DeepSeek.ClientHandler Sending HTTP request POST https://api.deepseek.com/chat/completions
[14:19:27 INF] System.Net.Http.HttpClient.DeepSeek.ClientHandler Received HTTP response headers after 300.9057ms - 200
[14:19:27 INF] System.Net.Http.HttpClient.DeepSeek.LogicalHandler End processing HTTP request after 304.1783ms - 200
[14:19:27 INF] System.Net.Http.HttpClient.DeepSeek.ClientHandler Received HTTP response headers after 294.3977ms - 200
[14:19:27 INF] System.Net.Http.HttpClient.DeepSeek.LogicalHandler End processing HTTP request after 294.8769ms - 200
[14:19:27 INF] System.Net.Http.HttpClient.DeepSeek.LogicalHandler Start processing HTTP request POST https://api.deepseek.com/chat/completions
[14:19:27 INF] System.Net.Http.HttpClient.DeepSeek.ClientHandler Sending HTTP request POST https://api.deepseek.com/chat/completions
[14:19:27 INF] System.Net.Http.HttpClient.DeepSeek.ClientHandler Received HTTP response headers after 293.4024ms - 200
[14:19:27 INF] System.Net.Http.HttpClient.DeepSeek.LogicalHandler End processing HTTP request after 293.8612ms - 200
[14:19:27 INF] System.Net.Http.HttpClient.DeepSeek.ClientHandler Received HTTP response headers after 306.8132ms - 200
[14:19:27 INF] System.Net.Http.HttpClient.DeepSeek.LogicalHandler End processing HTTP request after 307.4398ms - 200
[14:19:27 INF] System.Net.Http.HttpClient.DeepSeek.LogicalHandler Start processing HTTP request POST https://api.deepseek.com/chat/completions
[14:19:27 INF] System.Net.Http.HttpClient.DeepSeek.ClientHandler Sending HTTP request POST https://api.deepseek.com/chat/completions
[14:19:27 INF] System.Net.Http.HttpClient.DeepSeek.ClientHandler Received HTTP response headers after 281.624ms - 200
[14:19:27 INF] System.Net.Http.HttpClient.DeepSeek.LogicalHandler End processing HTTP request after 282.5799ms - 200
[14:19:27 INF] System.Net.Http.HttpClient.DeepSeek.ClientHandler Received HTTP response headers after 284.7336ms - 200
[14:19:27 INF] System.Net.Http.HttpClient.DeepSeek.LogicalHandler End processing HTTP request after 285.2924ms - 200
[14:19:27 INF] System.Net.Http.HttpClient.DeepSeek.LogicalHandler Start processing HTTP request POST https://api.deepseek.com/chat/completions
[14:19:27 INF] System.Net.Http.HttpClient.DeepSeek.ClientHandler Sending HTTP request POST https://api.deepseek.com/chat/completions
[14:19:27 INF] System.Net.Http.HttpClient.DeepSeek.LogicalHandler Start processing HTTP request POST https://api.deepseek.com/chat/completions
[14:19:27 INF] System.Net.Http.HttpClient.DeepSeek.ClientHandler Sending HTTP request POST https://api.deepseek.com/chat/completions
[14:19:27 INF] System.Net.Http.HttpClient.DeepSeek.ClientHandler Received HTTP response headers after 281.0564ms - 200
[14:19:27 INF] System.Net.Http.HttpClient.DeepSeek.LogicalHandler End processing HTTP request after 281.6755ms - 200
[14:19:27 INF] System.Net.Http.HttpClient.DeepSeek.ClientHandler Received HTTP response headers after 286.6167ms - 200
[14:19:27 INF] System.Net.Http.HttpClient.DeepSeek.LogicalHandler End processing HTTP request after 287.1311ms - 200
[14:19:27 INF] System.Net.Http.HttpClient.DeepSeek.ClientHandler Received HTTP response headers after 283.3962ms - 200
[14:19:27 INF] System.Net.Http.HttpClient.DeepSeek.LogicalHandler End processing HTTP request after 283.8802ms - 200
[14:19:27 INF] System.Net.Http.HttpClient.DeepSeek.ClientHandler Received HTTP response headers after 290.293ms - 200
[14:19:27 INF] System.Net.Http.HttpClient.DeepSeek.LogicalHandler End processing HTTP request after 290.7704ms - 200
[14:19:27 INF] System.Net.Http.HttpClient.DeepSeek.LogicalHandler Start processing HTTP request POST https://api.deepseek.com/chat/completions
[14:19:27 INF] System.Net.Http.HttpClient.DeepSeek.ClientHandler Sending HTTP request POST https://api.deepseek.com/chat/completions
[14:19:27 INF] System.Net.Http.HttpClient.DeepSeek.LogicalHandler Start processing HTTP request POST https://api.deepseek.com/chat/completions
[14:19:27 INF] System.Net.Http.HttpClient.DeepSeek.ClientHandler Sending HTTP request POST https://api.deepseek.com/chat/completions
[14:19:27 INF] System.Net.Http.HttpClient.DeepSeek.LogicalHandler Start processing HTTP request POST https://api.deepseek.com/chat/completions
[14:19:27 INF] System.Net.Http.HttpClient.DeepSeek.ClientHandler Sending HTTP request POST https://api.deepseek.com/chat/completions
[14:19:28 INF] System.Net.Http.HttpClient.DeepSeek.LogicalHandler Start processing HTTP request POST https://api.deepseek.com/chat/completions
[14:19:28 INF] System.Net.Http.HttpClient.DeepSeek.ClientHandler Sending HTTP request POST https://api.deepseek.com/chat/completions
[14:19:28 INF] System.Net.Http.HttpClient.DeepSeek.ClientHandler Received HTTP response headers after 295.8497ms - 200
[14:19:28 INF] System.Net.Http.HttpClient.DeepSeek.LogicalHandler End processing HTTP request after 296.5644ms - 200
[14:19:28 INF] System.Net.Http.HttpClient.DeepSeek.ClientHandler Received HTTP response headers after 281.1947ms - 200
[14:19:28 INF] System.Net.Http.HttpClient.DeepSeek.LogicalHandler End processing HTTP request after 282.0938ms - 200
[14:19:28 INF] System.Net.Http.HttpClient.DeepSeek.ClientHandler Received HTTP response headers after 293.569ms - 200
[14:19:28 INF] System.Net.Http.HttpClient.DeepSeek.LogicalHandler End processing HTTP request after 294.3012ms - 200
[14:19:28 INF] System.Net.Http.HttpClient.DeepSeek.LogicalHandler Start processing HTTP request POST https://api.deepseek.com/chat/completions
[14:19:28 INF] System.Net.Http.HttpClient.DeepSeek.ClientHandler Sending HTTP request POST https://api.deepseek.com/chat/completions
[14:19:28 INF] System.Net.Http.HttpClient.DeepSeek.LogicalHandler Start processing HTTP request POST https://api.deepseek.com/chat/completions
[14:19:28 INF] System.Net.Http.HttpClient.DeepSeek.ClientHandler Sending HTTP request POST https://api.deepseek.com/chat/completions
[14:19:28 INF] System.Net.Http.HttpClient.DeepSeek.LogicalHandler Start processing HTTP request POST https://api.deepseek.com/chat/completions
[14:19:28 INF] System.Net.Http.HttpClient.DeepSeek.ClientHandler Sending HTTP request POST https://api.deepseek.com/chat/completions
[14:19:28 INF] System.Net.Http.HttpClient.DeepSeek.ClientHandler Received HTTP response headers after 302.5773ms - 200
[14:19:28 INF] System.Net.Http.HttpClient.DeepSeek.LogicalHandler End processing HTTP request after 303.2773ms - 200
[14:19:28 INF] System.Net.Http.HttpClient.DeepSeek.LogicalHandler Start processing HTTP request POST https://api.deepseek.com/chat/completions
[14:19:28 INF] System.Net.Http.HttpClient.DeepSeek.ClientHandler Sending HTTP request POST https://api.deepseek.com/chat/completions
[14:19:28 INF] System.Net.Http.HttpClient.DeepSeek.ClientHandler Received HTTP response headers after 296.8087ms - 200
[14:19:28 INF] System.Net.Http.HttpClient.DeepSeek.LogicalHandler End processing HTTP request after 297.2432ms - 200
[14:19:28 INF] System.Net.Http.HttpClient.DeepSeek.ClientHandler Received HTTP response headers after 305.2324ms - 200
[14:19:28 INF] System.Net.Http.HttpClient.DeepSeek.LogicalHandler End processing HTTP request after 306.8218ms - 200
[14:19:28 INF] System.Net.Http.HttpClient.DeepSeek.ClientHandler Received HTTP response headers after 295.354ms - 200
[14:19:28 INF] System.Net.Http.HttpClient.DeepSeek.LogicalHandler End processing HTTP request after 295.7399ms - 200
[14:19:28 INF] System.Net.Http.HttpClient.DeepSeek.LogicalHandler Start processing HTTP request POST https://api.deepseek.com/chat/completions
[14:19:28 INF] System.Net.Http.HttpClient.DeepSeek.ClientHandler Sending HTTP request POST https://api.deepseek.com/chat/completions
[14:19:28 INF] System.Net.Http.HttpClient.DeepSeek.LogicalHandler Start processing HTTP request POST https://api.deepseek.com/chat/completions
[14:19:28 INF] System.Net.Http.HttpClient.DeepSeek.ClientHandler Sending HTTP request POST https://api.deepseek.com/chat/completions
[14:19:28 INF] System.Net.Http.HttpClient.DeepSeek.LogicalHandler Start processing HTTP request POST https://api.deepseek.com/chat/completions
[14:19:28 INF] System.Net.Http.HttpClient.DeepSeek.ClientHandler Sending HTTP request POST https://api.deepseek.com/chat/completions
[14:19:28 INF] System.Net.Http.HttpClient.DeepSeek.ClientHandler Received HTTP response headers after 289.6602ms - 200
[14:19:28 INF] System.Net.Http.HttpClient.DeepSeek.LogicalHandler End processing HTTP request after 289.9831ms - 200
[14:19:28 INF] System.Net.Http.HttpClient.DeepSeek.LogicalHandler Start processing HTTP request POST https://api.deepseek.com/chat/completions
[14:19:28 INF] System.Net.Http.HttpClient.DeepSeek.ClientHandler Sending HTTP request POST https://api.deepseek.com/chat/completions
[14:19:29 INF] System.Net.Http.HttpClient.DeepSeek.ClientHandler Received HTTP response headers after 292.1037ms - 200
[14:19:29 INF] System.Net.Http.HttpClient.DeepSeek.LogicalHandler End processing HTTP request after 292.8157ms - 200
[14:19:29 INF] System.Net.Http.HttpClient.DeepSeek.ClientHandler Received HTTP response headers after 308.5866ms - 200
[14:19:29 INF] System.Net.Http.HttpClient.DeepSeek.LogicalHandler End processing HTTP request after 309.1667ms - 200
[14:19:29 INF] System.Net.Http.HttpClient.DeepSeek.ClientHandler Received HTTP response headers after 300.1752ms - 200
[14:19:29 INF] System.Net.Http.HttpClient.DeepSeek.LogicalHandler End processing HTTP request after 300.9575ms - 200
[14:19:29 INF] System.Net.Http.HttpClient.DeepSeek.ClientHandler Received HTTP response headers after 283.4539ms - 200
[14:19:29 INF] System.Net.Http.HttpClient.DeepSeek.LogicalHandler End processing HTTP request after 284.022ms - 200
[14:19:29 INF] System.Net.Http.HttpClient.DeepSeek.LogicalHandler Start processing HTTP request POST https://api.deepseek.com/chat/completions
[14:19:29 INF] System.Net.Http.HttpClient.DeepSeek.ClientHandler Sending HTTP request POST https://api.deepseek.com/chat/completions
[14:19:29 INF] System.Net.Http.HttpClient.DeepSeek.ClientHandler Received HTTP response headers after 334.0859ms - 200
[14:19:29 INF] System.Net.Http.HttpClient.DeepSeek.LogicalHandler End processing HTTP request after 334.6499ms - 200
[14:19:29 INF] System.Net.Http.HttpClient.DeepSeek.LogicalHandler Start processing HTTP request POST https://api.deepseek.com/chat/completions
[14:19:29 INF] System.Net.Http.HttpClient.DeepSeek.ClientHandler Sending HTTP request POST https://api.deepseek.com/chat/completions
[14:19:29 INF] System.Net.Http.HttpClient.DeepSeek.LogicalHandler Start processing HTTP request POST https://api.deepseek.com/chat/completions
[14:19:29 INF] System.Net.Http.HttpClient.DeepSeek.ClientHandler Sending HTTP request POST https://api.deepseek.com/chat/completions
[14:19:29 INF] System.Net.Http.HttpClient.DeepSeek.LogicalHandler Start processing HTTP request POST https://api.deepseek.com/chat/completions
[14:19:29 INF] System.Net.Http.HttpClient.DeepSeek.ClientHandler Sending HTTP request POST https://api.deepseek.com/chat/completions
[14:19:30 INF] System.Net.Http.HttpClient.DeepSeek.LogicalHandler Start processing HTTP request POST https://api.deepseek.com/chat/completions
[14:19:30 INF] System.Net.Http.HttpClient.DeepSeek.ClientHandler Sending HTTP request POST https://api.deepseek.com/chat/completions
[14:19:30 INF] System.Net.Http.HttpClient.DeepSeek.ClientHandler Received HTTP response headers after 303.581ms - 200
[14:19:30 INF] System.Net.Http.HttpClient.DeepSeek.LogicalHandler End processing HTTP request after 304.3031ms - 200
[14:19:30 INF] System.Net.Http.HttpClient.DeepSeek.ClientHandler Received HTTP response headers after 280.9481ms - 200
[14:19:30 INF] System.Net.Http.HttpClient.DeepSeek.LogicalHandler End processing HTTP request after 281.3489ms - 200
[14:19:30 INF] System.Net.Http.HttpClient.DeepSeek.ClientHandler Received HTTP response headers after 286.2142ms - 200
[14:19:30 INF] System.Net.Http.HttpClient.DeepSeek.LogicalHandler End processing HTTP request after 289.9902ms - 200
[14:19:30 INF] System.Net.Http.HttpClient.DeepSeek.LogicalHandler Start processing HTTP request POST https://api.deepseek.com/chat/completions
[14:19:30 INF] System.Net.Http.HttpClient.DeepSeek.ClientHandler Sending HTTP request POST https://api.deepseek.com/chat/completions
[14:19:30 INF] System.Net.Http.HttpClient.DeepSeek.LogicalHandler Start processing HTTP request POST https://api.deepseek.com/chat/completions
[14:19:30 INF] System.Net.Http.HttpClient.DeepSeek.ClientHandler Sending HTTP request POST https://api.deepseek.com/chat/completions
[14:19:30 INF] System.Net.Http.HttpClient.DeepSeek.LogicalHandler Start processing HTTP request POST https://api.deepseek.com/chat/completions
[14:19:30 INF] System.Net.Http.HttpClient.DeepSeek.ClientHandler Sending HTTP request POST https://api.deepseek.com/chat/completions
[14:19:30 INF] System.Net.Http.HttpClient.DeepSeek.ClientHandler Received HTTP response headers after 305.5049ms - 200
[14:19:30 INF] System.Net.Http.HttpClient.DeepSeek.LogicalHandler End processing HTTP request after 306.5664ms - 200
[14:19:30 INF] System.Net.Http.HttpClient.DeepSeek.LogicalHandler Start processing HTTP request POST https://api.deepseek.com/chat/completions
[14:19:30 INF] System.Net.Http.HttpClient.DeepSeek.ClientHandler Sending HTTP request POST https://api.deepseek.com/chat/completions
[14:19:30 INF] System.Net.Http.HttpClient.DeepSeek.ClientHandler Received HTTP response headers after 285.553ms - 200
[14:19:30 INF] System.Net.Http.HttpClient.DeepSeek.LogicalHandler End processing HTTP request after 285.9738ms - 200
[14:19:30 INF] System.Net.Http.HttpClient.DeepSeek.ClientHandler Received HTTP response headers after 302.976ms - 200
[14:19:30 INF] System.Net.Http.HttpClient.DeepSeek.LogicalHandler End processing HTTP request after 303.2652ms - 200
[14:19:30 INF] System.Net.Http.HttpClient.DeepSeek.ClientHandler Received HTTP response headers after 297.8052ms - 200
[14:19:30 INF] System.Net.Http.HttpClient.DeepSeek.LogicalHandler End processing HTTP request after 298.2251ms - 200
[14:19:30 INF] System.Net.Http.HttpClient.DeepSeek.ClientHandler Received HTTP response headers after 307.9452ms - 200
[14:19:30 INF] System.Net.Http.HttpClient.DeepSeek.LogicalHandler End processing HTTP request after 308.4292ms - 200
[14:19:31 INF] System.Net.Http.HttpClient.DeepSeek.LogicalHandler Start processing HTTP request POST https://api.deepseek.com/chat/completions
[14:19:31 INF] System.Net.Http.HttpClient.DeepSeek.ClientHandler Sending HTTP request POST https://api.deepseek.com/chat/completions
[14:19:31 INF] System.Net.Http.HttpClient.DeepSeek.LogicalHandler Start processing HTTP request POST https://api.deepseek.com/chat/completions
[14:19:31 INF] System.Net.Http.HttpClient.DeepSeek.ClientHandler Sending HTTP request POST https://api.deepseek.com/chat/completions
[14:19:31 INF] System.Net.Http.HttpClient.DeepSeek.ClientHandler Received HTTP response headers after 358.3722ms - 200
[14:19:31 INF] System.Net.Http.HttpClient.DeepSeek.LogicalHandler End processing HTTP request after 358.8503ms - 200
[14:19:31 INF] System.Net.Http.HttpClient.DeepSeek.LogicalHandler Start processing HTTP request POST https://api.deepseek.com/chat/completions
[14:19:31 INF] System.Net.Http.HttpClient.DeepSeek.ClientHandler Sending HTTP request POST https://api.deepseek.com/chat/completions
[14:19:31 INF] System.Net.Http.HttpClient.DeepSeek.ClientHandler Received HTTP response headers after 275.1681ms - 200
[14:19:31 INF] System.Net.Http.HttpClient.DeepSeek.LogicalHandler End processing HTTP request after 275.6294ms - 200
[14:19:31 INF] System.Net.Http.HttpClient.DeepSeek.LogicalHandler Start processing HTTP request POST https://api.deepseek.com/chat/completions
[14:19:31 INF] System.Net.Http.HttpClient.DeepSeek.ClientHandler Sending HTTP request POST https://api.deepseek.com/chat/completions
[14:19:31 INF] System.Net.Http.HttpClient.DeepSeek.ClientHandler Received HTTP response headers after 292.4308ms - 200
[14:19:31 INF] System.Net.Http.HttpClient.DeepSeek.LogicalHandler End processing HTTP request after 293.1519ms - 200
[14:19:32 INF] System.Net.Http.HttpClient.DeepSeek.ClientHandler Received HTTP response headers after 285.2141ms - 200
[14:19:32 INF] System.Net.Http.HttpClient.DeepSeek.LogicalHandler End processing HTTP request after 285.9441ms - 200
[14:19:32 INF] System.Net.Http.HttpClient.DeepSeek.LogicalHandler Start processing HTTP request POST https://api.deepseek.com/chat/completions
[14:19:32 INF] System.Net.Http.HttpClient.DeepSeek.ClientHandler Sending HTTP request POST https://api.deepseek.com/chat/completions
[14:19:32 INF] System.Net.Http.HttpClient.DeepSeek.ClientHandler Received HTTP response headers after 306.6747ms - 200
[14:19:32 INF] System.Net.Http.HttpClient.DeepSeek.LogicalHandler End processing HTTP request after 307.8226ms - 200
[14:19:38 INF] System.Net.Http.HttpClient.DeepSeek.LogicalHandler Start processing HTTP request POST https://api.deepseek.com/chat/completions
[14:19:38 INF] System.Net.Http.HttpClient.DeepSeek.ClientHandler Sending HTTP request POST https://api.deepseek.com/chat/completions
[14:19:38 INF] System.Net.Http.HttpClient.DeepSeek.ClientHandler Received HTTP response headers after 292.5091ms - 200
[14:19:38 INF] System.Net.Http.HttpClient.DeepSeek.LogicalHandler End processing HTTP request after 294.3265ms - 200
[14:19:41 INF] System.Net.Http.HttpClient.DeepSeek.LogicalHandler Start processing HTTP request POST https://api.deepseek.com/chat/completions
[14:19:41 INF] System.Net.Http.HttpClient.DeepSeek.ClientHandler Sending HTTP request POST https://api.deepseek.com/chat/completions
[14:19:41 INF] System.Net.Http.HttpClient.DeepSeek.ClientHandler Received HTTP response headers after 299.1292ms - 200
[14:19:41 INF] System.Net.Http.HttpClient.DeepSeek.LogicalHandler End processing HTTP request after 299.6272ms - 200
[14:20:15 INF] System.Net.Http.HttpClient.DeepSeek.LogicalHandler Start processing HTTP request POST https://api.deepseek.com/chat/completions
[14:20:15 INF] System.Net.Http.HttpClient.DeepSeek.ClientHandler Sending HTTP request POST https://api.deepseek.com/chat/completions
[14:20:15 INF] System.Net.Http.HttpClient.DeepSeek.ClientHandler Received HTTP response headers after 330.0105ms - 200
[14:20:15 INF] System.Net.Http.HttpClient.DeepSeek.LogicalHandler End processing HTTP request after 331.3996ms - 200
[14:44:20 INF] System.Net.Http.HttpClient.IStockApiClient.LogicalHandler Start processing HTTP request GET https://data.sec.gov/submissions/CIK0001375365.json
[14:44:20 INF] System.Net.Http.HttpClient.IStockApiClient.ClientHandler Sending HTTP request GET https://data.sec.gov/submissions/CIK0001375365.json
[14:44:20 INF] System.Net.Http.HttpClient.IStockApiClient.ClientHandler Received HTTP response headers after 389.5322ms - 200
[14:44:20 INF] System.Net.Http.HttpClient.IStockApiClient.LogicalHandler End processing HTTP request after 391.2817ms - 200
[14:44:31 INF] System.Net.Http.HttpClient.DeepSeek.LogicalHandler Start processing HTTP request POST https://api.deepseek.com/chat/completions
[14:44:31 INF] System.Net.Http.HttpClient.DeepSeek.ClientHandler Sending HTTP request POST https://api.deepseek.com/chat/completions
[14:44:31 INF] System.Net.Http.HttpClient.DeepSeek.LogicalHandler Start processing HTTP request POST https://api.deepseek.com/chat/completions
[14:44:31 INF] System.Net.Http.HttpClient.DeepSeek.ClientHandler Sending HTTP request POST https://api.deepseek.com/chat/completions
[14:44:31 INF] System.Net.Http.HttpClient.DeepSeek.LogicalHandler Start processing HTTP request POST https://api.deepseek.com/chat/completions
[14:44:31 INF] System.Net.Http.HttpClient.DeepSeek.ClientHandler Sending HTTP request POST https://api.deepseek.com/chat/completions
[14:44:31 INF] System.Net.Http.HttpClient.DeepSeek.LogicalHandler Start processing HTTP request POST https://api.deepseek.com/chat/completions
[14:44:31 INF] System.Net.Http.HttpClient.DeepSeek.ClientHandler Sending HTTP request POST https://api.deepseek.com/chat/completions
[14:44:31 INF] System.Net.Http.HttpClient.DeepSeek.LogicalHandler Start processing HTTP request POST https://api.deepseek.com/chat/completions
[14:44:31 INF] System.Net.Http.HttpClient.DeepSeek.ClientHandler Sending HTTP request POST https://api.deepseek.com/chat/completions
[14:44:31 INF] System.Net.Http.HttpClient.DeepSeek.LogicalHandler Start processing HTTP request POST https://api.deepseek.com/chat/completions
[14:44:31 INF] System.Net.Http.HttpClient.DeepSeek.ClientHandler Sending HTTP request POST https://api.deepseek.com/chat/completions
[14:44:32 INF] System.Net.Http.HttpClient.DeepSeek.ClientHandler Received HTTP response headers after 621.9273ms - 200
[14:44:32 INF] System.Net.Http.HttpClient.DeepSeek.LogicalHandler End processing HTTP request after 622.5532ms - 200
[14:44:32 INF] System.Net.Http.HttpClient.DeepSeek.ClientHandler Received HTTP response headers after 630.6549ms - 200
[14:44:32 INF] System.Net.Http.HttpClient.DeepSeek.LogicalHandler End processing HTTP request after 630.9631ms - 200
[14:44:32 INF] System.Net.Http.HttpClient.DeepSeek.ClientHandler Received HTTP response headers after 631.5343ms - 200
[14:44:32 INF] System.Net.Http.HttpClient.DeepSeek.LogicalHandler End processing HTTP request after 631.827ms - 200
[14:44:32 INF] System.Net.Http.HttpClient.DeepSeek.ClientHandler Received HTTP response headers after 635.514ms - 200
[14:44:32 INF] System.Net.Http.HttpClient.DeepSeek.LogicalHandler End processing HTTP request after 635.9979ms - 200
[14:44:32 INF] System.Net.Http.HttpClient.DeepSeek.ClientHandler Received HTTP response headers after 639.8377ms - 200
[14:44:32 INF] System.Net.Http.HttpClient.DeepSeek.LogicalHandler End processing HTTP request after 640.1492ms - 200
[14:44:32 INF] System.Net.Http.HttpClient.DeepSeek.ClientHandler Received HTTP response headers after 646.1825ms - 200
[14:44:32 INF] System.Net.Http.HttpClient.DeepSeek.LogicalHandler End processing HTTP request after 646.6209ms - 200
[14:44:33 INF] System.Net.Http.HttpClient.DeepSeek.LogicalHandler Start processing HTTP request POST https://api.deepseek.com/chat/completions
[14:44:33 INF] System.Net.Http.HttpClient.DeepSeek.ClientHandler Sending HTTP request POST https://api.deepseek.com/chat/completions
[14:44:33 INF] System.Net.Http.HttpClient.DeepSeek.ClientHandler Received HTTP response headers after 303.4428ms - 200
[14:44:33 INF] System.Net.Http.HttpClient.DeepSeek.LogicalHandler End processing HTTP request after 305.937ms - 200
[14:44:34 INF] System.Net.Http.HttpClient.DeepSeek.LogicalHandler Start processing HTTP request POST https://api.deepseek.com/chat/completions
[14:44:34 INF] System.Net.Http.HttpClient.DeepSeek.ClientHandler Sending HTTP request POST https://api.deepseek.com/chat/completions
[14:44:34 INF] System.Net.Http.HttpClient.DeepSeek.ClientHandler Received HTTP response headers after 311.7657ms - 200
[14:44:34 INF] System.Net.Http.HttpClient.DeepSeek.LogicalHandler End processing HTTP request after 314.5023ms - 200
[14:44:34 INF] System.Net.Http.HttpClient.DeepSeek.LogicalHandler Start processing HTTP request POST https://api.deepseek.com/chat/completions
[14:44:34 INF] System.Net.Http.HttpClient.DeepSeek.ClientHandler Sending HTTP request POST https://api.deepseek.com/chat/completions
[14:44:34 INF] System.Net.Http.HttpClient.DeepSeek.LogicalHandler Start processing HTTP request POST https://api.deepseek.com/chat/completions
[14:44:34 INF] System.Net.Http.HttpClient.DeepSeek.ClientHandler Sending HTTP request POST https://api.deepseek.com/chat/completions
[14:44:34 INF] System.Net.Http.HttpClient.DeepSeek.ClientHandler Received HTTP response headers after 295.0584ms - 200
[14:44:34 INF] System.Net.Http.HttpClient.DeepSeek.LogicalHandler End processing HTTP request after 295.8373ms - 200
[14:44:35 INF] System.Net.Http.HttpClient.DeepSeek.ClientHandler Received HTTP response headers after 291.0967ms - 200
[14:44:35 INF] System.Net.Http.HttpClient.DeepSeek.LogicalHandler End processing HTTP request after 292.5921ms - 200
[14:44:35 INF] System.Net.Http.HttpClient.DeepSeek.LogicalHandler Start processing HTTP request POST https://api.deepseek.com/chat/completions
[14:44:35 INF] System.Net.Http.HttpClient.DeepSeek.ClientHandler Sending HTTP request POST https://api.deepseek.com/chat/completions
[14:44:36 INF] System.Net.Http.HttpClient.DeepSeek.ClientHandler Received HTTP response headers after 335.7681ms - 200
[14:44:36 INF] System.Net.Http.HttpClient.DeepSeek.LogicalHandler End processing HTTP request after 336.3925ms - 200
[14:44:36 INF] System.Net.Http.HttpClient.DeepSeek.LogicalHandler Start processing HTTP request POST https://api.deepseek.com/chat/completions
[14:44:36 INF] System.Net.Http.HttpClient.DeepSeek.ClientHandler Sending HTTP request POST https://api.deepseek.com/chat/completions
[14:44:36 INF] System.Net.Http.HttpClient.DeepSeek.ClientHandler Received HTTP response headers after 331.5682ms - 200
[14:44:36 INF] System.Net.Http.HttpClient.DeepSeek.LogicalHandler End processing HTTP request after 332.4059ms - 200
[14:44:37 INF] System.Net.Http.HttpClient.DeepSeek.LogicalHandler Start processing HTTP request POST https://api.deepseek.com/chat/completions
[14:44:37 INF] System.Net.Http.HttpClient.DeepSeek.ClientHandler Sending HTTP request POST https://api.deepseek.com/chat/completions
[14:44:37 INF] System.Net.Http.HttpClient.DeepSeek.ClientHandler Received HTTP response headers after 281.5731ms - 200
[14:44:37 INF] System.Net.Http.HttpClient.DeepSeek.LogicalHandler End processing HTTP request after 282.748ms - 200
[14:44:37 INF] System.Net.Http.HttpClient.DeepSeek.LogicalHandler Start processing HTTP request POST https://api.deepseek.com/chat/completions
[14:44:37 INF] System.Net.Http.HttpClient.DeepSeek.ClientHandler Sending HTTP request POST https://api.deepseek.com/chat/completions
[14:44:38 INF] System.Net.Http.HttpClient.DeepSeek.ClientHandler Received HTTP response headers after 295.2632ms - 200
[14:44:38 INF] System.Net.Http.HttpClient.DeepSeek.LogicalHandler End processing HTTP request after 295.7617ms - 200
[14:44:38 INF] System.Net.Http.HttpClient.DeepSeek.LogicalHandler Start processing HTTP request POST https://api.deepseek.com/chat/completions
[14:44:38 INF] System.Net.Http.HttpClient.DeepSeek.ClientHandler Sending HTTP request POST https://api.deepseek.com/chat/completions
[14:44:39 INF] System.Net.Http.HttpClient.DeepSeek.ClientHandler Received HTTP response headers after 285.7588ms - 200
[14:44:39 INF] System.Net.Http.HttpClient.DeepSeek.LogicalHandler End processing HTTP request after 286.3319ms - 200
[14:44:39 INF] System.Net.Http.HttpClient.DeepSeek.LogicalHandler Start processing HTTP request POST https://api.deepseek.com/chat/completions
[14:44:39 INF] System.Net.Http.HttpClient.DeepSeek.ClientHandler Sending HTTP request POST https://api.deepseek.com/chat/completions
[14:44:39 INF] System.Net.Http.HttpClient.DeepSeek.ClientHandler Received HTTP response headers after 323.0248ms - 200
[14:44:39 INF] System.Net.Http.HttpClient.DeepSeek.LogicalHandler End processing HTTP request after 323.6483ms - 200
[14:44:40 INF] System.Net.Http.HttpClient.DeepSeek.LogicalHandler Start processing HTTP request POST https://api.deepseek.com/chat/completions
[14:44:40 INF] System.Net.Http.HttpClient.DeepSeek.ClientHandler Sending HTTP request POST https://api.deepseek.com/chat/completions
[14:44:40 INF] System.Net.Http.HttpClient.DeepSeek.ClientHandler Received HTTP response headers after 368.4392ms - 200
[14:44:40 INF] System.Net.Http.HttpClient.DeepSeek.LogicalHandler End processing HTTP request after 368.7966ms - 200
[14:44:41 INF] System.Net.Http.HttpClient.DeepSeek.LogicalHandler Start processing HTTP request POST https://api.deepseek.com/chat/completions
[14:44:41 INF] System.Net.Http.HttpClient.DeepSeek.ClientHandler Sending HTTP request POST https://api.deepseek.com/chat/completions
[14:44:41 INF] System.Net.Http.HttpClient.DeepSeek.LogicalHandler Start processing HTTP request POST https://api.deepseek.com/chat/completions
[14:44:41 INF] System.Net.Http.HttpClient.DeepSeek.ClientHandler Sending HTTP request POST https://api.deepseek.com/chat/completions
[14:44:41 INF] System.Net.Http.HttpClient.DeepSeek.ClientHandler Received HTTP response headers after 300.8104ms - 200
[14:44:41 INF] System.Net.Http.HttpClient.DeepSeek.LogicalHandler End processing HTTP request after 301.2131ms - 200
[14:44:42 INF] System.Net.Http.HttpClient.DeepSeek.ClientHandler Received HTTP response headers after 323.0315ms - 200
[14:44:42 INF] System.Net.Http.HttpClient.DeepSeek.LogicalHandler End processing HTTP request after 323.6414ms - 200
[14:44:43 INF] System.Net.Http.HttpClient.DeepSeek.LogicalHandler Start processing HTTP request POST https://api.deepseek.com/chat/completions
[14:44:43 INF] System.Net.Http.HttpClient.DeepSeek.ClientHandler Sending HTTP request POST https://api.deepseek.com/chat/completions
[14:44:43 INF] System.Net.Http.HttpClient.DeepSeek.LogicalHandler Start processing HTTP request POST https://api.deepseek.com/chat/completions
[14:44:43 INF] System.Net.Http.HttpClient.DeepSeek.ClientHandler Sending HTTP request POST https://api.deepseek.com/chat/completions
[14:44:43 INF] System.Net.Http.HttpClient.DeepSeek.LogicalHandler Start processing HTTP request POST https://api.deepseek.com/chat/completions
[14:44:43 INF] System.Net.Http.HttpClient.DeepSeek.ClientHandler Sending HTTP request POST https://api.deepseek.com/chat/completions
[14:44:43 INF] System.Net.Http.HttpClient.DeepSeek.ClientHandler Received HTTP response headers after 287.1427ms - 200
[14:44:43 INF] System.Net.Http.HttpClient.DeepSeek.LogicalHandler End processing HTTP request after 287.6956ms - 200
[14:44:43 INF] System.Net.Http.HttpClient.DeepSeek.ClientHandler Received HTTP response headers after 315.2413ms - 200
[14:44:43 INF] System.Net.Http.HttpClient.DeepSeek.LogicalHandler End processing HTTP request after 315.6866ms - 200
[14:44:43 INF] System.Net.Http.HttpClient.DeepSeek.LogicalHandler Start processing HTTP request POST https://api.deepseek.com/chat/completions
[14:44:43 INF] System.Net.Http.HttpClient.DeepSeek.ClientHandler Sending HTTP request POST https://api.deepseek.com/chat/completions
[14:44:43 INF] System.Net.Http.HttpClient.DeepSeek.ClientHandler Received HTTP response headers after 292.2545ms - 200
[14:44:43 INF] System.Net.Http.HttpClient.DeepSeek.LogicalHandler End processing HTTP request after 292.8145ms - 200
[14:44:43 INF] System.Net.Http.HttpClient.DeepSeek.ClientHandler Received HTTP response headers after 399.1388ms - 200
[14:44:43 INF] System.Net.Http.HttpClient.DeepSeek.LogicalHandler End processing HTTP request after 399.5742ms - 200
[14:44:44 INF] System.Net.Http.HttpClient.DeepSeek.LogicalHandler Start processing HTTP request POST https://api.deepseek.com/chat/completions
[14:44:44 INF] System.Net.Http.HttpClient.DeepSeek.ClientHandler Sending HTTP request POST https://api.deepseek.com/chat/completions
[14:44:44 INF] System.Net.Http.HttpClient.DeepSeek.LogicalHandler Start processing HTTP request POST https://api.deepseek.com/chat/completions
[14:44:44 INF] System.Net.Http.HttpClient.DeepSeek.ClientHandler Sending HTTP request POST https://api.deepseek.com/chat/completions
[14:44:44 INF] System.Net.Http.HttpClient.DeepSeek.ClientHandler Received HTTP response headers after 292.8822ms - 200
[14:44:44 INF] System.Net.Http.HttpClient.DeepSeek.LogicalHandler End processing HTTP request after 293.6814ms - 200
[14:44:44 INF] System.Net.Http.HttpClient.DeepSeek.ClientHandler Received HTTP response headers after 314.492ms - 200
[14:44:44 INF] System.Net.Http.HttpClient.DeepSeek.LogicalHandler End processing HTTP request after 315.2576ms - 200
[14:44:45 INF] System.Net.Http.HttpClient.DeepSeek.LogicalHandler Start processing HTTP request POST https://api.deepseek.com/chat/completions
[14:44:45 INF] System.Net.Http.HttpClient.DeepSeek.ClientHandler Sending HTTP request POST https://api.deepseek.com/chat/completions
[14:44:45 INF] System.Net.Http.HttpClient.DeepSeek.ClientHandler Received HTTP response headers after 314.1745ms - 200
[14:44:45 INF] System.Net.Http.HttpClient.DeepSeek.LogicalHandler End processing HTTP request after 314.5664ms - 200
[14:44:45 INF] System.Net.Http.HttpClient.DeepSeek.LogicalHandler Start processing HTTP request POST https://api.deepseek.com/chat/completions
[14:44:45 INF] System.Net.Http.HttpClient.DeepSeek.ClientHandler Sending HTTP request POST https://api.deepseek.com/chat/completions
[14:44:45 INF] System.Net.Http.HttpClient.DeepSeek.ClientHandler Received HTTP response headers after 405.0661ms - 200
[14:44:45 INF] System.Net.Http.HttpClient.DeepSeek.LogicalHandler End processing HTTP request after 405.504ms - 200
[14:44:45 INF] System.Net.Http.HttpClient.DeepSeek.LogicalHandler Start processing HTTP request POST https://api.deepseek.com/chat/completions
[14:44:45 INF] System.Net.Http.HttpClient.DeepSeek.ClientHandler Sending HTTP request POST https://api.deepseek.com/chat/completions
[14:44:46 INF] System.Net.Http.HttpClient.DeepSeek.ClientHandler Received HTTP response headers after 291.2683ms - 200
[14:44:46 INF] System.Net.Http.HttpClient.DeepSeek.LogicalHandler End processing HTTP request after 291.9293ms - 200
[14:44:46 INF] System.Net.Http.HttpClient.DeepSeek.LogicalHandler Start processing HTTP request POST https://api.deepseek.com/chat/completions
[14:44:46 INF] System.Net.Http.HttpClient.DeepSeek.ClientHandler Sending HTTP request POST https://api.deepseek.com/chat/completions
[14:44:46 INF] System.Net.Http.HttpClient.DeepSeek.LogicalHandler Start processing HTTP request POST https://api.deepseek.com/chat/completions
[14:44:46 INF] System.Net.Http.HttpClient.DeepSeek.ClientHandler Sending HTTP request POST https://api.deepseek.com/chat/completions
[14:44:46 INF] System.Net.Http.HttpClient.DeepSeek.ClientHandler Received HTTP response headers after 270.8862ms - 200
[14:44:46 INF] System.Net.Http.HttpClient.DeepSeek.LogicalHandler End processing HTTP request after 271.5124ms - 200
[14:44:46 INF] System.Net.Http.HttpClient.DeepSeek.ClientHandler Received HTTP response headers after 294.748ms - 200
[14:44:46 INF] System.Net.Http.HttpClient.DeepSeek.LogicalHandler End processing HTTP request after 295.2324ms - 200
[14:44:47 INF] System.Net.Http.HttpClient.DeepSeek.LogicalHandler Start processing HTTP request POST https://api.deepseek.com/chat/completions
[14:44:47 INF] System.Net.Http.HttpClient.DeepSeek.ClientHandler Sending HTTP request POST https://api.deepseek.com/chat/completions
[14:44:47 INF] System.Net.Http.HttpClient.DeepSeek.ClientHandler Received HTTP response headers after 308.0281ms - 200
[14:44:47 INF] System.Net.Http.HttpClient.DeepSeek.LogicalHandler End processing HTTP request after 308.4387ms - 200
[14:44:47 INF] System.Net.Http.HttpClient.DeepSeek.LogicalHandler Start processing HTTP request POST https://api.deepseek.com/chat/completions
[14:44:47 INF] System.Net.Http.HttpClient.DeepSeek.ClientHandler Sending HTTP request POST https://api.deepseek.com/chat/completions
[14:44:47 INF] System.Net.Http.HttpClient.DeepSeek.ClientHandler Received HTTP response headers after 305.5675ms - 200
[14:44:47 INF] System.Net.Http.HttpClient.DeepSeek.LogicalHandler End processing HTTP request after 305.9217ms - 200
[14:44:47 INF] System.Net.Http.HttpClient.DeepSeek.LogicalHandler Start processing HTTP request POST https://api.deepseek.com/chat/completions
[14:44:47 INF] System.Net.Http.HttpClient.DeepSeek.ClientHandler Sending HTTP request POST https://api.deepseek.com/chat/completions
[14:44:47 INF] System.Net.Http.HttpClient.DeepSeek.LogicalHandler Start processing HTTP request POST https://api.deepseek.com/chat/completions
[14:44:47 INF] System.Net.Http.HttpClient.DeepSeek.ClientHandler Sending HTTP request POST https://api.deepseek.com/chat/completions
[14:44:48 INF] System.Net.Http.HttpClient.DeepSeek.ClientHandler Received HTTP response headers after 294.6397ms - 200
[14:44:48 INF] System.Net.Http.HttpClient.DeepSeek.LogicalHandler End processing HTTP request after 295.2873ms - 200
[14:44:48 INF] System.Net.Http.HttpClient.DeepSeek.ClientHandler Received HTTP response headers after 288.6986ms - 200
[14:44:48 INF] System.Net.Http.HttpClient.DeepSeek.LogicalHandler End processing HTTP request after 289.4467ms - 200
[14:44:49 INF] System.Net.Http.HttpClient.DeepSeek.LogicalHandler Start processing HTTP request POST https://api.deepseek.com/chat/completions
[14:44:49 INF] System.Net.Http.HttpClient.DeepSeek.ClientHandler Sending HTTP request POST https://api.deepseek.com/chat/completions
[14:44:50 INF] System.Net.Http.HttpClient.DeepSeek.ClientHandler Received HTTP response headers after 346.16ms - 200
[14:44:50 INF] System.Net.Http.HttpClient.DeepSeek.LogicalHandler End processing HTTP request after 346.9249ms - 200
[14:45:07 INF] System.Net.Http.HttpClient.DeepSeek.LogicalHandler Start processing HTTP request POST https://api.deepseek.com/chat/completions
[14:45:07 INF] System.Net.Http.HttpClient.DeepSeek.ClientHandler Sending HTTP request POST https://api.deepseek.com/chat/completions
[14:45:07 INF] System.Net.Http.HttpClient.DeepSeek.LogicalHandler Start processing HTTP request POST https://api.deepseek.com/chat/completions
[14:45:07 INF] System.Net.Http.HttpClient.DeepSeek.ClientHandler Sending HTTP request POST https://api.deepseek.com/chat/completions
[14:45:07 INF] System.Net.Http.HttpClient.DeepSeek.LogicalHandler Start processing HTTP request POST https://api.deepseek.com/chat/completions
[14:45:07 INF] System.Net.Http.HttpClient.DeepSeek.ClientHandler Sending HTTP request POST https://api.deepseek.com/chat/completions
[14:45:07 INF] System.Net.Http.HttpClient.DeepSeek.LogicalHandler Start processing HTTP request POST https://api.deepseek.com/chat/completions
[14:45:07 INF] System.Net.Http.HttpClient.DeepSeek.ClientHandler Sending HTTP request POST https://api.deepseek.com/chat/completions
[14:45:07 INF] System.Net.Http.HttpClient.DeepSeek.LogicalHandler Start processing HTTP request POST https://api.deepseek.com/chat/completions
[14:45:07 INF] System.Net.Http.HttpClient.DeepSeek.ClientHandler Sending HTTP request POST https://api.deepseek.com/chat/completions
[14:45:07 INF] System.Net.Http.HttpClient.DeepSeek.LogicalHandler Start processing HTTP request POST https://api.deepseek.com/chat/completions
[14:45:07 INF] System.Net.Http.HttpClient.DeepSeek.ClientHandler Sending HTTP request POST https://api.deepseek.com/chat/completions
[14:45:07 INF] System.Net.Http.HttpClient.DeepSeek.LogicalHandler Start processing HTTP request POST https://api.deepseek.com/chat/completions
[14:45:07 INF] System.Net.Http.HttpClient.DeepSeek.ClientHandler Sending HTTP request POST https://api.deepseek.com/chat/completions
[14:45:07 INF] System.Net.Http.HttpClient.DeepSeek.LogicalHandler Start processing HTTP request POST https://api.deepseek.com/chat/completions
[14:45:07 INF] System.Net.Http.HttpClient.DeepSeek.ClientHandler Sending HTTP request POST https://api.deepseek.com/chat/completions
[14:45:07 INF] System.Net.Http.HttpClient.DeepSeek.LogicalHandler Start processing HTTP request POST https://api.deepseek.com/chat/completions
[14:45:07 INF] System.Net.Http.HttpClient.DeepSeek.ClientHandler Sending HTTP request POST https://api.deepseek.com/chat/completions
[14:45:07 INF] System.Net.Http.HttpClient.DeepSeek.LogicalHandler Start processing HTTP request POST https://api.deepseek.com/chat/completions
[14:45:07 INF] System.Net.Http.HttpClient.DeepSeek.ClientHandler Sending HTTP request POST https://api.deepseek.com/chat/completions
[14:45:07 INF] System.Net.Http.HttpClient.DeepSeek.LogicalHandler Start processing HTTP request POST https://api.deepseek.com/chat/completions
[14:45:07 INF] System.Net.Http.HttpClient.DeepSeek.ClientHandler Sending HTTP request POST https://api.deepseek.com/chat/completions
[14:45:07 INF] System.Net.Http.HttpClient.DeepSeek.LogicalHandler Start processing HTTP request POST https://api.deepseek.com/chat/completions
[14:45:07 INF] System.Net.Http.HttpClient.DeepSeek.ClientHandler Sending HTTP request POST https://api.deepseek.com/chat/completions
[14:45:07 INF] System.Net.Http.HttpClient.DeepSeek.LogicalHandler Start processing HTTP request POST https://api.deepseek.com/chat/completions
[14:45:07 INF] System.Net.Http.HttpClient.DeepSeek.ClientHandler Sending HTTP request POST https://api.deepseek.com/chat/completions
[14:45:07 INF] System.Net.Http.HttpClient.DeepSeek.LogicalHandler Start processing HTTP request POST https://api.deepseek.com/chat/completions
[14:45:07 INF] System.Net.Http.HttpClient.DeepSeek.ClientHandler Sending HTTP request POST https://api.deepseek.com/chat/completions
[14:45:07 INF] System.Net.Http.HttpClient.DeepSeek.LogicalHandler Start processing HTTP request POST https://api.deepseek.com/chat/completions
[14:45:07 INF] System.Net.Http.HttpClient.DeepSeek.ClientHandler Sending HTTP request POST https://api.deepseek.com/chat/completions
[14:45:07 INF] System.Net.Http.HttpClient.DeepSeek.LogicalHandler Start processing HTTP request POST https://api.deepseek.com/chat/completions
[14:45:07 INF] System.Net.Http.HttpClient.DeepSeek.ClientHandler Sending HTTP request POST https://api.deepseek.com/chat/completions
[14:45:07 INF] System.Net.Http.HttpClient.DeepSeek.LogicalHandler Start processing HTTP request POST https://api.deepseek.com/chat/completions
[14:45:07 INF] System.Net.Http.HttpClient.DeepSeek.ClientHandler Sending HTTP request POST https://api.deepseek.com/chat/completions
[14:45:07 INF] System.Net.Http.HttpClient.DeepSeek.LogicalHandler Start processing HTTP request POST https://api.deepseek.com/chat/completions
[14:45:07 INF] System.Net.Http.HttpClient.DeepSeek.ClientHandler Sending HTTP request POST https://api.deepseek.com/chat/completions
[14:45:07 INF] System.Net.Http.HttpClient.DeepSeek.LogicalHandler Start processing HTTP request POST https://api.deepseek.com/chat/completions
[14:45:07 INF] System.Net.Http.HttpClient.DeepSeek.ClientHandler Sending HTTP request POST https://api.deepseek.com/chat/completions
[14:45:07 INF] System.Net.Http.HttpClient.DeepSeek.LogicalHandler Start processing HTTP request POST https://api.deepseek.com/chat/completions
[14:45:07 INF] System.Net.Http.HttpClient.DeepSeek.ClientHandler Sending HTTP request POST https://api.deepseek.com/chat/completions
[14:45:07 INF] System.Net.Http.HttpClient.DeepSeek.LogicalHandler Start processing HTTP request POST https://api.deepseek.com/chat/completions
[14:45:07 INF] System.Net.Http.HttpClient.DeepSeek.ClientHandler Sending HTTP request POST https://api.deepseek.com/chat/completions
[14:45:07 INF] System.Net.Http.HttpClient.DeepSeek.LogicalHandler Start processing HTTP request POST https://api.deepseek.com/chat/completions
[14:45:07 INF] System.Net.Http.HttpClient.DeepSeek.ClientHandler Sending HTTP request POST https://api.deepseek.com/chat/completions
[14:45:07 INF] System.Net.Http.HttpClient.DeepSeek.LogicalHandler Start processing HTTP request POST https://api.deepseek.com/chat/completions
[14:45:07 INF] System.Net.Http.HttpClient.DeepSeek.ClientHandler Sending HTTP request POST https://api.deepseek.com/chat/completions
[14:45:07 INF] System.Net.Http.HttpClient.DeepSeek.LogicalHandler Start processing HTTP request POST https://api.deepseek.com/chat/completions
[14:45:07 INF] System.Net.Http.HttpClient.DeepSeek.ClientHandler Sending HTTP request POST https://api.deepseek.com/chat/completions
[14:45:08 INF] System.Net.Http.HttpClient.DeepSeek.ClientHandler Received HTTP response headers after 280.5655ms - 200
[14:45:08 INF] System.Net.Http.HttpClient.DeepSeek.LogicalHandler End processing HTTP request after 281.2401ms - 200
[14:45:08 INF] System.Net.Http.HttpClient.DeepSeek.ClientHandler Received HTTP response headers after 282.2799ms - 200
[14:45:08 INF] System.Net.Http.HttpClient.DeepSeek.ClientHandler Received HTTP response headers after 279.9912ms - 200
[14:45:08 INF] System.Net.Http.HttpClient.DeepSeek.LogicalHandler End processing HTTP request after 283.1888ms - 200
[14:45:08 INF] System.Net.Http.HttpClient.DeepSeek.LogicalHandler End processing HTTP request after 280.3366ms - 200
[14:45:08 INF] System.Net.Http.HttpClient.DeepSeek.ClientHandler Received HTTP response headers after 294.3128ms - 200
[14:45:08 INF] System.Net.Http.HttpClient.DeepSeek.LogicalHandler End processing HTTP request after 295.3268ms - 200
[14:45:08 INF] System.Net.Http.HttpClient.DeepSeek.ClientHandler Received HTTP response headers after 293.451ms - 200
[14:45:08 INF] System.Net.Http.HttpClient.DeepSeek.LogicalHandler End processing HTTP request after 293.7332ms - 200
[14:45:08 INF] System.Net.Http.HttpClient.DeepSeek.ClientHandler Received HTTP response headers after 315.1941ms - 200
[14:45:08 INF] System.Net.Http.HttpClient.DeepSeek.LogicalHandler End processing HTTP request after 315.4838ms - 200
[14:45:08 INF] System.Net.Http.HttpClient.DeepSeek.ClientHandler Received HTTP response headers after 863.4707ms - 200
[14:45:08 INF] System.Net.Http.HttpClient.DeepSeek.ClientHandler Received HTTP response headers after 861.9994ms - 200
[14:45:08 INF] System.Net.Http.HttpClient.DeepSeek.ClientHandler Received HTTP response headers after 865.368ms - 200
[14:45:08 INF] System.Net.Http.HttpClient.DeepSeek.LogicalHandler End processing HTTP request after 862.3595ms - 200
[14:45:08 INF] System.Net.Http.HttpClient.DeepSeek.ClientHandler Received HTTP response headers after 865.3268ms - 200
[14:45:08 INF] System.Net.Http.HttpClient.DeepSeek.LogicalHandler End processing HTTP request after 866.1854ms - 200
[14:45:08 INF] System.Net.Http.HttpClient.DeepSeek.ClientHandler Received HTTP response headers after 862.4477ms - 200
[14:45:08 INF] System.Net.Http.HttpClient.DeepSeek.LogicalHandler End processing HTTP request after 864.1053ms - 200
[14:45:08 INF] System.Net.Http.HttpClient.DeepSeek.ClientHandler Received HTTP response headers after 866.5035ms - 200
[14:45:08 INF] System.Net.Http.HttpClient.DeepSeek.ClientHandler Received HTTP response headers after 861.638ms - 200
[14:45:08 INF] System.Net.Http.HttpClient.DeepSeek.LogicalHandler End processing HTTP request after 864.1005ms - 200
[14:45:08 INF] System.Net.Http.HttpClient.DeepSeek.ClientHandler Received HTTP response headers after 869.8547ms - 200
[14:45:08 INF] System.Net.Http.HttpClient.DeepSeek.LogicalHandler End processing HTTP request after 870.1249ms - 200
[14:45:08 INF] System.Net.Http.HttpClient.DeepSeek.LogicalHandler End processing HTTP request after 866.2568ms - 200
[14:45:08 INF] System.Net.Http.HttpClient.DeepSeek.ClientHandler Received HTTP response headers after 869.1282ms - 200
[14:45:08 INF] System.Net.Http.HttpClient.DeepSeek.ClientHandler Received HTTP response headers after 867.5764ms - 200
[14:45:08 INF] System.Net.Http.HttpClient.DeepSeek.LogicalHandler End processing HTTP request after 867.8883ms - 200
[14:45:08 INF] System.Net.Http.HttpClient.DeepSeek.LogicalHandler End processing HTTP request after 866.8119ms - 200
[14:45:08 INF] System.Net.Http.HttpClient.DeepSeek.ClientHandler Received HTTP response headers after 864.9169ms - 200
[14:45:08 INF] System.Net.Http.HttpClient.DeepSeek.LogicalHandler End processing HTTP request after 869.3988ms - 200
[14:45:08 INF] System.Net.Http.HttpClient.DeepSeek.LogicalHandler End processing HTTP request after 862.7482ms - 200
[14:45:08 INF] System.Net.Http.HttpClient.DeepSeek.ClientHandler Received HTTP response headers after 870.676ms - 200
[14:45:08 INF] System.Net.Http.HttpClient.DeepSeek.LogicalHandler End processing HTTP request after 871.4193ms - 200
[14:45:08 INF] System.Net.Http.HttpClient.DeepSeek.LogicalHandler End processing HTTP request after 870.0309ms - 200
[14:45:08 INF] System.Net.Http.HttpClient.DeepSeek.ClientHandler Received HTTP response headers after 870.543ms - 200
[14:45:08 INF] System.Net.Http.HttpClient.DeepSeek.LogicalHandler End processing HTTP request after 870.7877ms - 200
[14:45:08 INF] System.Net.Http.HttpClient.DeepSeek.ClientHandler Received HTTP response headers after 874.6145ms - 200
[14:45:08 INF] System.Net.Http.HttpClient.DeepSeek.LogicalHandler End processing HTTP request after 875.0524ms - 200
[14:45:08 INF] System.Net.Http.HttpClient.DeepSeek.ClientHandler Received HTTP response headers after 877.566ms - 200
[14:45:08 INF] System.Net.Http.HttpClient.DeepSeek.LogicalHandler End processing HTTP request after 877.883ms - 200
[14:45:08 INF] System.Net.Http.HttpClient.DeepSeek.ClientHandler Received HTTP response headers after 881.9572ms - 200
[14:45:08 INF] System.Net.Http.HttpClient.DeepSeek.LogicalHandler End processing HTTP request after 882.3446ms - 200
[14:45:08 INF] System.Net.Http.HttpClient.DeepSeek.ClientHandler Received HTTP response headers after 883.2892ms - 200
[14:45:08 INF] System.Net.Http.HttpClient.DeepSeek.LogicalHandler End processing HTTP request after 883.592ms - 200
[14:45:08 INF] System.Net.Http.HttpClient.DeepSeek.ClientHandler Received HTTP response headers after 933.784ms - 200
[14:45:08 INF] System.Net.Http.HttpClient.DeepSeek.LogicalHandler End processing HTTP request after 934.1226ms - 200
[14:45:09 INF] System.Net.Http.HttpClient.DeepSeek.LogicalHandler Start processing HTTP request POST https://api.deepseek.com/chat/completions
[14:45:09 INF] System.Net.Http.HttpClient.DeepSeek.ClientHandler Sending HTTP request POST https://api.deepseek.com/chat/completions
[14:45:09 INF] System.Net.Http.HttpClient.DeepSeek.LogicalHandler Start processing HTTP request POST https://api.deepseek.com/chat/completions
[14:45:09 INF] System.Net.Http.HttpClient.DeepSeek.ClientHandler Sending HTTP request POST https://api.deepseek.com/chat/completions
[14:45:09 INF] System.Net.Http.HttpClient.DeepSeek.ClientHandler Received HTTP response headers after 277.2797ms - 200
[14:45:09 INF] System.Net.Http.HttpClient.DeepSeek.LogicalHandler End processing HTTP request after 277.9905ms - 200
[14:45:09 INF] System.Net.Http.HttpClient.DeepSeek.ClientHandler Received HTTP response headers after 273.6211ms - 200
[14:45:09 INF] System.Net.Http.HttpClient.DeepSeek.LogicalHandler End processing HTTP request after 274.287ms - 200
[14:45:09 INF] System.Net.Http.HttpClient.DeepSeek.LogicalHandler Start processing HTTP request POST https://api.deepseek.com/chat/completions
[14:45:09 INF] System.Net.Http.HttpClient.DeepSeek.ClientHandler Sending HTTP request POST https://api.deepseek.com/chat/completions
[14:45:09 INF] System.Net.Http.HttpClient.DeepSeek.LogicalHandler Start processing HTTP request POST https://api.deepseek.com/chat/completions
[14:45:09 INF] System.Net.Http.HttpClient.DeepSeek.ClientHandler Sending HTTP request POST https://api.deepseek.com/chat/completions
[14:45:09 INF] System.Net.Http.HttpClient.DeepSeek.ClientHandler Received HTTP response headers after 291.592ms - 200
[14:45:09 INF] System.Net.Http.HttpClient.DeepSeek.LogicalHandler End processing HTTP request after 292.2411ms - 200
[14:45:09 INF] System.Net.Http.HttpClient.DeepSeek.LogicalHandler Start processing HTTP request POST https://api.deepseek.com/chat/completions
[14:45:09 INF] System.Net.Http.HttpClient.DeepSeek.ClientHandler Sending HTTP request POST https://api.deepseek.com/chat/completions
[14:45:10 INF] System.Net.Http.HttpClient.DeepSeek.LogicalHandler Start processing HTTP request POST https://api.deepseek.com/chat/completions
[14:45:10 INF] System.Net.Http.HttpClient.DeepSeek.ClientHandler Sending HTTP request POST https://api.deepseek.com/chat/completions
[14:45:10 INF] System.Net.Http.HttpClient.DeepSeek.ClientHandler Received HTTP response headers after 280.0224ms - 200
[14:45:10 INF] System.Net.Http.HttpClient.DeepSeek.LogicalHandler End processing HTTP request after 280.4883ms - 200
[14:45:10 INF] System.Net.Http.HttpClient.DeepSeek.LogicalHandler Start processing HTTP request POST https://api.deepseek.com/chat/completions
[14:45:10 INF] System.Net.Http.HttpClient.DeepSeek.ClientHandler Sending HTTP request POST https://api.deepseek.com/chat/completions
[14:45:10 INF] System.Net.Http.HttpClient.DeepSeek.LogicalHandler Start processing HTTP request POST https://api.deepseek.com/chat/completions
[14:45:10 INF] System.Net.Http.HttpClient.DeepSeek.ClientHandler Sending HTTP request POST https://api.deepseek.com/chat/completions
[14:45:10 INF] System.Net.Http.HttpClient.DeepSeek.ClientHandler Received HTTP response headers after 268.1953ms - 200
[14:45:10 INF] System.Net.Http.HttpClient.DeepSeek.LogicalHandler End processing HTTP request after 268.7999ms - 200
[14:45:10 INF] System.Net.Http.HttpClient.DeepSeek.ClientHandler Received HTTP response headers after 280.1262ms - 200
[14:45:10 INF] System.Net.Http.HttpClient.DeepSeek.LogicalHandler End processing HTTP request after 280.643ms - 200
[14:45:10 INF] System.Net.Http.HttpClient.DeepSeek.ClientHandler Received HTTP response headers after 286.55ms - 200
[14:45:10 INF] System.Net.Http.HttpClient.DeepSeek.LogicalHandler End processing HTTP request after 287.127ms - 200
[14:45:10 INF] System.Net.Http.HttpClient.DeepSeek.ClientHandler Received HTTP response headers after 289.4645ms - 200
[14:45:10 INF] System.Net.Http.HttpClient.DeepSeek.LogicalHandler End processing HTTP request after 289.9287ms - 200
[14:45:10 INF] System.Net.Http.HttpClient.DeepSeek.LogicalHandler Start processing HTTP request POST https://api.deepseek.com/chat/completions
[14:45:10 INF] System.Net.Http.HttpClient.DeepSeek.ClientHandler Sending HTTP request POST https://api.deepseek.com/chat/completions
[14:45:10 INF] System.Net.Http.HttpClient.DeepSeek.ClientHandler Received HTTP response headers after 339.2433ms - 200
[14:45:10 INF] System.Net.Http.HttpClient.DeepSeek.LogicalHandler End processing HTTP request after 342.8222ms - 200
[14:45:10 INF] System.Net.Http.HttpClient.DeepSeek.LogicalHandler Start processing HTTP request POST https://api.deepseek.com/chat/completions
[14:45:10 INF] System.Net.Http.HttpClient.DeepSeek.ClientHandler Sending HTTP request POST https://api.deepseek.com/chat/completions
[14:45:10 INF] System.Net.Http.HttpClient.DeepSeek.LogicalHandler Start processing HTTP request POST https://api.deepseek.com/chat/completions
[14:45:10 INF] System.Net.Http.HttpClient.DeepSeek.ClientHandler Sending HTTP request POST https://api.deepseek.com/chat/completions
[14:45:11 INF] System.Net.Http.HttpClient.DeepSeek.LogicalHandler Start processing HTTP request POST https://api.deepseek.com/chat/completions
[14:45:11 INF] System.Net.Http.HttpClient.DeepSeek.ClientHandler Sending HTTP request POST https://api.deepseek.com/chat/completions
[14:45:11 INF] System.Net.Http.HttpClient.DeepSeek.ClientHandler Received HTTP response headers after 278.7812ms - 200
[14:45:11 INF] System.Net.Http.HttpClient.DeepSeek.LogicalHandler End processing HTTP request after 279.337ms - 200
[14:45:11 INF] System.Net.Http.HttpClient.DeepSeek.LogicalHandler Start processing HTTP request POST https://api.deepseek.com/chat/completions
[14:45:11 INF] System.Net.Http.HttpClient.DeepSeek.ClientHandler Sending HTTP request POST https://api.deepseek.com/chat/completions
[14:45:11 INF] System.Net.Http.HttpClient.DeepSeek.LogicalHandler Start processing HTTP request POST https://api.deepseek.com/chat/completions
[14:45:11 INF] System.Net.Http.HttpClient.DeepSeek.ClientHandler Sending HTTP request POST https://api.deepseek.com/chat/completions
[14:45:11 INF] System.Net.Http.HttpClient.DeepSeek.ClientHandler Received HTTP response headers after 302.3549ms - 200
[14:45:11 INF] System.Net.Http.HttpClient.DeepSeek.LogicalHandler End processing HTTP request after 302.8585ms - 200
[14:45:11 INF] System.Net.Http.HttpClient.DeepSeek.LogicalHandler Start processing HTTP request POST https://api.deepseek.com/chat/completions
[14:45:11 INF] System.Net.Http.HttpClient.DeepSeek.ClientHandler Sending HTTP request POST https://api.deepseek.com/chat/completions
[14:45:11 INF] System.Net.Http.HttpClient.DeepSeek.ClientHandler Received HTTP response headers after 305.6836ms - 200
[14:45:11 INF] System.Net.Http.HttpClient.DeepSeek.LogicalHandler End processing HTTP request after 306.0731ms - 200
[14:45:11 INF] System.Net.Http.HttpClient.DeepSeek.LogicalHandler Start processing HTTP request POST https://api.deepseek.com/chat/completions
[14:45:11 INF] System.Net.Http.HttpClient.DeepSeek.ClientHandler Sending HTTP request POST https://api.deepseek.com/chat/completions
[14:45:11 INF] System.Net.Http.HttpClient.DeepSeek.ClientHandler Received HTTP response headers after 292.2205ms - 200
[14:45:11 INF] System.Net.Http.HttpClient.DeepSeek.LogicalHandler End processing HTTP request after 292.7179ms - 200
[14:45:11 INF] System.Net.Http.HttpClient.DeepSeek.ClientHandler Received HTTP response headers after 293.3357ms - 200
[14:45:11 INF] System.Net.Http.HttpClient.DeepSeek.LogicalHandler End processing HTTP request after 294.0005ms - 200
[14:45:11 INF] System.Net.Http.HttpClient.DeepSeek.ClientHandler Received HTTP response headers after 287.0888ms - 200
[14:45:11 INF] System.Net.Http.HttpClient.DeepSeek.LogicalHandler End processing HTTP request after 287.7998ms - 200
[14:45:11 INF] System.Net.Http.HttpClient.DeepSeek.LogicalHandler Start processing HTTP request POST https://api.deepseek.com/chat/completions
[14:45:11 INF] System.Net.Http.HttpClient.DeepSeek.ClientHandler Sending HTTP request POST https://api.deepseek.com/chat/completions
[14:45:11 INF] System.Net.Http.HttpClient.DeepSeek.ClientHandler Received HTTP response headers after 281.2402ms - 200
[14:45:11 INF] System.Net.Http.HttpClient.DeepSeek.LogicalHandler End processing HTTP request after 281.9242ms - 200
[14:45:11 INF] System.Net.Http.HttpClient.DeepSeek.LogicalHandler Start processing HTTP request POST https://api.deepseek.com/chat/completions
[14:45:11 INF] System.Net.Http.HttpClient.DeepSeek.ClientHandler Sending HTTP request POST https://api.deepseek.com/chat/completions
[14:45:11 INF] System.Net.Http.HttpClient.DeepSeek.ClientHandler Received HTTP response headers after 287.5497ms - 200
[14:45:11 INF] System.Net.Http.HttpClient.DeepSeek.LogicalHandler End processing HTTP request after 288.4178ms - 200
[14:45:12 INF] System.Net.Http.HttpClient.DeepSeek.ClientHandler Received HTTP response headers after 292.4976ms - 200
[14:45:12 INF] System.Net.Http.HttpClient.DeepSeek.LogicalHandler End processing HTTP request after 293.0173ms - 200
[14:45:12 INF] System.Net.Http.HttpClient.DeepSeek.LogicalHandler Start processing HTTP request POST https://api.deepseek.com/chat/completions
[14:45:12 INF] System.Net.Http.HttpClient.DeepSeek.ClientHandler Sending HTTP request POST https://api.deepseek.com/chat/completions
[14:45:12 INF] System.Net.Http.HttpClient.DeepSeek.LogicalHandler Start processing HTTP request POST https://api.deepseek.com/chat/completions
[14:45:12 INF] System.Net.Http.HttpClient.DeepSeek.ClientHandler Sending HTTP request POST https://api.deepseek.com/chat/completions
[14:45:12 INF] System.Net.Http.HttpClient.DeepSeek.ClientHandler Received HTTP response headers after 323.0979ms - 200
[14:45:12 INF] System.Net.Http.HttpClient.DeepSeek.LogicalHandler End processing HTTP request after 323.7937ms - 200
[14:45:12 INF] System.Net.Http.HttpClient.DeepSeek.LogicalHandler Start processing HTTP request POST https://api.deepseek.com/chat/completions
[14:45:12 INF] System.Net.Http.HttpClient.DeepSeek.ClientHandler Sending HTTP request POST https://api.deepseek.com/chat/completions
[14:45:12 INF] System.Net.Http.HttpClient.DeepSeek.ClientHandler Received HTTP response headers after 289.7468ms - 200
[14:45:12 INF] System.Net.Http.HttpClient.DeepSeek.LogicalHandler End processing HTTP request after 290.3645ms - 200
[14:45:12 INF] System.Net.Http.HttpClient.DeepSeek.LogicalHandler Start processing HTTP request POST https://api.deepseek.com/chat/completions
[14:45:12 INF] System.Net.Http.HttpClient.DeepSeek.ClientHandler Sending HTTP request POST https://api.deepseek.com/chat/completions
[14:45:12 INF] System.Net.Http.HttpClient.DeepSeek.ClientHandler Received HTTP response headers after 283.5183ms - 200
[14:45:12 INF] System.Net.Http.HttpClient.DeepSeek.LogicalHandler End processing HTTP request after 284.5965ms - 200
[14:45:13 INF] System.Net.Http.HttpClient.DeepSeek.LogicalHandler Start processing HTTP request POST https://api.deepseek.com/chat/completions
[14:45:13 INF] System.Net.Http.HttpClient.DeepSeek.ClientHandler Sending HTTP request POST https://api.deepseek.com/chat/completions
[14:45:13 INF] System.Net.Http.HttpClient.DeepSeek.ClientHandler Received HTTP response headers after 279.4072ms - 200
[14:45:13 INF] System.Net.Http.HttpClient.DeepSeek.LogicalHandler End processing HTTP request after 280.7064ms - 200
[14:45:13 INF] System.Net.Http.HttpClient.DeepSeek.LogicalHandler Start processing HTTP request POST https://api.deepseek.com/chat/completions
[14:45:13 INF] System.Net.Http.HttpClient.DeepSeek.ClientHandler Sending HTTP request POST https://api.deepseek.com/chat/completions
[14:45:13 INF] System.Net.Http.HttpClient.DeepSeek.LogicalHandler Start processing HTTP request POST https://api.deepseek.com/chat/completions
[14:45:13 INF] System.Net.Http.HttpClient.DeepSeek.ClientHandler Sending HTTP request POST https://api.deepseek.com/chat/completions
[14:45:13 INF] System.Net.Http.HttpClient.DeepSeek.ClientHandler Received HTTP response headers after 296.3165ms - 200
[14:45:13 INF] System.Net.Http.HttpClient.DeepSeek.LogicalHandler End processing HTTP request after 296.7201ms - 200
[14:45:13 INF] System.Net.Http.HttpClient.DeepSeek.LogicalHandler Start processing HTTP request POST https://api.deepseek.com/chat/completions
[14:45:13 INF] System.Net.Http.HttpClient.DeepSeek.ClientHandler Sending HTTP request POST https://api.deepseek.com/chat/completions
[14:45:13 INF] System.Net.Http.HttpClient.DeepSeek.ClientHandler Received HTTP response headers after 291.274ms - 200
[14:45:13 INF] System.Net.Http.HttpClient.DeepSeek.LogicalHandler End processing HTTP request after 291.8151ms - 200
[14:45:13 INF] System.Net.Http.HttpClient.DeepSeek.LogicalHandler Start processing HTTP request POST https://api.deepseek.com/chat/completions
[14:45:13 INF] System.Net.Http.HttpClient.DeepSeek.ClientHandler Sending HTTP request POST https://api.deepseek.com/chat/completions
[14:45:13 INF] System.Net.Http.HttpClient.DeepSeek.ClientHandler Received HTTP response headers after 308.0165ms - 200
[14:45:13 INF] System.Net.Http.HttpClient.DeepSeek.LogicalHandler End processing HTTP request after 310.3674ms - 200
[14:45:13 INF] System.Net.Http.HttpClient.DeepSeek.ClientHandler Received HTTP response headers after 293.5777ms - 200
[14:45:13 INF] System.Net.Http.HttpClient.DeepSeek.LogicalHandler End processing HTTP request after 294.3619ms - 200
[14:45:13 INF] System.Net.Http.HttpClient.DeepSeek.LogicalHandler Start processing HTTP request POST https://api.deepseek.com/chat/completions
[14:45:13 INF] System.Net.Http.HttpClient.DeepSeek.ClientHandler Sending HTTP request POST https://api.deepseek.com/chat/completions
[14:45:13 INF] System.Net.Http.HttpClient.DeepSeek.ClientHandler Received HTTP response headers after 294.0253ms - 200
[14:45:13 INF] System.Net.Http.HttpClient.DeepSeek.LogicalHandler End processing HTTP request after 297.0111ms - 200
[14:45:14 INF] System.Net.Http.HttpClient.DeepSeek.LogicalHandler Start processing HTTP request POST https://api.deepseek.com/chat/completions
[14:45:14 INF] System.Net.Http.HttpClient.DeepSeek.ClientHandler Sending HTTP request POST https://api.deepseek.com/chat/completions
[14:45:14 INF] System.Net.Http.HttpClient.DeepSeek.ClientHandler Received HTTP response headers after 272.9737ms - 200
[14:45:14 INF] System.Net.Http.HttpClient.DeepSeek.LogicalHandler End processing HTTP request after 273.537ms - 200
[14:45:14 INF] System.Net.Http.HttpClient.DeepSeek.LogicalHandler Start processing HTTP request POST https://api.deepseek.com/chat/completions
[14:45:14 INF] System.Net.Http.HttpClient.DeepSeek.ClientHandler Sending HTTP request POST https://api.deepseek.com/chat/completions
[14:45:14 INF] System.Net.Http.HttpClient.DeepSeek.ClientHandler Received HTTP response headers after 289.4062ms - 200
[14:45:14 INF] System.Net.Http.HttpClient.DeepSeek.LogicalHandler End processing HTTP request after 290.1291ms - 200
[14:45:14 INF] System.Net.Http.HttpClient.DeepSeek.LogicalHandler Start processing HTTP request POST https://api.deepseek.com/chat/completions
[14:45:14 INF] System.Net.Http.HttpClient.DeepSeek.ClientHandler Sending HTTP request POST https://api.deepseek.com/chat/completions
[14:45:14 INF] System.Net.Http.HttpClient.DeepSeek.LogicalHandler Start processing HTTP request POST https://api.deepseek.com/chat/completions
[14:45:14 INF] System.Net.Http.HttpClient.DeepSeek.ClientHandler Sending HTTP request POST https://api.deepseek.com/chat/completions
[14:45:14 INF] System.Net.Http.HttpClient.DeepSeek.LogicalHandler Start processing HTTP request POST https://api.deepseek.com/chat/completions
[14:45:14 INF] System.Net.Http.HttpClient.DeepSeek.ClientHandler Sending HTTP request POST https://api.deepseek.com/chat/completions
[14:45:14 INF] System.Net.Http.HttpClient.DeepSeek.LogicalHandler Start processing HTTP request POST https://api.deepseek.com/chat/completions
[14:45:14 INF] System.Net.Http.HttpClient.DeepSeek.ClientHandler Sending HTTP request POST https://api.deepseek.com/chat/completions
[14:45:14 INF] System.Net.Http.HttpClient.DeepSeek.ClientHandler Received HTTP response headers after 288.5515ms - 200
[14:45:14 INF] System.Net.Http.HttpClient.DeepSeek.LogicalHandler End processing HTTP request after 289.0572ms - 200
[14:45:14 INF] System.Net.Http.HttpClient.DeepSeek.ClientHandler Received HTTP response headers after 279.9123ms - 200
[14:45:14 INF] System.Net.Http.HttpClient.DeepSeek.LogicalHandler End processing HTTP request after 280.5582ms - 200
[14:45:14 INF] System.Net.Http.HttpClient.DeepSeek.ClientHandler Received HTTP response headers after 297.0303ms - 200
[14:45:14 INF] System.Net.Http.HttpClient.DeepSeek.LogicalHandler End processing HTTP request after 298.8049ms - 200
[14:45:14 INF] System.Net.Http.HttpClient.DeepSeek.ClientHandler Received HTTP response headers after 322.7462ms - 200
[14:45:14 INF] System.Net.Http.HttpClient.DeepSeek.LogicalHandler End processing HTTP request after 323.2655ms - 200
[14:45:14 INF] System.Net.Http.HttpClient.DeepSeek.ClientHandler Received HTTP response headers after 302.3618ms - 200
[14:45:14 INF] System.Net.Http.HttpClient.DeepSeek.LogicalHandler End processing HTTP request after 303.7867ms - 200
[14:45:15 INF] System.Net.Http.HttpClient.DeepSeek.LogicalHandler Start processing HTTP request POST https://api.deepseek.com/chat/completions
[14:45:15 INF] System.Net.Http.HttpClient.DeepSeek.ClientHandler Sending HTTP request POST https://api.deepseek.com/chat/completions
[14:45:15 INF] System.Net.Http.HttpClient.DeepSeek.LogicalHandler Start processing HTTP request POST https://api.deepseek.com/chat/completions
[14:45:15 INF] System.Net.Http.HttpClient.DeepSeek.ClientHandler Sending HTTP request POST https://api.deepseek.com/chat/completions
[14:45:15 INF] System.Net.Http.HttpClient.DeepSeek.LogicalHandler Start processing HTTP request POST https://api.deepseek.com/chat/completions
[14:45:15 INF] System.Net.Http.HttpClient.DeepSeek.ClientHandler Sending HTTP request POST https://api.deepseek.com/chat/completions
[14:45:15 INF] System.Net.Http.HttpClient.DeepSeek.LogicalHandler Start processing HTTP request POST https://api.deepseek.com/chat/completions
[14:45:15 INF] System.Net.Http.HttpClient.DeepSeek.ClientHandler Sending HTTP request POST https://api.deepseek.com/chat/completions
[14:45:15 INF] System.Net.Http.HttpClient.DeepSeek.ClientHandler Received HTTP response headers after 271.2127ms - 200
[14:45:15 INF] System.Net.Http.HttpClient.DeepSeek.LogicalHandler End processing HTTP request after 271.587ms - 200
[14:45:15 INF] System.Net.Http.HttpClient.DeepSeek.ClientHandler Received HTTP response headers after 283.1767ms - 200
[14:45:15 INF] System.Net.Http.HttpClient.DeepSeek.LogicalHandler End processing HTTP request after 283.5815ms - 200
[14:45:15 INF] System.Net.Http.HttpClient.DeepSeek.ClientHandler Received HTTP response headers after 298.5299ms - 200
[14:45:15 INF] System.Net.Http.HttpClient.DeepSeek.LogicalHandler End processing HTTP request after 299.3422ms - 200
[14:45:15 INF] System.Net.Http.HttpClient.DeepSeek.LogicalHandler Start processing HTTP request POST https://api.deepseek.com/chat/completions
[14:45:15 INF] System.Net.Http.HttpClient.DeepSeek.ClientHandler Sending HTTP request POST https://api.deepseek.com/chat/completions
[14:45:15 INF] System.Net.Http.HttpClient.DeepSeek.ClientHandler Received HTTP response headers after 277.7704ms - 200
[14:45:15 INF] System.Net.Http.HttpClient.DeepSeek.LogicalHandler End processing HTTP request after 278.486ms - 200
[14:45:15 INF] System.Net.Http.HttpClient.DeepSeek.LogicalHandler Start processing HTTP request POST https://api.deepseek.com/chat/completions
[14:45:15 INF] System.Net.Http.HttpClient.DeepSeek.ClientHandler Sending HTTP request POST https://api.deepseek.com/chat/completions
[14:45:15 INF] System.Net.Http.HttpClient.DeepSeek.LogicalHandler Start processing HTTP request POST https://api.deepseek.com/chat/completions
[14:45:15 INF] System.Net.Http.HttpClient.DeepSeek.ClientHandler Sending HTTP request POST https://api.deepseek.com/chat/completions
[14:45:15 INF] System.Net.Http.HttpClient.DeepSeek.LogicalHandler Start processing HTTP request POST https://api.deepseek.com/chat/completions
[14:45:15 INF] System.Net.Http.HttpClient.DeepSeek.ClientHandler Sending HTTP request POST https://api.deepseek.com/chat/completions
[14:45:16 INF] System.Net.Http.HttpClient.DeepSeek.ClientHandler Received HTTP response headers after 298.0909ms - 200
[14:45:16 INF] System.Net.Http.HttpClient.DeepSeek.LogicalHandler End processing HTTP request after 298.7655ms - 200
[14:45:16 INF] System.Net.Http.HttpClient.DeepSeek.ClientHandler Received HTTP response headers after 292.8517ms - 200
[14:45:16 INF] System.Net.Http.HttpClient.DeepSeek.LogicalHandler End processing HTTP request after 293.5121ms - 200
[14:45:16 INF] System.Net.Http.HttpClient.DeepSeek.ClientHandler Received HTTP response headers after 343.2019ms - 200
[14:45:16 INF] System.Net.Http.HttpClient.DeepSeek.LogicalHandler End processing HTTP request after 343.6827ms - 200
[14:45:16 INF] System.Net.Http.HttpClient.DeepSeek.ClientHandler Received HTTP response headers after 279.6372ms - 200
[14:45:16 INF] System.Net.Http.HttpClient.DeepSeek.LogicalHandler End processing HTTP request after 282.1824ms - 200
[14:45:16 INF] System.Net.Http.HttpClient.DeepSeek.LogicalHandler Start processing HTTP request POST https://api.deepseek.com/chat/completions
[14:45:16 INF] System.Net.Http.HttpClient.DeepSeek.ClientHandler Sending HTTP request POST https://api.deepseek.com/chat/completions
[14:45:16 INF] System.Net.Http.HttpClient.DeepSeek.LogicalHandler Start processing HTTP request POST https://api.deepseek.com/chat/completions
[14:45:16 INF] System.Net.Http.HttpClient.DeepSeek.ClientHandler Sending HTTP request POST https://api.deepseek.com/chat/completions
[14:45:16 INF] System.Net.Http.HttpClient.DeepSeek.ClientHandler Received HTTP response headers after 350.1276ms - 200
[14:45:16 INF] System.Net.Http.HttpClient.DeepSeek.LogicalHandler End processing HTTP request after 350.6401ms - 200
[14:45:16 INF] System.Net.Http.HttpClient.DeepSeek.LogicalHandler Start processing HTTP request POST https://api.deepseek.com/chat/completions
[14:45:16 INF] System.Net.Http.HttpClient.DeepSeek.ClientHandler Sending HTTP request POST https://api.deepseek.com/chat/completions
[14:45:16 INF] System.Net.Http.HttpClient.DeepSeek.ClientHandler Received HTTP response headers after 355.1862ms - 200
[14:45:16 INF] System.Net.Http.HttpClient.DeepSeek.LogicalHandler End processing HTTP request after 356.3258ms - 200
[14:45:16 INF] System.Net.Http.HttpClient.DeepSeek.LogicalHandler Start processing HTTP request POST https://api.deepseek.com/chat/completions
[14:45:16 INF] System.Net.Http.HttpClient.DeepSeek.ClientHandler Sending HTTP request POST https://api.deepseek.com/chat/completions
[14:45:16 INF] System.Net.Http.HttpClient.DeepSeek.LogicalHandler Start processing HTTP request POST https://api.deepseek.com/chat/completions
[14:45:16 INF] System.Net.Http.HttpClient.DeepSeek.ClientHandler Sending HTTP request POST https://api.deepseek.com/chat/completions
[14:45:16 INF] System.Net.Http.HttpClient.DeepSeek.LogicalHandler Start processing HTTP request POST https://api.deepseek.com/chat/completions
[14:45:16 INF] System.Net.Http.HttpClient.DeepSeek.ClientHandler Sending HTTP request POST https://api.deepseek.com/chat/completions
[14:45:16 INF] System.Net.Http.HttpClient.DeepSeek.ClientHandler Received HTTP response headers after 285.1352ms - 200
[14:45:16 INF] System.Net.Http.HttpClient.DeepSeek.LogicalHandler End processing HTTP request after 285.7345ms - 200
[14:45:16 INF] System.Net.Http.HttpClient.DeepSeek.ClientHandler Received HTTP response headers after 282.88ms - 200
[14:45:16 INF] System.Net.Http.HttpClient.DeepSeek.LogicalHandler End processing HTTP request after 283.462ms - 200
[14:45:16 INF] System.Net.Http.HttpClient.DeepSeek.LogicalHandler Start processing HTTP request POST https://api.deepseek.com/chat/completions
[14:45:16 INF] System.Net.Http.HttpClient.DeepSeek.ClientHandler Sending HTTP request POST https://api.deepseek.com/chat/completions
[14:45:16 INF] System.Net.Http.HttpClient.DeepSeek.ClientHandler Received HTTP response headers after 277.0178ms - 200
[14:45:16 INF] System.Net.Http.HttpClient.DeepSeek.LogicalHandler End processing HTTP request after 277.7761ms - 200
[14:45:17 INF] System.Net.Http.HttpClient.DeepSeek.ClientHandler Received HTTP response headers after 286.4297ms - 200
[14:45:17 INF] System.Net.Http.HttpClient.DeepSeek.LogicalHandler End processing HTTP request after 287.6932ms - 200
[14:45:17 INF] System.Net.Http.HttpClient.DeepSeek.ClientHandler Received HTTP response headers after 286.5356ms - 200
[14:45:17 INF] System.Net.Http.HttpClient.DeepSeek.LogicalHandler End processing HTTP request after 287.3102ms - 200
[14:45:17 INF] System.Net.Http.HttpClient.DeepSeek.LogicalHandler Start processing HTTP request POST https://api.deepseek.com/chat/completions
[14:45:17 INF] System.Net.Http.HttpClient.DeepSeek.ClientHandler Sending HTTP request POST https://api.deepseek.com/chat/completions
[14:45:17 INF] System.Net.Http.HttpClient.DeepSeek.LogicalHandler Start processing HTTP request POST https://api.deepseek.com/chat/completions
[14:45:17 INF] System.Net.Http.HttpClient.DeepSeek.ClientHandler Sending HTTP request POST https://api.deepseek.com/chat/completions
[14:45:17 INF] System.Net.Http.HttpClient.DeepSeek.LogicalHandler Start processing HTTP request POST https://api.deepseek.com/chat/completions
[14:45:17 INF] System.Net.Http.HttpClient.DeepSeek.ClientHandler Sending HTTP request POST https://api.deepseek.com/chat/completions
[14:45:17 INF] System.Net.Http.HttpClient.DeepSeek.ClientHandler Received HTTP response headers after 283.5582ms - 200
[14:45:17 INF] System.Net.Http.HttpClient.DeepSeek.LogicalHandler End processing HTTP request after 284.8056ms - 200
[14:45:17 INF] System.Net.Http.HttpClient.DeepSeek.ClientHandler Received HTTP response headers after 372.0311ms - 200
[14:45:17 INF] System.Net.Http.HttpClient.DeepSeek.ClientHandler Received HTTP response headers after 317.3954ms - 200
[14:45:17 INF] System.Net.Http.HttpClient.DeepSeek.LogicalHandler End processing HTTP request after 318.0761ms - 200
[14:45:17 INF] System.Net.Http.HttpClient.DeepSeek.LogicalHandler End processing HTTP request after 372.607ms - 200
[14:45:17 INF] System.Net.Http.HttpClient.DeepSeek.LogicalHandler Start processing HTTP request POST https://api.deepseek.com/chat/completions
[14:45:17 INF] System.Net.Http.HttpClient.DeepSeek.ClientHandler Sending HTTP request POST https://api.deepseek.com/chat/completions
[14:45:17 INF] System.Net.Http.HttpClient.DeepSeek.LogicalHandler Start processing HTTP request POST https://api.deepseek.com/chat/completions
[14:45:17 INF] System.Net.Http.HttpClient.DeepSeek.ClientHandler Sending HTTP request POST https://api.deepseek.com/chat/completions
[14:45:17 INF] System.Net.Http.HttpClient.DeepSeek.LogicalHandler Start processing HTTP request POST https://api.deepseek.com/chat/completions
[14:45:17 INF] System.Net.Http.HttpClient.DeepSeek.ClientHandler Sending HTTP request POST https://api.deepseek.com/chat/completions
[14:45:17 INF] System.Net.Http.HttpClient.DeepSeek.LogicalHandler Start processing HTTP request POST https://api.deepseek.com/chat/completions
[14:45:17 INF] System.Net.Http.HttpClient.DeepSeek.ClientHandler Sending HTTP request POST https://api.deepseek.com/chat/completions
[14:45:17 INF] System.Net.Http.HttpClient.DeepSeek.LogicalHandler Start processing HTTP request POST https://api.deepseek.com/chat/completions
[14:45:17 INF] System.Net.Http.HttpClient.DeepSeek.ClientHandler Sending HTTP request POST https://api.deepseek.com/chat/completions
[14:45:17 INF] System.Net.Http.HttpClient.DeepSeek.LogicalHandler Start processing HTTP request POST https://api.deepseek.com/chat/completions
[14:45:17 INF] System.Net.Http.HttpClient.DeepSeek.ClientHandler Sending HTTP request POST https://api.deepseek.com/chat/completions
[14:45:17 INF] System.Net.Http.HttpClient.DeepSeek.ClientHandler Received HTTP response headers after 301.285ms - 200
[14:45:17 INF] System.Net.Http.HttpClient.DeepSeek.LogicalHandler End processing HTTP request after 302.2147ms - 200
[14:45:18 INF] System.Net.Http.HttpClient.DeepSeek.LogicalHandler Start processing HTTP request POST https://api.deepseek.com/chat/completions
[14:45:18 INF] System.Net.Http.HttpClient.DeepSeek.ClientHandler Sending HTTP request POST https://api.deepseek.com/chat/completions
[14:45:18 INF] System.Net.Http.HttpClient.DeepSeek.LogicalHandler Start processing HTTP request POST https://api.deepseek.com/chat/completions
[14:45:18 INF] System.Net.Http.HttpClient.DeepSeek.ClientHandler Sending HTTP request POST https://api.deepseek.com/chat/completions
[14:45:18 INF] System.Net.Http.HttpClient.DeepSeek.ClientHandler Received HTTP response headers after 308.8563ms - 200
[14:45:18 INF] System.Net.Http.HttpClient.DeepSeek.LogicalHandler End processing HTTP request after 309.5096ms - 200
[14:45:18 INF] System.Net.Http.HttpClient.DeepSeek.ClientHandler Received HTTP response headers after 301.5585ms - 200
[14:45:18 INF] System.Net.Http.HttpClient.DeepSeek.LogicalHandler End processing HTTP request after 302.0387ms - 200
[14:45:18 INF] System.Net.Http.HttpClient.DeepSeek.ClientHandler Received HTTP response headers after 281.7985ms - 200
[14:45:18 INF] System.Net.Http.HttpClient.DeepSeek.LogicalHandler End processing HTTP request after 282.3765ms - 200
[14:45:18 INF] System.Net.Http.HttpClient.DeepSeek.ClientHandler Received HTTP response headers after 276.8279ms - 200
[14:45:18 INF] System.Net.Http.HttpClient.DeepSeek.LogicalHandler End processing HTTP request after 277.599ms - 200
[14:45:18 INF] System.Net.Http.HttpClient.DeepSeek.ClientHandler Received HTTP response headers after 296.6692ms - 200
[14:45:18 INF] System.Net.Http.HttpClient.DeepSeek.LogicalHandler End processing HTTP request after 297.6295ms - 200
[14:45:18 INF] System.Net.Http.HttpClient.DeepSeek.ClientHandler Received HTTP response headers after 280.7202ms - 200
[14:45:18 INF] System.Net.Http.HttpClient.DeepSeek.LogicalHandler End processing HTTP request after 282.4822ms - 200
[14:45:18 INF] System.Net.Http.HttpClient.DeepSeek.ClientHandler Received HTTP response headers after 317.6173ms - 200
[14:45:18 INF] System.Net.Http.HttpClient.DeepSeek.LogicalHandler End processing HTTP request after 318.2525ms - 200
[14:45:18 INF] System.Net.Http.HttpClient.DeepSeek.LogicalHandler Start processing HTTP request POST https://api.deepseek.com/chat/completions
[14:45:18 INF] System.Net.Http.HttpClient.DeepSeek.ClientHandler Sending HTTP request POST https://api.deepseek.com/chat/completions
[14:45:18 INF] System.Net.Http.HttpClient.DeepSeek.LogicalHandler Start processing HTTP request POST https://api.deepseek.com/chat/completions
[14:45:18 INF] System.Net.Http.HttpClient.DeepSeek.ClientHandler Sending HTTP request POST https://api.deepseek.com/chat/completions
[14:45:18 INF] System.Net.Http.HttpClient.DeepSeek.LogicalHandler Start processing HTTP request POST https://api.deepseek.com/chat/completions
[14:45:18 INF] System.Net.Http.HttpClient.DeepSeek.ClientHandler Sending HTTP request POST https://api.deepseek.com/chat/completions
[14:45:19 INF] System.Net.Http.HttpClient.DeepSeek.LogicalHandler Start processing HTTP request POST https://api.deepseek.com/chat/completions
[14:45:19 INF] System.Net.Http.HttpClient.DeepSeek.ClientHandler Sending HTTP request POST https://api.deepseek.com/chat/completions
[14:45:19 INF] System.Net.Http.HttpClient.DeepSeek.LogicalHandler Start processing HTTP request POST https://api.deepseek.com/chat/completions
[14:45:19 INF] System.Net.Http.HttpClient.DeepSeek.ClientHandler Sending HTTP request POST https://api.deepseek.com/chat/completions
[14:45:19 INF] System.Net.Http.HttpClient.DeepSeek.LogicalHandler Start processing HTTP request POST https://api.deepseek.com/chat/completions
[14:45:19 INF] System.Net.Http.HttpClient.DeepSeek.ClientHandler Sending HTTP request POST https://api.deepseek.com/chat/completions
[14:45:19 INF] System.Net.Http.HttpClient.DeepSeek.LogicalHandler Start processing HTTP request POST https://api.deepseek.com/chat/completions
[14:45:19 INF] System.Net.Http.HttpClient.DeepSeek.ClientHandler Sending HTTP request POST https://api.deepseek.com/chat/completions
[14:45:19 INF] System.Net.Http.HttpClient.DeepSeek.ClientHandler Received HTTP response headers after 281.7532ms - 200
[14:45:19 INF] System.Net.Http.HttpClient.DeepSeek.LogicalHandler End processing HTTP request after 282.1617ms - 200
[14:45:19 INF] System.Net.Http.HttpClient.DeepSeek.ClientHandler Received HTTP response headers after 285.7963ms - 200
[14:45:19 INF] System.Net.Http.HttpClient.DeepSeek.LogicalHandler End processing HTTP request after 286.1976ms - 200
[14:45:19 INF] System.Net.Http.HttpClient.DeepSeek.LogicalHandler Start processing HTTP request POST https://api.deepseek.com/chat/completions
[14:45:19 INF] System.Net.Http.HttpClient.DeepSeek.ClientHandler Sending HTTP request POST https://api.deepseek.com/chat/completions
[14:45:19 INF] System.Net.Http.HttpClient.DeepSeek.LogicalHandler Start processing HTTP request POST https://api.deepseek.com/chat/completions
[14:45:19 INF] System.Net.Http.HttpClient.DeepSeek.ClientHandler Sending HTTP request POST https://api.deepseek.com/chat/completions
[14:45:19 INF] System.Net.Http.HttpClient.DeepSeek.LogicalHandler Start processing HTTP request POST https://api.deepseek.com/chat/completions
[14:45:19 INF] System.Net.Http.HttpClient.DeepSeek.ClientHandler Sending HTTP request POST https://api.deepseek.com/chat/completions
[14:45:19 INF] System.Net.Http.HttpClient.DeepSeek.ClientHandler Received HTTP response headers after 296.946ms - 200
[14:45:19 INF] System.Net.Http.HttpClient.DeepSeek.LogicalHandler End processing HTTP request after 297.4786ms - 200
[14:45:19 INF] System.Net.Http.HttpClient.DeepSeek.ClientHandler Received HTTP response headers after 275.7284ms - 200
[14:45:19 INF] System.Net.Http.HttpClient.DeepSeek.LogicalHandler End processing HTTP request after 276.1327ms - 200
[14:45:19 INF] System.Net.Http.HttpClient.DeepSeek.ClientHandler Received HTTP response headers after 308.0456ms - 200
[14:45:19 INF] System.Net.Http.HttpClient.DeepSeek.LogicalHandler End processing HTTP request after 308.4635ms - 200
[14:45:19 INF] System.Net.Http.HttpClient.DeepSeek.ClientHandler Received HTTP response headers after 296.3648ms - 200
[14:45:19 INF] System.Net.Http.HttpClient.DeepSeek.LogicalHandler End processing HTTP request after 296.6439ms - 200
[14:45:19 INF] System.Net.Http.HttpClient.DeepSeek.ClientHandler Received HTTP response headers after 302.8264ms - 200
[14:45:19 INF] System.Net.Http.HttpClient.DeepSeek.LogicalHandler End processing HTTP request after 303.2185ms - 200
[14:45:19 INF] System.Net.Http.HttpClient.DeepSeek.ClientHandler Received HTTP response headers after 284.1665ms - 200
[14:45:19 INF] System.Net.Http.HttpClient.DeepSeek.LogicalHandler End processing HTTP request after 284.535ms - 200
[14:45:19 INF] System.Net.Http.HttpClient.DeepSeek.ClientHandler Received HTTP response headers after 283.6345ms - 200
[14:45:19 INF] System.Net.Http.HttpClient.DeepSeek.LogicalHandler End processing HTTP request after 283.9779ms - 200
[14:45:19 INF] System.Net.Http.HttpClient.DeepSeek.ClientHandler Received HTTP response headers after 290.3157ms - 200
[14:45:19 INF] System.Net.Http.HttpClient.DeepSeek.LogicalHandler End processing HTTP request after 290.6412ms - 200
[14:45:19 INF] System.Net.Http.HttpClient.DeepSeek.LogicalHandler Start processing HTTP request POST https://api.deepseek.com/chat/completions
[14:45:19 INF] System.Net.Http.HttpClient.DeepSeek.ClientHandler Sending HTTP request POST https://api.deepseek.com/chat/completions
[14:45:19 INF] System.Net.Http.HttpClient.DeepSeek.LogicalHandler Start processing HTTP request POST https://api.deepseek.com/chat/completions
[14:45:19 INF] System.Net.Http.HttpClient.DeepSeek.ClientHandler Sending HTTP request POST https://api.deepseek.com/chat/completions
[14:45:19 INF] System.Net.Http.HttpClient.DeepSeek.LogicalHandler Start processing HTTP request POST https://api.deepseek.com/chat/completions
[14:45:19 INF] System.Net.Http.HttpClient.DeepSeek.ClientHandler Sending HTTP request POST https://api.deepseek.com/chat/completions
[14:45:19 INF] System.Net.Http.HttpClient.DeepSeek.ClientHandler Received HTTP response headers after 275.402ms - 200
[14:45:19 INF] System.Net.Http.HttpClient.DeepSeek.LogicalHandler End processing HTTP request after 276.5987ms - 200
[14:45:19 INF] System.Net.Http.HttpClient.DeepSeek.LogicalHandler Start processing HTTP request POST https://api.deepseek.com/chat/completions
[14:45:19 INF] System.Net.Http.HttpClient.DeepSeek.ClientHandler Sending HTTP request POST https://api.deepseek.com/chat/completions
[14:45:20 INF] System.Net.Http.HttpClient.DeepSeek.ClientHandler Received HTTP response headers after 285.1731ms - 200
[14:45:20 INF] System.Net.Http.HttpClient.DeepSeek.LogicalHandler End processing HTTP request after 285.7047ms - 200
[14:45:20 INF] System.Net.Http.HttpClient.DeepSeek.ClientHandler Received HTTP response headers after 283.1545ms - 200
[14:45:20 INF] System.Net.Http.HttpClient.DeepSeek.LogicalHandler End processing HTTP request after 283.6965ms - 200
[14:45:20 INF] System.Net.Http.HttpClient.DeepSeek.LogicalHandler Start processing HTTP request POST https://api.deepseek.com/chat/completions
[14:45:20 INF] System.Net.Http.HttpClient.DeepSeek.ClientHandler Sending HTTP request POST https://api.deepseek.com/chat/completions
[14:45:20 INF] System.Net.Http.HttpClient.DeepSeek.LogicalHandler Start processing HTTP request POST https://api.deepseek.com/chat/completions
[14:45:20 INF] System.Net.Http.HttpClient.DeepSeek.ClientHandler Sending HTTP request POST https://api.deepseek.com/chat/completions
[14:45:20 INF] System.Net.Http.HttpClient.DeepSeek.ClientHandler Received HTTP response headers after 302.384ms - 200
[14:45:20 INF] System.Net.Http.HttpClient.DeepSeek.LogicalHandler End processing HTTP request after 302.8636ms - 200
[14:45:20 INF] System.Net.Http.HttpClient.DeepSeek.LogicalHandler Start processing HTTP request POST https://api.deepseek.com/chat/completions
[14:45:20 INF] System.Net.Http.HttpClient.DeepSeek.ClientHandler Sending HTTP request POST https://api.deepseek.com/chat/completions
[14:45:20 INF] System.Net.Http.HttpClient.DeepSeek.ClientHandler Received HTTP response headers after 303.9788ms - 200
[14:45:20 INF] System.Net.Http.HttpClient.DeepSeek.LogicalHandler End processing HTTP request after 304.6642ms - 200
[14:45:20 INF] System.Net.Http.HttpClient.DeepSeek.LogicalHandler Start processing HTTP request POST https://api.deepseek.com/chat/completions
[14:45:20 INF] System.Net.Http.HttpClient.DeepSeek.ClientHandler Sending HTTP request POST https://api.deepseek.com/chat/completions
[14:45:20 INF] System.Net.Http.HttpClient.DeepSeek.ClientHandler Received HTTP response headers after 304.0896ms - 200
[14:45:20 INF] System.Net.Http.HttpClient.DeepSeek.LogicalHandler End processing HTTP request after 304.508ms - 200
[14:45:20 INF] System.Net.Http.HttpClient.DeepSeek.ClientHandler Received HTTP response headers after 281.6128ms - 200
[14:45:20 INF] System.Net.Http.HttpClient.DeepSeek.LogicalHandler End processing HTTP request after 282.1029ms - 200
[14:45:20 INF] System.Net.Http.HttpClient.DeepSeek.LogicalHandler Start processing HTTP request POST https://api.deepseek.com/chat/completions
[14:45:20 INF] System.Net.Http.HttpClient.DeepSeek.ClientHandler Sending HTTP request POST https://api.deepseek.com/chat/completions
[14:45:20 INF] System.Net.Http.HttpClient.DeepSeek.ClientHandler Received HTTP response headers after 294.3977ms - 200
[14:45:20 INF] System.Net.Http.HttpClient.DeepSeek.LogicalHandler End processing HTTP request after 296.1264ms - 200
[14:45:20 INF] System.Net.Http.HttpClient.DeepSeek.LogicalHandler Start processing HTTP request POST https://api.deepseek.com/chat/completions
[14:45:20 INF] System.Net.Http.HttpClient.DeepSeek.ClientHandler Sending HTTP request POST https://api.deepseek.com/chat/completions
[14:45:20 INF] System.Net.Http.HttpClient.DeepSeek.LogicalHandler Start processing HTTP request POST https://api.deepseek.com/chat/completions
[14:45:20 INF] System.Net.Http.HttpClient.DeepSeek.ClientHandler Sending HTTP request POST https://api.deepseek.com/chat/completions
[14:45:20 INF] System.Net.Http.HttpClient.DeepSeek.LogicalHandler Start processing HTTP request POST https://api.deepseek.com/chat/completions
[14:45:20 INF] System.Net.Http.HttpClient.DeepSeek.ClientHandler Sending HTTP request POST https://api.deepseek.com/chat/completions
[14:45:21 INF] System.Net.Http.HttpClient.DeepSeek.ClientHandler Received HTTP response headers after 293.6976ms - 200
[14:45:21 INF] System.Net.Http.HttpClient.DeepSeek.LogicalHandler End processing HTTP request after 294.5574ms - 200
[14:45:21 INF] System.Net.Http.HttpClient.DeepSeek.LogicalHandler Start processing HTTP request POST https://api.deepseek.com/chat/completions
[14:45:21 INF] System.Net.Http.HttpClient.DeepSeek.ClientHandler Sending HTTP request POST https://api.deepseek.com/chat/completions
[14:45:21 INF] System.Net.Http.HttpClient.DeepSeek.ClientHandler Received HTTP response headers after 295.6961ms - 200
[14:45:21 INF] System.Net.Http.HttpClient.DeepSeek.LogicalHandler End processing HTTP request after 296.243ms - 200
[14:45:21 INF] System.Net.Http.HttpClient.DeepSeek.ClientHandler Received HTTP response headers after 290.4933ms - 200
[14:45:21 INF] System.Net.Http.HttpClient.DeepSeek.LogicalHandler End processing HTTP request after 291.1906ms - 200
[14:45:21 INF] System.Net.Http.HttpClient.DeepSeek.ClientHandler Received HTTP response headers after 304.8757ms - 200
[14:45:21 INF] System.Net.Http.HttpClient.DeepSeek.LogicalHandler End processing HTTP request after 305.5031ms - 200
[14:45:21 INF] System.Net.Http.HttpClient.DeepSeek.LogicalHandler Start processing HTTP request POST https://api.deepseek.com/chat/completions
[14:45:21 INF] System.Net.Http.HttpClient.DeepSeek.ClientHandler Sending HTTP request POST https://api.deepseek.com/chat/completions
[14:45:21 INF] System.Net.Http.HttpClient.DeepSeek.ClientHandler Received HTTP response headers after 311.5554ms - 200
[14:45:21 INF] System.Net.Http.HttpClient.DeepSeek.LogicalHandler End processing HTTP request after 312.022ms - 200
[14:45:21 INF] System.Net.Http.HttpClient.DeepSeek.LogicalHandler Start processing HTTP request POST https://api.deepseek.com/chat/completions
[14:45:21 INF] System.Net.Http.HttpClient.DeepSeek.ClientHandler Sending HTTP request POST https://api.deepseek.com/chat/completions
[14:45:21 INF] System.Net.Http.HttpClient.DeepSeek.LogicalHandler Start processing HTTP request POST https://api.deepseek.com/chat/completions
[14:45:21 INF] System.Net.Http.HttpClient.DeepSeek.ClientHandler Sending HTTP request POST https://api.deepseek.com/chat/completions
[14:45:21 INF] System.Net.Http.HttpClient.DeepSeek.LogicalHandler Start processing HTTP request POST https://api.deepseek.com/chat/completions
[14:45:21 INF] System.Net.Http.HttpClient.DeepSeek.ClientHandler Sending HTTP request POST https://api.deepseek.com/chat/completions
[14:45:21 INF] System.Net.Http.HttpClient.DeepSeek.ClientHandler Received HTTP response headers after 282.725ms - 200
[14:45:21 INF] System.Net.Http.HttpClient.DeepSeek.LogicalHandler End processing HTTP request after 283.1153ms - 200
[14:45:21 INF] System.Net.Http.HttpClient.DeepSeek.LogicalHandler Start processing HTTP request POST https://api.deepseek.com/chat/completions
[14:45:21 INF] System.Net.Http.HttpClient.DeepSeek.ClientHandler Sending HTTP request POST https://api.deepseek.com/chat/completions
[14:45:21 INF] System.Net.Http.HttpClient.DeepSeek.ClientHandler Received HTTP response headers after 282.299ms - 200
[14:45:21 INF] System.Net.Http.HttpClient.DeepSeek.LogicalHandler End processing HTTP request after 282.8154ms - 200
[14:45:21 INF] System.Net.Http.HttpClient.DeepSeek.ClientHandler Received HTTP response headers after 314.7859ms - 200
[14:45:21 INF] System.Net.Http.HttpClient.DeepSeek.LogicalHandler End processing HTTP request after 315.194ms - 200
[14:45:21 INF] System.Net.Http.HttpClient.DeepSeek.ClientHandler Received HTTP response headers after 286.2293ms - 200
[14:45:21 INF] System.Net.Http.HttpClient.DeepSeek.LogicalHandler End processing HTTP request after 286.8813ms - 200
[14:45:21 INF] System.Net.Http.HttpClient.DeepSeek.ClientHandler Received HTTP response headers after 296.679ms - 200
[14:45:21 INF] System.Net.Http.HttpClient.DeepSeek.LogicalHandler End processing HTTP request after 298.5578ms - 200
[14:45:22 INF] System.Net.Http.HttpClient.DeepSeek.LogicalHandler Start processing HTTP request POST https://api.deepseek.com/chat/completions
[14:45:22 INF] System.Net.Http.HttpClient.DeepSeek.ClientHandler Sending HTTP request POST https://api.deepseek.com/chat/completions
[14:45:22 INF] System.Net.Http.HttpClient.DeepSeek.LogicalHandler Start processing HTTP request POST https://api.deepseek.com/chat/completions
[14:45:22 INF] System.Net.Http.HttpClient.DeepSeek.ClientHandler Sending HTTP request POST https://api.deepseek.com/chat/completions
[14:45:22 INF] System.Net.Http.HttpClient.DeepSeek.LogicalHandler Start processing HTTP request POST https://api.deepseek.com/chat/completions
[14:45:22 INF] System.Net.Http.HttpClient.DeepSeek.ClientHandler Sending HTTP request POST https://api.deepseek.com/chat/completions
[14:45:22 INF] System.Net.Http.HttpClient.DeepSeek.LogicalHandler Start processing HTTP request POST https://api.deepseek.com/chat/completions
[14:45:22 INF] System.Net.Http.HttpClient.DeepSeek.ClientHandler Sending HTTP request POST https://api.deepseek.com/chat/completions
[14:45:22 INF] System.Net.Http.HttpClient.DeepSeek.LogicalHandler Start processing HTTP request POST https://api.deepseek.com/chat/completions
[14:45:22 INF] System.Net.Http.HttpClient.DeepSeek.ClientHandler Sending HTTP request POST https://api.deepseek.com/chat/completions
[14:45:22 INF] System.Net.Http.HttpClient.DeepSeek.LogicalHandler Start processing HTTP request POST https://api.deepseek.com/chat/completions
[14:45:22 INF] System.Net.Http.HttpClient.DeepSeek.ClientHandler Sending HTTP request POST https://api.deepseek.com/chat/completions
[14:45:22 INF] System.Net.Http.HttpClient.DeepSeek.LogicalHandler Start processing HTTP request POST https://api.deepseek.com/chat/completions
[14:45:22 INF] System.Net.Http.HttpClient.DeepSeek.ClientHandler Sending HTTP request POST https://api.deepseek.com/chat/completions
[14:45:22 INF] System.Net.Http.HttpClient.DeepSeek.ClientHandler Received HTTP response headers after 292.35ms - 200
[14:45:22 INF] System.Net.Http.HttpClient.DeepSeek.LogicalHandler End processing HTTP request after 293.2692ms - 200
[14:45:22 INF] System.Net.Http.HttpClient.DeepSeek.LogicalHandler Start processing HTTP request POST https://api.deepseek.com/chat/completions
[14:45:22 INF] System.Net.Http.HttpClient.DeepSeek.ClientHandler Sending HTTP request POST https://api.deepseek.com/chat/completions
[14:45:22 INF] System.Net.Http.HttpClient.DeepSeek.ClientHandler Received HTTP response headers after 287.5501ms - 200
[14:45:22 INF] System.Net.Http.HttpClient.DeepSeek.LogicalHandler End processing HTTP request after 288.0815ms - 200
[14:45:22 INF] System.Net.Http.HttpClient.DeepSeek.ClientHandler Received HTTP response headers after 294.7996ms - 200
[14:45:22 INF] System.Net.Http.HttpClient.DeepSeek.LogicalHandler End processing HTTP request after 295.9559ms - 200
[14:45:22 INF] System.Net.Http.HttpClient.DeepSeek.ClientHandler Received HTTP response headers after 279.3744ms - 200
[14:45:22 INF] System.Net.Http.HttpClient.DeepSeek.LogicalHandler End processing HTTP request after 279.8264ms - 200
[14:45:22 INF] System.Net.Http.HttpClient.DeepSeek.ClientHandler Received HTTP response headers after 281.7618ms - 200
[14:45:22 INF] System.Net.Http.HttpClient.DeepSeek.LogicalHandler End processing HTTP request after 282.3358ms - 200
[14:45:22 INF] System.Net.Http.HttpClient.DeepSeek.ClientHandler Received HTTP response headers after 273.8323ms - 200
[14:45:22 INF] System.Net.Http.HttpClient.DeepSeek.LogicalHandler End processing HTTP request after 274.2709ms - 200
[14:45:22 INF] System.Net.Http.HttpClient.DeepSeek.ClientHandler Received HTTP response headers after 281.5315ms - 200
[14:45:22 INF] System.Net.Http.HttpClient.DeepSeek.LogicalHandler End processing HTTP request after 281.9347ms - 200
[14:45:22 INF] System.Net.Http.HttpClient.DeepSeek.ClientHandler Received HTTP response headers after 353.2263ms - 200
[14:45:22 INF] System.Net.Http.HttpClient.DeepSeek.LogicalHandler End processing HTTP request after 353.6472ms - 200
[14:45:22 INF] System.Net.Http.HttpClient.DeepSeek.LogicalHandler Start processing HTTP request POST https://api.deepseek.com/chat/completions
[14:45:22 INF] System.Net.Http.HttpClient.DeepSeek.ClientHandler Sending HTTP request POST https://api.deepseek.com/chat/completions
[14:45:22 INF] System.Net.Http.HttpClient.DeepSeek.LogicalHandler Start processing HTTP request POST https://api.deepseek.com/chat/completions
[14:45:22 INF] System.Net.Http.HttpClient.DeepSeek.ClientHandler Sending HTTP request POST https://api.deepseek.com/chat/completions
[14:45:22 INF] System.Net.Http.HttpClient.DeepSeek.LogicalHandler Start processing HTTP request POST https://api.deepseek.com/chat/completions
[14:45:22 INF] System.Net.Http.HttpClient.DeepSeek.ClientHandler Sending HTTP request POST https://api.deepseek.com/chat/completions
[14:45:22 INF] System.Net.Http.HttpClient.DeepSeek.LogicalHandler Start processing HTTP request POST https://api.deepseek.com/chat/completions
[14:45:22 INF] System.Net.Http.HttpClient.DeepSeek.ClientHandler Sending HTTP request POST https://api.deepseek.com/chat/completions
[14:45:23 INF] System.Net.Http.HttpClient.DeepSeek.ClientHandler Received HTTP response headers after 308.5221ms - 200
[14:45:23 INF] System.Net.Http.HttpClient.DeepSeek.LogicalHandler End processing HTTP request after 308.9887ms - 200
[14:45:23 INF] System.Net.Http.HttpClient.DeepSeek.ClientHandler Received HTTP response headers after 280.6316ms - 200
[14:45:23 INF] System.Net.Http.HttpClient.DeepSeek.LogicalHandler End processing HTTP request after 281.3513ms - 200
[14:45:23 INF] System.Net.Http.HttpClient.DeepSeek.LogicalHandler Start processing HTTP request POST https://api.deepseek.com/chat/completions
[14:45:23 INF] System.Net.Http.HttpClient.DeepSeek.ClientHandler Sending HTTP request POST https://api.deepseek.com/chat/completions
[14:45:23 INF] System.Net.Http.HttpClient.DeepSeek.LogicalHandler Start processing HTTP request POST https://api.deepseek.com/chat/completions
[14:45:23 INF] System.Net.Http.HttpClient.DeepSeek.ClientHandler Sending HTTP request POST https://api.deepseek.com/chat/completions
[14:45:23 INF] System.Net.Http.HttpClient.DeepSeek.ClientHandler Received HTTP response headers after 277.8917ms - 200
[14:45:23 INF] System.Net.Http.HttpClient.DeepSeek.LogicalHandler End processing HTTP request after 278.4817ms - 200
[14:45:23 INF] System.Net.Http.HttpClient.DeepSeek.LogicalHandler Start processing HTTP request POST https://api.deepseek.com/chat/completions
[14:45:23 INF] System.Net.Http.HttpClient.DeepSeek.ClientHandler Sending HTTP request POST https://api.deepseek.com/chat/completions
[14:45:23 INF] System.Net.Http.HttpClient.DeepSeek.ClientHandler Received HTTP response headers after 298.827ms - 200
[14:45:23 INF] System.Net.Http.HttpClient.DeepSeek.LogicalHandler End processing HTTP request after 302.048ms - 200
[14:45:23 INF] System.Net.Http.HttpClient.DeepSeek.ClientHandler Received HTTP response headers after 556.6155ms - 200
[14:45:23 INF] System.Net.Http.HttpClient.DeepSeek.LogicalHandler End processing HTTP request after 557.3611ms - 200
[14:45:23 INF] System.Net.Http.HttpClient.DeepSeek.ClientHandler Received HTTP response headers after 286.1903ms - 200
[14:45:23 INF] System.Net.Http.HttpClient.DeepSeek.LogicalHandler End processing HTTP request after 287.0716ms - 200
[14:45:23 INF] System.Net.Http.HttpClient.DeepSeek.LogicalHandler Start processing HTTP request POST https://api.deepseek.com/chat/completions
[14:45:23 INF] System.Net.Http.HttpClient.DeepSeek.ClientHandler Sending HTTP request POST https://api.deepseek.com/chat/completions
[14:45:23 INF] System.Net.Http.HttpClient.DeepSeek.LogicalHandler Start processing HTTP request POST https://api.deepseek.com/chat/completions
[14:45:23 INF] System.Net.Http.HttpClient.DeepSeek.ClientHandler Sending HTTP request POST https://api.deepseek.com/chat/completions
[14:45:23 INF] System.Net.Http.HttpClient.DeepSeek.ClientHandler Received HTTP response headers after 309.6873ms - 200
[14:45:23 INF] System.Net.Http.HttpClient.DeepSeek.LogicalHandler End processing HTTP request after 310.2388ms - 200
[14:45:23 INF] System.Net.Http.HttpClient.DeepSeek.ClientHandler Received HTTP response headers after 297.2221ms - 200
[14:45:23 INF] System.Net.Http.HttpClient.DeepSeek.LogicalHandler End processing HTTP request after 297.8359ms - 200
[14:45:23 INF] System.Net.Http.HttpClient.DeepSeek.LogicalHandler Start processing HTTP request POST https://api.deepseek.com/chat/completions
[14:45:23 INF] System.Net.Http.HttpClient.DeepSeek.ClientHandler Sending HTTP request POST https://api.deepseek.com/chat/completions
[14:45:23 INF] System.Net.Http.HttpClient.DeepSeek.ClientHandler Received HTTP response headers after 291.1869ms - 200
[14:45:23 INF] System.Net.Http.HttpClient.DeepSeek.LogicalHandler End processing HTTP request after 293.0052ms - 200
[14:45:24 INF] System.Net.Http.HttpClient.DeepSeek.LogicalHandler Start processing HTTP request POST https://api.deepseek.com/chat/completions
[14:45:24 INF] System.Net.Http.HttpClient.DeepSeek.ClientHandler Sending HTTP request POST https://api.deepseek.com/chat/completions
[14:45:24 INF] System.Net.Http.HttpClient.DeepSeek.ClientHandler Received HTTP response headers after 282.4027ms - 200
[14:45:24 INF] System.Net.Http.HttpClient.DeepSeek.LogicalHandler End processing HTTP request after 282.8691ms - 200
[14:45:24 INF] System.Net.Http.HttpClient.DeepSeek.ClientHandler Received HTTP response headers after 299.4169ms - 200
[14:45:24 INF] System.Net.Http.HttpClient.DeepSeek.LogicalHandler End processing HTTP request after 300.0225ms - 200
[14:45:24 INF] System.Net.Http.HttpClient.DeepSeek.LogicalHandler Start processing HTTP request POST https://api.deepseek.com/chat/completions
[14:45:24 INF] System.Net.Http.HttpClient.DeepSeek.ClientHandler Sending HTTP request POST https://api.deepseek.com/chat/completions
[14:45:24 INF] System.Net.Http.HttpClient.DeepSeek.LogicalHandler Start processing HTTP request POST https://api.deepseek.com/chat/completions
[14:45:24 INF] System.Net.Http.HttpClient.DeepSeek.ClientHandler Sending HTTP request POST https://api.deepseek.com/chat/completions
[14:45:24 INF] System.Net.Http.HttpClient.DeepSeek.ClientHandler Received HTTP response headers after 286.7461ms - 200
[14:45:24 INF] System.Net.Http.HttpClient.DeepSeek.LogicalHandler End processing HTTP request after 287.4197ms - 200
[14:45:25 INF] System.Net.Http.HttpClient.DeepSeek.LogicalHandler Start processing HTTP request POST https://api.deepseek.com/chat/completions
[14:45:25 INF] System.Net.Http.HttpClient.DeepSeek.ClientHandler Sending HTTP request POST https://api.deepseek.com/chat/completions
[14:45:25 INF] System.Net.Http.HttpClient.DeepSeek.ClientHandler Received HTTP response headers after 280.5027ms - 200
[14:45:25 INF] System.Net.Http.HttpClient.DeepSeek.LogicalHandler End processing HTTP request after 281.1972ms - 200
[14:45:25 INF] System.Net.Http.HttpClient.DeepSeek.LogicalHandler Start processing HTTP request POST https://api.deepseek.com/chat/completions
[14:45:25 INF] System.Net.Http.HttpClient.DeepSeek.ClientHandler Sending HTTP request POST https://api.deepseek.com/chat/completions
[14:45:25 INF] System.Net.Http.HttpClient.DeepSeek.ClientHandler Received HTTP response headers after 286.5862ms - 200
[14:45:25 INF] System.Net.Http.HttpClient.DeepSeek.LogicalHandler End processing HTTP request after 287.2039ms - 200
[14:45:25 INF] System.Net.Http.HttpClient.DeepSeek.LogicalHandler Start processing HTTP request POST https://api.deepseek.com/chat/completions
[14:45:25 INF] System.Net.Http.HttpClient.DeepSeek.ClientHandler Sending HTTP request POST https://api.deepseek.com/chat/completions
[14:45:25 INF] System.Net.Http.HttpClient.DeepSeek.LogicalHandler Start processing HTTP request POST https://api.deepseek.com/chat/completions
[14:45:25 INF] System.Net.Http.HttpClient.DeepSeek.ClientHandler Sending HTTP request POST https://api.deepseek.com/chat/completions
[14:45:25 INF] System.Net.Http.HttpClient.DeepSeek.ClientHandler Received HTTP response headers after 273.1809ms - 200
[14:45:25 INF] System.Net.Http.HttpClient.DeepSeek.LogicalHandler End processing HTTP request after 273.713ms - 200
[14:45:25 INF] System.Net.Http.HttpClient.DeepSeek.ClientHandler Received HTTP response headers after 296.865ms - 200
[14:45:25 INF] System.Net.Http.HttpClient.DeepSeek.LogicalHandler End processing HTTP request after 297.496ms - 200
[14:45:25 INF] System.Net.Http.HttpClient.DeepSeek.ClientHandler Received HTTP response headers after 313.8913ms - 200
[14:45:25 INF] System.Net.Http.HttpClient.DeepSeek.LogicalHandler End processing HTTP request after 314.6158ms - 200
[14:45:26 INF] System.Net.Http.HttpClient.DeepSeek.LogicalHandler Start processing HTTP request POST https://api.deepseek.com/chat/completions
[14:45:26 INF] System.Net.Http.HttpClient.DeepSeek.ClientHandler Sending HTTP request POST https://api.deepseek.com/chat/completions
[14:45:26 INF] System.Net.Http.HttpClient.DeepSeek.LogicalHandler Start processing HTTP request POST https://api.deepseek.com/chat/completions
[14:45:26 INF] System.Net.Http.HttpClient.DeepSeek.ClientHandler Sending HTTP request POST https://api.deepseek.com/chat/completions
[14:45:26 INF] System.Net.Http.HttpClient.DeepSeek.ClientHandler Received HTTP response headers after 296.3652ms - 200
[14:45:26 INF] System.Net.Http.HttpClient.DeepSeek.LogicalHandler End processing HTTP request after 296.9917ms - 200
[14:45:26 INF] System.Net.Http.HttpClient.DeepSeek.ClientHandler Received HTTP response headers after 322.2452ms - 200
[14:45:26 INF] System.Net.Http.HttpClient.DeepSeek.LogicalHandler End processing HTTP request after 322.777ms - 200
[14:45:33 INF] System.Net.Http.HttpClient.DeepSeek.LogicalHandler Start processing HTTP request POST https://api.deepseek.com/chat/completions
[14:45:33 INF] System.Net.Http.HttpClient.DeepSeek.ClientHandler Sending HTTP request POST https://api.deepseek.com/chat/completions
[14:45:34 INF] System.Net.Http.HttpClient.DeepSeek.ClientHandler Received HTTP response headers after 361.6539ms - 200
[14:45:34 INF] System.Net.Http.HttpClient.DeepSeek.LogicalHandler End processing HTTP request after 362.8903ms - 200
[14:48:45 INF] System.Net.Http.HttpClient.IStockApiClient.LogicalHandler Start processing HTTP request GET https://data.sec.gov/submissions/CIK0001375365.json
[14:48:45 INF] System.Net.Http.HttpClient.IStockApiClient.ClientHandler Sending HTTP request GET https://data.sec.gov/submissions/CIK0001375365.json
[14:48:45 INF] System.Net.Http.HttpClient.IStockApiClient.ClientHandler Received HTTP response headers after 397.9985ms - 200
[14:48:45 INF] System.Net.Http.HttpClient.IStockApiClient.LogicalHandler End processing HTTP request after 399.1576ms - 200
[14:48:50 INF] System.Net.Http.HttpClient.IStockApiClient.LogicalHandler Start processing HTTP request GET https://www.sec.gov/Archives/edgar/data/1375365/000137536525000027/smci-20250630.htm
[14:48:50 INF] System.Net.Http.HttpClient.IStockApiClient.ClientHandler Sending HTTP request GET https://www.sec.gov/Archives/edgar/data/1375365/000137536525000027/smci-20250630.htm
[14:48:51 INF] System.Net.Http.HttpClient.IStockApiClient.ClientHandler Received HTTP response headers after 242.4635ms - 200
[14:48:51 INF] System.Net.Http.HttpClient.IStockApiClient.LogicalHandler End processing HTTP request after 242.9078ms - 200
[14:48:51 INF] System.Net.Http.HttpClient.IStockApiClient.LogicalHandler Start processing HTTP request GET https://www.sec.gov/Archives/edgar/data/1375365/000137536525000027/FilingSummary.xml
[14:48:51 INF] System.Net.Http.HttpClient.IStockApiClient.ClientHandler Sending HTTP request GET https://www.sec.gov/Archives/edgar/data/1375365/000137536525000027/FilingSummary.xml
[14:48:51 INF] System.Net.Http.HttpClient.IStockApiClient.ClientHandler Received HTTP response headers after 179.3322ms - 200
[14:48:51 INF] System.Net.Http.HttpClient.IStockApiClient.LogicalHandler End processing HTTP request after 179.698ms - 200
[14:48:51 INF] System.Net.Http.HttpClient.IStockApiClient.LogicalHandler Start processing HTTP request GET https://www.sec.gov/Archives/edgar/data/1375365/000137536525000027/R5.htm
[14:48:51 INF] System.Net.Http.HttpClient.IStockApiClient.ClientHandler Sending HTTP request GET https://www.sec.gov/Archives/edgar/data/1375365/000137536525000027/R5.htm
[14:48:51 INF] System.Net.Http.HttpClient.IStockApiClient.ClientHandler Received HTTP response headers after 42.9945ms - 200
[14:48:51 INF] System.Net.Http.HttpClient.IStockApiClient.LogicalHandler End processing HTTP request after 43.265ms - 200
[14:48:51 INF] System.Net.Http.HttpClient.IStockApiClient.LogicalHandler Start processing HTTP request GET https://www.sec.gov/Archives/edgar/data/1375365/000137536525000027/R48.htm
[14:48:51 INF] System.Net.Http.HttpClient.IStockApiClient.ClientHandler Sending HTTP request GET https://www.sec.gov/Archives/edgar/data/1375365/000137536525000027/R48.htm
[14:48:51 INF] System.Net.Http.HttpClient.IStockApiClient.ClientHandler Received HTTP response headers after 43.7865ms - 200
[14:48:51 INF] System.Net.Http.HttpClient.IStockApiClient.LogicalHandler End processing HTTP request after 44.1864ms - 200
[14:48:51 INF] System.Net.Http.HttpClient.IStockApiClient.LogicalHandler Start processing HTTP request GET https://www.sec.gov/Archives/edgar/data/1375365/000137536525000027/R81.htm
[14:48:51 INF] System.Net.Http.HttpClient.IStockApiClient.ClientHandler Sending HTTP request GET https://www.sec.gov/Archives/edgar/data/1375365/000137536525000027/R81.htm
[14:48:51 INF] System.Net.Http.HttpClient.IStockApiClient.ClientHandler Received HTTP response headers after 50.5213ms - 200
[14:48:51 INF] System.Net.Http.HttpClient.IStockApiClient.LogicalHandler End processing HTTP request after 50.876ms - 200
[14:48:51 INF] System.Net.Http.HttpClient.IStockApiClient.LogicalHandler Start processing HTTP request GET https://www.sec.gov/Archives/edgar/data/1375365/000137536525000027/R92.htm
[14:48:51 INF] System.Net.Http.HttpClient.IStockApiClient.ClientHandler Sending HTTP request GET https://www.sec.gov/Archives/edgar/data/1375365/000137536525000027/R92.htm
[14:48:51 INF] System.Net.Http.HttpClient.IStockApiClient.ClientHandler Received HTTP response headers after 43.8519ms - 200
[14:48:51 INF] System.Net.Http.HttpClient.IStockApiClient.LogicalHandler End processing HTTP request after 44.2673ms - 200
[14:48:51 INF] System.Net.Http.HttpClient.IStockApiClient.LogicalHandler Start processing HTTP request GET https://www.sec.gov/Archives/edgar/data/1375365/000137536525000027/R107.htm
[14:48:51 INF] System.Net.Http.HttpClient.IStockApiClient.ClientHandler Sending HTTP request GET https://www.sec.gov/Archives/edgar/data/1375365/000137536525000027/R107.htm
[14:48:51 INF] System.Net.Http.HttpClient.IStockApiClient.ClientHandler Received HTTP response headers after 39.7989ms - 200
[14:48:51 INF] System.Net.Http.HttpClient.IStockApiClient.LogicalHandler End processing HTTP request after 40.0161ms - 200
[14:48:51 INF] System.Net.Http.HttpClient.IStockApiClient.LogicalHandler Start processing HTTP request GET https://www.sec.gov/Archives/edgar/data/1375365/000137536525000027/R108.htm
[14:48:51 INF] System.Net.Http.HttpClient.IStockApiClient.ClientHandler Sending HTTP request GET https://www.sec.gov/Archives/edgar/data/1375365/000137536525000027/R108.htm
[14:48:51 INF] System.Net.Http.HttpClient.IStockApiClient.ClientHandler Received HTTP response headers after 36.5827ms - 200
[14:48:51 INF] System.Net.Http.HttpClient.IStockApiClient.LogicalHandler End processing HTTP request after 36.7712ms - 200
[14:48:51 INF] System.Net.Http.HttpClient.DeepSeek.LogicalHandler Start processing HTTP request POST https://api.deepseek.com/chat/completions
[14:48:51 INF] System.Net.Http.HttpClient.DeepSeek.ClientHandler Sending HTTP request POST https://api.deepseek.com/chat/completions
[14:48:51 INF] System.Net.Http.HttpClient.DeepSeek.LogicalHandler Start processing HTTP request POST https://api.deepseek.com/chat/completions
[14:48:51 INF] System.Net.Http.HttpClient.DeepSeek.ClientHandler Sending HTTP request POST https://api.deepseek.com/chat/completions
[14:48:51 INF] System.Net.Http.HttpClient.DeepSeek.LogicalHandler Start processing HTTP request POST https://api.deepseek.com/chat/completions
[14:48:51 INF] System.Net.Http.HttpClient.DeepSeek.ClientHandler Sending HTTP request POST https://api.deepseek.com/chat/completions
[14:48:51 INF] System.Net.Http.HttpClient.DeepSeek.LogicalHandler Start processing HTTP request POST https://api.deepseek.com/chat/completions
[14:48:51 INF] System.Net.Http.HttpClient.DeepSeek.ClientHandler Sending HTTP request POST https://api.deepseek.com/chat/completions
[14:48:51 INF] System.Net.Http.HttpClient.DeepSeek.LogicalHandler Start processing HTTP request POST https://api.deepseek.com/chat/completions
[14:48:51 INF] System.Net.Http.HttpClient.DeepSeek.ClientHandler Sending HTTP request POST https://api.deepseek.com/chat/completions
[14:48:51 INF] System.Net.Http.HttpClient.DeepSeek.LogicalHandler Start processing HTTP request POST https://api.deepseek.com/chat/completions
[14:48:51 INF] System.Net.Http.HttpClient.DeepSeek.ClientHandler Sending HTTP request POST https://api.deepseek.com/chat/completions
[14:48:52 INF] System.Net.Http.HttpClient.DeepSeek.ClientHandler Received HTTP response headers after 639.9712ms - 200
[14:48:52 INF] System.Net.Http.HttpClient.DeepSeek.LogicalHandler End processing HTTP request after 640.2571ms - 200
[14:48:52 INF] System.Net.Http.HttpClient.DeepSeek.ClientHandler Received HTTP response headers after 648.2327ms - 200
[14:48:52 INF] System.Net.Http.HttpClient.DeepSeek.LogicalHandler End processing HTTP request after 648.6392ms - 200
[14:48:52 INF] System.Net.Http.HttpClient.DeepSeek.ClientHandler Received HTTP response headers after 654.9839ms - 200
[14:48:52 INF] System.Net.Http.HttpClient.DeepSeek.LogicalHandler End processing HTTP request after 655.2333ms - 200
[14:48:52 INF] System.Net.Http.HttpClient.DeepSeek.ClientHandler Received HTTP response headers after 657.7619ms - 200
[14:48:52 INF] System.Net.Http.HttpClient.DeepSeek.LogicalHandler End processing HTTP request after 658.0759ms - 200
[14:48:52 INF] System.Net.Http.HttpClient.DeepSeek.ClientHandler Received HTTP response headers after 658.5188ms - 200
[14:48:52 INF] System.Net.Http.HttpClient.DeepSeek.LogicalHandler End processing HTTP request after 658.8442ms - 200
[14:48:52 INF] System.Net.Http.HttpClient.DeepSeek.ClientHandler Received HTTP response headers after 667.034ms - 200
[14:48:52 INF] System.Net.Http.HttpClient.DeepSeek.LogicalHandler End processing HTTP request after 667.2695ms - 200
[14:48:53 INF] System.Net.Http.HttpClient.DeepSeek.LogicalHandler Start processing HTTP request POST https://api.deepseek.com/chat/completions
[14:48:53 INF] System.Net.Http.HttpClient.DeepSeek.ClientHandler Sending HTTP request POST https://api.deepseek.com/chat/completions
[14:48:53 INF] System.Net.Http.HttpClient.DeepSeek.LogicalHandler Start processing HTTP request POST https://api.deepseek.com/chat/completions
[14:48:53 INF] System.Net.Http.HttpClient.DeepSeek.ClientHandler Sending HTTP request POST https://api.deepseek.com/chat/completions
[14:48:54 INF] System.Net.Http.HttpClient.DeepSeek.LogicalHandler Start processing HTTP request POST https://api.deepseek.com/chat/completions
[14:48:54 INF] System.Net.Http.HttpClient.DeepSeek.ClientHandler Sending HTTP request POST https://api.deepseek.com/chat/completions
[14:48:54 INF] System.Net.Http.HttpClient.DeepSeek.ClientHandler Received HTTP response headers after 311.616ms - 200
[14:48:54 INF] System.Net.Http.HttpClient.DeepSeek.LogicalHandler End processing HTTP request after 312.1535ms - 200
[14:48:54 INF] System.Net.Http.HttpClient.DeepSeek.ClientHandler Received HTTP response headers after 287.3957ms - 200
[14:48:54 INF] System.Net.Http.HttpClient.DeepSeek.LogicalHandler End processing HTTP request after 287.9092ms - 200
[14:48:54 INF] System.Net.Http.HttpClient.DeepSeek.ClientHandler Received HTTP response headers after 330.3905ms - 200
[14:48:54 INF] System.Net.Http.HttpClient.DeepSeek.LogicalHandler End processing HTTP request after 330.7391ms - 200
[14:48:55 INF] System.Net.Http.HttpClient.DeepSeek.LogicalHandler Start processing HTTP request POST https://api.deepseek.com/chat/completions
[14:48:55 INF] System.Net.Http.HttpClient.DeepSeek.ClientHandler Sending HTTP request POST https://api.deepseek.com/chat/completions
[14:48:55 INF] System.Net.Http.HttpClient.DeepSeek.ClientHandler Received HTTP response headers after 301.2289ms - 200
[14:48:55 INF] System.Net.Http.HttpClient.DeepSeek.LogicalHandler End processing HTTP request after 302.0313ms - 200
[14:48:57 INF] System.Net.Http.HttpClient.DeepSeek.LogicalHandler Start processing HTTP request POST https://api.deepseek.com/chat/completions
[14:48:57 INF] System.Net.Http.HttpClient.DeepSeek.ClientHandler Sending HTTP request POST https://api.deepseek.com/chat/completions
[14:48:57 INF] System.Net.Http.HttpClient.DeepSeek.ClientHandler Received HTTP response headers after 307.3962ms - 200
[14:48:57 INF] System.Net.Http.HttpClient.DeepSeek.LogicalHandler End processing HTTP request after 308.3996ms - 200
[14:48:58 INF] System.Net.Http.HttpClient.DeepSeek.LogicalHandler Start processing HTTP request POST https://api.deepseek.com/chat/completions
[14:48:58 INF] System.Net.Http.HttpClient.DeepSeek.ClientHandler Sending HTTP request POST https://api.deepseek.com/chat/completions
[14:48:58 INF] System.Net.Http.HttpClient.DeepSeek.ClientHandler Received HTTP response headers after 292.7445ms - 200
[14:48:58 INF] System.Net.Http.HttpClient.DeepSeek.LogicalHandler End processing HTTP request after 293.2722ms - 200
[14:48:58 INF] System.Net.Http.HttpClient.DeepSeek.LogicalHandler Start processing HTTP request POST https://api.deepseek.com/chat/completions
[14:48:58 INF] System.Net.Http.HttpClient.DeepSeek.ClientHandler Sending HTTP request POST https://api.deepseek.com/chat/completions
[14:48:58 INF] System.Net.Http.HttpClient.DeepSeek.LogicalHandler Start processing HTTP request POST https://api.deepseek.com/chat/completions
[14:48:58 INF] System.Net.Http.HttpClient.DeepSeek.ClientHandler Sending HTTP request POST https://api.deepseek.com/chat/completions
[14:48:58 INF] System.Net.Http.HttpClient.DeepSeek.ClientHandler Received HTTP response headers after 286.6859ms - 200
[14:48:58 INF] System.Net.Http.HttpClient.DeepSeek.LogicalHandler End processing HTTP request after 289.3323ms - 200
[14:48:58 INF] System.Net.Http.HttpClient.DeepSeek.ClientHandler Received HTTP response headers after 289.7635ms - 200
[14:48:58 INF] System.Net.Http.HttpClient.DeepSeek.LogicalHandler End processing HTTP request after 290.3604ms - 200
[14:48:59 INF] System.Net.Http.HttpClient.DeepSeek.LogicalHandler Start processing HTTP request POST https://api.deepseek.com/chat/completions
[14:48:59 INF] System.Net.Http.HttpClient.DeepSeek.ClientHandler Sending HTTP request POST https://api.deepseek.com/chat/completions
[14:48:59 INF] System.Net.Http.HttpClient.DeepSeek.ClientHandler Received HTTP response headers after 376.4778ms - 200
[14:48:59 INF] System.Net.Http.HttpClient.DeepSeek.LogicalHandler End processing HTTP request after 376.9667ms - 200
[14:48:59 INF] System.Net.Http.HttpClient.DeepSeek.LogicalHandler Start processing HTTP request POST https://api.deepseek.com/chat/completions
[14:48:59 INF] System.Net.Http.HttpClient.DeepSeek.ClientHandler Sending HTTP request POST https://api.deepseek.com/chat/completions
[14:48:59 INF] System.Net.Http.HttpClient.DeepSeek.LogicalHandler Start processing HTTP request POST https://api.deepseek.com/chat/completions
[14:48:59 INF] System.Net.Http.HttpClient.DeepSeek.ClientHandler Sending HTTP request POST https://api.deepseek.com/chat/completions
[14:49:00 INF] System.Net.Http.HttpClient.DeepSeek.ClientHandler Received HTTP response headers after 285.0711ms - 200
[14:49:00 INF] System.Net.Http.HttpClient.DeepSeek.LogicalHandler End processing HTTP request after 288.1802ms - 200
[14:49:00 INF] System.Net.Http.HttpClient.DeepSeek.ClientHandler Received HTTP response headers after 275.2272ms - 200
[14:49:00 INF] System.Net.Http.HttpClient.DeepSeek.LogicalHandler End processing HTTP request after 275.7332ms - 200
[14:49:00 INF] System.Net.Http.HttpClient.DeepSeek.LogicalHandler Start processing HTTP request POST https://api.deepseek.com/chat/completions
[14:49:00 INF] System.Net.Http.HttpClient.DeepSeek.ClientHandler Sending HTTP request POST https://api.deepseek.com/chat/completions
[14:49:00 INF] System.Net.Http.HttpClient.DeepSeek.LogicalHandler Start processing HTTP request POST https://api.deepseek.com/chat/completions
[14:49:00 INF] System.Net.Http.HttpClient.DeepSeek.ClientHandler Sending HTTP request POST https://api.deepseek.com/chat/completions
[14:49:00 INF] System.Net.Http.HttpClient.DeepSeek.LogicalHandler Start processing HTTP request POST https://api.deepseek.com/chat/completions
[14:49:00 INF] System.Net.Http.HttpClient.DeepSeek.ClientHandler Sending HTTP request POST https://api.deepseek.com/chat/completions
[14:49:00 INF] System.Net.Http.HttpClient.DeepSeek.LogicalHandler Start processing HTTP request POST https://api.deepseek.com/chat/completions
[14:49:00 INF] System.Net.Http.HttpClient.DeepSeek.ClientHandler Sending HTTP request POST https://api.deepseek.com/chat/completions
[14:49:01 INF] System.Net.Http.HttpClient.DeepSeek.ClientHandler Received HTTP response headers after 278.777ms - 200
[14:49:01 INF] System.Net.Http.HttpClient.DeepSeek.LogicalHandler End processing HTTP request after 279.3143ms - 200
[14:49:01 INF] System.Net.Http.HttpClient.DeepSeek.ClientHandler Received HTTP response headers after 292.11ms - 200
[14:49:01 INF] System.Net.Http.HttpClient.DeepSeek.ClientHandler Received HTTP response headers after 277.1619ms - 200
[14:49:01 INF] System.Net.Http.HttpClient.DeepSeek.LogicalHandler End processing HTTP request after 292.8036ms - 200
[14:49:01 INF] System.Net.Http.HttpClient.DeepSeek.LogicalHandler End processing HTTP request after 279.695ms - 200
[14:49:01 INF] System.Net.Http.HttpClient.DeepSeek.ClientHandler Received HTTP response headers after 307.5911ms - 200
[14:49:01 INF] System.Net.Http.HttpClient.DeepSeek.LogicalHandler End processing HTTP request after 308.6134ms - 200
[14:49:01 INF] System.Net.Http.HttpClient.DeepSeek.LogicalHandler Start processing HTTP request POST https://api.deepseek.com/chat/completions
[14:49:01 INF] System.Net.Http.HttpClient.DeepSeek.ClientHandler Sending HTTP request POST https://api.deepseek.com/chat/completions
[14:49:01 INF] System.Net.Http.HttpClient.DeepSeek.ClientHandler Received HTTP response headers after 284.6324ms - 200
[14:49:01 INF] System.Net.Http.HttpClient.DeepSeek.LogicalHandler End processing HTTP request after 285.2907ms - 200
[14:49:01 INF] System.Net.Http.HttpClient.DeepSeek.LogicalHandler Start processing HTTP request POST https://api.deepseek.com/chat/completions
[14:49:01 INF] System.Net.Http.HttpClient.DeepSeek.ClientHandler Sending HTTP request POST https://api.deepseek.com/chat/completions
[14:49:02 INF] System.Net.Http.HttpClient.DeepSeek.ClientHandler Received HTTP response headers after 282.7245ms - 200
[14:49:02 INF] System.Net.Http.HttpClient.DeepSeek.LogicalHandler End processing HTTP request after 283.5275ms - 200
[14:49:02 INF] System.Net.Http.HttpClient.DeepSeek.LogicalHandler Start processing HTTP request POST https://api.deepseek.com/chat/completions
[14:49:02 INF] System.Net.Http.HttpClient.DeepSeek.ClientHandler Sending HTTP request POST https://api.deepseek.com/chat/completions
[14:49:02 INF] System.Net.Http.HttpClient.DeepSeek.LogicalHandler Start processing HTTP request POST https://api.deepseek.com/chat/completions
[14:49:02 INF] System.Net.Http.HttpClient.DeepSeek.ClientHandler Sending HTTP request POST https://api.deepseek.com/chat/completions
[14:49:02 INF] System.Net.Http.HttpClient.DeepSeek.ClientHandler Received HTTP response headers after 325.4171ms - 200
[14:49:02 INF] System.Net.Http.HttpClient.DeepSeek.LogicalHandler End processing HTTP request after 326.0432ms - 200
[14:49:02 INF] System.Net.Http.HttpClient.DeepSeek.ClientHandler Received HTTP response headers after 285.153ms - 200
[14:49:02 INF] System.Net.Http.HttpClient.DeepSeek.LogicalHandler End processing HTTP request after 286.2495ms - 200
[14:49:02 INF] System.Net.Http.HttpClient.DeepSeek.LogicalHandler Start processing HTTP request POST https://api.deepseek.com/chat/completions
[14:49:02 INF] System.Net.Http.HttpClient.DeepSeek.ClientHandler Sending HTTP request POST https://api.deepseek.com/chat/completions
[14:49:03 INF] System.Net.Http.HttpClient.DeepSeek.ClientHandler Received HTTP response headers after 321.5424ms - 200
[14:49:03 INF] System.Net.Http.HttpClient.DeepSeek.LogicalHandler Start processing HTTP request POST https://api.deepseek.com/chat/completions
[14:49:03 INF] System.Net.Http.HttpClient.DeepSeek.LogicalHandler End processing HTTP request after 324.1474ms - 200
[14:49:03 INF] System.Net.Http.HttpClient.DeepSeek.ClientHandler Sending HTTP request POST https://api.deepseek.com/chat/completions
[14:49:03 INF] System.Net.Http.HttpClient.DeepSeek.ClientHandler Received HTTP response headers after 303.558ms - 200
[14:49:03 INF] System.Net.Http.HttpClient.DeepSeek.LogicalHandler End processing HTTP request after 305.9896ms - 200
[14:49:03 INF] System.Net.Http.HttpClient.DeepSeek.LogicalHandler Start processing HTTP request POST https://api.deepseek.com/chat/completions
[14:49:03 INF] System.Net.Http.HttpClient.DeepSeek.ClientHandler Sending HTTP request POST https://api.deepseek.com/chat/completions
[14:49:04 INF] System.Net.Http.HttpClient.DeepSeek.ClientHandler Received HTTP response headers after 307.6324ms - 200
[14:49:04 INF] System.Net.Http.HttpClient.DeepSeek.LogicalHandler End processing HTTP request after 308.157ms - 200
[14:49:04 INF] System.Net.Http.HttpClient.DeepSeek.LogicalHandler Start processing HTTP request POST https://api.deepseek.com/chat/completions
[14:49:04 INF] System.Net.Http.HttpClient.DeepSeek.ClientHandler Sending HTTP request POST https://api.deepseek.com/chat/completions
[14:49:04 INF] System.Net.Http.HttpClient.DeepSeek.LogicalHandler Start processing HTTP request POST https://api.deepseek.com/chat/completions
[14:49:04 INF] System.Net.Http.HttpClient.DeepSeek.ClientHandler Sending HTTP request POST https://api.deepseek.com/chat/completions
[14:49:04 INF] System.Net.Http.HttpClient.DeepSeek.ClientHandler Received HTTP response headers after 288.584ms - 200
[14:49:04 INF] System.Net.Http.HttpClient.DeepSeek.LogicalHandler End processing HTTP request after 288.9404ms - 200
[14:49:04 INF] System.Net.Http.HttpClient.DeepSeek.ClientHandler Received HTTP response headers after 279.758ms - 200
[14:49:04 INF] System.Net.Http.HttpClient.DeepSeek.LogicalHandler End processing HTTP request after 280.2438ms - 200
[14:49:04 INF] System.Net.Http.HttpClient.DeepSeek.LogicalHandler Start processing HTTP request POST https://api.deepseek.com/chat/completions
[14:49:04 INF] System.Net.Http.HttpClient.DeepSeek.ClientHandler Sending HTTP request POST https://api.deepseek.com/chat/completions
[14:49:04 INF] System.Net.Http.HttpClient.DeepSeek.ClientHandler Received HTTP response headers after 329.5711ms - 200
[14:49:04 INF] System.Net.Http.HttpClient.DeepSeek.LogicalHandler End processing HTTP request after 330.2773ms - 200
[14:49:05 INF] System.Net.Http.HttpClient.DeepSeek.LogicalHandler Start processing HTTP request POST https://api.deepseek.com/chat/completions
[14:49:05 INF] System.Net.Http.HttpClient.DeepSeek.LogicalHandler Start processing HTTP request POST https://api.deepseek.com/chat/completions
[14:49:05 INF] System.Net.Http.HttpClient.DeepSeek.ClientHandler Sending HTTP request POST https://api.deepseek.com/chat/completions
[14:49:05 INF] System.Net.Http.HttpClient.DeepSeek.ClientHandler Sending HTTP request POST https://api.deepseek.com/chat/completions
[14:49:05 INF] System.Net.Http.HttpClient.DeepSeek.LogicalHandler Start processing HTTP request POST https://api.deepseek.com/chat/completions
[14:49:05 INF] System.Net.Http.HttpClient.DeepSeek.ClientHandler Sending HTTP request POST https://api.deepseek.com/chat/completions
[14:49:05 INF] System.Net.Http.HttpClient.DeepSeek.ClientHandler Received HTTP response headers after 274.9547ms - 200
[14:49:05 INF] System.Net.Http.HttpClient.DeepSeek.LogicalHandler End processing HTTP request after 275.5055ms - 200
[14:49:05 INF] System.Net.Http.HttpClient.DeepSeek.ClientHandler Received HTTP response headers after 291.1887ms - 200
[14:49:05 INF] System.Net.Http.HttpClient.DeepSeek.LogicalHandler End processing HTTP request after 291.7905ms - 200
[14:49:05 INF] System.Net.Http.HttpClient.DeepSeek.ClientHandler Received HTTP response headers after 282.2762ms - 200
[14:49:05 INF] System.Net.Http.HttpClient.DeepSeek.LogicalHandler End processing HTTP request after 282.858ms - 200
[14:49:18 INF] System.Net.Http.HttpClient.IStockApiClient.LogicalHandler Start processing HTTP request GET https://data.sec.gov/api/xbrl/companyfacts/CIK0001375365.json
[14:49:18 INF] System.Net.Http.HttpClient.IStockApiClient.ClientHandler Sending HTTP request GET https://data.sec.gov/api/xbrl/companyfacts/CIK0001375365.json
[14:49:18 INF] System.Net.Http.HttpClient.IStockApiClient.ClientHandler Received HTTP response headers after 374.803ms - 200
[14:49:18 INF] System.Net.Http.HttpClient.IStockApiClient.LogicalHandler End processing HTTP request after 377.4771ms - 200
[14:49:18 INF] System.Net.Http.HttpClient.IStockApiClient.LogicalHandler Start processing HTTP request GET https://data.sec.gov/submissions/CIK0001375365.json
[14:49:18 INF] System.Net.Http.HttpClient.IStockApiClient.ClientHandler Sending HTTP request GET https://data.sec.gov/submissions/CIK0001375365.json
[14:49:18 INF] System.Net.Http.HttpClient.IStockApiClient.ClientHandler Received HTTP response headers after 30.4344ms - 200
[14:49:18 INF] System.Net.Http.HttpClient.IStockApiClient.LogicalHandler End processing HTTP request after 30.746ms - 200
[14:49:18 INF] System.Net.Http.HttpClient.IStockApiClient.LogicalHandler Start processing HTTP request GET https://www.sec.gov/Archives/edgar/data/1375365/000137536525000027/index.json
[14:49:18 INF] System.Net.Http.HttpClient.IStockApiClient.ClientHandler Sending HTTP request GET https://www.sec.gov/Archives/edgar/data/1375365/000137536525000027/index.json
[14:49:18 INF] System.Net.Http.HttpClient.IStockApiClient.ClientHandler Received HTTP response headers after 38.6852ms - 200
[14:49:18 INF] System.Net.Http.HttpClient.IStockApiClient.LogicalHandler End processing HTTP request after 38.9573ms - 200
[14:49:18 INF] System.Net.Http.HttpClient.IStockApiClient.LogicalHandler Start processing HTTP request GET https://www.sec.gov/Archives/edgar/data/1375365/000137536525000027/smci-20250630_htm.xml
[14:49:18 INF] System.Net.Http.HttpClient.IStockApiClient.ClientHandler Sending HTTP request GET https://www.sec.gov/Archives/edgar/data/1375365/000137536525000027/smci-20250630_htm.xml
[14:49:18 INF] System.Net.Http.HttpClient.IStockApiClient.ClientHandler Received HTTP response headers after 40.5809ms - 200
[14:49:18 INF] System.Net.Http.HttpClient.IStockApiClient.LogicalHandler End processing HTTP request after 40.8361ms - 200
[14:49:18 INF] System.Net.Http.HttpClient.DeepSeek.LogicalHandler Start processing HTTP request POST https://api.deepseek.com/chat/completions
[14:49:18 INF] System.Net.Http.HttpClient.DeepSeek.ClientHandler Sending HTTP request POST https://api.deepseek.com/chat/completions
[14:49:19 INF] System.Net.Http.HttpClient.DeepSeek.ClientHandler Received HTTP response headers after 283.3053ms - 200
[14:49:19 INF] System.Net.Http.HttpClient.DeepSeek.LogicalHandler End processing HTTP request after 283.8117ms - 200
[14:49:57 INF] System.Net.Http.HttpClient.DeepSeek.LogicalHandler Start processing HTTP request POST https://api.deepseek.com/chat/completions
[14:49:57 INF] System.Net.Http.HttpClient.DeepSeek.ClientHandler Sending HTTP request POST https://api.deepseek.com/chat/completions
[14:49:57 INF] System.Net.Http.HttpClient.DeepSeek.LogicalHandler Start processing HTTP request POST https://api.deepseek.com/chat/completions
[14:49:57 INF] System.Net.Http.HttpClient.DeepSeek.ClientHandler Sending HTTP request POST https://api.deepseek.com/chat/completions
[14:49:57 INF] System.Net.Http.HttpClient.DeepSeek.LogicalHandler Start processing HTTP request POST https://api.deepseek.com/chat/completions
[14:49:57 INF] System.Net.Http.HttpClient.DeepSeek.ClientHandler Sending HTTP request POST https://api.deepseek.com/chat/completions
[14:49:57 INF] System.Net.Http.HttpClient.DeepSeek.LogicalHandler Start processing HTTP request POST https://api.deepseek.com/chat/completions
[14:49:57 INF] System.Net.Http.HttpClient.DeepSeek.ClientHandler Sending HTTP request POST https://api.deepseek.com/chat/completions
[14:49:57 INF] System.Net.Http.HttpClient.DeepSeek.LogicalHandler Start processing HTTP request POST https://api.deepseek.com/chat/completions
[14:49:57 INF] System.Net.Http.HttpClient.DeepSeek.ClientHandler Sending HTTP request POST https://api.deepseek.com/chat/completions
[14:49:57 INF] System.Net.Http.HttpClient.DeepSeek.LogicalHandler Start processing HTTP request POST https://api.deepseek.com/chat/completions
[14:49:57 INF] System.Net.Http.HttpClient.DeepSeek.ClientHandler Sending HTTP request POST https://api.deepseek.com/chat/completions
[14:49:57 INF] System.Net.Http.HttpClient.DeepSeek.LogicalHandler Start processing HTTP request POST https://api.deepseek.com/chat/completions
[14:49:57 INF] System.Net.Http.HttpClient.DeepSeek.ClientHandler Sending HTTP request POST https://api.deepseek.com/chat/completions
[14:49:57 INF] System.Net.Http.HttpClient.DeepSeek.LogicalHandler Start processing HTTP request POST https://api.deepseek.com/chat/completions
[14:49:57 INF] System.Net.Http.HttpClient.DeepSeek.ClientHandler Sending HTTP request POST https://api.deepseek.com/chat/completions
[14:49:57 INF] System.Net.Http.HttpClient.DeepSeek.LogicalHandler Start processing HTTP request POST https://api.deepseek.com/chat/completions
[14:49:57 INF] System.Net.Http.HttpClient.DeepSeek.ClientHandler Sending HTTP request POST https://api.deepseek.com/chat/completions
[14:49:57 INF] System.Net.Http.HttpClient.DeepSeek.LogicalHandler Start processing HTTP request POST https://api.deepseek.com/chat/completions
[14:49:57 INF] System.Net.Http.HttpClient.DeepSeek.ClientHandler Sending HTTP request POST https://api.deepseek.com/chat/completions
[14:49:57 INF] System.Net.Http.HttpClient.DeepSeek.LogicalHandler Start processing HTTP request POST https://api.deepseek.com/chat/completions
[14:49:57 INF] System.Net.Http.HttpClient.DeepSeek.ClientHandler Sending HTTP request POST https://api.deepseek.com/chat/completions
[14:49:57 INF] System.Net.Http.HttpClient.DeepSeek.LogicalHandler Start processing HTTP request POST https://api.deepseek.com/chat/completions
[14:49:57 INF] System.Net.Http.HttpClient.DeepSeek.ClientHandler Sending HTTP request POST https://api.deepseek.com/chat/completions
[14:49:57 INF] System.Net.Http.HttpClient.DeepSeek.LogicalHandler Start processing HTTP request POST https://api.deepseek.com/chat/completions
[14:49:57 INF] System.Net.Http.HttpClient.DeepSeek.ClientHandler Sending HTTP request POST https://api.deepseek.com/chat/completions
[14:49:57 INF] System.Net.Http.HttpClient.DeepSeek.LogicalHandler Start processing HTTP request POST https://api.deepseek.com/chat/completions
[14:49:57 INF] System.Net.Http.HttpClient.DeepSeek.ClientHandler Sending HTTP request POST https://api.deepseek.com/chat/completions
[14:49:57 INF] System.Net.Http.HttpClient.DeepSeek.LogicalHandler Start processing HTTP request POST https://api.deepseek.com/chat/completions
[14:49:57 INF] System.Net.Http.HttpClient.DeepSeek.ClientHandler Sending HTTP request POST https://api.deepseek.com/chat/completions
[14:49:57 INF] System.Net.Http.HttpClient.DeepSeek.LogicalHandler Start processing HTTP request POST https://api.deepseek.com/chat/completions
[14:49:57 INF] System.Net.Http.HttpClient.DeepSeek.ClientHandler Sending HTTP request POST https://api.deepseek.com/chat/completions
[14:49:57 INF] System.Net.Http.HttpClient.DeepSeek.LogicalHandler Start processing HTTP request POST https://api.deepseek.com/chat/completions
[14:49:57 INF] System.Net.Http.HttpClient.DeepSeek.ClientHandler Sending HTTP request POST https://api.deepseek.com/chat/completions
[14:49:57 INF] System.Net.Http.HttpClient.DeepSeek.LogicalHandler Start processing HTTP request POST https://api.deepseek.com/chat/completions
[14:49:57 INF] System.Net.Http.HttpClient.DeepSeek.ClientHandler Sending HTTP request POST https://api.deepseek.com/chat/completions
[14:49:57 INF] System.Net.Http.HttpClient.DeepSeek.LogicalHandler Start processing HTTP request POST https://api.deepseek.com/chat/completions
[14:49:57 INF] System.Net.Http.HttpClient.DeepSeek.ClientHandler Sending HTTP request POST https://api.deepseek.com/chat/completions
[14:49:57 INF] System.Net.Http.HttpClient.DeepSeek.LogicalHandler Start processing HTTP request POST https://api.deepseek.com/chat/completions
[14:49:57 INF] System.Net.Http.HttpClient.DeepSeek.ClientHandler Sending HTTP request POST https://api.deepseek.com/chat/completions
[14:49:57 INF] System.Net.Http.HttpClient.DeepSeek.LogicalHandler Start processing HTTP request POST https://api.deepseek.com/chat/completions
[14:49:57 INF] System.Net.Http.HttpClient.DeepSeek.ClientHandler Sending HTTP request POST https://api.deepseek.com/chat/completions
[14:49:57 INF] System.Net.Http.HttpClient.DeepSeek.LogicalHandler Start processing HTTP request POST https://api.deepseek.com/chat/completions
[14:49:57 INF] System.Net.Http.HttpClient.DeepSeek.ClientHandler Sending HTTP request POST https://api.deepseek.com/chat/completions
[14:49:57 INF] System.Net.Http.HttpClient.DeepSeek.LogicalHandler Start processing HTTP request POST https://api.deepseek.com/chat/completions
[14:49:57 INF] System.Net.Http.HttpClient.DeepSeek.ClientHandler Sending HTTP request POST https://api.deepseek.com/chat/completions
[14:49:57 INF] System.Net.Http.HttpClient.DeepSeek.LogicalHandler Start processing HTTP request POST https://api.deepseek.com/chat/completions
[14:49:57 INF] System.Net.Http.HttpClient.DeepSeek.ClientHandler Sending HTTP request POST https://api.deepseek.com/chat/completions
[14:49:57 INF] System.Net.Http.HttpClient.DeepSeek.LogicalHandler Start processing HTTP request POST https://api.deepseek.com/chat/completions
[14:49:57 INF] System.Net.Http.HttpClient.DeepSeek.ClientHandler Sending HTTP request POST https://api.deepseek.com/chat/completions
[14:49:57 INF] System.Net.Http.HttpClient.DeepSeek.LogicalHandler Start processing HTTP request POST https://api.deepseek.com/chat/completions
[14:49:57 INF] System.Net.Http.HttpClient.DeepSeek.ClientHandler Sending HTTP request POST https://api.deepseek.com/chat/completions
[14:49:57 INF] System.Net.Http.HttpClient.DeepSeek.LogicalHandler Start processing HTTP request POST https://api.deepseek.com/chat/completions
[14:49:57 INF] System.Net.Http.HttpClient.DeepSeek.ClientHandler Sending HTTP request POST https://api.deepseek.com/chat/completions
[14:49:57 INF] System.Net.Http.HttpClient.DeepSeek.LogicalHandler Start processing HTTP request POST https://api.deepseek.com/chat/completions
[14:49:57 INF] System.Net.Http.HttpClient.DeepSeek.ClientHandler Sending HTTP request POST https://api.deepseek.com/chat/completions
[14:49:57 INF] System.Net.Http.HttpClient.DeepSeek.LogicalHandler Start processing HTTP request POST https://api.deepseek.com/chat/completions
[14:49:57 INF] System.Net.Http.HttpClient.DeepSeek.ClientHandler Sending HTTP request POST https://api.deepseek.com/chat/completions
[14:49:57 INF] System.Net.Http.HttpClient.DeepSeek.LogicalHandler Start processing HTTP request POST https://api.deepseek.com/chat/completions
[14:49:57 INF] System.Net.Http.HttpClient.DeepSeek.ClientHandler Sending HTTP request POST https://api.deepseek.com/chat/completions
[14:49:57 INF] System.Net.Http.HttpClient.DeepSeek.LogicalHandler Start processing HTTP request POST https://api.deepseek.com/chat/completions
[14:49:57 INF] System.Net.Http.HttpClient.DeepSeek.ClientHandler Sending HTTP request POST https://api.deepseek.com/chat/completions
[14:49:57 INF] System.Net.Http.HttpClient.DeepSeek.LogicalHandler Start processing HTTP request POST https://api.deepseek.com/chat/completions
[14:49:57 INF] System.Net.Http.HttpClient.DeepSeek.ClientHandler Sending HTTP request POST https://api.deepseek.com/chat/completions
[14:49:57 INF] System.Net.Http.HttpClient.DeepSeek.LogicalHandler Start processing HTTP request POST https://api.deepseek.com/chat/completions
[14:49:57 INF] System.Net.Http.HttpClient.DeepSeek.ClientHandler Sending HTTP request POST https://api.deepseek.com/chat/completions
[14:49:57 INF] System.Net.Http.HttpClient.DeepSeek.LogicalHandler Start processing HTTP request POST https://api.deepseek.com/chat/completions
[14:49:57 INF] System.Net.Http.HttpClient.DeepSeek.ClientHandler Sending HTTP request POST https://api.deepseek.com/chat/completions
[14:49:57 INF] System.Net.Http.HttpClient.DeepSeek.LogicalHandler Start processing HTTP request POST https://api.deepseek.com/chat/completions
[14:49:57 INF] System.Net.Http.HttpClient.DeepSeek.ClientHandler Sending HTTP request POST https://api.deepseek.com/chat/completions
[14:49:57 INF] System.Net.Http.HttpClient.DeepSeek.LogicalHandler Start processing HTTP request POST https://api.deepseek.com/chat/completions
[14:49:57 INF] System.Net.Http.HttpClient.DeepSeek.ClientHandler Sending HTTP request POST https://api.deepseek.com/chat/completions
[14:49:57 INF] System.Net.Http.HttpClient.DeepSeek.LogicalHandler Start processing HTTP request POST https://api.deepseek.com/chat/completions
[14:49:57 INF] System.Net.Http.HttpClient.DeepSeek.ClientHandler Sending HTTP request POST https://api.deepseek.com/chat/completions
[14:49:57 INF] System.Net.Http.HttpClient.DeepSeek.LogicalHandler Start processing HTTP request POST https://api.deepseek.com/chat/completions
[14:49:57 INF] System.Net.Http.HttpClient.DeepSeek.ClientHandler Sending HTTP request POST https://api.deepseek.com/chat/completions
[14:49:57 INF] System.Net.Http.HttpClient.DeepSeek.LogicalHandler Start processing HTTP request POST https://api.deepseek.com/chat/completions
[14:49:57 INF] System.Net.Http.HttpClient.DeepSeek.ClientHandler Sending HTTP request POST https://api.deepseek.com/chat/completions
[14:49:57 INF] System.Net.Http.HttpClient.DeepSeek.LogicalHandler Start processing HTTP request POST https://api.deepseek.com/chat/completions
[14:49:57 INF] System.Net.Http.HttpClient.DeepSeek.ClientHandler Sending HTTP request POST https://api.deepseek.com/chat/completions
[14:49:57 INF] System.Net.Http.HttpClient.DeepSeek.LogicalHandler Start processing HTTP request POST https://api.deepseek.com/chat/completions
[14:49:57 INF] System.Net.Http.HttpClient.DeepSeek.ClientHandler Sending HTTP request POST https://api.deepseek.com/chat/completions
[14:49:57 INF] System.Net.Http.HttpClient.DeepSeek.LogicalHandler Start processing HTTP request POST https://api.deepseek.com/chat/completions
[14:49:57 INF] System.Net.Http.HttpClient.DeepSeek.ClientHandler Sending HTTP request POST https://api.deepseek.com/chat/completions
[14:49:57 INF] System.Net.Http.HttpClient.DeepSeek.LogicalHandler Start processing HTTP request POST https://api.deepseek.com/chat/completions
[14:49:57 INF] System.Net.Http.HttpClient.DeepSeek.ClientHandler Sending HTTP request POST https://api.deepseek.com/chat/completions
[14:49:57 INF] System.Net.Http.HttpClient.DeepSeek.LogicalHandler Start processing HTTP request POST https://api.deepseek.com/chat/completions
[14:49:57 INF] System.Net.Http.HttpClient.DeepSeek.ClientHandler Sending HTTP request POST https://api.deepseek.com/chat/completions
[14:49:57 INF] System.Net.Http.HttpClient.DeepSeek.LogicalHandler Start processing HTTP request POST https://api.deepseek.com/chat/completions
[14:49:57 INF] System.Net.Http.HttpClient.DeepSeek.ClientHandler Sending HTTP request POST https://api.deepseek.com/chat/completions
[14:49:57 INF] System.Net.Http.HttpClient.DeepSeek.LogicalHandler Start processing HTTP request POST https://api.deepseek.com/chat/completions
[14:49:57 INF] System.Net.Http.HttpClient.DeepSeek.ClientHandler Sending HTTP request POST https://api.deepseek.com/chat/completions
[14:49:57 INF] System.Net.Http.HttpClient.DeepSeek.LogicalHandler Start processing HTTP request POST https://api.deepseek.com/chat/completions
[14:49:57 INF] System.Net.Http.HttpClient.DeepSeek.ClientHandler Sending HTTP request POST https://api.deepseek.com/chat/completions
[14:49:57 INF] System.Net.Http.HttpClient.DeepSeek.LogicalHandler Start processing HTTP request POST https://api.deepseek.com/chat/completions
[14:49:57 INF] System.Net.Http.HttpClient.DeepSeek.ClientHandler Sending HTTP request POST https://api.deepseek.com/chat/completions
[14:49:57 INF] System.Net.Http.HttpClient.DeepSeek.LogicalHandler Start processing HTTP request POST https://api.deepseek.com/chat/completions
[14:49:57 INF] System.Net.Http.HttpClient.DeepSeek.ClientHandler Sending HTTP request POST https://api.deepseek.com/chat/completions
[14:49:57 INF] System.Net.Http.HttpClient.DeepSeek.LogicalHandler Start processing HTTP request POST https://api.deepseek.com/chat/completions
[14:49:57 INF] System.Net.Http.HttpClient.DeepSeek.ClientHandler Sending HTTP request POST https://api.deepseek.com/chat/completions
[14:49:57 INF] System.Net.Http.HttpClient.DeepSeek.LogicalHandler Start processing HTTP request POST https://api.deepseek.com/chat/completions
[14:49:57 INF] System.Net.Http.HttpClient.DeepSeek.ClientHandler Sending HTTP request POST https://api.deepseek.com/chat/completions
[14:49:57 INF] System.Net.Http.HttpClient.DeepSeek.LogicalHandler Start processing HTTP request POST https://api.deepseek.com/chat/completions
[14:49:57 INF] System.Net.Http.HttpClient.DeepSeek.ClientHandler Sending HTTP request POST https://api.deepseek.com/chat/completions
[14:49:57 INF] System.Net.Http.HttpClient.DeepSeek.LogicalHandler Start processing HTTP request POST https://api.deepseek.com/chat/completions
[14:49:57 INF] System.Net.Http.HttpClient.DeepSeek.ClientHandler Sending HTTP request POST https://api.deepseek.com/chat/completions
[14:49:57 INF] System.Net.Http.HttpClient.DeepSeek.LogicalHandler Start processing HTTP request POST https://api.deepseek.com/chat/completions
[14:49:57 INF] System.Net.Http.HttpClient.DeepSeek.ClientHandler Sending HTTP request POST https://api.deepseek.com/chat/completions
[14:49:57 INF] System.Net.Http.HttpClient.DeepSeek.ClientHandler Received HTTP response headers after 277.251ms - 200
[14:49:57 INF] System.Net.Http.HttpClient.DeepSeek.LogicalHandler End processing HTTP request after 277.6059ms - 200
[14:49:57 INF] System.Net.Http.HttpClient.DeepSeek.ClientHandler Received HTTP response headers after 297.5384ms - 200
[14:49:57 INF] System.Net.Http.HttpClient.DeepSeek.LogicalHandler End processing HTTP request after 299.4545ms - 200
[14:49:57 INF] System.Net.Http.HttpClient.DeepSeek.ClientHandler Received HTTP response headers after 296.3005ms - 200
[14:49:57 INF] System.Net.Http.HttpClient.DeepSeek.LogicalHandler End processing HTTP request after 296.644ms - 200
[14:49:57 INF] System.Net.Http.HttpClient.DeepSeek.ClientHandler Received HTTP response headers after 301.4875ms - 200
[14:49:57 INF] System.Net.Http.HttpClient.DeepSeek.LogicalHandler End processing HTTP request after 301.848ms - 200
[14:49:57 INF] System.Net.Http.HttpClient.DeepSeek.ClientHandler Received HTTP response headers after 304.5808ms - 200
[14:49:57 INF] System.Net.Http.HttpClient.DeepSeek.LogicalHandler End processing HTTP request after 304.8746ms - 200
[14:49:57 INF] System.Net.Http.HttpClient.DeepSeek.ClientHandler Received HTTP response headers after 318.8933ms - 200
[14:49:57 INF] System.Net.Http.HttpClient.DeepSeek.LogicalHandler End processing HTTP request after 319.4895ms - 200
[14:49:59 INF] System.Net.Http.HttpClient.DeepSeek.LogicalHandler Start processing HTTP request POST https://api.deepseek.com/chat/completions
[14:49:59 INF] System.Net.Http.HttpClient.DeepSeek.ClientHandler Sending HTTP request POST https://api.deepseek.com/chat/completions
[14:49:59 INF] System.Net.Http.HttpClient.DeepSeek.LogicalHandler Start processing HTTP request POST https://api.deepseek.com/chat/completions
[14:49:59 INF] System.Net.Http.HttpClient.DeepSeek.ClientHandler Sending HTTP request POST https://api.deepseek.com/chat/completions
[14:49:59 INF] System.Net.Http.HttpClient.DeepSeek.LogicalHandler Start processing HTTP request POST https://api.deepseek.com/chat/completions
[14:49:59 INF] System.Net.Http.HttpClient.DeepSeek.ClientHandler Sending HTTP request POST https://api.deepseek.com/chat/completions
[14:49:59 INF] System.Net.Http.HttpClient.DeepSeek.LogicalHandler Start processing HTTP request POST https://api.deepseek.com/chat/completions
[14:49:59 INF] System.Net.Http.HttpClient.DeepSeek.ClientHandler Sending HTTP request POST https://api.deepseek.com/chat/completions
[14:49:59 INF] System.Net.Http.HttpClient.DeepSeek.ClientHandler Received HTTP response headers after 2537.8478ms - 200
[14:49:59 INF] System.Net.Http.HttpClient.DeepSeek.LogicalHandler End processing HTTP request after 2538.1427ms - 200
[14:49:59 INF] System.Net.Http.HttpClient.DeepSeek.ClientHandler Received HTTP response headers after 2537.4553ms - 200
[14:49:59 INF] System.Net.Http.HttpClient.DeepSeek.LogicalHandler End processing HTTP request after 2538.0848ms - 200
[14:49:59 INF] System.Net.Http.HttpClient.DeepSeek.ClientHandler Received HTTP response headers after 2590.9016ms - 200
[14:49:59 INF] System.Net.Http.HttpClient.DeepSeek.LogicalHandler End processing HTTP request after 2591.2082ms - 200
[14:49:59 INF] System.Net.Http.HttpClient.DeepSeek.ClientHandler Received HTTP response headers after 2595.3712ms - 200
[14:49:59 INF] System.Net.Http.HttpClient.DeepSeek.LogicalHandler End processing HTTP request after 2595.8754ms - 200
[14:49:59 INF] System.Net.Http.HttpClient.DeepSeek.ClientHandler Received HTTP response headers after 2596.851ms - 200
[14:49:59 INF] System.Net.Http.HttpClient.DeepSeek.LogicalHandler End processing HTTP request after 2597.1338ms - 200
[14:49:59 INF] System.Net.Http.HttpClient.DeepSeek.ClientHandler Received HTTP response headers after 2600.9828ms - 200
[14:49:59 INF] System.Net.Http.HttpClient.DeepSeek.ClientHandler Received HTTP response headers after 2597.4515ms - 200
[14:49:59 INF] System.Net.Http.HttpClient.DeepSeek.LogicalHandler End processing HTTP request after 2597.7322ms - 200
[14:49:59 INF] System.Net.Http.HttpClient.DeepSeek.LogicalHandler End processing HTTP request after 2601.3404ms - 200
[14:49:59 INF] System.Net.Http.HttpClient.DeepSeek.ClientHandler Received HTTP response headers after 2597.233ms - 200
[14:49:59 INF] System.Net.Http.HttpClient.DeepSeek.LogicalHandler End processing HTTP request after 2597.5232ms - 200
[14:49:59 INF] System.Net.Http.HttpClient.DeepSeek.ClientHandler Received HTTP response headers after 2593.2893ms - 200
[14:49:59 INF] System.Net.Http.HttpClient.DeepSeek.ClientHandler Received HTTP response headers after 2600.7681ms - 200
[14:49:59 INF] System.Net.Http.HttpClient.DeepSeek.LogicalHandler End processing HTTP request after 2593.5953ms - 200
[14:49:59 INF] System.Net.Http.HttpClient.DeepSeek.LogicalHandler End processing HTTP request after 2601.001ms - 200
[14:49:59 INF] System.Net.Http.HttpClient.DeepSeek.ClientHandler Received HTTP response headers after 2607.679ms - 200
[14:49:59 INF] System.Net.Http.HttpClient.DeepSeek.LogicalHandler End processing HTTP request after 2607.9608ms - 200
[14:49:59 INF] System.Net.Http.HttpClient.DeepSeek.ClientHandler Received HTTP response headers after 2601.2461ms - 200
[14:49:59 INF] System.Net.Http.HttpClient.DeepSeek.ClientHandler Received HTTP response headers after 2596.7807ms - 200
[14:49:59 INF] System.Net.Http.HttpClient.DeepSeek.LogicalHandler End processing HTTP request after 2601.464ms - 200
[14:49:59 INF] System.Net.Http.HttpClient.DeepSeek.LogicalHandler End processing HTTP request after 2597.0448ms - 200
[14:49:59 INF] System.Net.Http.HttpClient.DeepSeek.ClientHandler Received HTTP response headers after 2598.89ms - 200
[14:49:59 INF] System.Net.Http.HttpClient.DeepSeek.LogicalHandler End processing HTTP request after 2599.1318ms - 200
[14:49:59 INF] System.Net.Http.HttpClient.DeepSeek.ClientHandler Received HTTP response headers after 2610.691ms - 200
[14:49:59 INF] System.Net.Http.HttpClient.DeepSeek.LogicalHandler End processing HTTP request after 2611.1943ms - 200
[14:49:59 INF] System.Net.Http.HttpClient.DeepSeek.ClientHandler Received HTTP response headers after 2604.4868ms - 200
[14:49:59 INF] System.Net.Http.HttpClient.DeepSeek.LogicalHandler End processing HTTP request after 2604.7397ms - 200
[14:49:59 INF] System.Net.Http.HttpClient.DeepSeek.ClientHandler Received HTTP response headers after 2613.4424ms - 200
[14:49:59 INF] System.Net.Http.HttpClient.DeepSeek.LogicalHandler End processing HTTP request after 2613.7972ms - 200
[14:49:59 INF] System.Net.Http.HttpClient.DeepSeek.ClientHandler Received HTTP response headers after 2602.0122ms - 200
[14:49:59 INF] System.Net.Http.HttpClient.DeepSeek.ClientHandler Received HTTP response headers after 2605.6411ms - 200
[14:49:59 INF] System.Net.Http.HttpClient.DeepSeek.LogicalHandler End processing HTTP request after 2605.8294ms - 200
[14:49:59 INF] System.Net.Http.HttpClient.DeepSeek.ClientHandler Received HTTP response headers after 2610.44ms - 200
[14:49:59 INF] System.Net.Http.HttpClient.DeepSeek.LogicalHandler End processing HTTP request after 2610.7661ms - 200
[14:49:59 INF] System.Net.Http.HttpClient.DeepSeek.LogicalHandler End processing HTTP request after 2602.467ms - 200
[14:49:59 INF] System.Net.Http.HttpClient.DeepSeek.ClientHandler Received HTTP response headers after 2607.3907ms - 200
[14:49:59 INF] System.Net.Http.HttpClient.DeepSeek.LogicalHandler End processing HTTP request after 2607.6287ms - 200
[14:49:59 INF] System.Net.Http.HttpClient.DeepSeek.ClientHandler Received HTTP response headers after 2605.6804ms - 200
[14:49:59 INF] System.Net.Http.HttpClient.DeepSeek.LogicalHandler End processing HTTP request after 2605.9197ms - 200
[14:49:59 INF] System.Net.Http.HttpClient.DeepSeek.ClientHandler Received HTTP response headers after 2618.036ms - 200
[14:49:59 INF] System.Net.Http.HttpClient.DeepSeek.ClientHandler Received HTTP response headers after 2606.6162ms - 200
[14:49:59 INF] System.Net.Http.HttpClient.DeepSeek.LogicalHandler End processing HTTP request after 2606.8702ms - 200
[14:49:59 INF] System.Net.Http.HttpClient.DeepSeek.LogicalHandler End processing HTTP request after 2618.22ms - 200
[14:49:59 INF] System.Net.Http.HttpClient.DeepSeek.ClientHandler Received HTTP response headers after 2611.6445ms - 200
[14:49:59 INF] System.Net.Http.HttpClient.DeepSeek.ClientHandler Received HTTP response headers after 2611.596ms - 200
[14:49:59 INF] System.Net.Http.HttpClient.DeepSeek.ClientHandler Received HTTP response headers after 2613.2619ms - 200
[14:49:59 INF] System.Net.Http.HttpClient.DeepSeek.LogicalHandler End processing HTTP request after 2611.865ms - 200
[14:49:59 INF] System.Net.Http.HttpClient.DeepSeek.ClientHandler Received HTTP response headers after 2614.1794ms - 200
[14:49:59 INF] System.Net.Http.HttpClient.DeepSeek.LogicalHandler End processing HTTP request after 2611.9634ms - 200
[14:49:59 INF] System.Net.Http.HttpClient.DeepSeek.LogicalHandler End processing HTTP request after 2613.5978ms - 200
[14:49:59 INF] System.Net.Http.HttpClient.DeepSeek.LogicalHandler End processing HTTP request after 2617.6277ms - 200
[14:49:59 INF] System.Net.Http.HttpClient.DeepSeek.ClientHandler Received HTTP response headers after 2613.7835ms - 200
[14:49:59 INF] System.Net.Http.HttpClient.DeepSeek.LogicalHandler End processing HTTP request after 2614.4732ms - 200
[14:49:59 INF] System.Net.Http.HttpClient.DeepSeek.ClientHandler Received HTTP response headers after 2611.5055ms - 200
[14:49:59 INF] System.Net.Http.HttpClient.DeepSeek.LogicalHandler End processing HTTP request after 2611.8063ms - 200
[14:49:59 INF] System.Net.Http.HttpClient.DeepSeek.ClientHandler Received HTTP response headers after 2611.3902ms - 200
[14:49:59 INF] System.Net.Http.HttpClient.DeepSeek.LogicalHandler End processing HTTP request after 2611.5448ms - 200
[14:49:59 INF] System.Net.Http.HttpClient.DeepSeek.ClientHandler Received HTTP response headers after 2618.0085ms - 200
[14:49:59 INF] System.Net.Http.HttpClient.DeepSeek.LogicalHandler End processing HTTP request after 2618.2084ms - 200
[14:49:59 INF] System.Net.Http.HttpClient.DeepSeek.ClientHandler Received HTTP response headers after 2616.2479ms - 200
[14:49:59 INF] System.Net.Http.HttpClient.DeepSeek.ClientHandler Received HTTP response headers after 2615.9719ms - 200
[14:49:59 INF] System.Net.Http.HttpClient.DeepSeek.ClientHandler Received HTTP response headers after 2610.4295ms - 200
[14:49:59 INF] System.Net.Http.HttpClient.DeepSeek.LogicalHandler End processing HTTP request after 2616.5629ms - 200
[14:49:59 INF] System.Net.Http.HttpClient.DeepSeek.LogicalHandler End processing HTTP request after 2610.846ms - 200
[14:49:59 INF] System.Net.Http.HttpClient.DeepSeek.LogicalHandler End processing HTTP request after 2616.2984ms - 200
[14:49:59 INF] System.Net.Http.HttpClient.DeepSeek.ClientHandler Received HTTP response headers after 951.6225ms - 200
[14:49:59 INF] System.Net.Http.HttpClient.DeepSeek.LogicalHandler End processing HTTP request after 952.252ms - 200
[14:49:59 INF] System.Net.Http.HttpClient.DeepSeek.ClientHandler Received HTTP response headers after 2622.4355ms - 200
[14:49:59 INF] System.Net.Http.HttpClient.DeepSeek.LogicalHandler End processing HTTP request after 2622.7102ms - 200
[14:49:59 INF] System.Net.Http.HttpClient.DeepSeek.ClientHandler Received HTTP response headers after 2613.907ms - 200
[14:49:59 INF] System.Net.Http.HttpClient.DeepSeek.LogicalHandler End processing HTTP request after 2614.0687ms - 200
[14:49:59 INF] System.Net.Http.HttpClient.DeepSeek.ClientHandler Received HTTP response headers after 2617.9913ms - 200
[14:49:59 INF] System.Net.Http.HttpClient.DeepSeek.LogicalHandler End processing HTTP request after 2620.1155ms - 200
[14:49:59 INF] System.Net.Http.HttpClient.DeepSeek.ClientHandler Received HTTP response headers after 2618.5154ms - 200
[14:49:59 INF] System.Net.Http.HttpClient.DeepSeek.LogicalHandler End processing HTTP request after 2618.7348ms - 200
[14:49:59 INF] System.Net.Http.HttpClient.DeepSeek.ClientHandler Received HTTP response headers after 2621.8911ms - 200
[14:49:59 INF] System.Net.Http.HttpClient.DeepSeek.LogicalHandler End processing HTTP request after 2622.0671ms - 200
[14:49:59 INF] System.Net.Http.HttpClient.DeepSeek.ClientHandler Received HTTP response headers after 2623.4543ms - 200
[14:49:59 INF] System.Net.Http.HttpClient.DeepSeek.LogicalHandler End processing HTTP request after 2624.1333ms - 200
[14:49:59 INF] System.Net.Http.HttpClient.DeepSeek.ClientHandler Received HTTP response headers after 945.6399ms - 200
[14:49:59 INF] System.Net.Http.HttpClient.DeepSeek.LogicalHandler End processing HTTP request after 945.9924ms - 200
[14:49:59 INF] System.Net.Http.HttpClient.DeepSeek.ClientHandler Received HTTP response headers after 2632.8015ms - 200
[14:49:59 INF] System.Net.Http.HttpClient.DeepSeek.LogicalHandler End processing HTTP request after 2632.9665ms - 200
[14:50:00 INF] System.Net.Http.HttpClient.DeepSeek.ClientHandler Received HTTP response headers after 2651.5758ms - 200
[14:50:00 INF] System.Net.Http.HttpClient.DeepSeek.LogicalHandler End processing HTTP request after 2652.0305ms - 200
[14:50:00 INF] System.Net.Http.HttpClient.DeepSeek.ClientHandler Received HTTP response headers after 279.2792ms - 200
[14:50:00 INF] System.Net.Http.HttpClient.DeepSeek.LogicalHandler End processing HTTP request after 279.5627ms - 200
[14:50:00 INF] System.Net.Http.HttpClient.DeepSeek.ClientHandler Received HTTP response headers after 2678.6438ms - 200
[14:50:00 INF] System.Net.Http.HttpClient.DeepSeek.LogicalHandler End processing HTTP request after 2678.859ms - 200
[14:50:00 INF] System.Net.Http.HttpClient.DeepSeek.ClientHandler Received HTTP response headers after 301.0196ms - 200
[14:50:00 INF] System.Net.Http.HttpClient.DeepSeek.LogicalHandler End processing HTTP request after 301.6944ms - 200
[14:50:00 INF] System.Net.Http.HttpClient.DeepSeek.ClientHandler Received HTTP response headers after 2807.2092ms - 200
[14:50:00 INF] System.Net.Http.HttpClient.DeepSeek.LogicalHandler End processing HTTP request after 2808.7014ms - 200
[14:50:00 INF] System.Net.Http.HttpClient.DeepSeek.ClientHandler Received HTTP response headers after 2944.4262ms - 200
[14:50:00 INF] System.Net.Http.HttpClient.DeepSeek.LogicalHandler End processing HTTP request after 2944.9013ms - 200
[14:50:00 INF] System.Net.Http.HttpClient.DeepSeek.ClientHandler Received HTTP response headers after 2945.5639ms - 200
[14:50:00 INF] System.Net.Http.HttpClient.DeepSeek.LogicalHandler End processing HTTP request after 2945.7798ms - 200
[14:50:00 INF] System.Net.Http.HttpClient.DeepSeek.ClientHandler Received HTTP response headers after 2979.6985ms - 200
[14:50:00 INF] System.Net.Http.HttpClient.DeepSeek.LogicalHandler End processing HTTP request after 2979.9955ms - 200
[14:50:00 INF] System.Net.Http.HttpClient.DeepSeek.LogicalHandler Start processing HTTP request POST https://api.deepseek.com/chat/completions
[14:50:00 INF] System.Net.Http.HttpClient.DeepSeek.ClientHandler Sending HTTP request POST https://api.deepseek.com/chat/completions
[14:50:00 INF] System.Net.Http.HttpClient.DeepSeek.ClientHandler Received HTTP response headers after 283.8919ms - 200
[14:50:00 INF] System.Net.Http.HttpClient.DeepSeek.LogicalHandler End processing HTTP request after 284.627ms - 200
[14:50:00 INF] System.Net.Http.HttpClient.DeepSeek.LogicalHandler Start processing HTTP request POST https://api.deepseek.com/chat/completions
[14:50:00 INF] System.Net.Http.HttpClient.DeepSeek.ClientHandler Sending HTTP request POST https://api.deepseek.com/chat/completions
[14:50:00 INF] System.Net.Http.HttpClient.DeepSeek.LogicalHandler Start processing HTTP request POST https://api.deepseek.com/chat/completions
[14:50:00 INF] System.Net.Http.HttpClient.DeepSeek.ClientHandler Sending HTTP request POST https://api.deepseek.com/chat/completions
[14:50:00 INF] System.Net.Http.HttpClient.DeepSeek.LogicalHandler Start processing HTTP request POST https://api.deepseek.com/chat/completions
[14:50:00 INF] System.Net.Http.HttpClient.DeepSeek.ClientHandler Sending HTTP request POST https://api.deepseek.com/chat/completions
[14:50:01 INF] System.Net.Http.HttpClient.DeepSeek.LogicalHandler Start processing HTTP request POST https://api.deepseek.com/chat/completions
[14:50:01 INF] System.Net.Http.HttpClient.DeepSeek.ClientHandler Sending HTTP request POST https://api.deepseek.com/chat/completions
[14:50:01 INF] System.Net.Http.HttpClient.DeepSeek.LogicalHandler Start processing HTTP request POST https://api.deepseek.com/chat/completions
[14:50:01 INF] System.Net.Http.HttpClient.DeepSeek.ClientHandler Sending HTTP request POST https://api.deepseek.com/chat/completions
[14:50:01 INF] System.Net.Http.HttpClient.DeepSeek.LogicalHandler Start processing HTTP request POST https://api.deepseek.com/chat/completions
[14:50:01 INF] System.Net.Http.HttpClient.DeepSeek.ClientHandler Sending HTTP request POST https://api.deepseek.com/chat/completions
[14:50:01 INF] System.Net.Http.HttpClient.DeepSeek.LogicalHandler Start processing HTTP request POST https://api.deepseek.com/chat/completions
[14:50:01 INF] System.Net.Http.HttpClient.DeepSeek.ClientHandler Sending HTTP request POST https://api.deepseek.com/chat/completions
[14:50:01 INF] System.Net.Http.HttpClient.DeepSeek.LogicalHandler Start processing HTTP request POST https://api.deepseek.com/chat/completions
[14:50:01 INF] System.Net.Http.HttpClient.DeepSeek.ClientHandler Sending HTTP request POST https://api.deepseek.com/chat/completions
[14:50:01 INF] System.Net.Http.HttpClient.DeepSeek.LogicalHandler Start processing HTTP request POST https://api.deepseek.com/chat/completions
[14:50:01 INF] System.Net.Http.HttpClient.DeepSeek.ClientHandler Sending HTTP request POST https://api.deepseek.com/chat/completions
[14:50:01 INF] System.Net.Http.HttpClient.DeepSeek.ClientHandler Received HTTP response headers after 297.5092ms - 200
[14:50:01 INF] System.Net.Http.HttpClient.DeepSeek.LogicalHandler End processing HTTP request after 297.9733ms - 200
[14:50:01 INF] System.Net.Http.HttpClient.DeepSeek.ClientHandler Received HTTP response headers after 287.7807ms - 200
[14:50:01 INF] System.Net.Http.HttpClient.DeepSeek.LogicalHandler End processing HTTP request after 290.8431ms - 200
[14:50:01 INF] System.Net.Http.HttpClient.DeepSeek.ClientHandler Received HTTP response headers after 289.417ms - 200
[14:50:01 INF] System.Net.Http.HttpClient.DeepSeek.LogicalHandler End processing HTTP request after 290.3897ms - 200
[14:50:01 INF] System.Net.Http.HttpClient.DeepSeek.ClientHandler Received HTTP response headers after 291.3185ms - 200
[14:50:01 INF] System.Net.Http.HttpClient.DeepSeek.LogicalHandler End processing HTTP request after 292.1052ms - 200
[14:50:01 INF] System.Net.Http.HttpClient.DeepSeek.ClientHandler Received HTTP response headers after 293.7199ms - 200
[14:50:01 INF] System.Net.Http.HttpClient.DeepSeek.LogicalHandler End processing HTTP request after 295.1254ms - 200
[14:50:01 INF] System.Net.Http.HttpClient.DeepSeek.LogicalHandler Start processing HTTP request POST https://api.deepseek.com/chat/completions
[14:50:01 INF] System.Net.Http.HttpClient.DeepSeek.ClientHandler Sending HTTP request POST https://api.deepseek.com/chat/completions
[14:50:01 INF] System.Net.Http.HttpClient.DeepSeek.LogicalHandler Start processing HTTP request POST https://api.deepseek.com/chat/completions
[14:50:01 INF] System.Net.Http.HttpClient.DeepSeek.ClientHandler Sending HTTP request POST https://api.deepseek.com/chat/completions
[14:50:01 INF] System.Net.Http.HttpClient.DeepSeek.ClientHandler Received HTTP response headers after 289.068ms - 200
[14:50:01 INF] System.Net.Http.HttpClient.DeepSeek.LogicalHandler End processing HTTP request after 289.5533ms - 200
[14:50:01 INF] System.Net.Http.HttpClient.DeepSeek.ClientHandler Received HTTP response headers after 301.0567ms - 200
[14:50:01 INF] System.Net.Http.HttpClient.DeepSeek.LogicalHandler End processing HTTP request after 301.6798ms - 200
[14:50:01 INF] System.Net.Http.HttpClient.DeepSeek.ClientHandler Received HTTP response headers after 277.0932ms - 200
[14:50:01 INF] System.Net.Http.HttpClient.DeepSeek.LogicalHandler End processing HTTP request after 277.6186ms - 200
[14:50:01 INF] System.Net.Http.HttpClient.DeepSeek.ClientHandler Received HTTP response headers after 290.9187ms - 200
[14:50:01 INF] System.Net.Http.HttpClient.DeepSeek.LogicalHandler End processing HTTP request after 291.3779ms - 200
[14:50:01 INF] System.Net.Http.HttpClient.DeepSeek.LogicalHandler Start processing HTTP request POST https://api.deepseek.com/chat/completions
[14:50:01 INF] System.Net.Http.HttpClient.DeepSeek.ClientHandler Sending HTTP request POST https://api.deepseek.com/chat/completions
[14:50:01 INF] System.Net.Http.HttpClient.DeepSeek.LogicalHandler Start processing HTTP request POST https://api.deepseek.com/chat/completions
[14:50:01 INF] System.Net.Http.HttpClient.DeepSeek.ClientHandler Sending HTTP request POST https://api.deepseek.com/chat/completions
[14:50:01 INF] System.Net.Http.HttpClient.DeepSeek.LogicalHandler Start processing HTTP request POST https://api.deepseek.com/chat/completions
[14:50:01 INF] System.Net.Http.HttpClient.DeepSeek.ClientHandler Sending HTTP request POST https://api.deepseek.com/chat/completions
[14:50:01 INF] System.Net.Http.HttpClient.DeepSeek.ClientHandler Received HTTP response headers after 281.7544ms - 200
[14:50:01 INF] System.Net.Http.HttpClient.DeepSeek.LogicalHandler End processing HTTP request after 282.1958ms - 200
[14:50:01 INF] System.Net.Http.HttpClient.DeepSeek.LogicalHandler Start processing HTTP request POST https://api.deepseek.com/chat/completions
[14:50:01 INF] System.Net.Http.HttpClient.DeepSeek.ClientHandler Sending HTTP request POST https://api.deepseek.com/chat/completions
[14:50:01 INF] System.Net.Http.HttpClient.DeepSeek.ClientHandler Received HTTP response headers after 366.3995ms - 200
[14:50:01 INF] System.Net.Http.HttpClient.DeepSeek.LogicalHandler End processing HTTP request after 366.7517ms - 200
[14:50:01 INF] System.Net.Http.HttpClient.DeepSeek.LogicalHandler Start processing HTTP request POST https://api.deepseek.com/chat/completions
[14:50:01 INF] System.Net.Http.HttpClient.DeepSeek.ClientHandler Sending HTTP request POST https://api.deepseek.com/chat/completions
[14:50:01 INF] System.Net.Http.HttpClient.DeepSeek.ClientHandler Received HTTP response headers after 293.9694ms - 200
[14:50:01 INF] System.Net.Http.HttpClient.DeepSeek.LogicalHandler End processing HTTP request after 296.0702ms - 200
[14:50:01 INF] System.Net.Http.HttpClient.DeepSeek.LogicalHandler Start processing HTTP request POST https://api.deepseek.com/chat/completions
[14:50:01 INF] System.Net.Http.HttpClient.DeepSeek.ClientHandler Sending HTTP request POST https://api.deepseek.com/chat/completions
[14:50:01 INF] System.Net.Http.HttpClient.DeepSeek.ClientHandler Received HTTP response headers after 279.9754ms - 200
[14:50:01 INF] System.Net.Http.HttpClient.DeepSeek.LogicalHandler End processing HTTP request after 280.4427ms - 200
[14:50:01 INF] System.Net.Http.HttpClient.DeepSeek.LogicalHandler Start processing HTTP request POST https://api.deepseek.com/chat/completions
[14:50:01 INF] System.Net.Http.HttpClient.DeepSeek.ClientHandler Sending HTTP request POST https://api.deepseek.com/chat/completions
[14:50:01 INF] System.Net.Http.HttpClient.DeepSeek.LogicalHandler Start processing HTTP request POST https://api.deepseek.com/chat/completions
[14:50:01 INF] System.Net.Http.HttpClient.DeepSeek.ClientHandler Sending HTTP request POST https://api.deepseek.com/chat/completions
[14:50:01 INF] System.Net.Http.HttpClient.DeepSeek.ClientHandler Received HTTP response headers after 379.5282ms - 200
[14:50:01 INF] System.Net.Http.HttpClient.DeepSeek.LogicalHandler End processing HTTP request after 379.8452ms - 200
[14:50:01 INF] System.Net.Http.HttpClient.DeepSeek.ClientHandler Received HTTP response headers after 289.8026ms - 200
[14:50:01 INF] System.Net.Http.HttpClient.DeepSeek.LogicalHandler End processing HTTP request after 290.276ms - 200
[14:50:01 INF] System.Net.Http.HttpClient.DeepSeek.LogicalHandler Start processing HTTP request POST https://api.deepseek.com/chat/completions
[14:50:01 INF] System.Net.Http.HttpClient.DeepSeek.ClientHandler Sending HTTP request POST https://api.deepseek.com/chat/completions
[14:50:02 INF] System.Net.Http.HttpClient.DeepSeek.ClientHandler Received HTTP response headers after 292.4101ms - 200
[14:50:02 INF] System.Net.Http.HttpClient.DeepSeek.LogicalHandler End processing HTTP request after 292.9699ms - 200
[14:50:02 INF] System.Net.Http.HttpClient.DeepSeek.LogicalHandler Start processing HTTP request POST https://api.deepseek.com/chat/completions
[14:50:02 INF] System.Net.Http.HttpClient.DeepSeek.ClientHandler Sending HTTP request POST https://api.deepseek.com/chat/completions
[14:50:02 INF] System.Net.Http.HttpClient.DeepSeek.LogicalHandler Start processing HTTP request POST https://api.deepseek.com/chat/completions
[14:50:02 INF] System.Net.Http.HttpClient.DeepSeek.ClientHandler Sending HTTP request POST https://api.deepseek.com/chat/completions
[14:50:02 INF] System.Net.Http.HttpClient.DeepSeek.ClientHandler Received HTTP response headers after 283.1515ms - 200
[14:50:02 INF] System.Net.Http.HttpClient.DeepSeek.LogicalHandler End processing HTTP request after 283.7457ms - 200
[14:50:02 INF] System.Net.Http.HttpClient.DeepSeek.LogicalHandler Start processing HTTP request POST https://api.deepseek.com/chat/completions
[14:50:02 INF] System.Net.Http.HttpClient.DeepSeek.ClientHandler Sending HTTP request POST https://api.deepseek.com/chat/completions
[14:50:02 INF] System.Net.Http.HttpClient.DeepSeek.ClientHandler Received HTTP response headers after 265.6159ms - 200
[14:50:02 INF] System.Net.Http.HttpClient.DeepSeek.LogicalHandler End processing HTTP request after 266.1522ms - 200
[14:50:02 INF] System.Net.Http.HttpClient.DeepSeek.ClientHandler Received HTTP response headers after 299.126ms - 200
[14:50:02 INF] System.Net.Http.HttpClient.DeepSeek.LogicalHandler End processing HTTP request after 299.8868ms - 200
[14:50:02 INF] System.Net.Http.HttpClient.DeepSeek.ClientHandler Received HTTP response headers after 281.9437ms - 200
[14:50:02 INF] System.Net.Http.HttpClient.DeepSeek.LogicalHandler End processing HTTP request after 282.657ms - 200
[14:50:02 INF] System.Net.Http.HttpClient.DeepSeek.LogicalHandler Start processing HTTP request POST https://api.deepseek.com/chat/completions
[14:50:02 INF] System.Net.Http.HttpClient.DeepSeek.ClientHandler Sending HTTP request POST https://api.deepseek.com/chat/completions
[14:50:02 INF] System.Net.Http.HttpClient.DeepSeek.ClientHandler Received HTTP response headers after 298.2674ms - 200
[14:50:02 INF] System.Net.Http.HttpClient.DeepSeek.LogicalHandler End processing HTTP request after 299.0667ms - 200
[14:50:02 INF] System.Net.Http.HttpClient.DeepSeek.ClientHandler Received HTTP response headers after 288.6192ms - 200
[14:50:02 INF] System.Net.Http.HttpClient.DeepSeek.LogicalHandler End processing HTTP request after 289.2868ms - 200
[14:50:02 INF] System.Net.Http.HttpClient.DeepSeek.ClientHandler Received HTTP response headers after 280.0706ms - 200
[14:50:02 INF] System.Net.Http.HttpClient.DeepSeek.LogicalHandler End processing HTTP request after 280.6831ms - 200
[14:50:02 INF] System.Net.Http.HttpClient.DeepSeek.LogicalHandler Start processing HTTP request POST https://api.deepseek.com/chat/completions
[14:50:02 INF] System.Net.Http.HttpClient.DeepSeek.ClientHandler Sending HTTP request POST https://api.deepseek.com/chat/completions
[14:50:02 INF] System.Net.Http.HttpClient.DeepSeek.ClientHandler Received HTTP response headers after 301.966ms - 200
[14:50:02 INF] System.Net.Http.HttpClient.DeepSeek.LogicalHandler End processing HTTP request after 302.419ms - 200
[14:50:02 INF] System.Net.Http.HttpClient.DeepSeek.LogicalHandler Start processing HTTP request POST https://api.deepseek.com/chat/completions
[14:50:02 INF] System.Net.Http.HttpClient.DeepSeek.ClientHandler Sending HTTP request POST https://api.deepseek.com/chat/completions
[14:50:02 INF] System.Net.Http.HttpClient.DeepSeek.LogicalHandler Start processing HTTP request POST https://api.deepseek.com/chat/completions
[14:50:02 INF] System.Net.Http.HttpClient.DeepSeek.ClientHandler Sending HTTP request POST https://api.deepseek.com/chat/completions
[14:50:02 INF] System.Net.Http.HttpClient.DeepSeek.LogicalHandler Start processing HTTP request POST https://api.deepseek.com/chat/completions
[14:50:02 INF] System.Net.Http.HttpClient.DeepSeek.ClientHandler Sending HTTP request POST https://api.deepseek.com/chat/completions
[14:50:02 INF] System.Net.Http.HttpClient.DeepSeek.ClientHandler Received HTTP response headers after 272.6276ms - 200
[14:50:02 INF] System.Net.Http.HttpClient.DeepSeek.LogicalHandler End processing HTTP request after 273.0554ms - 200
[14:50:02 INF] System.Net.Http.HttpClient.DeepSeek.ClientHandler Received HTTP response headers after 356.6004ms - 200
[14:50:02 INF] System.Net.Http.HttpClient.DeepSeek.LogicalHandler End processing HTTP request after 357.1117ms - 200
[14:50:02 INF] System.Net.Http.HttpClient.DeepSeek.ClientHandler Received HTTP response headers after 370.8899ms - 200
[14:50:02 INF] System.Net.Http.HttpClient.DeepSeek.LogicalHandler End processing HTTP request after 374.2568ms - 200
[14:50:02 INF] System.Net.Http.HttpClient.DeepSeek.ClientHandler Received HTTP response headers after 369.387ms - 200
[14:50:02 INF] System.Net.Http.HttpClient.DeepSeek.LogicalHandler Start processing HTTP request POST https://api.deepseek.com/chat/completions
[14:50:02 INF] System.Net.Http.HttpClient.DeepSeek.LogicalHandler Start processing HTTP request POST https://api.deepseek.com/chat/completions
[14:50:02 INF] System.Net.Http.HttpClient.DeepSeek.ClientHandler Sending HTTP request POST https://api.deepseek.com/chat/completions
[14:50:02 INF] System.Net.Http.HttpClient.DeepSeek.LogicalHandler End processing HTTP request after 370.5818ms - 200
[14:50:02 INF] System.Net.Http.HttpClient.DeepSeek.ClientHandler Sending HTTP request POST https://api.deepseek.com/chat/completions
[14:50:03 INF] System.Net.Http.HttpClient.DeepSeek.LogicalHandler Start processing HTTP request POST https://api.deepseek.com/chat/completions
[14:50:03 INF] System.Net.Http.HttpClient.DeepSeek.ClientHandler Sending HTTP request POST https://api.deepseek.com/chat/completions
[14:50:03 INF] System.Net.Http.HttpClient.DeepSeek.LogicalHandler Start processing HTTP request POST https://api.deepseek.com/chat/completions
[14:50:03 INF] System.Net.Http.HttpClient.DeepSeek.ClientHandler Sending HTTP request POST https://api.deepseek.com/chat/completions
[14:50:03 INF] System.Net.Http.HttpClient.DeepSeek.LogicalHandler Start processing HTTP request POST https://api.deepseek.com/chat/completions
[14:50:03 INF] System.Net.Http.HttpClient.DeepSeek.ClientHandler Sending HTTP request POST https://api.deepseek.com/chat/completions
[14:50:03 INF] System.Net.Http.HttpClient.DeepSeek.LogicalHandler Start processing HTTP request POST https://api.deepseek.com/chat/completions
[14:50:03 INF] System.Net.Http.HttpClient.DeepSeek.ClientHandler Sending HTTP request POST https://api.deepseek.com/chat/completions
[14:50:03 INF] System.Net.Http.HttpClient.DeepSeek.LogicalHandler Start processing HTTP request POST https://api.deepseek.com/chat/completions
[14:50:03 INF] System.Net.Http.HttpClient.DeepSeek.ClientHandler Sending HTTP request POST https://api.deepseek.com/chat/completions
[14:50:03 INF] System.Net.Http.HttpClient.DeepSeek.LogicalHandler Start processing HTTP request POST https://api.deepseek.com/chat/completions
[14:50:03 INF] System.Net.Http.HttpClient.DeepSeek.ClientHandler Sending HTTP request POST https://api.deepseek.com/chat/completions
[14:50:03 INF] System.Net.Http.HttpClient.DeepSeek.LogicalHandler Start processing HTTP request POST https://api.deepseek.com/chat/completions
[14:50:03 INF] System.Net.Http.HttpClient.DeepSeek.ClientHandler Sending HTTP request POST https://api.deepseek.com/chat/completions
[14:50:03 INF] System.Net.Http.HttpClient.DeepSeek.LogicalHandler Start processing HTTP request POST https://api.deepseek.com/chat/completions
[14:50:03 INF] System.Net.Http.HttpClient.DeepSeek.ClientHandler Sending HTTP request POST https://api.deepseek.com/chat/completions
[14:50:03 INF] System.Net.Http.HttpClient.DeepSeek.ClientHandler Received HTTP response headers after 284.5556ms - 200
[14:50:03 INF] System.Net.Http.HttpClient.DeepSeek.LogicalHandler End processing HTTP request after 285.8063ms - 200
[14:50:03 INF] System.Net.Http.HttpClient.DeepSeek.ClientHandler Received HTTP response headers after 297.5183ms - 200
[14:50:03 INF] System.Net.Http.HttpClient.DeepSeek.LogicalHandler End processing HTTP request after 298.6285ms - 200
[14:50:03 INF] System.Net.Http.HttpClient.DeepSeek.LogicalHandler Start processing HTTP request POST https://api.deepseek.com/chat/completions
[14:50:03 INF] System.Net.Http.HttpClient.DeepSeek.ClientHandler Sending HTTP request POST https://api.deepseek.com/chat/completions
[14:50:03 INF] System.Net.Http.HttpClient.DeepSeek.ClientHandler Received HTTP response headers after 285.2101ms - 200
[14:50:03 INF] System.Net.Http.HttpClient.DeepSeek.LogicalHandler End processing HTTP request after 285.6911ms - 200
[14:50:03 INF] System.Net.Http.HttpClient.DeepSeek.ClientHandler Received HTTP response headers after 274.6748ms - 200
[14:50:03 INF] System.Net.Http.HttpClient.DeepSeek.LogicalHandler End processing HTTP request after 275.2623ms - 200
[14:50:03 INF] System.Net.Http.HttpClient.DeepSeek.ClientHandler Received HTTP response headers after 278.8317ms - 200
[14:50:03 INF] System.Net.Http.HttpClient.DeepSeek.LogicalHandler End processing HTTP request after 279.4888ms - 200
[14:50:03 INF] System.Net.Http.HttpClient.DeepSeek.ClientHandler Received HTTP response headers after 317.702ms - 200
[14:50:03 INF] System.Net.Http.HttpClient.DeepSeek.LogicalHandler End processing HTTP request after 318.8188ms - 200
[14:50:03 INF] System.Net.Http.HttpClient.DeepSeek.ClientHandler Received HTTP response headers after 362.8559ms - 200
[14:50:03 INF] System.Net.Http.HttpClient.DeepSeek.LogicalHandler End processing HTTP request after 366.334ms - 200
[14:50:03 INF] System.Net.Http.HttpClient.DeepSeek.ClientHandler Received HTTP response headers after 276.218ms - 200
[14:50:03 INF] System.Net.Http.HttpClient.DeepSeek.LogicalHandler End processing HTTP request after 276.8212ms - 200
[14:50:03 INF] System.Net.Http.HttpClient.DeepSeek.ClientHandler Received HTTP response headers after 281.2666ms - 200
[14:50:03 INF] System.Net.Http.HttpClient.DeepSeek.LogicalHandler End processing HTTP request after 281.796ms - 200
[14:50:03 INF] System.Net.Http.HttpClient.DeepSeek.ClientHandler Received HTTP response headers after 300.8218ms - 200
[14:50:03 INF] System.Net.Http.HttpClient.DeepSeek.LogicalHandler End processing HTTP request after 301.1236ms - 200
[14:50:03 INF] System.Net.Http.HttpClient.DeepSeek.LogicalHandler Start processing HTTP request POST https://api.deepseek.com/chat/completions
[14:50:03 INF] System.Net.Http.HttpClient.DeepSeek.ClientHandler Sending HTTP request POST https://api.deepseek.com/chat/completions
[14:50:03 INF] System.Net.Http.HttpClient.DeepSeek.LogicalHandler Start processing HTTP request POST https://api.deepseek.com/chat/completions
[14:50:03 INF] System.Net.Http.HttpClient.DeepSeek.ClientHandler Sending HTTP request POST https://api.deepseek.com/chat/completions
[14:50:03 INF] System.Net.Http.HttpClient.DeepSeek.ClientHandler Received HTTP response headers after 287.2604ms - 200
[14:50:03 INF] System.Net.Http.HttpClient.DeepSeek.LogicalHandler End processing HTTP request after 287.9157ms - 200
[14:50:03 INF] System.Net.Http.HttpClient.DeepSeek.LogicalHandler Start processing HTTP request POST https://api.deepseek.com/chat/completions
[14:50:03 INF] System.Net.Http.HttpClient.DeepSeek.ClientHandler Sending HTTP request POST https://api.deepseek.com/chat/completions
[14:50:03 INF] System.Net.Http.HttpClient.DeepSeek.LogicalHandler Start processing HTTP request POST https://api.deepseek.com/chat/completions
[14:50:03 INF] System.Net.Http.HttpClient.DeepSeek.ClientHandler Sending HTTP request POST https://api.deepseek.com/chat/completions
[14:50:03 INF] System.Net.Http.HttpClient.DeepSeek.LogicalHandler Start processing HTTP request POST https://api.deepseek.com/chat/completions
[14:50:03 INF] System.Net.Http.HttpClient.DeepSeek.ClientHandler Sending HTTP request POST https://api.deepseek.com/chat/completions
[14:50:03 INF] System.Net.Http.HttpClient.DeepSeek.LogicalHandler Start processing HTTP request POST https://api.deepseek.com/chat/completions
[14:50:03 INF] System.Net.Http.HttpClient.DeepSeek.ClientHandler Sending HTTP request POST https://api.deepseek.com/chat/completions
[14:50:03 INF] System.Net.Http.HttpClient.DeepSeek.ClientHandler Received HTTP response headers after 284.5165ms - 200
[14:50:03 INF] System.Net.Http.HttpClient.DeepSeek.LogicalHandler End processing HTTP request after 284.9347ms - 200
[14:50:03 INF] System.Net.Http.HttpClient.DeepSeek.ClientHandler Received HTTP response headers after 310.6676ms - 200
[14:50:03 INF] System.Net.Http.HttpClient.DeepSeek.LogicalHandler End processing HTTP request after 310.896ms - 200
[14:50:03 INF] System.Net.Http.HttpClient.DeepSeek.ClientHandler Received HTTP response headers after 311.8058ms - 200
[14:50:03 INF] System.Net.Http.HttpClient.DeepSeek.ClientHandler Received HTTP response headers after 356.1442ms - 200
[14:50:03 INF] System.Net.Http.HttpClient.DeepSeek.LogicalHandler End processing HTTP request after 356.49ms - 200
[14:50:03 INF] System.Net.Http.HttpClient.DeepSeek.LogicalHandler End processing HTTP request after 312.0927ms - 200
[14:50:03 INF] System.Net.Http.HttpClient.DeepSeek.ClientHandler Received HTTP response headers after 292.078ms - 200
[14:50:03 INF] System.Net.Http.HttpClient.DeepSeek.LogicalHandler End processing HTTP request after 292.4025ms - 200
[14:50:03 INF] System.Net.Http.HttpClient.DeepSeek.LogicalHandler Start processing HTTP request POST https://api.deepseek.com/chat/completions
[14:50:03 INF] System.Net.Http.HttpClient.DeepSeek.ClientHandler Sending HTTP request POST https://api.deepseek.com/chat/completions
[14:50:04 INF] System.Net.Http.HttpClient.DeepSeek.ClientHandler Received HTTP response headers after 312.3113ms - 200
[14:50:04 INF] System.Net.Http.HttpClient.DeepSeek.LogicalHandler End processing HTTP request after 312.7697ms - 200
[14:50:04 INF] System.Net.Http.HttpClient.DeepSeek.LogicalHandler Start processing HTTP request POST https://api.deepseek.com/chat/completions
[14:50:04 INF] System.Net.Http.HttpClient.DeepSeek.ClientHandler Sending HTTP request POST https://api.deepseek.com/chat/completions
[14:50:04 INF] System.Net.Http.HttpClient.DeepSeek.ClientHandler Received HTTP response headers after 282.1302ms - 200
[14:50:04 INF] System.Net.Http.HttpClient.DeepSeek.LogicalHandler End processing HTTP request after 282.4425ms - 200
[14:50:04 INF] System.Net.Http.HttpClient.DeepSeek.LogicalHandler Start processing HTTP request POST https://api.deepseek.com/chat/completions
[14:50:04 INF] System.Net.Http.HttpClient.DeepSeek.ClientHandler Sending HTTP request POST https://api.deepseek.com/chat/completions
[14:50:04 INF] System.Net.Http.HttpClient.DeepSeek.LogicalHandler Start processing HTTP request POST https://api.deepseek.com/chat/completions
[14:50:04 INF] System.Net.Http.HttpClient.DeepSeek.ClientHandler Sending HTTP request POST https://api.deepseek.com/chat/completions
[14:50:04 INF] System.Net.Http.HttpClient.DeepSeek.LogicalHandler Start processing HTTP request POST https://api.deepseek.com/chat/completions
[14:50:04 INF] System.Net.Http.HttpClient.DeepSeek.ClientHandler Sending HTTP request POST https://api.deepseek.com/chat/completions
[14:50:04 INF] System.Net.Http.HttpClient.DeepSeek.ClientHandler Received HTTP response headers after 280.2313ms - 200
[14:50:04 INF] System.Net.Http.HttpClient.DeepSeek.LogicalHandler End processing HTTP request after 280.4909ms - 200
[14:50:04 INF] System.Net.Http.HttpClient.DeepSeek.ClientHandler Received HTTP response headers after 289.6796ms - 200
[14:50:04 INF] System.Net.Http.HttpClient.DeepSeek.LogicalHandler End processing HTTP request after 290.0669ms - 200
[14:50:04 INF] System.Net.Http.HttpClient.DeepSeek.LogicalHandler Start processing HTTP request POST https://api.deepseek.com/chat/completions
[14:50:04 INF] System.Net.Http.HttpClient.DeepSeek.ClientHandler Sending HTTP request POST https://api.deepseek.com/chat/completions
[14:50:04 INF] System.Net.Http.HttpClient.DeepSeek.ClientHandler Received HTTP response headers after 292.1474ms - 200
[14:50:04 INF] System.Net.Http.HttpClient.DeepSeek.LogicalHandler End processing HTTP request after 292.7162ms - 200
[14:50:04 INF] System.Net.Http.HttpClient.DeepSeek.LogicalHandler Start processing HTTP request POST https://api.deepseek.com/chat/completions
[14:50:04 INF] System.Net.Http.HttpClient.DeepSeek.ClientHandler Sending HTTP request POST https://api.deepseek.com/chat/completions
[14:50:04 INF] System.Net.Http.HttpClient.DeepSeek.LogicalHandler Start processing HTTP request POST https://api.deepseek.com/chat/completions
[14:50:04 INF] System.Net.Http.HttpClient.DeepSeek.ClientHandler Sending HTTP request POST https://api.deepseek.com/chat/completions
[14:50:04 INF] System.Net.Http.HttpClient.DeepSeek.ClientHandler Received HTTP response headers after 313.8869ms - 200
[14:50:04 INF] System.Net.Http.HttpClient.DeepSeek.LogicalHandler End processing HTTP request after 315.4707ms - 200
[14:50:04 INF] System.Net.Http.HttpClient.DeepSeek.ClientHandler Received HTTP response headers after 294.7181ms - 200
[14:50:04 INF] System.Net.Http.HttpClient.DeepSeek.LogicalHandler End processing HTTP request after 295.4803ms - 200
[14:50:04 INF] System.Net.Http.HttpClient.DeepSeek.LogicalHandler Start processing HTTP request POST https://api.deepseek.com/chat/completions
[14:50:04 INF] System.Net.Http.HttpClient.DeepSeek.ClientHandler Sending HTTP request POST https://api.deepseek.com/chat/completions
[14:50:04 INF] System.Net.Http.HttpClient.DeepSeek.LogicalHandler Start processing HTTP request POST https://api.deepseek.com/chat/completions
[14:50:04 INF] System.Net.Http.HttpClient.DeepSeek.ClientHandler Sending HTTP request POST https://api.deepseek.com/chat/completions
[14:50:05 INF] System.Net.Http.HttpClient.DeepSeek.ClientHandler Received HTTP response headers after 295.2477ms - 200
[14:50:05 INF] System.Net.Http.HttpClient.DeepSeek.LogicalHandler End processing HTTP request after 296.0573ms - 200
[14:50:05 INF] System.Net.Http.HttpClient.DeepSeek.LogicalHandler Start processing HTTP request POST https://api.deepseek.com/chat/completions
[14:50:05 INF] System.Net.Http.HttpClient.DeepSeek.ClientHandler Sending HTTP request POST https://api.deepseek.com/chat/completions
[14:50:05 INF] System.Net.Http.HttpClient.DeepSeek.ClientHandler Received HTTP response headers after 288.6135ms - 200
[14:50:05 INF] System.Net.Http.HttpClient.DeepSeek.LogicalHandler End processing HTTP request after 289.1082ms - 200
[14:50:05 INF] System.Net.Http.HttpClient.DeepSeek.LogicalHandler Start processing HTTP request POST https://api.deepseek.com/chat/completions
[14:50:05 INF] System.Net.Http.HttpClient.DeepSeek.ClientHandler Sending HTTP request POST https://api.deepseek.com/chat/completions
[14:50:05 INF] System.Net.Http.HttpClient.DeepSeek.LogicalHandler Start processing HTTP request POST https://api.deepseek.com/chat/completions
[14:50:05 INF] System.Net.Http.HttpClient.DeepSeek.ClientHandler Sending HTTP request POST https://api.deepseek.com/chat/completions
[14:50:05 INF] System.Net.Http.HttpClient.DeepSeek.LogicalHandler Start processing HTTP request POST https://api.deepseek.com/chat/completions
[14:50:05 INF] System.Net.Http.HttpClient.DeepSeek.ClientHandler Sending HTTP request POST https://api.deepseek.com/chat/completions
[14:50:05 INF] System.Net.Http.HttpClient.DeepSeek.ClientHandler Received HTTP response headers after 281.5114ms - 200
[14:50:05 INF] System.Net.Http.HttpClient.DeepSeek.LogicalHandler End processing HTTP request after 286.6468ms - 200
[14:50:05 INF] System.Net.Http.HttpClient.DeepSeek.ClientHandler Received HTTP response headers after 297.9072ms - 200
[14:50:05 INF] System.Net.Http.HttpClient.DeepSeek.LogicalHandler End processing HTTP request after 298.1852ms - 200
[14:50:05 INF] System.Net.Http.HttpClient.DeepSeek.LogicalHandler Start processing HTTP request POST https://api.deepseek.com/chat/completions
[14:50:05 INF] System.Net.Http.HttpClient.DeepSeek.ClientHandler Sending HTTP request POST https://api.deepseek.com/chat/completions
[14:50:05 INF] System.Net.Http.HttpClient.DeepSeek.ClientHandler Received HTTP response headers after 296.0662ms - 200
[14:50:05 INF] System.Net.Http.HttpClient.DeepSeek.LogicalHandler End processing HTTP request after 296.4894ms - 200
[14:50:05 INF] System.Net.Http.HttpClient.DeepSeek.LogicalHandler Start processing HTTP request POST https://api.deepseek.com/chat/completions
[14:50:05 INF] System.Net.Http.HttpClient.DeepSeek.ClientHandler Sending HTTP request POST https://api.deepseek.com/chat/completions
[14:50:05 INF] System.Net.Http.HttpClient.DeepSeek.ClientHandler Received HTTP response headers after 324.0227ms - 200
[14:50:05 INF] System.Net.Http.HttpClient.DeepSeek.LogicalHandler End processing HTTP request after 324.5133ms - 200
[14:50:05 INF] System.Net.Http.HttpClient.DeepSeek.ClientHandler Received HTTP response headers after 286.1652ms - 200
[14:50:05 INF] System.Net.Http.HttpClient.DeepSeek.LogicalHandler End processing HTTP request after 287.8698ms - 200
[14:50:05 INF] System.Net.Http.HttpClient.DeepSeek.ClientHandler Received HTTP response headers after 297.1873ms - 200
[14:50:05 INF] System.Net.Http.HttpClient.DeepSeek.LogicalHandler End processing HTTP request after 297.747ms - 200
[14:50:05 INF] System.Net.Http.HttpClient.DeepSeek.LogicalHandler Start processing HTTP request POST https://api.deepseek.com/chat/completions
[14:50:05 INF] System.Net.Http.HttpClient.DeepSeek.ClientHandler Sending HTTP request POST https://api.deepseek.com/chat/completions
[14:50:05 INF] System.Net.Http.HttpClient.DeepSeek.LogicalHandler Start processing HTTP request POST https://api.deepseek.com/chat/completions
[14:50:05 INF] System.Net.Http.HttpClient.DeepSeek.ClientHandler Sending HTTP request POST https://api.deepseek.com/chat/completions
[14:50:05 INF] System.Net.Http.HttpClient.DeepSeek.LogicalHandler Start processing HTTP request POST https://api.deepseek.com/chat/completions
[14:50:05 INF] System.Net.Http.HttpClient.DeepSeek.ClientHandler Sending HTTP request POST https://api.deepseek.com/chat/completions
[14:50:05 INF] System.Net.Http.HttpClient.DeepSeek.ClientHandler Received HTTP response headers after 279.0381ms - 200
[14:50:05 INF] System.Net.Http.HttpClient.DeepSeek.LogicalHandler End processing HTTP request after 279.3517ms - 200
[14:50:05 INF] System.Net.Http.HttpClient.DeepSeek.LogicalHandler Start processing HTTP request POST https://api.deepseek.com/chat/completions
[14:50:05 INF] System.Net.Http.HttpClient.DeepSeek.ClientHandler Sending HTTP request POST https://api.deepseek.com/chat/completions
[14:50:05 INF] System.Net.Http.HttpClient.DeepSeek.LogicalHandler Start processing HTTP request POST https://api.deepseek.com/chat/completions
[14:50:05 INF] System.Net.Http.HttpClient.DeepSeek.ClientHandler Sending HTTP request POST https://api.deepseek.com/chat/completions
[14:50:05 INF] System.Net.Http.HttpClient.DeepSeek.ClientHandler Received HTTP response headers after 293.7714ms - 200
[14:50:05 INF] System.Net.Http.HttpClient.DeepSeek.LogicalHandler End processing HTTP request after 294.1945ms - 200
[14:50:05 INF] System.Net.Http.HttpClient.DeepSeek.LogicalHandler Start processing HTTP request POST https://api.deepseek.com/chat/completions
[14:50:05 INF] System.Net.Http.HttpClient.DeepSeek.ClientHandler Sending HTTP request POST https://api.deepseek.com/chat/completions
[14:50:05 INF] System.Net.Http.HttpClient.DeepSeek.ClientHandler Received HTTP response headers after 277.7659ms - 200
[14:50:05 INF] System.Net.Http.HttpClient.DeepSeek.LogicalHandler End processing HTTP request after 278.1067ms - 200
[14:50:05 INF] System.Net.Http.HttpClient.DeepSeek.ClientHandler Received HTTP response headers after 285.5097ms - 200
[14:50:05 INF] System.Net.Http.HttpClient.DeepSeek.LogicalHandler End processing HTTP request after 285.7772ms - 200
[14:50:05 INF] System.Net.Http.HttpClient.DeepSeek.ClientHandler Received HTTP response headers after 284.1128ms - 200
[14:50:05 INF] System.Net.Http.HttpClient.DeepSeek.LogicalHandler End processing HTTP request after 290.3243ms - 200
[14:50:05 INF] System.Net.Http.HttpClient.DeepSeek.ClientHandler Received HTTP response headers after 309.4979ms - 200
[14:50:05 INF] System.Net.Http.HttpClient.DeepSeek.LogicalHandler End processing HTTP request after 309.8645ms - 200
[14:50:05 INF] System.Net.Http.HttpClient.DeepSeek.LogicalHandler Start processing HTTP request POST https://api.deepseek.com/chat/completions
[14:50:05 INF] System.Net.Http.HttpClient.DeepSeek.ClientHandler Sending HTTP request POST https://api.deepseek.com/chat/completions
[14:50:05 INF] System.Net.Http.HttpClient.DeepSeek.ClientHandler Received HTTP response headers after 320.8179ms - 200
[14:50:05 INF] System.Net.Http.HttpClient.DeepSeek.LogicalHandler End processing HTTP request after 321.0542ms - 200
[14:50:05 INF] System.Net.Http.HttpClient.DeepSeek.LogicalHandler Start processing HTTP request POST https://api.deepseek.com/chat/completions
[14:50:05 INF] System.Net.Http.HttpClient.DeepSeek.ClientHandler Sending HTTP request POST https://api.deepseek.com/chat/completions
[14:50:06 INF] System.Net.Http.HttpClient.DeepSeek.ClientHandler Received HTTP response headers after 292.4261ms - 200
[14:50:06 INF] System.Net.Http.HttpClient.DeepSeek.LogicalHandler End processing HTTP request after 292.8689ms - 200
[14:50:06 INF] System.Net.Http.HttpClient.DeepSeek.LogicalHandler Start processing HTTP request POST https://api.deepseek.com/chat/completions
[14:50:06 INF] System.Net.Http.HttpClient.DeepSeek.ClientHandler Sending HTTP request POST https://api.deepseek.com/chat/completions
[14:50:06 INF] System.Net.Http.HttpClient.DeepSeek.LogicalHandler Start processing HTTP request POST https://api.deepseek.com/chat/completions
[14:50:06 INF] System.Net.Http.HttpClient.DeepSeek.ClientHandler Sending HTTP request POST https://api.deepseek.com/chat/completions
[14:50:06 INF] System.Net.Http.HttpClient.DeepSeek.ClientHandler Received HTTP response headers after 293.8473ms - 200
[14:50:06 INF] System.Net.Http.HttpClient.DeepSeek.LogicalHandler End processing HTTP request after 294.3362ms - 200
[14:50:06 INF] System.Net.Http.HttpClient.DeepSeek.LogicalHandler Start processing HTTP request POST https://api.deepseek.com/chat/completions
[14:50:06 INF] System.Net.Http.HttpClient.DeepSeek.ClientHandler Sending HTTP request POST https://api.deepseek.com/chat/completions
[14:50:06 INF] System.Net.Http.HttpClient.DeepSeek.LogicalHandler Start processing HTTP request POST https://api.deepseek.com/chat/completions
[14:50:06 INF] System.Net.Http.HttpClient.DeepSeek.ClientHandler Sending HTTP request POST https://api.deepseek.com/chat/completions
[14:50:06 INF] System.Net.Http.HttpClient.DeepSeek.ClientHandler Received HTTP response headers after 298.6644ms - 200
[14:50:06 INF] System.Net.Http.HttpClient.DeepSeek.LogicalHandler End processing HTTP request after 298.9111ms - 200
[14:50:06 INF] System.Net.Http.HttpClient.DeepSeek.LogicalHandler Start processing HTTP request POST https://api.deepseek.com/chat/completions
[14:50:06 INF] System.Net.Http.HttpClient.DeepSeek.ClientHandler Sending HTTP request POST https://api.deepseek.com/chat/completions
[14:50:06 INF] System.Net.Http.HttpClient.DeepSeek.LogicalHandler Start processing HTTP request POST https://api.deepseek.com/chat/completions
[14:50:06 INF] System.Net.Http.HttpClient.DeepSeek.ClientHandler Sending HTTP request POST https://api.deepseek.com/chat/completions
[14:50:06 INF] System.Net.Http.HttpClient.DeepSeek.LogicalHandler Start processing HTTP request POST https://api.deepseek.com/chat/completions
[14:50:06 INF] System.Net.Http.HttpClient.DeepSeek.ClientHandler Sending HTTP request POST https://api.deepseek.com/chat/completions
[14:50:06 INF] System.Net.Http.HttpClient.DeepSeek.LogicalHandler Start processing HTTP request POST https://api.deepseek.com/chat/completions
[14:50:06 INF] System.Net.Http.HttpClient.DeepSeek.ClientHandler Sending HTTP request POST https://api.deepseek.com/chat/completions
[14:50:06 INF] System.Net.Http.HttpClient.DeepSeek.ClientHandler Received HTTP response headers after 285.321ms - 200
[14:50:06 INF] System.Net.Http.HttpClient.DeepSeek.LogicalHandler End processing HTTP request after 285.9884ms - 200
[14:50:06 INF] System.Net.Http.HttpClient.DeepSeek.LogicalHandler Start processing HTTP request POST https://api.deepseek.com/chat/completions
[14:50:06 INF] System.Net.Http.HttpClient.DeepSeek.ClientHandler Sending HTTP request POST https://api.deepseek.com/chat/completions
[14:50:06 INF] System.Net.Http.HttpClient.DeepSeek.LogicalHandler Start processing HTTP request POST https://api.deepseek.com/chat/completions
[14:50:06 INF] System.Net.Http.HttpClient.DeepSeek.ClientHandler Sending HTTP request POST https://api.deepseek.com/chat/completions
[14:50:06 INF] System.Net.Http.HttpClient.DeepSeek.LogicalHandler Start processing HTTP request POST https://api.deepseek.com/chat/completions
[14:50:06 INF] System.Net.Http.HttpClient.DeepSeek.ClientHandler Sending HTTP request POST https://api.deepseek.com/chat/completions
[14:50:06 INF] System.Net.Http.HttpClient.DeepSeek.ClientHandler Received HTTP response headers after 361.081ms - 200
[14:50:06 INF] System.Net.Http.HttpClient.DeepSeek.LogicalHandler End processing HTTP request after 361.7671ms - 200
[14:50:06 INF] System.Net.Http.HttpClient.DeepSeek.ClientHandler Received HTTP response headers after 280.053ms - 200
[14:50:06 INF] System.Net.Http.HttpClient.DeepSeek.LogicalHandler End processing HTTP request after 280.5705ms - 200
[14:50:06 INF] System.Net.Http.HttpClient.DeepSeek.ClientHandler Received HTTP response headers after 277.1535ms - 200
[14:50:06 INF] System.Net.Http.HttpClient.DeepSeek.LogicalHandler End processing HTTP request after 277.535ms - 200
[14:50:06 INF] System.Net.Http.HttpClient.DeepSeek.LogicalHandler Start processing HTTP request POST https://api.deepseek.com/chat/completions
[14:50:06 INF] System.Net.Http.HttpClient.DeepSeek.ClientHandler Sending HTTP request POST https://api.deepseek.com/chat/completions
[14:50:06 INF] System.Net.Http.HttpClient.DeepSeek.ClientHandler Received HTTP response headers after 281.0062ms - 200
[14:50:06 INF] System.Net.Http.HttpClient.DeepSeek.LogicalHandler End processing HTTP request after 282.8924ms - 200
[14:50:06 INF] System.Net.Http.HttpClient.DeepSeek.LogicalHandler Start processing HTTP request POST https://api.deepseek.com/chat/completions
[14:50:06 INF] System.Net.Http.HttpClient.DeepSeek.ClientHandler Sending HTTP request POST https://api.deepseek.com/chat/completions
[14:50:06 INF] System.Net.Http.HttpClient.DeepSeek.ClientHandler Received HTTP response headers after 283.6937ms - 200
[14:50:06 INF] System.Net.Http.HttpClient.DeepSeek.LogicalHandler End processing HTTP request after 284.1585ms - 200
[14:50:06 INF] System.Net.Http.HttpClient.DeepSeek.LogicalHandler Start processing HTTP request POST https://api.deepseek.com/chat/completions
[14:50:06 INF] System.Net.Http.HttpClient.DeepSeek.ClientHandler Sending HTTP request POST https://api.deepseek.com/chat/completions
[14:50:06 INF] System.Net.Http.HttpClient.DeepSeek.LogicalHandler Start processing HTTP request POST https://api.deepseek.com/chat/completions
[14:50:06 INF] System.Net.Http.HttpClient.DeepSeek.ClientHandler Sending HTTP request POST https://api.deepseek.com/chat/completions
[14:50:06 INF] System.Net.Http.HttpClient.DeepSeek.LogicalHandler Start processing HTTP request POST https://api.deepseek.com/chat/completions
[14:50:06 INF] System.Net.Http.HttpClient.DeepSeek.ClientHandler Sending HTTP request POST https://api.deepseek.com/chat/completions
[14:50:06 INF] System.Net.Http.HttpClient.DeepSeek.ClientHandler Received HTTP response headers after 294.9714ms - 200
[14:50:06 INF] System.Net.Http.HttpClient.DeepSeek.LogicalHandler End processing HTTP request after 295.4804ms - 200
[14:50:06 INF] System.Net.Http.HttpClient.DeepSeek.ClientHandler Received HTTP response headers after 302.1682ms - 200
[14:50:06 INF] System.Net.Http.HttpClient.DeepSeek.LogicalHandler End processing HTTP request after 302.961ms - 200
[14:50:06 INF] System.Net.Http.HttpClient.DeepSeek.ClientHandler Received HTTP response headers after 272.098ms - 200
[14:50:06 INF] System.Net.Http.HttpClient.DeepSeek.LogicalHandler End processing HTTP request after 272.4182ms - 200
[14:50:06 INF] System.Net.Http.HttpClient.DeepSeek.LogicalHandler Start processing HTTP request POST https://api.deepseek.com/chat/completions
[14:50:06 INF] System.Net.Http.HttpClient.DeepSeek.ClientHandler Sending HTTP request POST https://api.deepseek.com/chat/completions
[14:50:06 INF] System.Net.Http.HttpClient.DeepSeek.LogicalHandler Start processing HTTP request POST https://api.deepseek.com/chat/completions
[14:50:06 INF] System.Net.Http.HttpClient.DeepSeek.ClientHandler Sending HTTP request POST https://api.deepseek.com/chat/completions
[14:50:06 INF] System.Net.Http.HttpClient.DeepSeek.ClientHandler Received HTTP response headers after 278.0579ms - 200
[14:50:06 INF] System.Net.Http.HttpClient.DeepSeek.LogicalHandler End processing HTTP request after 278.2769ms - 200
[14:50:06 INF] System.Net.Http.HttpClient.DeepSeek.ClientHandler Received HTTP response headers after 286.2031ms - 200
[14:50:06 INF] System.Net.Http.HttpClient.DeepSeek.LogicalHandler End processing HTTP request after 286.3769ms - 200
[14:50:06 INF] System.Net.Http.HttpClient.DeepSeek.LogicalHandler Start processing HTTP request POST https://api.deepseek.com/chat/completions
[14:50:06 INF] System.Net.Http.HttpClient.DeepSeek.ClientHandler Sending HTTP request POST https://api.deepseek.com/chat/completions
[14:50:06 INF] System.Net.Http.HttpClient.DeepSeek.ClientHandler Received HTTP response headers after 276.5282ms - 200
[14:50:06 INF] System.Net.Http.HttpClient.DeepSeek.LogicalHandler End processing HTTP request after 276.7589ms - 200
[14:50:06 INF] System.Net.Http.HttpClient.DeepSeek.LogicalHandler Start processing HTTP request POST https://api.deepseek.com/chat/completions
[14:50:06 INF] System.Net.Http.HttpClient.DeepSeek.ClientHandler Sending HTTP request POST https://api.deepseek.com/chat/completions
[14:50:06 INF] System.Net.Http.HttpClient.DeepSeek.LogicalHandler Start processing HTTP request POST https://api.deepseek.com/chat/completions
[14:50:06 INF] System.Net.Http.HttpClient.DeepSeek.ClientHandler Sending HTTP request POST https://api.deepseek.com/chat/completions
[14:50:06 INF] System.Net.Http.HttpClient.DeepSeek.LogicalHandler Start processing HTTP request POST https://api.deepseek.com/chat/completions
[14:50:06 INF] System.Net.Http.HttpClient.DeepSeek.ClientHandler Sending HTTP request POST https://api.deepseek.com/chat/completions
[14:50:06 INF] System.Net.Http.HttpClient.DeepSeek.ClientHandler Received HTTP response headers after 332.6978ms - 200
[14:50:06 INF] System.Net.Http.HttpClient.DeepSeek.LogicalHandler End processing HTTP request after 333.1017ms - 200
[14:50:06 INF] System.Net.Http.HttpClient.DeepSeek.ClientHandler Received HTTP response headers after 273.5289ms - 200
[14:50:06 INF] System.Net.Http.HttpClient.DeepSeek.LogicalHandler End processing HTTP request after 273.9134ms - 200
[14:50:06 INF] System.Net.Http.HttpClient.DeepSeek.ClientHandler Received HTTP response headers after 281.0012ms - 200
[14:50:06 INF] System.Net.Http.HttpClient.DeepSeek.LogicalHandler End processing HTTP request after 281.2634ms - 200
[14:50:07 INF] System.Net.Http.HttpClient.DeepSeek.ClientHandler Received HTTP response headers after 296.7563ms - 200
[14:50:07 INF] System.Net.Http.HttpClient.DeepSeek.LogicalHandler End processing HTTP request after 298.0181ms - 200
[14:50:07 INF] System.Net.Http.HttpClient.DeepSeek.LogicalHandler Start processing HTTP request POST https://api.deepseek.com/chat/completions
[14:50:07 INF] System.Net.Http.HttpClient.DeepSeek.ClientHandler Sending HTTP request POST https://api.deepseek.com/chat/completions
[14:50:07 INF] System.Net.Http.HttpClient.DeepSeek.ClientHandler Received HTTP response headers after 295.7917ms - 200
[14:50:07 INF] System.Net.Http.HttpClient.DeepSeek.LogicalHandler End processing HTTP request after 296.0611ms - 200
[14:50:07 INF] System.Net.Http.HttpClient.DeepSeek.ClientHandler Received HTTP response headers after 289.4851ms - 200
[14:50:07 INF] System.Net.Http.HttpClient.DeepSeek.LogicalHandler End processing HTTP request after 289.7576ms - 200
[14:50:07 INF] System.Net.Http.HttpClient.DeepSeek.LogicalHandler Start processing HTTP request POST https://api.deepseek.com/chat/completions
[14:50:07 INF] System.Net.Http.HttpClient.DeepSeek.ClientHandler Sending HTTP request POST https://api.deepseek.com/chat/completions
[14:50:07 INF] System.Net.Http.HttpClient.DeepSeek.ClientHandler Received HTTP response headers after 287.7463ms - 200
[14:50:07 INF] System.Net.Http.HttpClient.DeepSeek.LogicalHandler End processing HTTP request after 288.0389ms - 200
[14:50:07 INF] System.Net.Http.HttpClient.DeepSeek.LogicalHandler Start processing HTTP request POST https://api.deepseek.com/chat/completions
[14:50:07 INF] System.Net.Http.HttpClient.DeepSeek.ClientHandler Sending HTTP request POST https://api.deepseek.com/chat/completions
[14:50:07 INF] System.Net.Http.HttpClient.DeepSeek.ClientHandler Received HTTP response headers after 282.9627ms - 200
[14:50:07 INF] System.Net.Http.HttpClient.DeepSeek.LogicalHandler End processing HTTP request after 283.1841ms - 200
[14:50:07 INF] System.Net.Http.HttpClient.DeepSeek.LogicalHandler Start processing HTTP request POST https://api.deepseek.com/chat/completions
[14:50:07 INF] System.Net.Http.HttpClient.DeepSeek.ClientHandler Sending HTTP request POST https://api.deepseek.com/chat/completions
[14:50:07 INF] System.Net.Http.HttpClient.DeepSeek.ClientHandler Received HTTP response headers after 288.8097ms - 200
[14:50:07 INF] System.Net.Http.HttpClient.DeepSeek.LogicalHandler End processing HTTP request after 289.0921ms - 200
[14:50:07 INF] System.Net.Http.HttpClient.DeepSeek.LogicalHandler Start processing HTTP request POST https://api.deepseek.com/chat/completions
[14:50:07 INF] System.Net.Http.HttpClient.DeepSeek.ClientHandler Sending HTTP request POST https://api.deepseek.com/chat/completions
[14:50:07 INF] System.Net.Http.HttpClient.DeepSeek.ClientHandler Received HTTP response headers after 299.886ms - 200
[14:50:07 INF] System.Net.Http.HttpClient.DeepSeek.LogicalHandler End processing HTTP request after 300.2084ms - 200
[14:50:07 INF] System.Net.Http.HttpClient.DeepSeek.ClientHandler Received HTTP response headers after 291.511ms - 200
[14:50:07 INF] System.Net.Http.HttpClient.DeepSeek.LogicalHandler End processing HTTP request after 294.9025ms - 200
[14:50:07 INF] System.Net.Http.HttpClient.DeepSeek.ClientHandler Received HTTP response headers after 278.6939ms - 200
[14:50:07 INF] System.Net.Http.HttpClient.DeepSeek.LogicalHandler End processing HTTP request after 279.0922ms - 200
[14:50:07 INF] System.Net.Http.HttpClient.DeepSeek.ClientHandler Received HTTP response headers after 301.8513ms - 200
[14:50:07 INF] System.Net.Http.HttpClient.DeepSeek.LogicalHandler End processing HTTP request after 302.6707ms - 200
[14:50:07 INF] System.Net.Http.HttpClient.DeepSeek.ClientHandler Received HTTP response headers after 276.5628ms - 200
[14:50:07 INF] System.Net.Http.HttpClient.DeepSeek.LogicalHandler End processing HTTP request after 276.8942ms - 200
[14:50:07 INF] System.Net.Http.HttpClient.DeepSeek.ClientHandler Received HTTP response headers after 275.2909ms - 200
[14:50:07 INF] System.Net.Http.HttpClient.DeepSeek.LogicalHandler End processing HTTP request after 275.6549ms - 200
[14:50:07 INF] System.Net.Http.HttpClient.DeepSeek.LogicalHandler Start processing HTTP request POST https://api.deepseek.com/chat/completions
[14:50:07 INF] System.Net.Http.HttpClient.DeepSeek.ClientHandler Sending HTTP request POST https://api.deepseek.com/chat/completions
[14:50:07 INF] System.Net.Http.HttpClient.DeepSeek.LogicalHandler Start processing HTTP request POST https://api.deepseek.com/chat/completions
[14:50:07 INF] System.Net.Http.HttpClient.DeepSeek.ClientHandler Sending HTTP request POST https://api.deepseek.com/chat/completions
[14:50:07 INF] System.Net.Http.HttpClient.DeepSeek.LogicalHandler Start processing HTTP request POST https://api.deepseek.com/chat/completions
[14:50:07 INF] System.Net.Http.HttpClient.DeepSeek.ClientHandler Sending HTTP request POST https://api.deepseek.com/chat/completions
[14:50:07 INF] System.Net.Http.HttpClient.DeepSeek.LogicalHandler Start processing HTTP request POST https://api.deepseek.com/chat/completions
[14:50:07 INF] System.Net.Http.HttpClient.DeepSeek.ClientHandler Sending HTTP request POST https://api.deepseek.com/chat/completions
[14:50:07 INF] System.Net.Http.HttpClient.DeepSeek.LogicalHandler Start processing HTTP request POST https://api.deepseek.com/chat/completions
[14:50:07 INF] System.Net.Http.HttpClient.DeepSeek.ClientHandler Sending HTTP request POST https://api.deepseek.com/chat/completions
[14:50:07 INF] System.Net.Http.HttpClient.DeepSeek.LogicalHandler Start processing HTTP request POST https://api.deepseek.com/chat/completions
[14:50:07 INF] System.Net.Http.HttpClient.DeepSeek.ClientHandler Sending HTTP request POST https://api.deepseek.com/chat/completions
[14:50:07 INF] System.Net.Http.HttpClient.DeepSeek.ClientHandler Received HTTP response headers after 277.3797ms - 200
[14:50:07 INF] System.Net.Http.HttpClient.DeepSeek.LogicalHandler End processing HTTP request after 277.9852ms - 200
[14:50:07 INF] System.Net.Http.HttpClient.DeepSeek.LogicalHandler Start processing HTTP request POST https://api.deepseek.com/chat/completions
[14:50:07 INF] System.Net.Http.HttpClient.DeepSeek.ClientHandler Sending HTTP request POST https://api.deepseek.com/chat/completions
[14:50:07 INF] System.Net.Http.HttpClient.DeepSeek.LogicalHandler Start processing HTTP request POST https://api.deepseek.com/chat/completions
[14:50:07 INF] System.Net.Http.HttpClient.DeepSeek.ClientHandler Sending HTTP request POST https://api.deepseek.com/chat/completions
[14:50:07 INF] System.Net.Http.HttpClient.DeepSeek.ClientHandler Received HTTP response headers after 295.2306ms - 200
[14:50:07 INF] System.Net.Http.HttpClient.DeepSeek.LogicalHandler End processing HTTP request after 295.5675ms - 200
[14:50:07 INF] System.Net.Http.HttpClient.DeepSeek.ClientHandler Received HTTP response headers after 290.5946ms - 200
[14:50:07 INF] System.Net.Http.HttpClient.DeepSeek.LogicalHandler End processing HTTP request after 290.9148ms - 200
[14:50:08 INF] System.Net.Http.HttpClient.DeepSeek.ClientHandler Received HTTP response headers after 283.5087ms - 200
[14:50:08 INF] System.Net.Http.HttpClient.DeepSeek.LogicalHandler End processing HTTP request after 284.0469ms - 200
[14:50:08 INF] System.Net.Http.HttpClient.DeepSeek.ClientHandler Received HTTP response headers after 292.0153ms - 200
[14:50:08 INF] System.Net.Http.HttpClient.DeepSeek.LogicalHandler End processing HTTP request after 293.4655ms - 200
[14:50:08 INF] System.Net.Http.HttpClient.DeepSeek.LogicalHandler Start processing HTTP request POST https://api.deepseek.com/chat/completions
[14:50:08 INF] System.Net.Http.HttpClient.DeepSeek.ClientHandler Sending HTTP request POST https://api.deepseek.com/chat/completions
[14:50:08 INF] System.Net.Http.HttpClient.DeepSeek.ClientHandler Received HTTP response headers after 293.6471ms - 200
[14:50:08 INF] System.Net.Http.HttpClient.DeepSeek.LogicalHandler End processing HTTP request after 293.9596ms - 200
[14:50:08 INF] System.Net.Http.HttpClient.DeepSeek.LogicalHandler Start processing HTTP request POST https://api.deepseek.com/chat/completions
[14:50:08 INF] System.Net.Http.HttpClient.DeepSeek.ClientHandler Sending HTTP request POST https://api.deepseek.com/chat/completions
[14:50:08 INF] System.Net.Http.HttpClient.DeepSeek.LogicalHandler Start processing HTTP request POST https://api.deepseek.com/chat/completions
[14:50:08 INF] System.Net.Http.HttpClient.DeepSeek.ClientHandler Sending HTTP request POST https://api.deepseek.com/chat/completions
[14:50:08 INF] System.Net.Http.HttpClient.DeepSeek.ClientHandler Received HTTP response headers after 283.197ms - 200
[14:50:08 INF] System.Net.Http.HttpClient.DeepSeek.LogicalHandler End processing HTTP request after 283.5093ms - 200
[14:50:08 INF] System.Net.Http.HttpClient.DeepSeek.ClientHandler Received HTTP response headers after 304.8224ms - 200
[14:50:08 INF] System.Net.Http.HttpClient.DeepSeek.LogicalHandler End processing HTTP request after 305.3022ms - 200
[14:50:08 INF] System.Net.Http.HttpClient.DeepSeek.LogicalHandler Start processing HTTP request POST https://api.deepseek.com/chat/completions
[14:50:08 INF] System.Net.Http.HttpClient.DeepSeek.ClientHandler Sending HTTP request POST https://api.deepseek.com/chat/completions
[14:50:08 INF] System.Net.Http.HttpClient.DeepSeek.LogicalHandler Start processing HTTP request POST https://api.deepseek.com/chat/completions
[14:50:08 INF] System.Net.Http.HttpClient.DeepSeek.ClientHandler Sending HTTP request POST https://api.deepseek.com/chat/completions
[14:50:08 INF] System.Net.Http.HttpClient.DeepSeek.ClientHandler Received HTTP response headers after 284.066ms - 200
[14:50:08 INF] System.Net.Http.HttpClient.DeepSeek.LogicalHandler End processing HTTP request after 284.5588ms - 200
[14:50:08 INF] System.Net.Http.HttpClient.DeepSeek.LogicalHandler Start processing HTTP request POST https://api.deepseek.com/chat/completions
[14:50:08 INF] System.Net.Http.HttpClient.DeepSeek.ClientHandler Sending HTTP request POST https://api.deepseek.com/chat/completions
[14:50:08 INF] System.Net.Http.HttpClient.DeepSeek.LogicalHandler Start processing HTTP request POST https://api.deepseek.com/chat/completions
[14:50:08 INF] System.Net.Http.HttpClient.DeepSeek.ClientHandler Sending HTTP request POST https://api.deepseek.com/chat/completions
[14:50:08 INF] System.Net.Http.HttpClient.DeepSeek.ClientHandler Received HTTP response headers after 271.4904ms - 200
[14:50:08 INF] System.Net.Http.HttpClient.DeepSeek.LogicalHandler End processing HTTP request after 273.7476ms - 200
[14:50:08 INF] System.Net.Http.HttpClient.DeepSeek.ClientHandler Received HTTP response headers after 282.3982ms - 200
[14:50:08 INF] System.Net.Http.HttpClient.DeepSeek.LogicalHandler End processing HTTP request after 282.763ms - 200
[14:50:08 INF] System.Net.Http.HttpClient.DeepSeek.LogicalHandler Start processing HTTP request POST https://api.deepseek.com/chat/completions
[14:50:08 INF] System.Net.Http.HttpClient.DeepSeek.LogicalHandler Start processing HTTP request POST https://api.deepseek.com/chat/completions
[14:50:08 INF] System.Net.Http.HttpClient.DeepSeek.ClientHandler Sending HTTP request POST https://api.deepseek.com/chat/completions
[14:50:08 INF] System.Net.Http.HttpClient.DeepSeek.LogicalHandler Start processing HTTP request POST https://api.deepseek.com/chat/completions
[14:50:08 INF] System.Net.Http.HttpClient.DeepSeek.ClientHandler Sending HTTP request POST https://api.deepseek.com/chat/completions
[14:50:08 INF] System.Net.Http.HttpClient.DeepSeek.ClientHandler Sending HTTP request POST https://api.deepseek.com/chat/completions
[14:50:08 INF] System.Net.Http.HttpClient.DeepSeek.LogicalHandler Start processing HTTP request POST https://api.deepseek.com/chat/completions
[14:50:08 INF] System.Net.Http.HttpClient.DeepSeek.ClientHandler Sending HTTP request POST https://api.deepseek.com/chat/completions
[14:50:08 INF] System.Net.Http.HttpClient.DeepSeek.ClientHandler Received HTTP response headers after 295.9931ms - 200
[14:50:08 INF] System.Net.Http.HttpClient.DeepSeek.LogicalHandler End processing HTTP request after 296.628ms - 200
[14:50:08 INF] System.Net.Http.HttpClient.DeepSeek.LogicalHandler Start processing HTTP request POST https://api.deepseek.com/chat/completions
[14:50:08 INF] System.Net.Http.HttpClient.DeepSeek.ClientHandler Sending HTTP request POST https://api.deepseek.com/chat/completions
[14:50:08 INF] System.Net.Http.HttpClient.DeepSeek.ClientHandler Received HTTP response headers after 297.2076ms - 200
[14:50:08 INF] System.Net.Http.HttpClient.DeepSeek.LogicalHandler End processing HTTP request after 297.97ms - 200
[14:50:08 INF] System.Net.Http.HttpClient.DeepSeek.ClientHandler Received HTTP response headers after 298.2623ms - 200
[14:50:08 INF] System.Net.Http.HttpClient.DeepSeek.LogicalHandler End processing HTTP request after 299.7122ms - 200
[14:50:08 INF] System.Net.Http.HttpClient.DeepSeek.LogicalHandler Start processing HTTP request POST https://api.deepseek.com/chat/completions
[14:50:08 INF] System.Net.Http.HttpClient.DeepSeek.ClientHandler Sending HTTP request POST https://api.deepseek.com/chat/completions
[14:50:08 INF] System.Net.Http.HttpClient.DeepSeek.LogicalHandler Start processing HTTP request POST https://api.deepseek.com/chat/completions
[14:50:08 INF] System.Net.Http.HttpClient.DeepSeek.ClientHandler Sending HTTP request POST https://api.deepseek.com/chat/completions
[14:50:08 INF] System.Net.Http.HttpClient.DeepSeek.ClientHandler Received HTTP response headers after 289.3757ms - 200
[14:50:08 INF] System.Net.Http.HttpClient.DeepSeek.LogicalHandler End processing HTTP request after 289.648ms - 200
[14:50:08 INF] System.Net.Http.HttpClient.DeepSeek.LogicalHandler Start processing HTTP request POST https://api.deepseek.com/chat/completions
[14:50:08 INF] System.Net.Http.HttpClient.DeepSeek.ClientHandler Sending HTTP request POST https://api.deepseek.com/chat/completions
[14:50:08 INF] System.Net.Http.HttpClient.DeepSeek.LogicalHandler Start processing HTTP request POST https://api.deepseek.com/chat/completions
[14:50:08 INF] System.Net.Http.HttpClient.DeepSeek.ClientHandler Sending HTTP request POST https://api.deepseek.com/chat/completions
[14:50:08 INF] System.Net.Http.HttpClient.DeepSeek.LogicalHandler Start processing HTTP request POST https://api.deepseek.com/chat/completions
[14:50:08 INF] System.Net.Http.HttpClient.DeepSeek.ClientHandler Sending HTTP request POST https://api.deepseek.com/chat/completions
[14:50:08 INF] System.Net.Http.HttpClient.DeepSeek.LogicalHandler Start processing HTTP request POST https://api.deepseek.com/chat/completions
[14:50:08 INF] System.Net.Http.HttpClient.DeepSeek.ClientHandler Sending HTTP request POST https://api.deepseek.com/chat/completions
[14:50:08 INF] System.Net.Http.HttpClient.DeepSeek.LogicalHandler Start processing HTTP request POST https://api.deepseek.com/chat/completions
[14:50:08 INF] System.Net.Http.HttpClient.DeepSeek.ClientHandler Sending HTTP request POST https://api.deepseek.com/chat/completions
[14:50:08 INF] System.Net.Http.HttpClient.DeepSeek.LogicalHandler Start processing HTTP request POST https://api.deepseek.com/chat/completions
[14:50:08 INF] System.Net.Http.HttpClient.DeepSeek.ClientHandler Sending HTTP request POST https://api.deepseek.com/chat/completions
[14:50:08 INF] System.Net.Http.HttpClient.DeepSeek.ClientHandler Received HTTP response headers after 278.3646ms - 200
[14:50:08 INF] System.Net.Http.HttpClient.DeepSeek.LogicalHandler End processing HTTP request after 279.3166ms - 200
[14:50:08 INF] System.Net.Http.HttpClient.DeepSeek.ClientHandler Received HTTP response headers after 281.585ms - 200
[14:50:08 INF] System.Net.Http.HttpClient.DeepSeek.LogicalHandler End processing HTTP request after 282.2281ms - 200
[14:50:08 INF] System.Net.Http.HttpClient.DeepSeek.ClientHandler Received HTTP response headers after 311.1191ms - 200
[14:50:08 INF] System.Net.Http.HttpClient.DeepSeek.LogicalHandler End processing HTTP request after 311.4397ms - 200
[14:50:08 INF] System.Net.Http.HttpClient.DeepSeek.ClientHandler Received HTTP response headers after 293.2058ms - 200
[14:50:08 INF] System.Net.Http.HttpClient.DeepSeek.LogicalHandler End processing HTTP request after 293.6247ms - 200
[14:50:08 INF] System.Net.Http.HttpClient.DeepSeek.LogicalHandler Start processing HTTP request POST https://api.deepseek.com/chat/completions
[14:50:08 INF] System.Net.Http.HttpClient.DeepSeek.ClientHandler Sending HTTP request POST https://api.deepseek.com/chat/completions
[14:50:08 INF] System.Net.Http.HttpClient.DeepSeek.ClientHandler Received HTTP response headers after 285.7181ms - 200
[14:50:08 INF] System.Net.Http.HttpClient.DeepSeek.LogicalHandler End processing HTTP request after 286.1063ms - 200
[14:50:08 INF] System.Net.Http.HttpClient.DeepSeek.LogicalHandler Start processing HTTP request POST https://api.deepseek.com/chat/completions
[14:50:08 INF] System.Net.Http.HttpClient.DeepSeek.ClientHandler Sending HTTP request POST https://api.deepseek.com/chat/completions
[14:50:08 INF] System.Net.Http.HttpClient.DeepSeek.LogicalHandler Start processing HTTP request POST https://api.deepseek.com/chat/completions
[14:50:08 INF] System.Net.Http.HttpClient.DeepSeek.ClientHandler Sending HTTP request POST https://api.deepseek.com/chat/completions
[14:50:08 INF] System.Net.Http.HttpClient.DeepSeek.ClientHandler Received HTTP response headers after 312.0427ms - 200
[14:50:08 INF] System.Net.Http.HttpClient.DeepSeek.LogicalHandler End processing HTTP request after 312.3476ms - 200
[14:50:08 INF] System.Net.Http.HttpClient.DeepSeek.ClientHandler Received HTTP response headers after 293.1268ms - 200
[14:50:08 INF] System.Net.Http.HttpClient.DeepSeek.LogicalHandler Start processing HTTP request POST https://api.deepseek.com/chat/completions
[14:50:08 INF] System.Net.Http.HttpClient.DeepSeek.LogicalHandler End processing HTTP request after 293.3669ms - 200
[14:50:08 INF] System.Net.Http.HttpClient.DeepSeek.ClientHandler Sending HTTP request POST https://api.deepseek.com/chat/completions
[14:50:09 INF] System.Net.Http.HttpClient.DeepSeek.ClientHandler Received HTTP response headers after 287.3503ms - 200
[14:50:09 INF] System.Net.Http.HttpClient.DeepSeek.LogicalHandler End processing HTTP request after 287.7479ms - 200
[14:50:09 INF] System.Net.Http.HttpClient.DeepSeek.ClientHandler Received HTTP response headers after 345.7582ms - 200
[14:50:09 INF] System.Net.Http.HttpClient.DeepSeek.LogicalHandler End processing HTTP request after 345.979ms - 200
[14:50:09 INF] System.Net.Http.HttpClient.DeepSeek.ClientHandler Received HTTP response headers after 288.3013ms - 200
[14:50:09 INF] System.Net.Http.HttpClient.DeepSeek.LogicalHandler End processing HTTP request after 288.4644ms - 200
[14:50:09 INF] System.Net.Http.HttpClient.DeepSeek.LogicalHandler Start processing HTTP request POST https://api.deepseek.com/chat/completions
[14:50:09 INF] System.Net.Http.HttpClient.DeepSeek.ClientHandler Sending HTTP request POST https://api.deepseek.com/chat/completions
[14:50:09 INF] System.Net.Http.HttpClient.DeepSeek.ClientHandler Received HTTP response headers after 295.3617ms - 200
[14:50:09 INF] System.Net.Http.HttpClient.DeepSeek.LogicalHandler End processing HTTP request after 295.6921ms - 200
[14:50:09 INF] System.Net.Http.HttpClient.DeepSeek.LogicalHandler Start processing HTTP request POST https://api.deepseek.com/chat/completions
[14:50:09 INF] System.Net.Http.HttpClient.DeepSeek.ClientHandler Sending HTTP request POST https://api.deepseek.com/chat/completions
[14:50:09 INF] System.Net.Http.HttpClient.DeepSeek.ClientHandler Received HTTP response headers after 295.2554ms - 200
[14:50:09 INF] System.Net.Http.HttpClient.DeepSeek.LogicalHandler End processing HTTP request after 295.5799ms - 200
[14:50:09 INF] System.Net.Http.HttpClient.DeepSeek.LogicalHandler Start processing HTTP request POST https://api.deepseek.com/chat/completions
[14:50:09 INF] System.Net.Http.HttpClient.DeepSeek.ClientHandler Sending HTTP request POST https://api.deepseek.com/chat/completions
[14:50:09 INF] System.Net.Http.HttpClient.DeepSeek.ClientHandler Received HTTP response headers after 280.7682ms - 200
[14:50:09 INF] System.Net.Http.HttpClient.DeepSeek.LogicalHandler End processing HTTP request after 281.3661ms - 200
[14:50:09 INF] System.Net.Http.HttpClient.DeepSeek.ClientHandler Received HTTP response headers after 286.2808ms - 200
[14:50:09 INF] System.Net.Http.HttpClient.DeepSeek.ClientHandler Received HTTP response headers after 460.3848ms - 200
[14:50:09 INF] System.Net.Http.HttpClient.DeepSeek.LogicalHandler End processing HTTP request after 286.7856ms - 200
[14:50:09 INF] System.Net.Http.HttpClient.DeepSeek.LogicalHandler End processing HTTP request after 460.6369ms - 200
[14:50:09 INF] System.Net.Http.HttpClient.DeepSeek.ClientHandler Received HTTP response headers after 288.6191ms - 200
[14:50:09 INF] System.Net.Http.HttpClient.DeepSeek.LogicalHandler End processing HTTP request after 289.0716ms - 200
[14:50:09 INF] System.Net.Http.HttpClient.DeepSeek.LogicalHandler Start processing HTTP request POST https://api.deepseek.com/chat/completions
[14:50:09 INF] System.Net.Http.HttpClient.DeepSeek.ClientHandler Sending HTTP request POST https://api.deepseek.com/chat/completions
[14:50:09 INF] System.Net.Http.HttpClient.DeepSeek.LogicalHandler Start processing HTTP request POST https://api.deepseek.com/chat/completions
[14:50:09 INF] System.Net.Http.HttpClient.DeepSeek.ClientHandler Sending HTTP request POST https://api.deepseek.com/chat/completions
[14:50:09 INF] System.Net.Http.HttpClient.DeepSeek.LogicalHandler Start processing HTTP request POST https://api.deepseek.com/chat/completions
[14:50:09 INF] System.Net.Http.HttpClient.DeepSeek.ClientHandler Sending HTTP request POST https://api.deepseek.com/chat/completions
[14:50:09 INF] System.Net.Http.HttpClient.DeepSeek.ClientHandler Received HTTP response headers after 288.5365ms - 200
[14:50:09 INF] System.Net.Http.HttpClient.DeepSeek.LogicalHandler End processing HTTP request after 288.9087ms - 200
[14:50:09 INF] System.Net.Http.HttpClient.DeepSeek.ClientHandler Received HTTP response headers after 274.3882ms - 200
[14:50:09 INF] System.Net.Http.HttpClient.DeepSeek.LogicalHandler End processing HTTP request after 274.7057ms - 200
[14:50:09 INF] System.Net.Http.HttpClient.DeepSeek.ClientHandler Received HTTP response headers after 285.264ms - 200
[14:50:09 INF] System.Net.Http.HttpClient.DeepSeek.LogicalHandler End processing HTTP request after 285.7161ms - 200
[14:50:09 INF] System.Net.Http.HttpClient.DeepSeek.ClientHandler Received HTTP response headers after 293.7572ms - 200
[14:50:09 INF] System.Net.Http.HttpClient.DeepSeek.LogicalHandler End processing HTTP request after 294.4411ms - 200
[14:50:09 INF] System.Net.Http.HttpClient.DeepSeek.LogicalHandler Start processing HTTP request POST https://api.deepseek.com/chat/completions
[14:50:09 INF] System.Net.Http.HttpClient.DeepSeek.ClientHandler Sending HTTP request POST https://api.deepseek.com/chat/completions
[14:50:09 INF] System.Net.Http.HttpClient.DeepSeek.LogicalHandler Start processing HTTP request POST https://api.deepseek.com/chat/completions
[14:50:09 INF] System.Net.Http.HttpClient.DeepSeek.ClientHandler Sending HTTP request POST https://api.deepseek.com/chat/completions
[14:50:09 INF] System.Net.Http.HttpClient.DeepSeek.ClientHandler Received HTTP response headers after 293.3057ms - 200
[14:50:09 INF] System.Net.Http.HttpClient.DeepSeek.LogicalHandler End processing HTTP request after 293.9825ms - 200
[14:50:09 INF] System.Net.Http.HttpClient.DeepSeek.ClientHandler Received HTTP response headers after 284.5734ms - 200
[14:50:09 INF] System.Net.Http.HttpClient.DeepSeek.LogicalHandler End processing HTTP request after 285.2509ms - 200
[14:50:09 INF] System.Net.Http.HttpClient.DeepSeek.LogicalHandler Start processing HTTP request POST https://api.deepseek.com/chat/completions
[14:50:09 INF] System.Net.Http.HttpClient.DeepSeek.ClientHandler Sending HTTP request POST https://api.deepseek.com/chat/completions
[14:50:09 INF] System.Net.Http.HttpClient.DeepSeek.ClientHandler Received HTTP response headers after 309.8572ms - 200
[14:50:09 INF] System.Net.Http.HttpClient.DeepSeek.LogicalHandler End processing HTTP request after 310.8081ms - 200
[14:50:09 INF] System.Net.Http.HttpClient.DeepSeek.LogicalHandler Start processing HTTP request POST https://api.deepseek.com/chat/completions
[14:50:09 INF] System.Net.Http.HttpClient.DeepSeek.ClientHandler Sending HTTP request POST https://api.deepseek.com/chat/completions
[14:50:09 INF] System.Net.Http.HttpClient.DeepSeek.LogicalHandler Start processing HTTP request POST https://api.deepseek.com/chat/completions
[14:50:09 INF] System.Net.Http.HttpClient.DeepSeek.ClientHandler Sending HTTP request POST https://api.deepseek.com/chat/completions
[14:50:09 INF] System.Net.Http.HttpClient.DeepSeek.LogicalHandler Start processing HTTP request POST https://api.deepseek.com/chat/completions
[14:50:09 INF] System.Net.Http.HttpClient.DeepSeek.ClientHandler Sending HTTP request POST https://api.deepseek.com/chat/completions
[14:50:09 INF] System.Net.Http.HttpClient.DeepSeek.ClientHandler Received HTTP response headers after 289.651ms - 200
[14:50:09 INF] System.Net.Http.HttpClient.DeepSeek.LogicalHandler End processing HTTP request after 290.6307ms - 200
[14:50:09 INF] System.Net.Http.HttpClient.DeepSeek.ClientHandler Received HTTP response headers after 292.6107ms - 200
[14:50:09 INF] System.Net.Http.HttpClient.DeepSeek.LogicalHandler End processing HTTP request after 293.032ms - 200
[14:50:09 INF] System.Net.Http.HttpClient.DeepSeek.LogicalHandler Start processing HTTP request POST https://api.deepseek.com/chat/completions
[14:50:09 INF] System.Net.Http.HttpClient.DeepSeek.ClientHandler Sending HTTP request POST https://api.deepseek.com/chat/completions
[14:50:09 INF] System.Net.Http.HttpClient.DeepSeek.LogicalHandler Start processing HTTP request POST https://api.deepseek.com/chat/completions
[14:50:09 INF] System.Net.Http.HttpClient.DeepSeek.ClientHandler Sending HTTP request POST https://api.deepseek.com/chat/completions
[14:50:09 INF] System.Net.Http.HttpClient.DeepSeek.LogicalHandler Start processing HTTP request POST https://api.deepseek.com/chat/completions
[14:50:09 INF] System.Net.Http.HttpClient.DeepSeek.ClientHandler Sending HTTP request POST https://api.deepseek.com/chat/completions
[14:50:09 INF] System.Net.Http.HttpClient.DeepSeek.ClientHandler Received HTTP response headers after 284.3903ms - 200
[14:50:09 INF] System.Net.Http.HttpClient.DeepSeek.LogicalHandler End processing HTTP request after 284.7465ms - 200
[14:50:09 INF] System.Net.Http.HttpClient.DeepSeek.LogicalHandler Start processing HTTP request POST https://api.deepseek.com/chat/completions
[14:50:09 INF] System.Net.Http.HttpClient.DeepSeek.ClientHandler Sending HTTP request POST https://api.deepseek.com/chat/completions
[14:50:09 INF] System.Net.Http.HttpClient.DeepSeek.LogicalHandler Start processing HTTP request POST https://api.deepseek.com/chat/completions
[14:50:09 INF] System.Net.Http.HttpClient.DeepSeek.ClientHandler Sending HTTP request POST https://api.deepseek.com/chat/completions
[14:50:09 INF] System.Net.Http.HttpClient.DeepSeek.LogicalHandler Start processing HTTP request POST https://api.deepseek.com/chat/completions
[14:50:09 INF] System.Net.Http.HttpClient.DeepSeek.ClientHandler Sending HTTP request POST https://api.deepseek.com/chat/completions
[14:50:09 INF] System.Net.Http.HttpClient.DeepSeek.ClientHandler Received HTTP response headers after 294.9342ms - 200
[14:50:09 INF] System.Net.Http.HttpClient.DeepSeek.LogicalHandler End processing HTTP request after 295.6217ms - 200
[14:50:09 INF] System.Net.Http.HttpClient.DeepSeek.LogicalHandler Start processing HTTP request POST https://api.deepseek.com/chat/completions
[14:50:09 INF] System.Net.Http.HttpClient.DeepSeek.ClientHandler Sending HTTP request POST https://api.deepseek.com/chat/completions
[14:50:09 INF] System.Net.Http.HttpClient.DeepSeek.ClientHandler Received HTTP response headers after 387.7345ms - 200
[14:50:09 INF] System.Net.Http.HttpClient.DeepSeek.LogicalHandler End processing HTTP request after 388.3192ms - 200
[14:50:09 INF] System.Net.Http.HttpClient.DeepSeek.LogicalHandler Start processing HTTP request POST https://api.deepseek.com/chat/completions
[14:50:09 INF] System.Net.Http.HttpClient.DeepSeek.ClientHandler Sending HTTP request POST https://api.deepseek.com/chat/completions
[14:50:10 INF] System.Net.Http.HttpClient.DeepSeek.LogicalHandler Start processing HTTP request POST https://api.deepseek.com/chat/completions
[14:50:10 INF] System.Net.Http.HttpClient.DeepSeek.ClientHandler Sending HTTP request POST https://api.deepseek.com/chat/completions
[14:50:10 INF] System.Net.Http.HttpClient.DeepSeek.LogicalHandler Start processing HTTP request POST https://api.deepseek.com/chat/completions
[14:50:10 INF] System.Net.Http.HttpClient.DeepSeek.ClientHandler Sending HTTP request POST https://api.deepseek.com/chat/completions
[14:50:10 INF] System.Net.Http.HttpClient.DeepSeek.ClientHandler Received HTTP response headers after 364.2492ms - 200
[14:50:10 INF] System.Net.Http.HttpClient.DeepSeek.LogicalHandler End processing HTTP request after 364.5542ms - 200
[14:50:10 INF] System.Net.Http.HttpClient.DeepSeek.ClientHandler Received HTTP response headers after 274.0966ms - 200
[14:50:10 INF] System.Net.Http.HttpClient.DeepSeek.LogicalHandler End processing HTTP request after 274.5225ms - 200
[14:50:10 INF] System.Net.Http.HttpClient.DeepSeek.LogicalHandler Start processing HTTP request POST https://api.deepseek.com/chat/completions
[14:50:10 INF] System.Net.Http.HttpClient.DeepSeek.ClientHandler Sending HTTP request POST https://api.deepseek.com/chat/completions
[14:50:10 INF] System.Net.Http.HttpClient.DeepSeek.LogicalHandler Start processing HTTP request POST https://api.deepseek.com/chat/completions
[14:50:10 INF] System.Net.Http.HttpClient.DeepSeek.ClientHandler Sending HTTP request POST https://api.deepseek.com/chat/completions
[14:50:10 INF] System.Net.Http.HttpClient.DeepSeek.ClientHandler Received HTTP response headers after 283.6277ms - 200
[14:50:10 INF] System.Net.Http.HttpClient.DeepSeek.LogicalHandler End processing HTTP request after 284.008ms - 200
[14:50:10 INF] System.Net.Http.HttpClient.DeepSeek.ClientHandler Received HTTP response headers after 290.8899ms - 200
[14:50:10 INF] System.Net.Http.HttpClient.DeepSeek.LogicalHandler End processing HTTP request after 291.2541ms - 200
[14:50:10 INF] System.Net.Http.HttpClient.DeepSeek.ClientHandler Received HTTP response headers after 277.3569ms - 200
[14:50:10 INF] System.Net.Http.HttpClient.DeepSeek.LogicalHandler End processing HTTP request after 277.6012ms - 200
[14:50:10 INF] System.Net.Http.HttpClient.DeepSeek.LogicalHandler Start processing HTTP request POST https://api.deepseek.com/chat/completions
[14:50:10 INF] System.Net.Http.HttpClient.DeepSeek.ClientHandler Sending HTTP request POST https://api.deepseek.com/chat/completions
[14:50:10 INF] System.Net.Http.HttpClient.DeepSeek.LogicalHandler Start processing HTTP request POST https://api.deepseek.com/chat/completions
[14:50:10 INF] System.Net.Http.HttpClient.DeepSeek.ClientHandler Sending HTTP request POST https://api.deepseek.com/chat/completions
[14:50:10 INF] System.Net.Http.HttpClient.DeepSeek.ClientHandler Received HTTP response headers after 283.1755ms - 200
[14:50:10 INF] System.Net.Http.HttpClient.DeepSeek.LogicalHandler End processing HTTP request after 283.5312ms - 200
[14:50:10 INF] System.Net.Http.HttpClient.DeepSeek.ClientHandler Received HTTP response headers after 293.4394ms - 200
[14:50:10 INF] System.Net.Http.HttpClient.DeepSeek.LogicalHandler End processing HTTP request after 293.7365ms - 200
[14:50:10 INF] System.Net.Http.HttpClient.DeepSeek.LogicalHandler Start processing HTTP request POST https://api.deepseek.com/chat/completions
[14:50:10 INF] System.Net.Http.HttpClient.DeepSeek.ClientHandler Sending HTTP request POST https://api.deepseek.com/chat/completions
[14:50:10 INF] System.Net.Http.HttpClient.DeepSeek.ClientHandler Received HTTP response headers after 286.1835ms - 200
[14:50:10 INF] System.Net.Http.HttpClient.DeepSeek.LogicalHandler End processing HTTP request after 286.4312ms - 200
[14:50:10 INF] System.Net.Http.HttpClient.DeepSeek.ClientHandler Received HTTP response headers after 276.5615ms - 200
[14:50:10 INF] System.Net.Http.HttpClient.DeepSeek.LogicalHandler End processing HTTP request after 277.0679ms - 200
[14:50:10 INF] System.Net.Http.HttpClient.DeepSeek.LogicalHandler Start processing HTTP request POST https://api.deepseek.com/chat/completions
[14:50:10 INF] System.Net.Http.HttpClient.DeepSeek.ClientHandler Sending HTTP request POST https://api.deepseek.com/chat/completions
[14:50:10 INF] System.Net.Http.HttpClient.DeepSeek.LogicalHandler Start processing HTTP request POST https://api.deepseek.com/chat/completions
[14:50:10 INF] System.Net.Http.HttpClient.DeepSeek.ClientHandler Sending HTTP request POST https://api.deepseek.com/chat/completions
[14:50:10 INF] System.Net.Http.HttpClient.DeepSeek.ClientHandler Received HTTP response headers after 295.2354ms - 200
[14:50:10 INF] System.Net.Http.HttpClient.DeepSeek.LogicalHandler End processing HTTP request after 295.578ms - 200
[14:50:10 INF] System.Net.Http.HttpClient.DeepSeek.ClientHandler Received HTTP response headers after 281.3131ms - 200
[14:50:10 INF] System.Net.Http.HttpClient.DeepSeek.LogicalHandler End processing HTTP request after 281.772ms - 200
[14:50:10 INF] System.Net.Http.HttpClient.DeepSeek.LogicalHandler Start processing HTTP request POST https://api.deepseek.com/chat/completions
[14:50:10 INF] System.Net.Http.HttpClient.DeepSeek.ClientHandler Sending HTTP request POST https://api.deepseek.com/chat/completions
[14:50:10 INF] System.Net.Http.HttpClient.DeepSeek.LogicalHandler Start processing HTTP request POST https://api.deepseek.com/chat/completions
[14:50:10 INF] System.Net.Http.HttpClient.DeepSeek.ClientHandler Sending HTTP request POST https://api.deepseek.com/chat/completions
[14:50:10 INF] System.Net.Http.HttpClient.DeepSeek.ClientHandler Received HTTP response headers after 297.5736ms - 200
[14:50:10 INF] System.Net.Http.HttpClient.DeepSeek.LogicalHandler End processing HTTP request after 297.8838ms - 200
[14:50:10 INF] System.Net.Http.HttpClient.DeepSeek.ClientHandler Received HTTP response headers after 364.7885ms - 200
[14:50:10 INF] System.Net.Http.HttpClient.DeepSeek.LogicalHandler End processing HTTP request after 365.2974ms - 200
[14:50:10 INF] System.Net.Http.HttpClient.DeepSeek.LogicalHandler Start processing HTTP request POST https://api.deepseek.com/chat/completions
[14:50:10 INF] System.Net.Http.HttpClient.DeepSeek.ClientHandler Sending HTTP request POST https://api.deepseek.com/chat/completions
[14:50:10 INF] System.Net.Http.HttpClient.DeepSeek.ClientHandler Received HTTP response headers after 286.9706ms - 200
[14:50:10 INF] System.Net.Http.HttpClient.DeepSeek.LogicalHandler End processing HTTP request after 287.5541ms - 200
[14:50:10 INF] System.Net.Http.HttpClient.DeepSeek.ClientHandler Received HTTP response headers after 275.2384ms - 200
[14:50:10 INF] System.Net.Http.HttpClient.DeepSeek.LogicalHandler End processing HTTP request after 275.9286ms - 200
[14:50:10 INF] System.Net.Http.HttpClient.DeepSeek.LogicalHandler Start processing HTTP request POST https://api.deepseek.com/chat/completions
[14:50:10 INF] System.Net.Http.HttpClient.DeepSeek.ClientHandler Sending HTTP request POST https://api.deepseek.com/chat/completions
[14:50:10 INF] System.Net.Http.HttpClient.DeepSeek.ClientHandler Received HTTP response headers after 278.7212ms - 200
[14:50:10 INF] System.Net.Http.HttpClient.DeepSeek.LogicalHandler End processing HTTP request after 279.1321ms - 200
[14:50:10 INF] System.Net.Http.HttpClient.DeepSeek.ClientHandler Received HTTP response headers after 282.4133ms - 200
[14:50:10 INF] System.Net.Http.HttpClient.DeepSeek.LogicalHandler End processing HTTP request after 283.2762ms - 200
[14:50:10 INF] System.Net.Http.HttpClient.DeepSeek.LogicalHandler Start processing HTTP request POST https://api.deepseek.com/chat/completions
[14:50:10 INF] System.Net.Http.HttpClient.DeepSeek.ClientHandler Sending HTTP request POST https://api.deepseek.com/chat/completions
[14:50:10 INF] System.Net.Http.HttpClient.DeepSeek.LogicalHandler Start processing HTTP request POST https://api.deepseek.com/chat/completions
[14:50:10 INF] System.Net.Http.HttpClient.DeepSeek.ClientHandler Sending HTTP request POST https://api.deepseek.com/chat/completions
[14:50:10 INF] System.Net.Http.HttpClient.DeepSeek.LogicalHandler Start processing HTTP request POST https://api.deepseek.com/chat/completions
[14:50:10 INF] System.Net.Http.HttpClient.DeepSeek.ClientHandler Sending HTTP request POST https://api.deepseek.com/chat/completions
[14:50:10 INF] System.Net.Http.HttpClient.DeepSeek.ClientHandler Received HTTP response headers after 318.6774ms - 200
[14:50:10 INF] System.Net.Http.HttpClient.DeepSeek.LogicalHandler End processing HTTP request after 319.1482ms - 200
[14:50:10 INF] System.Net.Http.HttpClient.DeepSeek.ClientHandler Received HTTP response headers after 283.5635ms - 200
[14:50:10 INF] System.Net.Http.HttpClient.DeepSeek.LogicalHandler End processing HTTP request after 284.2445ms - 200
[14:50:10 INF] System.Net.Http.HttpClient.DeepSeek.ClientHandler Received HTTP response headers after 293.2344ms - 200
[14:50:10 INF] System.Net.Http.HttpClient.DeepSeek.LogicalHandler End processing HTTP request after 293.562ms - 200
[14:50:10 INF] System.Net.Http.HttpClient.DeepSeek.LogicalHandler Start processing HTTP request POST https://api.deepseek.com/chat/completions
[14:50:10 INF] System.Net.Http.HttpClient.DeepSeek.ClientHandler Sending HTTP request POST https://api.deepseek.com/chat/completions
[14:50:10 INF] System.Net.Http.HttpClient.DeepSeek.ClientHandler Received HTTP response headers after 293.9819ms - 200
[14:50:10 INF] System.Net.Http.HttpClient.DeepSeek.LogicalHandler End processing HTTP request after 294.3372ms - 200
[14:50:10 INF] System.Net.Http.HttpClient.DeepSeek.ClientHandler Received HTTP response headers after 298.7261ms - 200
[14:50:10 INF] System.Net.Http.HttpClient.DeepSeek.LogicalHandler End processing HTTP request after 298.9948ms - 200
[14:50:10 INF] System.Net.Http.HttpClient.DeepSeek.LogicalHandler Start processing HTTP request POST https://api.deepseek.com/chat/completions
[14:50:10 INF] System.Net.Http.HttpClient.DeepSeek.ClientHandler Sending HTTP request POST https://api.deepseek.com/chat/completions
[14:50:10 INF] System.Net.Http.HttpClient.DeepSeek.LogicalHandler Start processing HTTP request POST https://api.deepseek.com/chat/completions
[14:50:10 INF] System.Net.Http.HttpClient.DeepSeek.ClientHandler Sending HTTP request POST https://api.deepseek.com/chat/completions
[14:50:10 INF] System.Net.Http.HttpClient.DeepSeek.LogicalHandler Start processing HTTP request POST https://api.deepseek.com/chat/completions
[14:50:10 INF] System.Net.Http.HttpClient.DeepSeek.ClientHandler Sending HTTP request POST https://api.deepseek.com/chat/completions
[14:50:10 INF] System.Net.Http.HttpClient.DeepSeek.ClientHandler Received HTTP response headers after 279.397ms - 200
[14:50:10 INF] System.Net.Http.HttpClient.DeepSeek.LogicalHandler End processing HTTP request after 280.151ms - 200
[14:50:10 INF] System.Net.Http.HttpClient.DeepSeek.ClientHandler Received HTTP response headers after 318.942ms - 200
[14:50:10 INF] System.Net.Http.HttpClient.DeepSeek.LogicalHandler End processing HTTP request after 319.5029ms - 200
[14:50:10 INF] System.Net.Http.HttpClient.DeepSeek.ClientHandler Received HTTP response headers after 322.0995ms - 200
[14:50:10 INF] System.Net.Http.HttpClient.DeepSeek.LogicalHandler End processing HTTP request after 322.597ms - 200
[14:50:11 INF] System.Net.Http.HttpClient.DeepSeek.ClientHandler Received HTTP response headers after 290.5967ms - 200
[14:50:11 INF] System.Net.Http.HttpClient.DeepSeek.LogicalHandler End processing HTTP request after 291.1318ms - 200
[14:50:11 INF] System.Net.Http.HttpClient.DeepSeek.LogicalHandler Start processing HTTP request POST https://api.deepseek.com/chat/completions
[14:50:11 INF] System.Net.Http.HttpClient.DeepSeek.ClientHandler Sending HTTP request POST https://api.deepseek.com/chat/completions
[14:50:11 INF] System.Net.Http.HttpClient.DeepSeek.ClientHandler Received HTTP response headers after 290.4878ms - 200
[14:50:11 INF] System.Net.Http.HttpClient.DeepSeek.LogicalHandler End processing HTTP request after 290.8439ms - 200
[14:50:11 INF] System.Net.Http.HttpClient.DeepSeek.ClientHandler Received HTTP response headers after 286.6415ms - 200
[14:50:11 INF] System.Net.Http.HttpClient.DeepSeek.LogicalHandler End processing HTTP request after 287.122ms - 200
[14:50:11 INF] System.Net.Http.HttpClient.DeepSeek.LogicalHandler Start processing HTTP request POST https://api.deepseek.com/chat/completions
[14:50:11 INF] System.Net.Http.HttpClient.DeepSeek.ClientHandler Sending HTTP request POST https://api.deepseek.com/chat/completions
[14:50:11 INF] System.Net.Http.HttpClient.DeepSeek.LogicalHandler Start processing HTTP request POST https://api.deepseek.com/chat/completions
[14:50:11 INF] System.Net.Http.HttpClient.DeepSeek.ClientHandler Sending HTTP request POST https://api.deepseek.com/chat/completions
[14:50:11 INF] System.Net.Http.HttpClient.DeepSeek.ClientHandler Received HTTP response headers after 317.0114ms - 200
[14:50:11 INF] System.Net.Http.HttpClient.DeepSeek.LogicalHandler End processing HTTP request after 317.4129ms - 200
[14:50:11 INF] System.Net.Http.HttpClient.DeepSeek.LogicalHandler Start processing HTTP request POST https://api.deepseek.com/chat/completions
[14:50:11 INF] System.Net.Http.HttpClient.DeepSeek.ClientHandler Sending HTTP request POST https://api.deepseek.com/chat/completions
[14:50:11 INF] System.Net.Http.HttpClient.DeepSeek.LogicalHandler Start processing HTTP request POST https://api.deepseek.com/chat/completions
[14:50:11 INF] System.Net.Http.HttpClient.DeepSeek.ClientHandler Sending HTTP request POST https://api.deepseek.com/chat/completions
[14:50:11 INF] System.Net.Http.HttpClient.DeepSeek.LogicalHandler Start processing HTTP request POST https://api.deepseek.com/chat/completions
[14:50:11 INF] System.Net.Http.HttpClient.DeepSeek.ClientHandler Sending HTTP request POST https://api.deepseek.com/chat/completions
[14:50:11 INF] System.Net.Http.HttpClient.DeepSeek.LogicalHandler Start processing HTTP request POST https://api.deepseek.com/chat/completions
[14:50:11 INF] System.Net.Http.HttpClient.DeepSeek.ClientHandler Sending HTTP request POST https://api.deepseek.com/chat/completions
[14:50:11 INF] System.Net.Http.HttpClient.DeepSeek.ClientHandler Received HTTP response headers after 285.5053ms - 200
[14:50:11 INF] System.Net.Http.HttpClient.DeepSeek.LogicalHandler End processing HTTP request after 286.7387ms - 200
[14:50:11 INF] System.Net.Http.HttpClient.DeepSeek.LogicalHandler Start processing HTTP request POST https://api.deepseek.com/chat/completions
[14:50:11 INF] System.Net.Http.HttpClient.DeepSeek.ClientHandler Sending HTTP request POST https://api.deepseek.com/chat/completions
[14:50:11 INF] System.Net.Http.HttpClient.DeepSeek.LogicalHandler Start processing HTTP request POST https://api.deepseek.com/chat/completions
[14:50:11 INF] System.Net.Http.HttpClient.DeepSeek.ClientHandler Sending HTTP request POST https://api.deepseek.com/chat/completions
[14:50:11 INF] System.Net.Http.HttpClient.DeepSeek.LogicalHandler Start processing HTTP request POST https://api.deepseek.com/chat/completions
[14:50:11 INF] System.Net.Http.HttpClient.DeepSeek.ClientHandler Sending HTTP request POST https://api.deepseek.com/chat/completions
[14:50:11 INF] System.Net.Http.HttpClient.DeepSeek.LogicalHandler Start processing HTTP request POST https://api.deepseek.com/chat/completions
[14:50:11 INF] System.Net.Http.HttpClient.DeepSeek.ClientHandler Sending HTTP request POST https://api.deepseek.com/chat/completions
[14:50:11 INF] System.Net.Http.HttpClient.DeepSeek.ClientHandler Received HTTP response headers after 276.8286ms - 200
[14:50:11 INF] System.Net.Http.HttpClient.DeepSeek.LogicalHandler End processing HTTP request after 277.5067ms - 200
[14:50:11 INF] System.Net.Http.HttpClient.DeepSeek.ClientHandler Received HTTP response headers after 297.9024ms - 200
[14:50:11 INF] System.Net.Http.HttpClient.DeepSeek.LogicalHandler End processing HTTP request after 298.4179ms - 200
[14:50:11 INF] System.Net.Http.HttpClient.DeepSeek.ClientHandler Received HTTP response headers after 283.3907ms - 200
[14:50:11 INF] System.Net.Http.HttpClient.DeepSeek.LogicalHandler Start processing HTTP request POST https://api.deepseek.com/chat/completions
[14:50:11 INF] System.Net.Http.HttpClient.DeepSeek.ClientHandler Sending HTTP request POST https://api.deepseek.com/chat/completions
[14:50:11 INF] System.Net.Http.HttpClient.DeepSeek.LogicalHandler End processing HTTP request after 283.8874ms - 200
[14:50:11 INF] System.Net.Http.HttpClient.DeepSeek.ClientHandler Received HTTP response headers after 298.6324ms - 200
[14:50:11 INF] System.Net.Http.HttpClient.DeepSeek.LogicalHandler End processing HTTP request after 299.2742ms - 200
[14:50:11 INF] System.Net.Http.HttpClient.DeepSeek.ClientHandler Received HTTP response headers after 283.0615ms - 200
[14:50:11 INF] System.Net.Http.HttpClient.DeepSeek.LogicalHandler End processing HTTP request after 283.7922ms - 200
[14:50:11 INF] System.Net.Http.HttpClient.DeepSeek.LogicalHandler Start processing HTTP request POST https://api.deepseek.com/chat/completions
[14:50:11 INF] System.Net.Http.HttpClient.DeepSeek.ClientHandler Sending HTTP request POST https://api.deepseek.com/chat/completions
[14:50:11 INF] System.Net.Http.HttpClient.DeepSeek.ClientHandler Received HTTP response headers after 293.9515ms - 200
[14:50:11 INF] System.Net.Http.HttpClient.DeepSeek.LogicalHandler End processing HTTP request after 294.432ms - 200
[14:50:11 INF] System.Net.Http.HttpClient.DeepSeek.LogicalHandler Start processing HTTP request POST https://api.deepseek.com/chat/completions
[14:50:11 INF] System.Net.Http.HttpClient.DeepSeek.ClientHandler Sending HTTP request POST https://api.deepseek.com/chat/completions
[14:50:11 INF] System.Net.Http.HttpClient.DeepSeek.LogicalHandler Start processing HTTP request POST https://api.deepseek.com/chat/completions
[14:50:11 INF] System.Net.Http.HttpClient.DeepSeek.ClientHandler Sending HTTP request POST https://api.deepseek.com/chat/completions
[14:50:11 INF] System.Net.Http.HttpClient.DeepSeek.ClientHandler Received HTTP response headers after 286.033ms - 200
[14:50:11 INF] System.Net.Http.HttpClient.DeepSeek.LogicalHandler End processing HTTP request after 286.4661ms - 200
[14:50:11 INF] System.Net.Http.HttpClient.DeepSeek.ClientHandler Received HTTP response headers after 279.5896ms - 200
[14:50:11 INF] System.Net.Http.HttpClient.DeepSeek.LogicalHandler End processing HTTP request after 280.1969ms - 200
[14:50:11 INF] System.Net.Http.HttpClient.DeepSeek.ClientHandler Received HTTP response headers after 278.9314ms - 200
[14:50:11 INF] System.Net.Http.HttpClient.DeepSeek.LogicalHandler End processing HTTP request after 279.3212ms - 200
[14:50:11 INF] System.Net.Http.HttpClient.DeepSeek.ClientHandler Received HTTP response headers after 279.5001ms - 200
[14:50:11 INF] System.Net.Http.HttpClient.DeepSeek.LogicalHandler End processing HTTP request after 279.8282ms - 200
[14:50:11 INF] System.Net.Http.HttpClient.DeepSeek.LogicalHandler Start processing HTTP request POST https://api.deepseek.com/chat/completions
[14:50:11 INF] System.Net.Http.HttpClient.DeepSeek.ClientHandler Sending HTTP request POST https://api.deepseek.com/chat/completions
[14:50:11 INF] System.Net.Http.HttpClient.DeepSeek.LogicalHandler Start processing HTTP request POST https://api.deepseek.com/chat/completions
[14:50:11 INF] System.Net.Http.HttpClient.DeepSeek.ClientHandler Sending HTTP request POST https://api.deepseek.com/chat/completions
[14:50:11 INF] System.Net.Http.HttpClient.DeepSeek.LogicalHandler Start processing HTTP request POST https://api.deepseek.com/chat/completions
[14:50:11 INF] System.Net.Http.HttpClient.DeepSeek.ClientHandler Sending HTTP request POST https://api.deepseek.com/chat/completions
[14:50:11 INF] System.Net.Http.HttpClient.DeepSeek.ClientHandler Received HTTP response headers after 295.8373ms - 200
[14:50:11 INF] System.Net.Http.HttpClient.DeepSeek.LogicalHandler End processing HTTP request after 297.3745ms - 200
[14:50:11 INF] System.Net.Http.HttpClient.DeepSeek.LogicalHandler Start processing HTTP request POST https://api.deepseek.com/chat/completions
[14:50:11 INF] System.Net.Http.HttpClient.DeepSeek.ClientHandler Sending HTTP request POST https://api.deepseek.com/chat/completions
[14:50:11 INF] System.Net.Http.HttpClient.DeepSeek.LogicalHandler Start processing HTTP request POST https://api.deepseek.com/chat/completions
[14:50:11 INF] System.Net.Http.HttpClient.DeepSeek.ClientHandler Sending HTTP request POST https://api.deepseek.com/chat/completions
[14:50:11 INF] System.Net.Http.HttpClient.DeepSeek.LogicalHandler Start processing HTTP request POST https://api.deepseek.com/chat/completions
[14:50:11 INF] System.Net.Http.HttpClient.DeepSeek.ClientHandler Sending HTTP request POST https://api.deepseek.com/chat/completions
[14:50:11 INF] System.Net.Http.HttpClient.DeepSeek.ClientHandler Received HTTP response headers after 284.047ms - 200
[14:50:11 INF] System.Net.Http.HttpClient.DeepSeek.LogicalHandler End processing HTTP request after 284.4992ms - 200
[14:50:11 INF] System.Net.Http.HttpClient.DeepSeek.ClientHandler Received HTTP response headers after 294.2314ms - 200
[14:50:11 INF] System.Net.Http.HttpClient.DeepSeek.LogicalHandler End processing HTTP request after 294.6557ms - 200
[14:50:11 INF] System.Net.Http.HttpClient.DeepSeek.LogicalHandler Start processing HTTP request POST https://api.deepseek.com/chat/completions
[14:50:11 INF] System.Net.Http.HttpClient.DeepSeek.ClientHandler Sending HTTP request POST https://api.deepseek.com/chat/completions
[14:50:11 INF] System.Net.Http.HttpClient.DeepSeek.LogicalHandler Start processing HTTP request POST https://api.deepseek.com/chat/completions
[14:50:11 INF] System.Net.Http.HttpClient.DeepSeek.ClientHandler Sending HTTP request POST https://api.deepseek.com/chat/completions
[14:50:11 INF] System.Net.Http.HttpClient.DeepSeek.ClientHandler Received HTTP response headers after 303.1324ms - 200
[14:50:11 INF] System.Net.Http.HttpClient.DeepSeek.LogicalHandler End processing HTTP request after 303.4667ms - 200
[14:50:11 INF] System.Net.Http.HttpClient.DeepSeek.ClientHandler Received HTTP response headers after 283.9098ms - 200
[14:50:11 INF] System.Net.Http.HttpClient.DeepSeek.LogicalHandler End processing HTTP request after 284.1069ms - 200
[14:50:11 INF] System.Net.Http.HttpClient.DeepSeek.LogicalHandler Start processing HTTP request POST https://api.deepseek.com/chat/completions
[14:50:11 INF] System.Net.Http.HttpClient.DeepSeek.ClientHandler Sending HTTP request POST https://api.deepseek.com/chat/completions
[14:50:11 INF] System.Net.Http.HttpClient.DeepSeek.ClientHandler Received HTTP response headers after 278.7857ms - 200
[14:50:11 INF] System.Net.Http.HttpClient.DeepSeek.LogicalHandler End processing HTTP request after 279.1445ms - 200
[14:50:11 INF] System.Net.Http.HttpClient.DeepSeek.ClientHandler Received HTTP response headers after 277.372ms - 200
[14:50:11 INF] System.Net.Http.HttpClient.DeepSeek.LogicalHandler End processing HTTP request after 277.6843ms - 200
[14:50:12 INF] System.Net.Http.HttpClient.DeepSeek.LogicalHandler Start processing HTTP request POST https://api.deepseek.com/chat/completions
[14:50:12 INF] System.Net.Http.HttpClient.DeepSeek.ClientHandler Sending HTTP request POST https://api.deepseek.com/chat/completions
[14:50:12 INF] System.Net.Http.HttpClient.DeepSeek.LogicalHandler Start processing HTTP request POST https://api.deepseek.com/chat/completions
[14:50:12 INF] System.Net.Http.HttpClient.DeepSeek.ClientHandler Sending HTTP request POST https://api.deepseek.com/chat/completions
[14:50:12 INF] System.Net.Http.HttpClient.DeepSeek.LogicalHandler Start processing HTTP request POST https://api.deepseek.com/chat/completions
[14:50:12 INF] System.Net.Http.HttpClient.DeepSeek.ClientHandler Sending HTTP request POST https://api.deepseek.com/chat/completions
[14:50:12 INF] System.Net.Http.HttpClient.DeepSeek.LogicalHandler Start processing HTTP request POST https://api.deepseek.com/chat/completions
[14:50:12 INF] System.Net.Http.HttpClient.DeepSeek.ClientHandler Sending HTTP request POST https://api.deepseek.com/chat/completions
[14:50:12 INF] System.Net.Http.HttpClient.DeepSeek.LogicalHandler Start processing HTTP request POST https://api.deepseek.com/chat/completions
[14:50:12 INF] System.Net.Http.HttpClient.DeepSeek.ClientHandler Sending HTTP request POST https://api.deepseek.com/chat/completions
[14:50:12 INF] System.Net.Http.HttpClient.DeepSeek.ClientHandler Received HTTP response headers after 281.134ms - 200
[14:50:12 INF] System.Net.Http.HttpClient.DeepSeek.LogicalHandler End processing HTTP request after 281.4088ms - 200
[14:50:12 INF] System.Net.Http.HttpClient.DeepSeek.LogicalHandler Start processing HTTP request POST https://api.deepseek.com/chat/completions
[14:50:12 INF] System.Net.Http.HttpClient.DeepSeek.ClientHandler Sending HTTP request POST https://api.deepseek.com/chat/completions
[14:50:12 INF] System.Net.Http.HttpClient.DeepSeek.ClientHandler Received HTTP response headers after 298.8787ms - 200
[14:50:12 INF] System.Net.Http.HttpClient.DeepSeek.LogicalHandler End processing HTTP request after 299.1246ms - 200
[14:50:12 INF] System.Net.Http.HttpClient.DeepSeek.ClientHandler Received HTTP response headers after 295.8632ms - 200
[14:50:12 INF] System.Net.Http.HttpClient.DeepSeek.LogicalHandler End processing HTTP request after 296.2701ms - 200
[14:50:12 INF] System.Net.Http.HttpClient.DeepSeek.LogicalHandler Start processing HTTP request POST https://api.deepseek.com/chat/completions
[14:50:12 INF] System.Net.Http.HttpClient.DeepSeek.ClientHandler Sending HTTP request POST https://api.deepseek.com/chat/completions
[14:50:12 INF] System.Net.Http.HttpClient.DeepSeek.ClientHandler Received HTTP response headers after 288.905ms - 200
[14:50:12 INF] System.Net.Http.HttpClient.DeepSeek.LogicalHandler End processing HTTP request after 289.335ms - 200
[14:50:12 INF] System.Net.Http.HttpClient.DeepSeek.ClientHandler Received HTTP response headers after 379.2955ms - 200
[14:50:12 INF] System.Net.Http.HttpClient.DeepSeek.LogicalHandler End processing HTTP request after 379.503ms - 200
[14:50:12 INF] System.Net.Http.HttpClient.DeepSeek.ClientHandler Received HTTP response headers after 270.418ms - 200
[14:50:12 INF] System.Net.Http.HttpClient.DeepSeek.LogicalHandler End processing HTTP request after 270.901ms - 200
[14:50:12 INF] System.Net.Http.HttpClient.DeepSeek.LogicalHandler Start processing HTTP request POST https://api.deepseek.com/chat/completions
[14:50:12 INF] System.Net.Http.HttpClient.DeepSeek.ClientHandler Sending HTTP request POST https://api.deepseek.com/chat/completions
[14:50:12 INF] System.Net.Http.HttpClient.DeepSeek.ClientHandler Received HTTP response headers after 278.2825ms - 200
[14:50:12 INF] System.Net.Http.HttpClient.DeepSeek.LogicalHandler End processing HTTP request after 278.7244ms - 200
[14:50:12 INF] System.Net.Http.HttpClient.DeepSeek.LogicalHandler Start processing HTTP request POST https://api.deepseek.com/chat/completions
[14:50:12 INF] System.Net.Http.HttpClient.DeepSeek.ClientHandler Sending HTTP request POST https://api.deepseek.com/chat/completions
[14:50:12 INF] System.Net.Http.HttpClient.DeepSeek.ClientHandler Received HTTP response headers after 278.3948ms - 200
[14:50:12 INF] System.Net.Http.HttpClient.DeepSeek.LogicalHandler End processing HTTP request after 278.6576ms - 200
[14:50:12 INF] System.Net.Http.HttpClient.DeepSeek.ClientHandler Received HTTP response headers after 274.4758ms - 200
[14:50:12 INF] System.Net.Http.HttpClient.DeepSeek.LogicalHandler End processing HTTP request after 274.813ms - 200
[14:50:12 INF] System.Net.Http.HttpClient.DeepSeek.ClientHandler Received HTTP response headers after 303.6584ms - 200
[14:50:12 INF] System.Net.Http.HttpClient.DeepSeek.LogicalHandler End processing HTTP request after 303.8954ms - 200
[14:50:12 INF] System.Net.Http.HttpClient.DeepSeek.ClientHandler Received HTTP response headers after 292.3962ms - 200
[14:50:12 INF] System.Net.Http.HttpClient.DeepSeek.LogicalHandler End processing HTTP request after 293.0485ms - 200
[14:50:12 INF] System.Net.Http.HttpClient.DeepSeek.ClientHandler Received HTTP response headers after 310.217ms - 200
[14:50:12 INF] System.Net.Http.HttpClient.DeepSeek.LogicalHandler End processing HTTP request after 310.9369ms - 200
[14:50:12 INF] System.Net.Http.HttpClient.DeepSeek.LogicalHandler Start processing HTTP request POST https://api.deepseek.com/chat/completions
[14:50:12 INF] System.Net.Http.HttpClient.DeepSeek.ClientHandler Sending HTTP request POST https://api.deepseek.com/chat/completions
[14:50:12 INF] System.Net.Http.HttpClient.DeepSeek.LogicalHandler Start processing HTTP request POST https://api.deepseek.com/chat/completions
[14:50:12 INF] System.Net.Http.HttpClient.DeepSeek.ClientHandler Sending HTTP request POST https://api.deepseek.com/chat/completions
[14:50:12 INF] System.Net.Http.HttpClient.DeepSeek.LogicalHandler Start processing HTTP request POST https://api.deepseek.com/chat/completions
[14:50:12 INF] System.Net.Http.HttpClient.DeepSeek.ClientHandler Sending HTTP request POST https://api.deepseek.com/chat/completions
[14:50:12 INF] System.Net.Http.HttpClient.DeepSeek.ClientHandler Received HTTP response headers after 308.7392ms - 200
[14:50:12 INF] System.Net.Http.HttpClient.DeepSeek.LogicalHandler End processing HTTP request after 309.2921ms - 200
[14:50:12 INF] System.Net.Http.HttpClient.DeepSeek.LogicalHandler Start processing HTTP request POST https://api.deepseek.com/chat/completions
[14:50:12 INF] System.Net.Http.HttpClient.DeepSeek.ClientHandler Sending HTTP request POST https://api.deepseek.com/chat/completions
[14:50:12 INF] System.Net.Http.HttpClient.DeepSeek.ClientHandler Received HTTP response headers after 309.5047ms - 200
[14:50:12 INF] System.Net.Http.HttpClient.DeepSeek.LogicalHandler End processing HTTP request after 309.9079ms - 200
[14:50:12 INF] System.Net.Http.HttpClient.DeepSeek.ClientHandler Received HTTP response headers after 384.0433ms - 200
[14:50:12 INF] System.Net.Http.HttpClient.DeepSeek.LogicalHandler End processing HTTP request after 384.4273ms - 200
[14:50:12 INF] System.Net.Http.HttpClient.DeepSeek.LogicalHandler Start processing HTTP request POST https://api.deepseek.com/chat/completions
[14:50:12 INF] System.Net.Http.HttpClient.DeepSeek.ClientHandler Sending HTTP request POST https://api.deepseek.com/chat/completions
[14:50:12 INF] System.Net.Http.HttpClient.DeepSeek.ClientHandler Received HTTP response headers after 287.0622ms - 200
[14:50:12 INF] System.Net.Http.HttpClient.DeepSeek.LogicalHandler End processing HTTP request after 287.4379ms - 200
[14:50:12 INF] System.Net.Http.HttpClient.DeepSeek.ClientHandler Received HTTP response headers after 280.4246ms - 200
[14:50:12 INF] System.Net.Http.HttpClient.DeepSeek.LogicalHandler End processing HTTP request after 280.999ms - 200
[14:50:12 INF] System.Net.Http.HttpClient.DeepSeek.ClientHandler Received HTTP response headers after 287.6874ms - 200
[14:50:12 INF] System.Net.Http.HttpClient.DeepSeek.LogicalHandler End processing HTTP request after 288.282ms - 200
[14:50:12 INF] System.Net.Http.HttpClient.DeepSeek.LogicalHandler Start processing HTTP request POST https://api.deepseek.com/chat/completions
[14:50:12 INF] System.Net.Http.HttpClient.DeepSeek.ClientHandler Sending HTTP request POST https://api.deepseek.com/chat/completions
[14:50:12 INF] System.Net.Http.HttpClient.DeepSeek.ClientHandler Received HTTP response headers after 285.9511ms - 200
[14:50:12 INF] System.Net.Http.HttpClient.DeepSeek.LogicalHandler End processing HTTP request after 286.2929ms - 200
[14:50:12 INF] System.Net.Http.HttpClient.DeepSeek.LogicalHandler Start processing HTTP request POST https://api.deepseek.com/chat/completions
[14:50:12 INF] System.Net.Http.HttpClient.DeepSeek.ClientHandler Sending HTTP request POST https://api.deepseek.com/chat/completions
[14:50:12 INF] System.Net.Http.HttpClient.DeepSeek.LogicalHandler Start processing HTTP request POST https://api.deepseek.com/chat/completions
[14:50:12 INF] System.Net.Http.HttpClient.DeepSeek.ClientHandler Sending HTTP request POST https://api.deepseek.com/chat/completions
[14:50:12 INF] System.Net.Http.HttpClient.DeepSeek.ClientHandler Received HTTP response headers after 300.0554ms - 200
[14:50:12 INF] System.Net.Http.HttpClient.DeepSeek.LogicalHandler End processing HTTP request after 300.6492ms - 200
[14:50:12 INF] System.Net.Http.HttpClient.DeepSeek.LogicalHandler Start processing HTTP request POST https://api.deepseek.com/chat/completions
[14:50:12 INF] System.Net.Http.HttpClient.DeepSeek.ClientHandler Sending HTTP request POST https://api.deepseek.com/chat/completions
[14:50:13 INF] System.Net.Http.HttpClient.DeepSeek.LogicalHandler Start processing HTTP request POST https://api.deepseek.com/chat/completions
[14:50:13 INF] System.Net.Http.HttpClient.DeepSeek.ClientHandler Sending HTTP request POST https://api.deepseek.com/chat/completions
[14:50:13 INF] System.Net.Http.HttpClient.DeepSeek.LogicalHandler Start processing HTTP request POST https://api.deepseek.com/chat/completions
[14:50:13 INF] System.Net.Http.HttpClient.DeepSeek.ClientHandler Sending HTTP request POST https://api.deepseek.com/chat/completions
[14:50:13 INF] System.Net.Http.HttpClient.DeepSeek.LogicalHandler Start processing HTTP request POST https://api.deepseek.com/chat/completions
[14:50:13 INF] System.Net.Http.HttpClient.DeepSeek.ClientHandler Sending HTTP request POST https://api.deepseek.com/chat/completions
[14:50:13 INF] System.Net.Http.HttpClient.DeepSeek.ClientHandler Received HTTP response headers after 302.312ms - 200
[14:50:13 INF] System.Net.Http.HttpClient.DeepSeek.LogicalHandler End processing HTTP request after 303.1286ms - 200
[14:50:13 INF] System.Net.Http.HttpClient.DeepSeek.ClientHandler Received HTTP response headers after 287.6712ms - 200
[14:50:13 INF] System.Net.Http.HttpClient.DeepSeek.LogicalHandler End processing HTTP request after 287.9907ms - 200
[14:50:13 INF] System.Net.Http.HttpClient.DeepSeek.LogicalHandler Start processing HTTP request POST https://api.deepseek.com/chat/completions
[14:50:13 INF] System.Net.Http.HttpClient.DeepSeek.ClientHandler Sending HTTP request POST https://api.deepseek.com/chat/completions
[14:50:13 INF] System.Net.Http.HttpClient.DeepSeek.ClientHandler Received HTTP response headers after 278.1334ms - 200
[14:50:13 INF] System.Net.Http.HttpClient.DeepSeek.LogicalHandler End processing HTTP request after 278.3912ms - 200
[14:50:13 INF] System.Net.Http.HttpClient.DeepSeek.ClientHandler Received HTTP response headers after 284.1552ms - 200
[14:50:13 INF] System.Net.Http.HttpClient.DeepSeek.LogicalHandler End processing HTTP request after 284.6211ms - 200
[14:50:13 INF] System.Net.Http.HttpClient.DeepSeek.LogicalHandler Start processing HTTP request POST https://api.deepseek.com/chat/completions
[14:50:13 INF] System.Net.Http.HttpClient.DeepSeek.ClientHandler Sending HTTP request POST https://api.deepseek.com/chat/completions
[14:50:13 INF] System.Net.Http.HttpClient.DeepSeek.LogicalHandler Start processing HTTP request POST https://api.deepseek.com/chat/completions
[14:50:13 INF] System.Net.Http.HttpClient.DeepSeek.ClientHandler Sending HTTP request POST https://api.deepseek.com/chat/completions
[14:50:13 INF] System.Net.Http.HttpClient.DeepSeek.LogicalHandler Start processing HTTP request POST https://api.deepseek.com/chat/completions
[14:50:13 INF] System.Net.Http.HttpClient.DeepSeek.ClientHandler Sending HTTP request POST https://api.deepseek.com/chat/completions
[14:50:13 INF] System.Net.Http.HttpClient.DeepSeek.LogicalHandler Start processing HTTP request POST https://api.deepseek.com/chat/completions
[14:50:13 INF] System.Net.Http.HttpClient.DeepSeek.ClientHandler Sending HTTP request POST https://api.deepseek.com/chat/completions
[14:50:13 INF] System.Net.Http.HttpClient.DeepSeek.ClientHandler Received HTTP response headers after 300.1918ms - 200
[14:50:13 INF] System.Net.Http.HttpClient.DeepSeek.LogicalHandler End processing HTTP request after 300.6592ms - 200
[14:50:13 INF] System.Net.Http.HttpClient.DeepSeek.LogicalHandler Start processing HTTP request POST https://api.deepseek.com/chat/completions
[14:50:13 INF] System.Net.Http.HttpClient.DeepSeek.ClientHandler Sending HTTP request POST https://api.deepseek.com/chat/completions
[14:50:13 INF] System.Net.Http.HttpClient.DeepSeek.ClientHandler Received HTTP response headers after 310.535ms - 200
[14:50:13 INF] System.Net.Http.HttpClient.DeepSeek.LogicalHandler Start processing HTTP request POST https://api.deepseek.com/chat/completions
[14:50:13 INF] System.Net.Http.HttpClient.DeepSeek.LogicalHandler End processing HTTP request after 313.2614ms - 200
[14:50:13 INF] System.Net.Http.HttpClient.DeepSeek.ClientHandler Sending HTTP request POST https://api.deepseek.com/chat/completions
[14:50:13 INF] System.Net.Http.HttpClient.DeepSeek.LogicalHandler Start processing HTTP request POST https://api.deepseek.com/chat/completions
[14:50:13 INF] System.Net.Http.HttpClient.DeepSeek.ClientHandler Sending HTTP request POST https://api.deepseek.com/chat/completions
[14:50:13 INF] System.Net.Http.HttpClient.DeepSeek.ClientHandler Received HTTP response headers after 281.0982ms - 200
[14:50:13 INF] System.Net.Http.HttpClient.DeepSeek.LogicalHandler End processing HTTP request after 281.4962ms - 200
[14:50:13 INF] System.Net.Http.HttpClient.DeepSeek.LogicalHandler Start processing HTTP request POST https://api.deepseek.com/chat/completions
[14:50:13 INF] System.Net.Http.HttpClient.DeepSeek.ClientHandler Sending HTTP request POST https://api.deepseek.com/chat/completions
[14:50:13 INF] System.Net.Http.HttpClient.DeepSeek.LogicalHandler Start processing HTTP request POST https://api.deepseek.com/chat/completions
[14:50:13 INF] System.Net.Http.HttpClient.DeepSeek.ClientHandler Sending HTTP request POST https://api.deepseek.com/chat/completions
[14:50:13 INF] System.Net.Http.HttpClient.DeepSeek.LogicalHandler Start processing HTTP request POST https://api.deepseek.com/chat/completions
[14:50:13 INF] System.Net.Http.HttpClient.DeepSeek.ClientHandler Sending HTTP request POST https://api.deepseek.com/chat/completions
[14:50:13 INF] System.Net.Http.HttpClient.DeepSeek.ClientHandler Received HTTP response headers after 290.3722ms - 200
[14:50:13 INF] System.Net.Http.HttpClient.DeepSeek.LogicalHandler End processing HTTP request after 290.8243ms - 200
[14:50:13 INF] System.Net.Http.HttpClient.DeepSeek.ClientHandler Received HTTP response headers after 284.227ms - 200
[14:50:13 INF] System.Net.Http.HttpClient.DeepSeek.LogicalHandler End processing HTTP request after 284.8525ms - 200
[14:50:13 INF] System.Net.Http.HttpClient.DeepSeek.LogicalHandler Start processing HTTP request POST https://api.deepseek.com/chat/completions
[14:50:13 INF] System.Net.Http.HttpClient.DeepSeek.ClientHandler Sending HTTP request POST https://api.deepseek.com/chat/completions
[14:50:13 INF] System.Net.Http.HttpClient.DeepSeek.ClientHandler Received HTTP response headers after 281.2115ms - 200
[14:50:13 INF] System.Net.Http.HttpClient.DeepSeek.LogicalHandler End processing HTTP request after 281.8958ms - 200
[14:50:13 INF] System.Net.Http.HttpClient.DeepSeek.LogicalHandler Start processing HTTP request POST https://api.deepseek.com/chat/completions
[14:50:13 INF] System.Net.Http.HttpClient.DeepSeek.ClientHandler Sending HTTP request POST https://api.deepseek.com/chat/completions
[14:50:13 INF] System.Net.Http.HttpClient.DeepSeek.ClientHandler Received HTTP response headers after 284.8755ms - 200
[14:50:13 INF] System.Net.Http.HttpClient.DeepSeek.LogicalHandler End processing HTTP request after 285.5448ms - 200
[14:50:13 INF] System.Net.Http.HttpClient.DeepSeek.ClientHandler Received HTTP response headers after 314.1005ms - 200
[14:50:13 INF] System.Net.Http.HttpClient.DeepSeek.LogicalHandler End processing HTTP request after 314.611ms - 200
[14:50:13 INF] System.Net.Http.HttpClient.DeepSeek.ClientHandler Received HTTP response headers after 289.5071ms - 200
[14:50:13 INF] System.Net.Http.HttpClient.DeepSeek.LogicalHandler End processing HTTP request after 290.3892ms - 200
[14:50:13 INF] System.Net.Http.HttpClient.DeepSeek.ClientHandler Received HTTP response headers after 286.7813ms - 200
[14:50:13 INF] System.Net.Http.HttpClient.DeepSeek.LogicalHandler End processing HTTP request after 289.6527ms - 200
[14:50:13 INF] System.Net.Http.HttpClient.DeepSeek.ClientHandler Received HTTP response headers after 313.3698ms - 200
[14:50:13 INF] System.Net.Http.HttpClient.DeepSeek.LogicalHandler End processing HTTP request after 314.0959ms - 200
[14:50:13 INF] System.Net.Http.HttpClient.DeepSeek.ClientHandler Received HTTP response headers after 303.9786ms - 200
[14:50:13 INF] System.Net.Http.HttpClient.DeepSeek.LogicalHandler Start processing HTTP request POST https://api.deepseek.com/chat/completions
[14:50:13 INF] System.Net.Http.HttpClient.DeepSeek.LogicalHandler End processing HTTP request after 304.9315ms - 200
[14:50:13 INF] System.Net.Http.HttpClient.DeepSeek.ClientHandler Sending HTTP request POST https://api.deepseek.com/chat/completions
[14:50:13 INF] System.Net.Http.HttpClient.DeepSeek.ClientHandler Received HTTP response headers after 296.9817ms - 200
[14:50:13 INF] System.Net.Http.HttpClient.DeepSeek.LogicalHandler End processing HTTP request after 297.3763ms - 200
[14:50:13 INF] System.Net.Http.HttpClient.DeepSeek.ClientHandler Received HTTP response headers after 313.4566ms - 200
[14:50:13 INF] System.Net.Http.HttpClient.DeepSeek.LogicalHandler End processing HTTP request after 313.8647ms - 200
[14:50:13 INF] System.Net.Http.HttpClient.DeepSeek.LogicalHandler Start processing HTTP request POST https://api.deepseek.com/chat/completions
[14:50:13 INF] System.Net.Http.HttpClient.DeepSeek.ClientHandler Sending HTTP request POST https://api.deepseek.com/chat/completions
[14:50:13 INF] System.Net.Http.HttpClient.DeepSeek.ClientHandler Received HTTP response headers after 285.9054ms - 200
[14:50:13 INF] System.Net.Http.HttpClient.DeepSeek.LogicalHandler End processing HTTP request after 286.4239ms - 200
[14:50:13 INF] System.Net.Http.HttpClient.DeepSeek.LogicalHandler Start processing HTTP request POST https://api.deepseek.com/chat/completions
[14:50:13 INF] System.Net.Http.HttpClient.DeepSeek.ClientHandler Sending HTTP request POST https://api.deepseek.com/chat/completions
[14:50:13 INF] System.Net.Http.HttpClient.DeepSeek.LogicalHandler Start processing HTTP request POST https://api.deepseek.com/chat/completions
[14:50:13 INF] System.Net.Http.HttpClient.DeepSeek.ClientHandler Sending HTTP request POST https://api.deepseek.com/chat/completions
[14:50:13 INF] System.Net.Http.HttpClient.DeepSeek.ClientHandler Received HTTP response headers after 299.822ms - 200
[14:50:13 INF] System.Net.Http.HttpClient.DeepSeek.LogicalHandler End processing HTTP request after 300.454ms - 200
[14:50:13 INF] System.Net.Http.HttpClient.DeepSeek.LogicalHandler Start processing HTTP request POST https://api.deepseek.com/chat/completions
[14:50:13 INF] System.Net.Http.HttpClient.DeepSeek.ClientHandler Sending HTTP request POST https://api.deepseek.com/chat/completions
[14:50:14 INF] System.Net.Http.HttpClient.DeepSeek.LogicalHandler Start processing HTTP request POST https://api.deepseek.com/chat/completions
[14:50:14 INF] System.Net.Http.HttpClient.DeepSeek.ClientHandler Sending HTTP request POST https://api.deepseek.com/chat/completions
[14:50:14 INF] System.Net.Http.HttpClient.DeepSeek.ClientHandler Received HTTP response headers after 286.8766ms - 200
[14:50:14 INF] System.Net.Http.HttpClient.DeepSeek.LogicalHandler End processing HTTP request after 287.2141ms - 200
[14:50:14 INF] System.Net.Http.HttpClient.DeepSeek.LogicalHandler Start processing HTTP request POST https://api.deepseek.com/chat/completions
[14:50:14 INF] System.Net.Http.HttpClient.DeepSeek.ClientHandler Sending HTTP request POST https://api.deepseek.com/chat/completions
[14:50:14 INF] System.Net.Http.HttpClient.DeepSeek.ClientHandler Received HTTP response headers after 297.1892ms - 200
[14:50:14 INF] System.Net.Http.HttpClient.DeepSeek.LogicalHandler End processing HTTP request after 297.5782ms - 200
[14:50:14 INF] System.Net.Http.HttpClient.DeepSeek.LogicalHandler Start processing HTTP request POST https://api.deepseek.com/chat/completions
[14:50:14 INF] System.Net.Http.HttpClient.DeepSeek.ClientHandler Sending HTTP request POST https://api.deepseek.com/chat/completions
[14:50:14 INF] System.Net.Http.HttpClient.DeepSeek.ClientHandler Received HTTP response headers after 286.5753ms - 200
[14:50:14 INF] System.Net.Http.HttpClient.DeepSeek.LogicalHandler End processing HTTP request after 286.8874ms - 200
[14:50:14 INF] System.Net.Http.HttpClient.DeepSeek.LogicalHandler Start processing HTTP request POST https://api.deepseek.com/chat/completions
[14:50:14 INF] System.Net.Http.HttpClient.DeepSeek.ClientHandler Received HTTP response headers after 287.3657ms - 200
[14:50:14 INF] System.Net.Http.HttpClient.DeepSeek.LogicalHandler End processing HTTP request after 287.6347ms - 200
[14:50:14 INF] System.Net.Http.HttpClient.DeepSeek.ClientHandler Sending HTTP request POST https://api.deepseek.com/chat/completions
[14:50:14 INF] System.Net.Http.HttpClient.DeepSeek.ClientHandler Received HTTP response headers after 309.9325ms - 200
[14:50:14 INF] System.Net.Http.HttpClient.DeepSeek.LogicalHandler End processing HTTP request after 310.3658ms - 200
[14:50:14 INF] System.Net.Http.HttpClient.DeepSeek.LogicalHandler Start processing HTTP request POST https://api.deepseek.com/chat/completions
[14:50:14 INF] System.Net.Http.HttpClient.DeepSeek.ClientHandler Sending HTTP request POST https://api.deepseek.com/chat/completions
[14:50:14 INF] System.Net.Http.HttpClient.DeepSeek.ClientHandler Received HTTP response headers after 292.4762ms - 200
[14:50:14 INF] System.Net.Http.HttpClient.DeepSeek.LogicalHandler End processing HTTP request after 292.9855ms - 200
[14:50:14 INF] System.Net.Http.HttpClient.DeepSeek.LogicalHandler Start processing HTTP request POST https://api.deepseek.com/chat/completions
[14:50:14 INF] System.Net.Http.HttpClient.DeepSeek.ClientHandler Sending HTTP request POST https://api.deepseek.com/chat/completions
[14:50:14 INF] System.Net.Http.HttpClient.DeepSeek.ClientHandler Received HTTP response headers after 278.9744ms - 200
[14:50:14 INF] System.Net.Http.HttpClient.DeepSeek.LogicalHandler End processing HTTP request after 280.2193ms - 200
[14:50:14 INF] System.Net.Http.HttpClient.DeepSeek.ClientHandler Received HTTP response headers after 298.9256ms - 200
[14:50:14 INF] System.Net.Http.HttpClient.DeepSeek.ClientHandler Received HTTP response headers after 289.204ms - 200
[14:50:14 INF] System.Net.Http.HttpClient.DeepSeek.LogicalHandler End processing HTTP request after 299.4513ms - 200
[14:50:14 INF] System.Net.Http.HttpClient.DeepSeek.LogicalHandler End processing HTTP request after 289.9431ms - 200
[14:50:14 INF] System.Net.Http.HttpClient.DeepSeek.LogicalHandler Start processing HTTP request POST https://api.deepseek.com/chat/completions
[14:50:14 INF] System.Net.Http.HttpClient.DeepSeek.ClientHandler Sending HTTP request POST https://api.deepseek.com/chat/completions
[14:50:14 INF] System.Net.Http.HttpClient.DeepSeek.ClientHandler Received HTTP response headers after 282.021ms - 200
[14:50:14 INF] System.Net.Http.HttpClient.DeepSeek.LogicalHandler End processing HTTP request after 282.6439ms - 200
[14:50:14 INF] System.Net.Http.HttpClient.DeepSeek.ClientHandler Received HTTP response headers after 370.5587ms - 200
[14:50:14 INF] System.Net.Http.HttpClient.DeepSeek.LogicalHandler End processing HTTP request after 371.6146ms - 200
[14:50:14 INF] System.Net.Http.HttpClient.DeepSeek.LogicalHandler Start processing HTTP request POST https://api.deepseek.com/chat/completions
[14:50:14 INF] System.Net.Http.HttpClient.DeepSeek.ClientHandler Sending HTTP request POST https://api.deepseek.com/chat/completions
[14:50:14 INF] System.Net.Http.HttpClient.DeepSeek.LogicalHandler Start processing HTTP request POST https://api.deepseek.com/chat/completions
[14:50:14 INF] System.Net.Http.HttpClient.DeepSeek.ClientHandler Sending HTTP request POST https://api.deepseek.com/chat/completions
[14:50:14 INF] System.Net.Http.HttpClient.DeepSeek.ClientHandler Received HTTP response headers after 317.9034ms - 200
[14:50:14 INF] System.Net.Http.HttpClient.DeepSeek.LogicalHandler End processing HTTP request after 318.6373ms - 200
[14:50:15 INF] System.Net.Http.HttpClient.DeepSeek.LogicalHandler Start processing HTTP request POST https://api.deepseek.com/chat/completions
[14:50:15 INF] System.Net.Http.HttpClient.DeepSeek.ClientHandler Sending HTTP request POST https://api.deepseek.com/chat/completions
[14:50:15 INF] System.Net.Http.HttpClient.DeepSeek.LogicalHandler Start processing HTTP request POST https://api.deepseek.com/chat/completions
[14:50:15 INF] System.Net.Http.HttpClient.DeepSeek.ClientHandler Sending HTTP request POST https://api.deepseek.com/chat/completions
[14:50:15 INF] System.Net.Http.HttpClient.DeepSeek.LogicalHandler Start processing HTTP request POST https://api.deepseek.com/chat/completions
[14:50:15 INF] System.Net.Http.HttpClient.DeepSeek.ClientHandler Sending HTTP request POST https://api.deepseek.com/chat/completions
[14:50:15 INF] System.Net.Http.HttpClient.DeepSeek.ClientHandler Received HTTP response headers after 314.4802ms - 200
[14:50:15 INF] System.Net.Http.HttpClient.DeepSeek.LogicalHandler End processing HTTP request after 315.8739ms - 200
[14:50:15 INF] System.Net.Http.HttpClient.DeepSeek.LogicalHandler Start processing HTTP request POST https://api.deepseek.com/chat/completions
[14:50:15 INF] System.Net.Http.HttpClient.DeepSeek.ClientHandler Sending HTTP request POST https://api.deepseek.com/chat/completions
[14:50:15 INF] System.Net.Http.HttpClient.DeepSeek.ClientHandler Received HTTP response headers after 306.554ms - 200
[14:50:15 INF] System.Net.Http.HttpClient.DeepSeek.LogicalHandler End processing HTTP request after 307.0976ms - 200
[14:50:15 INF] System.Net.Http.HttpClient.DeepSeek.LogicalHandler Start processing HTTP request POST https://api.deepseek.com/chat/completions
[14:50:15 INF] System.Net.Http.HttpClient.DeepSeek.ClientHandler Sending HTTP request POST https://api.deepseek.com/chat/completions
[14:50:15 INF] System.Net.Http.HttpClient.DeepSeek.LogicalHandler Start processing HTTP request POST https://api.deepseek.com/chat/completions
[14:50:15 INF] System.Net.Http.HttpClient.DeepSeek.ClientHandler Sending HTTP request POST https://api.deepseek.com/chat/completions
[14:50:15 INF] System.Net.Http.HttpClient.DeepSeek.ClientHandler Received HTTP response headers after 298.4208ms - 200
[14:50:15 INF] System.Net.Http.HttpClient.DeepSeek.LogicalHandler End processing HTTP request after 298.8574ms - 200
[14:50:15 INF] System.Net.Http.HttpClient.DeepSeek.LogicalHandler Start processing HTTP request POST https://api.deepseek.com/chat/completions
[14:50:15 INF] System.Net.Http.HttpClient.DeepSeek.ClientHandler Sending HTTP request POST https://api.deepseek.com/chat/completions
[14:50:15 INF] System.Net.Http.HttpClient.DeepSeek.ClientHandler Received HTTP response headers after 283.1623ms - 200
[14:50:15 INF] System.Net.Http.HttpClient.DeepSeek.LogicalHandler End processing HTTP request after 283.7764ms - 200
[14:50:15 INF] System.Net.Http.HttpClient.DeepSeek.ClientHandler Received HTTP response headers after 306.8455ms - 200
[14:50:15 INF] System.Net.Http.HttpClient.DeepSeek.LogicalHandler End processing HTTP request after 307.4798ms - 200
[14:50:15 INF] System.Net.Http.HttpClient.DeepSeek.LogicalHandler Start processing HTTP request POST https://api.deepseek.com/chat/completions
[14:50:15 INF] System.Net.Http.HttpClient.DeepSeek.ClientHandler Sending HTTP request POST https://api.deepseek.com/chat/completions
[14:50:15 INF] System.Net.Http.HttpClient.DeepSeek.ClientHandler Received HTTP response headers after 288.4557ms - 200
[14:50:15 INF] System.Net.Http.HttpClient.DeepSeek.LogicalHandler End processing HTTP request after 288.9862ms - 200
[14:50:15 INF] System.Net.Http.HttpClient.DeepSeek.ClientHandler Received HTTP response headers after 295.001ms - 200
[14:50:15 INF] System.Net.Http.HttpClient.DeepSeek.LogicalHandler End processing HTTP request after 295.6168ms - 200
[14:50:15 INF] System.Net.Http.HttpClient.DeepSeek.ClientHandler Received HTTP response headers after 297.5295ms - 200
[14:50:15 INF] System.Net.Http.HttpClient.DeepSeek.LogicalHandler End processing HTTP request after 298.3855ms - 200
[14:50:15 INF] System.Net.Http.HttpClient.DeepSeek.LogicalHandler Start processing HTTP request POST https://api.deepseek.com/chat/completions
[14:50:15 INF] System.Net.Http.HttpClient.DeepSeek.ClientHandler Sending HTTP request POST https://api.deepseek.com/chat/completions
[14:50:15 INF] System.Net.Http.HttpClient.DeepSeek.ClientHandler Received HTTP response headers after 301.1312ms - 200
[14:50:15 INF] System.Net.Http.HttpClient.DeepSeek.LogicalHandler End processing HTTP request after 301.758ms - 200
[14:50:15 INF] System.Net.Http.HttpClient.DeepSeek.ClientHandler Received HTTP response headers after 320.2429ms - 200
[14:50:15 INF] System.Net.Http.HttpClient.DeepSeek.LogicalHandler End processing HTTP request after 320.6961ms - 200
[14:50:15 INF] System.Net.Http.HttpClient.DeepSeek.ClientHandler Received HTTP response headers after 325.4139ms - 200
[14:50:15 INF] System.Net.Http.HttpClient.DeepSeek.LogicalHandler End processing HTTP request after 325.8137ms - 200
[14:50:17 INF] System.Net.Http.HttpClient.DeepSeek.LogicalHandler Start processing HTTP request POST https://api.deepseek.com/chat/completions
[14:50:17 INF] System.Net.Http.HttpClient.DeepSeek.ClientHandler Sending HTTP request POST https://api.deepseek.com/chat/completions
[14:50:17 INF] System.Net.Http.HttpClient.DeepSeek.ClientHandler Received HTTP response headers after 297.551ms - 200
[14:50:17 INF] System.Net.Http.HttpClient.DeepSeek.LogicalHandler End processing HTTP request after 298.3607ms - 200
[14:50:18 INF] System.Net.Http.HttpClient.DeepSeek.LogicalHandler Start processing HTTP request POST https://api.deepseek.com/chat/completions
[14:50:18 INF] System.Net.Http.HttpClient.DeepSeek.ClientHandler Sending HTTP request POST https://api.deepseek.com/chat/completions
[14:50:18 INF] System.Net.Http.HttpClient.DeepSeek.ClientHandler Received HTTP response headers after 308.5175ms - 200
[14:50:18 INF] System.Net.Http.HttpClient.DeepSeek.LogicalHandler End processing HTTP request after 309.272ms - 200
[14:50:34 INF] System.Net.Http.HttpClient.DeepSeek.LogicalHandler Start processing HTTP request POST https://api.deepseek.com/chat/completions
[14:50:34 INF] System.Net.Http.HttpClient.DeepSeek.ClientHandler Sending HTTP request POST https://api.deepseek.com/chat/completions
[14:50:34 INF] System.Net.Http.HttpClient.DeepSeek.ClientHandler Received HTTP response headers after 283.9682ms - 200
[14:50:34 INF] System.Net.Http.HttpClient.DeepSeek.LogicalHandler End processing HTTP request after 285.182ms - 200
[14:50:46 INF] System.Net.Http.HttpClient.DeepSeek.LogicalHandler Start processing HTTP request POST https://api.deepseek.com/chat/completions
[14:50:46 INF] System.Net.Http.HttpClient.DeepSeek.ClientHandler Sending HTTP request POST https://api.deepseek.com/chat/completions
[14:50:46 INF] System.Net.Http.HttpClient.DeepSeek.ClientHandler Received HTTP response headers after 301.516ms - 200
[14:50:46 INF] System.Net.Http.HttpClient.DeepSeek.LogicalHandler End processing HTTP request after 302.6935ms - 200
[14:51:02 INF] System.Net.Http.HttpClient.DeepSeek.LogicalHandler Start processing HTTP request POST https://api.deepseek.com/chat/completions
[14:51:02 INF] System.Net.Http.HttpClient.DeepSeek.ClientHandler Sending HTTP request POST https://api.deepseek.com/chat/completions
[14:51:03 INF] System.Net.Http.HttpClient.DeepSeek.ClientHandler Received HTTP response headers after 352.071ms - 200
[14:51:03 INF] System.Net.Http.HttpClient.DeepSeek.LogicalHandler End processing HTTP request after 353.2112ms - 200
[14:51:09 INF] System.Net.Http.HttpClient.DeepSeek.LogicalHandler Start processing HTTP request POST https://api.deepseek.com/chat/completions
[14:51:09 INF] System.Net.Http.HttpClient.DeepSeek.ClientHandler Sending HTTP request POST https://api.deepseek.com/chat/completions
[14:51:09 INF] System.Net.Http.HttpClient.DeepSeek.ClientHandler Received HTTP response headers after 282.9452ms - 200
[14:51:09 INF] System.Net.Http.HttpClient.DeepSeek.LogicalHandler End processing HTTP request after 284.0439ms - 200
[14:51:44 INF] System.Net.Http.HttpClient.DeepSeek.LogicalHandler Start processing HTTP request POST https://api.deepseek.com/chat/completions
[14:51:44 INF] System.Net.Http.HttpClient.DeepSeek.ClientHandler Sending HTTP request POST https://api.deepseek.com/chat/completions
[14:51:44 INF] System.Net.Http.HttpClient.DeepSeek.ClientHandler Received HTTP response headers after 284.5168ms - 200
[14:51:44 INF] System.Net.Http.HttpClient.DeepSeek.LogicalHandler End processing HTTP request after 286.331ms - 200
[14:55:10 INF] System.Net.Http.HttpClient.IStockApiClient.LogicalHandler Start processing HTTP request GET https://data.sec.gov/submissions/CIK0001375365.json
[14:55:10 INF] System.Net.Http.HttpClient.IStockApiClient.ClientHandler Sending HTTP request GET https://data.sec.gov/submissions/CIK0001375365.json
[14:55:10 INF] System.Net.Http.HttpClient.IStockApiClient.ClientHandler Received HTTP response headers after 394.7242ms - 200
[14:55:10 INF] System.Net.Http.HttpClient.IStockApiClient.LogicalHandler End processing HTTP request after 395.6737ms - 200
[14:55:15 INF] System.Net.Http.HttpClient.DeepSeek.LogicalHandler Start processing HTTP request POST https://api.deepseek.com/chat/completions
[14:55:15 INF] System.Net.Http.HttpClient.DeepSeek.ClientHandler Sending HTTP request POST https://api.deepseek.com/chat/completions
[14:55:15 INF] System.Net.Http.HttpClient.DeepSeek.LogicalHandler Start processing HTTP request POST https://api.deepseek.com/chat/completions
[14:55:15 INF] System.Net.Http.HttpClient.DeepSeek.ClientHandler Sending HTTP request POST https://api.deepseek.com/chat/completions
[14:55:15 INF] System.Net.Http.HttpClient.DeepSeek.LogicalHandler Start processing HTTP request POST https://api.deepseek.com/chat/completions
[14:55:15 INF] System.Net.Http.HttpClient.DeepSeek.ClientHandler Sending HTTP request POST https://api.deepseek.com/chat/completions
[14:55:15 INF] System.Net.Http.HttpClient.DeepSeek.LogicalHandler Start processing HTTP request POST https://api.deepseek.com/chat/completions
[14:55:15 INF] System.Net.Http.HttpClient.DeepSeek.ClientHandler Sending HTTP request POST https://api.deepseek.com/chat/completions
[14:55:15 INF] System.Net.Http.HttpClient.DeepSeek.LogicalHandler Start processing HTTP request POST https://api.deepseek.com/chat/completions
[14:55:15 INF] System.Net.Http.HttpClient.DeepSeek.ClientHandler Sending HTTP request POST https://api.deepseek.com/chat/completions
[14:55:15 INF] System.Net.Http.HttpClient.DeepSeek.LogicalHandler Start processing HTTP request POST https://api.deepseek.com/chat/completions
[14:55:15 INF] System.Net.Http.HttpClient.DeepSeek.ClientHandler Sending HTTP request POST https://api.deepseek.com/chat/completions
[14:55:16 INF] System.Net.Http.HttpClient.DeepSeek.ClientHandler Received HTTP response headers after 646.7438ms - 200
[14:55:16 INF] System.Net.Http.HttpClient.DeepSeek.ClientHandler Received HTTP response headers after 646.5205ms - 200
[14:55:16 INF] System.Net.Http.HttpClient.DeepSeek.LogicalHandler End processing HTTP request after 647.096ms - 200
[14:55:16 INF] System.Net.Http.HttpClient.DeepSeek.LogicalHandler End processing HTTP request after 646.6887ms - 200
[14:55:16 INF] System.Net.Http.HttpClient.DeepSeek.ClientHandler Received HTTP response headers after 647.0459ms - 200
[14:55:16 INF] System.Net.Http.HttpClient.DeepSeek.LogicalHandler End processing HTTP request after 647.2092ms - 200
[14:55:16 INF] System.Net.Http.HttpClient.DeepSeek.ClientHandler Received HTTP response headers after 647.7492ms - 200
[14:55:16 INF] System.Net.Http.HttpClient.DeepSeek.LogicalHandler End processing HTTP request after 648.7243ms - 200
[14:55:16 INF] System.Net.Http.HttpClient.DeepSeek.ClientHandler Received HTTP response headers after 648.957ms - 200
[14:55:16 INF] System.Net.Http.HttpClient.DeepSeek.LogicalHandler End processing HTTP request after 649.4147ms - 200
[14:55:16 INF] System.Net.Http.HttpClient.DeepSeek.ClientHandler Received HTTP response headers after 647.033ms - 200
[14:55:16 INF] System.Net.Http.HttpClient.DeepSeek.LogicalHandler End processing HTTP request after 648.6439ms - 200
[14:55:17 INF] System.Net.Http.HttpClient.DeepSeek.LogicalHandler Start processing HTTP request POST https://api.deepseek.com/chat/completions
[14:55:17 INF] System.Net.Http.HttpClient.DeepSeek.ClientHandler Sending HTTP request POST https://api.deepseek.com/chat/completions
[14:55:17 INF] System.Net.Http.HttpClient.DeepSeek.LogicalHandler Start processing HTTP request POST https://api.deepseek.com/chat/completions
[14:55:17 INF] System.Net.Http.HttpClient.DeepSeek.ClientHandler Sending HTTP request POST https://api.deepseek.com/chat/completions
[14:55:17 INF] System.Net.Http.HttpClient.DeepSeek.ClientHandler Received HTTP response headers after 285.7045ms - 200
[14:55:17 INF] System.Net.Http.HttpClient.DeepSeek.LogicalHandler End processing HTTP request after 286.105ms - 200
[14:55:18 INF] System.Net.Http.HttpClient.DeepSeek.ClientHandler Received HTTP response headers after 281.9097ms - 200
[14:55:18 INF] System.Net.Http.HttpClient.DeepSeek.LogicalHandler End processing HTTP request after 282.2052ms - 200
[14:55:19 INF] System.Net.Http.HttpClient.DeepSeek.LogicalHandler Start processing HTTP request POST https://api.deepseek.com/chat/completions
[14:55:19 INF] System.Net.Http.HttpClient.DeepSeek.ClientHandler Sending HTTP request POST https://api.deepseek.com/chat/completions
[14:55:19 INF] System.Net.Http.HttpClient.DeepSeek.ClientHandler Received HTTP response headers after 389.8032ms - 200
[14:55:19 INF] System.Net.Http.HttpClient.DeepSeek.LogicalHandler End processing HTTP request after 390.2867ms - 200
[14:55:19 INF] System.Net.Http.HttpClient.DeepSeek.LogicalHandler Start processing HTTP request POST https://api.deepseek.com/chat/completions
[14:55:19 INF] System.Net.Http.HttpClient.DeepSeek.ClientHandler Sending HTTP request POST https://api.deepseek.com/chat/completions
[14:55:19 INF] System.Net.Http.HttpClient.DeepSeek.LogicalHandler Start processing HTTP request POST https://api.deepseek.com/chat/completions
[14:55:19 INF] System.Net.Http.HttpClient.DeepSeek.ClientHandler Sending HTTP request POST https://api.deepseek.com/chat/completions
[14:55:19 INF] System.Net.Http.HttpClient.DeepSeek.ClientHandler Received HTTP response headers after 284.6707ms - 200
[14:55:19 INF] System.Net.Http.HttpClient.DeepSeek.LogicalHandler End processing HTTP request after 285.0411ms - 200
[14:55:20 INF] System.Net.Http.HttpClient.DeepSeek.ClientHandler Received HTTP response headers after 293.9872ms - 200
[14:55:20 INF] System.Net.Http.HttpClient.DeepSeek.LogicalHandler End processing HTTP request after 294.4146ms - 200
[14:55:20 INF] System.Net.Http.HttpClient.DeepSeek.LogicalHandler Start processing HTTP request POST https://api.deepseek.com/chat/completions
[14:55:20 INF] System.Net.Http.HttpClient.DeepSeek.ClientHandler Sending HTTP request POST https://api.deepseek.com/chat/completions
[14:55:20 INF] System.Net.Http.HttpClient.DeepSeek.LogicalHandler Start processing HTTP request POST https://api.deepseek.com/chat/completions
[14:55:20 INF] System.Net.Http.HttpClient.DeepSeek.ClientHandler Sending HTTP request POST https://api.deepseek.com/chat/completions
[14:55:21 INF] System.Net.Http.HttpClient.DeepSeek.ClientHandler Received HTTP response headers after 285.309ms - 200
[14:55:21 INF] System.Net.Http.HttpClient.DeepSeek.LogicalHandler End processing HTTP request after 285.8906ms - 200
[14:55:21 INF] System.Net.Http.HttpClient.DeepSeek.LogicalHandler Start processing HTTP request POST https://api.deepseek.com/chat/completions
[14:55:21 INF] System.Net.Http.HttpClient.DeepSeek.ClientHandler Sending HTTP request POST https://api.deepseek.com/chat/completions
[14:55:21 INF] System.Net.Http.HttpClient.DeepSeek.ClientHandler Received HTTP response headers after 296.2714ms - 200
[14:55:21 INF] System.Net.Http.HttpClient.DeepSeek.LogicalHandler End processing HTTP request after 296.8463ms - 200
[14:55:21 INF] System.Net.Http.HttpClient.DeepSeek.ClientHandler Received HTTP response headers after 290.1661ms - 200
[14:55:21 INF] System.Net.Http.HttpClient.DeepSeek.LogicalHandler End processing HTTP request after 290.6537ms - 200
[14:55:22 INF] System.Net.Http.HttpClient.DeepSeek.LogicalHandler Start processing HTTP request POST https://api.deepseek.com/chat/completions
[14:55:22 INF] System.Net.Http.HttpClient.DeepSeek.ClientHandler Sending HTTP request POST https://api.deepseek.com/chat/completions
[14:55:22 INF] System.Net.Http.HttpClient.DeepSeek.LogicalHandler Start processing HTTP request POST https://api.deepseek.com/chat/completions
[14:55:22 INF] System.Net.Http.HttpClient.DeepSeek.ClientHandler Sending HTTP request POST https://api.deepseek.com/chat/completions
[14:55:22 INF] System.Net.Http.HttpClient.DeepSeek.LogicalHandler Start processing HTTP request POST https://api.deepseek.com/chat/completions
[14:55:22 INF] System.Net.Http.HttpClient.DeepSeek.ClientHandler Sending HTTP request POST https://api.deepseek.com/chat/completions
[14:55:22 INF] System.Net.Http.HttpClient.DeepSeek.ClientHandler Received HTTP response headers after 290.1718ms - 200
[14:55:22 INF] System.Net.Http.HttpClient.DeepSeek.LogicalHandler End processing HTTP request after 291.4227ms - 200
[14:55:22 INF] System.Net.Http.HttpClient.DeepSeek.ClientHandler Received HTTP response headers after 302.8546ms - 200
[14:55:22 INF] System.Net.Http.HttpClient.DeepSeek.LogicalHandler End processing HTTP request after 303.4465ms - 200
[14:55:22 INF] System.Net.Http.HttpClient.DeepSeek.ClientHandler Received HTTP response headers after 329.3387ms - 200
[14:55:22 INF] System.Net.Http.HttpClient.DeepSeek.LogicalHandler End processing HTTP request after 329.7277ms - 200
[14:55:22 INF] System.Net.Http.HttpClient.DeepSeek.LogicalHandler Start processing HTTP request POST https://api.deepseek.com/chat/completions
[14:55:22 INF] System.Net.Http.HttpClient.DeepSeek.ClientHandler Sending HTTP request POST https://api.deepseek.com/chat/completions
[14:55:23 INF] System.Net.Http.HttpClient.DeepSeek.ClientHandler Received HTTP response headers after 278.7177ms - 200
[14:55:23 INF] System.Net.Http.HttpClient.DeepSeek.LogicalHandler End processing HTTP request after 279.052ms - 200
[14:55:23 INF] System.Net.Http.HttpClient.DeepSeek.LogicalHandler Start processing HTTP request POST https://api.deepseek.com/chat/completions
[14:55:23 INF] System.Net.Http.HttpClient.DeepSeek.ClientHandler Sending HTTP request POST https://api.deepseek.com/chat/completions
[14:55:23 INF] System.Net.Http.HttpClient.DeepSeek.ClientHandler Received HTTP response headers after 296.6424ms - 200
[14:55:23 INF] System.Net.Http.HttpClient.DeepSeek.LogicalHandler End processing HTTP request after 297.1337ms - 200
[14:55:23 INF] System.Net.Http.HttpClient.DeepSeek.LogicalHandler Start processing HTTP request POST https://api.deepseek.com/chat/completions
[14:55:23 INF] System.Net.Http.HttpClient.DeepSeek.ClientHandler Sending HTTP request POST https://api.deepseek.com/chat/completions
[14:55:24 INF] System.Net.Http.HttpClient.DeepSeek.ClientHandler Received HTTP response headers after 283.603ms - 200
[14:55:24 INF] System.Net.Http.HttpClient.DeepSeek.LogicalHandler End processing HTTP request after 283.9332ms - 200
[14:55:24 INF] System.Net.Http.HttpClient.DeepSeek.LogicalHandler Start processing HTTP request POST https://api.deepseek.com/chat/completions
[14:55:24 INF] System.Net.Http.HttpClient.DeepSeek.ClientHandler Sending HTTP request POST https://api.deepseek.com/chat/completions
[14:55:24 INF] System.Net.Http.HttpClient.DeepSeek.LogicalHandler Start processing HTTP request POST https://api.deepseek.com/chat/completions
[14:55:24 INF] System.Net.Http.HttpClient.DeepSeek.ClientHandler Sending HTTP request POST https://api.deepseek.com/chat/completions
[14:55:24 INF] System.Net.Http.HttpClient.DeepSeek.ClientHandler Received HTTP response headers after 278.0648ms - 200
[14:55:24 INF] System.Net.Http.HttpClient.DeepSeek.LogicalHandler End processing HTTP request after 278.4486ms - 200
[14:55:24 INF] System.Net.Http.HttpClient.DeepSeek.ClientHandler Received HTTP response headers after 282.3477ms - 200
[14:55:24 INF] System.Net.Http.HttpClient.DeepSeek.LogicalHandler End processing HTTP request after 283.1418ms - 200
[14:55:24 INF] System.Net.Http.HttpClient.DeepSeek.LogicalHandler Start processing HTTP request POST https://api.deepseek.com/chat/completions
[14:55:24 INF] System.Net.Http.HttpClient.DeepSeek.ClientHandler Sending HTTP request POST https://api.deepseek.com/chat/completions
[14:55:25 INF] System.Net.Http.HttpClient.DeepSeek.ClientHandler Received HTTP response headers after 332.5628ms - 200
[14:55:25 INF] System.Net.Http.HttpClient.DeepSeek.LogicalHandler End processing HTTP request after 332.8735ms - 200
[14:55:25 INF] System.Net.Http.HttpClient.DeepSeek.LogicalHandler Start processing HTTP request POST https://api.deepseek.com/chat/completions
[14:55:25 INF] System.Net.Http.HttpClient.DeepSeek.ClientHandler Sending HTTP request POST https://api.deepseek.com/chat/completions
[14:55:25 INF] System.Net.Http.HttpClient.DeepSeek.ClientHandler Received HTTP response headers after 306.811ms - 200
[14:55:25 INF] System.Net.Http.HttpClient.DeepSeek.LogicalHandler End processing HTTP request after 307.2219ms - 200
[14:55:25 INF] System.Net.Http.HttpClient.DeepSeek.LogicalHandler Start processing HTTP request POST https://api.deepseek.com/chat/completions
[14:55:25 INF] System.Net.Http.HttpClient.DeepSeek.ClientHandler Sending HTTP request POST https://api.deepseek.com/chat/completions
[14:55:26 INF] System.Net.Http.HttpClient.DeepSeek.ClientHandler Received HTTP response headers after 291.5527ms - 200
[14:55:26 INF] System.Net.Http.HttpClient.DeepSeek.LogicalHandler End processing HTTP request after 292.0021ms - 200
[14:55:26 INF] System.Net.Http.HttpClient.DeepSeek.LogicalHandler Start processing HTTP request POST https://api.deepseek.com/chat/completions
[14:55:26 INF] System.Net.Http.HttpClient.DeepSeek.ClientHandler Sending HTTP request POST https://api.deepseek.com/chat/completions
[14:55:26 INF] System.Net.Http.HttpClient.DeepSeek.ClientHandler Received HTTP response headers after 284.5623ms - 200
[14:55:26 INF] System.Net.Http.HttpClient.DeepSeek.LogicalHandler End processing HTTP request after 285.0305ms - 200
[14:55:26 INF] System.Net.Http.HttpClient.DeepSeek.LogicalHandler Start processing HTTP request POST https://api.deepseek.com/chat/completions
[14:55:26 INF] System.Net.Http.HttpClient.DeepSeek.ClientHandler Sending HTTP request POST https://api.deepseek.com/chat/completions
[14:55:27 INF] System.Net.Http.HttpClient.DeepSeek.ClientHandler Received HTTP response headers after 293.5073ms - 200
[14:55:27 INF] System.Net.Http.HttpClient.DeepSeek.LogicalHandler End processing HTTP request after 293.919ms - 200
[14:55:27 INF] System.Net.Http.HttpClient.DeepSeek.LogicalHandler Start processing HTTP request POST https://api.deepseek.com/chat/completions
[14:55:27 INF] System.Net.Http.HttpClient.DeepSeek.ClientHandler Sending HTTP request POST https://api.deepseek.com/chat/completions
[14:55:27 INF] System.Net.Http.HttpClient.DeepSeek.LogicalHandler Start processing HTTP request POST https://api.deepseek.com/chat/completions
[14:55:27 INF] System.Net.Http.HttpClient.DeepSeek.ClientHandler Sending HTTP request POST https://api.deepseek.com/chat/completions
[14:55:27 INF] System.Net.Http.HttpClient.DeepSeek.ClientHandler Received HTTP response headers after 273.1984ms - 200
[14:55:27 INF] System.Net.Http.HttpClient.DeepSeek.LogicalHandler End processing HTTP request after 273.7013ms - 200
[14:55:27 INF] System.Net.Http.HttpClient.DeepSeek.LogicalHandler Start processing HTTP request POST https://api.deepseek.com/chat/completions
[14:55:27 INF] System.Net.Http.HttpClient.DeepSeek.ClientHandler Sending HTTP request POST https://api.deepseek.com/chat/completions
[14:55:28 INF] System.Net.Http.HttpClient.DeepSeek.ClientHandler Received HTTP response headers after 287.81ms - 200
[14:55:28 INF] System.Net.Http.HttpClient.DeepSeek.LogicalHandler End processing HTTP request after 288.7153ms - 200
[14:55:28 INF] System.Net.Http.HttpClient.DeepSeek.ClientHandler Received HTTP response headers after 286.7672ms - 200
[14:55:28 INF] System.Net.Http.HttpClient.DeepSeek.LogicalHandler End processing HTTP request after 287.0974ms - 200
[14:55:28 INF] System.Net.Http.HttpClient.DeepSeek.LogicalHandler Start processing HTTP request POST https://api.deepseek.com/chat/completions
[14:55:28 INF] System.Net.Http.HttpClient.DeepSeek.ClientHandler Sending HTTP request POST https://api.deepseek.com/chat/completions
[14:55:28 INF] System.Net.Http.HttpClient.DeepSeek.LogicalHandler Start processing HTTP request POST https://api.deepseek.com/chat/completions
[14:55:28 INF] System.Net.Http.HttpClient.DeepSeek.ClientHandler Sending HTTP request POST https://api.deepseek.com/chat/completions
[14:55:28 INF] System.Net.Http.HttpClient.DeepSeek.ClientHandler Received HTTP response headers after 277.9301ms - 200
[14:55:28 INF] System.Net.Http.HttpClient.DeepSeek.LogicalHandler End processing HTTP request after 278.3252ms - 200
[14:55:28 INF] System.Net.Http.HttpClient.DeepSeek.ClientHandler Received HTTP response headers after 288.7ms - 200
[14:55:28 INF] System.Net.Http.HttpClient.DeepSeek.LogicalHandler End processing HTTP request after 289.1664ms - 200
[14:55:29 INF] System.Net.Http.HttpClient.DeepSeek.LogicalHandler Start processing HTTP request POST https://api.deepseek.com/chat/completions
[14:55:29 INF] System.Net.Http.HttpClient.DeepSeek.ClientHandler Sending HTTP request POST https://api.deepseek.com/chat/completions
[14:55:29 INF] System.Net.Http.HttpClient.DeepSeek.ClientHandler Received HTTP response headers after 277.5364ms - 200
[14:55:29 INF] System.Net.Http.HttpClient.DeepSeek.LogicalHandler End processing HTTP request after 278.1205ms - 200
[14:55:29 INF] System.Net.Http.HttpClient.DeepSeek.LogicalHandler Start processing HTTP request POST https://api.deepseek.com/chat/completions
[14:55:29 INF] System.Net.Http.HttpClient.DeepSeek.ClientHandler Sending HTTP request POST https://api.deepseek.com/chat/completions
[14:55:29 INF] System.Net.Http.HttpClient.DeepSeek.ClientHandler Received HTTP response headers after 281.4675ms - 200
[14:55:29 INF] System.Net.Http.HttpClient.DeepSeek.LogicalHandler End processing HTTP request after 281.8695ms - 200
[14:55:32 INF] System.Net.Http.HttpClient.DeepSeek.LogicalHandler Start processing HTTP request POST https://api.deepseek.com/chat/completions
[14:55:32 INF] System.Net.Http.HttpClient.DeepSeek.ClientHandler Sending HTTP request POST https://api.deepseek.com/chat/completions
[14:55:33 INF] System.Net.Http.HttpClient.DeepSeek.ClientHandler Received HTTP response headers after 286.3974ms - 200
[14:55:33 INF] System.Net.Http.HttpClient.DeepSeek.LogicalHandler End processing HTTP request after 287.1366ms - 200
[14:55:45 INF] System.Net.Http.HttpClient.DeepSeek.LogicalHandler Start processing HTTP request POST https://api.deepseek.com/chat/completions
[14:55:45 INF] System.Net.Http.HttpClient.DeepSeek.ClientHandler Sending HTTP request POST https://api.deepseek.com/chat/completions
[14:55:45 INF] System.Net.Http.HttpClient.DeepSeek.LogicalHandler Start processing HTTP request POST https://api.deepseek.com/chat/completions
[14:55:45 INF] System.Net.Http.HttpClient.DeepSeek.ClientHandler Sending HTTP request POST https://api.deepseek.com/chat/completions
[14:55:45 INF] System.Net.Http.HttpClient.DeepSeek.LogicalHandler Start processing HTTP request POST https://api.deepseek.com/chat/completions
[14:55:45 INF] System.Net.Http.HttpClient.DeepSeek.ClientHandler Sending HTTP request POST https://api.deepseek.com/chat/completions
[14:55:45 INF] System.Net.Http.HttpClient.DeepSeek.LogicalHandler Start processing HTTP request POST https://api.deepseek.com/chat/completions
[14:55:45 INF] System.Net.Http.HttpClient.DeepSeek.ClientHandler Sending HTTP request POST https://api.deepseek.com/chat/completions
[14:55:45 INF] System.Net.Http.HttpClient.DeepSeek.LogicalHandler Start processing HTTP request POST https://api.deepseek.com/chat/completions
[14:55:45 INF] System.Net.Http.HttpClient.DeepSeek.ClientHandler Sending HTTP request POST https://api.deepseek.com/chat/completions
[14:55:45 INF] System.Net.Http.HttpClient.DeepSeek.LogicalHandler Start processing HTTP request POST https://api.deepseek.com/chat/completions
[14:55:45 INF] System.Net.Http.HttpClient.DeepSeek.ClientHandler Sending HTTP request POST https://api.deepseek.com/chat/completions
[14:55:45 INF] System.Net.Http.HttpClient.DeepSeek.LogicalHandler Start processing HTTP request POST https://api.deepseek.com/chat/completions
[14:55:45 INF] System.Net.Http.HttpClient.DeepSeek.ClientHandler Sending HTTP request POST https://api.deepseek.com/chat/completions
[14:55:45 INF] System.Net.Http.HttpClient.DeepSeek.LogicalHandler Start processing HTTP request POST https://api.deepseek.com/chat/completions
[14:55:45 INF] System.Net.Http.HttpClient.DeepSeek.ClientHandler Sending HTTP request POST https://api.deepseek.com/chat/completions
[14:55:45 INF] System.Net.Http.HttpClient.DeepSeek.LogicalHandler Start processing HTTP request POST https://api.deepseek.com/chat/completions
[14:55:45 INF] System.Net.Http.HttpClient.DeepSeek.ClientHandler Sending HTTP request POST https://api.deepseek.com/chat/completions
[14:55:45 INF] System.Net.Http.HttpClient.DeepSeek.LogicalHandler Start processing HTTP request POST https://api.deepseek.com/chat/completions
[14:55:45 INF] System.Net.Http.HttpClient.DeepSeek.ClientHandler Sending HTTP request POST https://api.deepseek.com/chat/completions
[14:55:45 INF] System.Net.Http.HttpClient.DeepSeek.LogicalHandler Start processing HTTP request POST https://api.deepseek.com/chat/completions
[14:55:45 INF] System.Net.Http.HttpClient.DeepSeek.ClientHandler Sending HTTP request POST https://api.deepseek.com/chat/completions
[14:55:45 INF] System.Net.Http.HttpClient.DeepSeek.LogicalHandler Start processing HTTP request POST https://api.deepseek.com/chat/completions
[14:55:45 INF] System.Net.Http.HttpClient.DeepSeek.ClientHandler Sending HTTP request POST https://api.deepseek.com/chat/completions
[14:55:45 INF] System.Net.Http.HttpClient.DeepSeek.LogicalHandler Start processing HTTP request POST https://api.deepseek.com/chat/completions
[14:55:45 INF] System.Net.Http.HttpClient.DeepSeek.ClientHandler Sending HTTP request POST https://api.deepseek.com/chat/completions
[14:55:45 INF] System.Net.Http.HttpClient.DeepSeek.LogicalHandler Start processing HTTP request POST https://api.deepseek.com/chat/completions
[14:55:45 INF] System.Net.Http.HttpClient.DeepSeek.ClientHandler Sending HTTP request POST https://api.deepseek.com/chat/completions
[14:55:45 INF] System.Net.Http.HttpClient.DeepSeek.LogicalHandler Start processing HTTP request POST https://api.deepseek.com/chat/completions
[14:55:45 INF] System.Net.Http.HttpClient.DeepSeek.ClientHandler Sending HTTP request POST https://api.deepseek.com/chat/completions
[14:55:45 INF] System.Net.Http.HttpClient.DeepSeek.LogicalHandler Start processing HTTP request POST https://api.deepseek.com/chat/completions
[14:55:45 INF] System.Net.Http.HttpClient.DeepSeek.ClientHandler Sending HTTP request POST https://api.deepseek.com/chat/completions
[14:55:45 INF] System.Net.Http.HttpClient.DeepSeek.LogicalHandler Start processing HTTP request POST https://api.deepseek.com/chat/completions
[14:55:45 INF] System.Net.Http.HttpClient.DeepSeek.ClientHandler Sending HTTP request POST https://api.deepseek.com/chat/completions
[14:55:45 INF] System.Net.Http.HttpClient.DeepSeek.LogicalHandler Start processing HTTP request POST https://api.deepseek.com/chat/completions
[14:55:45 INF] System.Net.Http.HttpClient.DeepSeek.ClientHandler Sending HTTP request POST https://api.deepseek.com/chat/completions
[14:55:45 INF] System.Net.Http.HttpClient.DeepSeek.LogicalHandler Start processing HTTP request POST https://api.deepseek.com/chat/completions
[14:55:45 INF] System.Net.Http.HttpClient.DeepSeek.ClientHandler Sending HTTP request POST https://api.deepseek.com/chat/completions
[14:55:45 INF] System.Net.Http.HttpClient.DeepSeek.LogicalHandler Start processing HTTP request POST https://api.deepseek.com/chat/completions
[14:55:45 INF] System.Net.Http.HttpClient.DeepSeek.ClientHandler Sending HTTP request POST https://api.deepseek.com/chat/completions
[14:55:45 INF] System.Net.Http.HttpClient.DeepSeek.LogicalHandler Start processing HTTP request POST https://api.deepseek.com/chat/completions
[14:55:45 INF] System.Net.Http.HttpClient.DeepSeek.ClientHandler Sending HTTP request POST https://api.deepseek.com/chat/completions
[14:55:45 INF] System.Net.Http.HttpClient.DeepSeek.LogicalHandler Start processing HTTP request POST https://api.deepseek.com/chat/completions
[14:55:45 INF] System.Net.Http.HttpClient.DeepSeek.ClientHandler Sending HTTP request POST https://api.deepseek.com/chat/completions
[14:55:45 INF] System.Net.Http.HttpClient.DeepSeek.LogicalHandler Start processing HTTP request POST https://api.deepseek.com/chat/completions
[14:55:45 INF] System.Net.Http.HttpClient.DeepSeek.ClientHandler Sending HTTP request POST https://api.deepseek.com/chat/completions
[14:55:45 INF] System.Net.Http.HttpClient.DeepSeek.LogicalHandler Start processing HTTP request POST https://api.deepseek.com/chat/completions
[14:55:45 INF] System.Net.Http.HttpClient.DeepSeek.ClientHandler Sending HTTP request POST https://api.deepseek.com/chat/completions
[14:55:45 INF] System.Net.Http.HttpClient.DeepSeek.LogicalHandler Start processing HTTP request POST https://api.deepseek.com/chat/completions
[14:55:45 INF] System.Net.Http.HttpClient.DeepSeek.ClientHandler Sending HTTP request POST https://api.deepseek.com/chat/completions
[14:55:45 INF] System.Net.Http.HttpClient.DeepSeek.LogicalHandler Start processing HTTP request POST https://api.deepseek.com/chat/completions
[14:55:45 INF] System.Net.Http.HttpClient.DeepSeek.ClientHandler Sending HTTP request POST https://api.deepseek.com/chat/completions
[14:55:45 INF] System.Net.Http.HttpClient.DeepSeek.LogicalHandler Start processing HTTP request POST https://api.deepseek.com/chat/completions
[14:55:45 INF] System.Net.Http.HttpClient.DeepSeek.ClientHandler Sending HTTP request POST https://api.deepseek.com/chat/completions
[14:55:45 INF] System.Net.Http.HttpClient.DeepSeek.LogicalHandler Start processing HTTP request POST https://api.deepseek.com/chat/completions
[14:55:45 INF] System.Net.Http.HttpClient.DeepSeek.ClientHandler Sending HTTP request POST https://api.deepseek.com/chat/completions
[14:55:45 INF] System.Net.Http.HttpClient.DeepSeek.LogicalHandler Start processing HTTP request POST https://api.deepseek.com/chat/completions
[14:55:45 INF] System.Net.Http.HttpClient.DeepSeek.ClientHandler Sending HTTP request POST https://api.deepseek.com/chat/completions
[14:55:45 INF] System.Net.Http.HttpClient.DeepSeek.LogicalHandler Start processing HTTP request POST https://api.deepseek.com/chat/completions
[14:55:45 INF] System.Net.Http.HttpClient.DeepSeek.ClientHandler Sending HTTP request POST https://api.deepseek.com/chat/completions
[14:55:45 INF] System.Net.Http.HttpClient.DeepSeek.LogicalHandler Start processing HTTP request POST https://api.deepseek.com/chat/completions
[14:55:45 INF] System.Net.Http.HttpClient.DeepSeek.ClientHandler Sending HTTP request POST https://api.deepseek.com/chat/completions
[14:55:45 INF] System.Net.Http.HttpClient.DeepSeek.LogicalHandler Start processing HTTP request POST https://api.deepseek.com/chat/completions
[14:55:45 INF] System.Net.Http.HttpClient.DeepSeek.ClientHandler Sending HTTP request POST https://api.deepseek.com/chat/completions
[14:55:45 INF] System.Net.Http.HttpClient.DeepSeek.LogicalHandler Start processing HTTP request POST https://api.deepseek.com/chat/completions
[14:55:45 INF] System.Net.Http.HttpClient.DeepSeek.ClientHandler Sending HTTP request POST https://api.deepseek.com/chat/completions
[14:55:45 INF] System.Net.Http.HttpClient.DeepSeek.LogicalHandler Start processing HTTP request POST https://api.deepseek.com/chat/completions
[14:55:45 INF] System.Net.Http.HttpClient.DeepSeek.ClientHandler Sending HTTP request POST https://api.deepseek.com/chat/completions
[14:55:45 INF] System.Net.Http.HttpClient.DeepSeek.LogicalHandler Start processing HTTP request POST https://api.deepseek.com/chat/completions
[14:55:45 INF] System.Net.Http.HttpClient.DeepSeek.ClientHandler Sending HTTP request POST https://api.deepseek.com/chat/completions
[14:55:45 INF] System.Net.Http.HttpClient.DeepSeek.LogicalHandler Start processing HTTP request POST https://api.deepseek.com/chat/completions
[14:55:45 INF] System.Net.Http.HttpClient.DeepSeek.ClientHandler Sending HTTP request POST https://api.deepseek.com/chat/completions
[14:55:45 INF] System.Net.Http.HttpClient.DeepSeek.LogicalHandler Start processing HTTP request POST https://api.deepseek.com/chat/completions
[14:55:45 INF] System.Net.Http.HttpClient.DeepSeek.ClientHandler Sending HTTP request POST https://api.deepseek.com/chat/completions
[14:55:45 INF] System.Net.Http.HttpClient.DeepSeek.LogicalHandler Start processing HTTP request POST https://api.deepseek.com/chat/completions
[14:55:45 INF] System.Net.Http.HttpClient.DeepSeek.ClientHandler Sending HTTP request POST https://api.deepseek.com/chat/completions
[14:55:45 INF] System.Net.Http.HttpClient.DeepSeek.LogicalHandler Start processing HTTP request POST https://api.deepseek.com/chat/completions
[14:55:45 INF] System.Net.Http.HttpClient.DeepSeek.ClientHandler Sending HTTP request POST https://api.deepseek.com/chat/completions
[14:55:45 INF] System.Net.Http.HttpClient.DeepSeek.LogicalHandler Start processing HTTP request POST https://api.deepseek.com/chat/completions
[14:55:45 INF] System.Net.Http.HttpClient.DeepSeek.ClientHandler Sending HTTP request POST https://api.deepseek.com/chat/completions
[14:55:45 INF] System.Net.Http.HttpClient.DeepSeek.LogicalHandler Start processing HTTP request POST https://api.deepseek.com/chat/completions
[14:55:45 INF] System.Net.Http.HttpClient.DeepSeek.ClientHandler Sending HTTP request POST https://api.deepseek.com/chat/completions
[14:55:45 INF] System.Net.Http.HttpClient.DeepSeek.LogicalHandler Start processing HTTP request POST https://api.deepseek.com/chat/completions
[14:55:45 INF] System.Net.Http.HttpClient.DeepSeek.ClientHandler Sending HTTP request POST https://api.deepseek.com/chat/completions
[14:55:45 INF] System.Net.Http.HttpClient.DeepSeek.LogicalHandler Start processing HTTP request POST https://api.deepseek.com/chat/completions
[14:55:45 INF] System.Net.Http.HttpClient.DeepSeek.ClientHandler Sending HTTP request POST https://api.deepseek.com/chat/completions
[14:55:45 INF] System.Net.Http.HttpClient.DeepSeek.LogicalHandler Start processing HTTP request POST https://api.deepseek.com/chat/completions
[14:55:45 INF] System.Net.Http.HttpClient.DeepSeek.ClientHandler Sending HTTP request POST https://api.deepseek.com/chat/completions
[14:55:45 INF] System.Net.Http.HttpClient.DeepSeek.LogicalHandler Start processing HTTP request POST https://api.deepseek.com/chat/completions
[14:55:45 INF] System.Net.Http.HttpClient.DeepSeek.ClientHandler Sending HTTP request POST https://api.deepseek.com/chat/completions
[14:55:45 INF] System.Net.Http.HttpClient.DeepSeek.LogicalHandler Start processing HTTP request POST https://api.deepseek.com/chat/completions
[14:55:45 INF] System.Net.Http.HttpClient.DeepSeek.ClientHandler Sending HTTP request POST https://api.deepseek.com/chat/completions
[14:55:45 INF] System.Net.Http.HttpClient.DeepSeek.LogicalHandler Start processing HTTP request POST https://api.deepseek.com/chat/completions
[14:55:45 INF] System.Net.Http.HttpClient.DeepSeek.ClientHandler Sending HTTP request POST https://api.deepseek.com/chat/completions
[14:55:45 INF] System.Net.Http.HttpClient.DeepSeek.LogicalHandler Start processing HTTP request POST https://api.deepseek.com/chat/completions
[14:55:45 INF] System.Net.Http.HttpClient.DeepSeek.ClientHandler Sending HTTP request POST https://api.deepseek.com/chat/completions
[14:55:45 INF] System.Net.Http.HttpClient.DeepSeek.LogicalHandler Start processing HTTP request POST https://api.deepseek.com/chat/completions
[14:55:45 INF] System.Net.Http.HttpClient.DeepSeek.ClientHandler Sending HTTP request POST https://api.deepseek.com/chat/completions
[14:55:45 INF] System.Net.Http.HttpClient.DeepSeek.LogicalHandler Start processing HTTP request POST https://api.deepseek.com/chat/completions
[14:55:45 INF] System.Net.Http.HttpClient.DeepSeek.ClientHandler Sending HTTP request POST https://api.deepseek.com/chat/completions
[14:55:45 INF] System.Net.Http.HttpClient.DeepSeek.LogicalHandler Start processing HTTP request POST https://api.deepseek.com/chat/completions
[14:55:45 INF] System.Net.Http.HttpClient.DeepSeek.ClientHandler Sending HTTP request POST https://api.deepseek.com/chat/completions
[14:55:45 INF] System.Net.Http.HttpClient.DeepSeek.LogicalHandler Start processing HTTP request POST https://api.deepseek.com/chat/completions
[14:55:45 INF] System.Net.Http.HttpClient.DeepSeek.ClientHandler Sending HTTP request POST https://api.deepseek.com/chat/completions
[14:55:45 INF] System.Net.Http.HttpClient.DeepSeek.LogicalHandler Start processing HTTP request POST https://api.deepseek.com/chat/completions
[14:55:45 INF] System.Net.Http.HttpClient.DeepSeek.ClientHandler Sending HTTP request POST https://api.deepseek.com/chat/completions
[14:55:45 INF] System.Net.Http.HttpClient.DeepSeek.LogicalHandler Start processing HTTP request POST https://api.deepseek.com/chat/completions
[14:55:45 INF] System.Net.Http.HttpClient.DeepSeek.ClientHandler Sending HTTP request POST https://api.deepseek.com/chat/completions
[14:55:45 INF] System.Net.Http.HttpClient.DeepSeek.ClientHandler Received HTTP response headers after 283.4272ms - 200
[14:55:45 INF] System.Net.Http.HttpClient.DeepSeek.LogicalHandler End processing HTTP request after 286.0955ms - 200
[14:55:45 INF] System.Net.Http.HttpClient.DeepSeek.ClientHandler Received HTTP response headers after 285.0352ms - 200
[14:55:45 INF] System.Net.Http.HttpClient.DeepSeek.ClientHandler Received HTTP response headers after 287.1822ms - 200
[14:55:45 INF] System.Net.Http.HttpClient.DeepSeek.ClientHandler Received HTTP response headers after 286.5106ms - 200
[14:55:45 INF] System.Net.Http.HttpClient.DeepSeek.ClientHandler Received HTTP response headers after 284.1103ms - 200
[14:55:45 INF] System.Net.Http.HttpClient.DeepSeek.LogicalHandler End processing HTTP request after 284.715ms - 200
[14:55:45 INF] System.Net.Http.HttpClient.DeepSeek.LogicalHandler End processing HTTP request after 285.5198ms - 200
[14:55:45 INF] System.Net.Http.HttpClient.DeepSeek.LogicalHandler End processing HTTP request after 287.7584ms - 200
[14:55:45 INF] System.Net.Http.HttpClient.DeepSeek.LogicalHandler End processing HTTP request after 286.9015ms - 200
[14:55:45 INF] System.Net.Http.HttpClient.DeepSeek.ClientHandler Received HTTP response headers after 287.7142ms - 200
[14:55:45 INF] System.Net.Http.HttpClient.DeepSeek.LogicalHandler End processing HTTP request after 288.0179ms - 200
[14:55:46 INF] System.Net.Http.HttpClient.DeepSeek.LogicalHandler Start processing HTTP request POST https://api.deepseek.com/chat/completions
[14:55:46 INF] System.Net.Http.HttpClient.DeepSeek.ClientHandler Sending HTTP request POST https://api.deepseek.com/chat/completions
[14:55:47 INF] System.Net.Http.HttpClient.DeepSeek.LogicalHandler Start processing HTTP request POST https://api.deepseek.com/chat/completions
[14:55:47 INF] System.Net.Http.HttpClient.DeepSeek.ClientHandler Sending HTTP request POST https://api.deepseek.com/chat/completions
[14:55:47 INF] System.Net.Http.HttpClient.DeepSeek.ClientHandler Received HTTP response headers after 1960.6823ms - 200
[14:55:47 INF] System.Net.Http.HttpClient.DeepSeek.LogicalHandler End processing HTTP request after 1961.3352ms - 200
[14:55:47 INF] System.Net.Http.HttpClient.DeepSeek.ClientHandler Received HTTP response headers after 2004.5098ms - 200
[14:55:47 INF] System.Net.Http.HttpClient.DeepSeek.LogicalHandler End processing HTTP request after 2004.7424ms - 200
[14:55:47 INF] System.Net.Http.HttpClient.DeepSeek.ClientHandler Received HTTP response headers after 2199.6236ms - 200
[14:55:47 INF] System.Net.Http.HttpClient.DeepSeek.LogicalHandler End processing HTTP request after 2200.4358ms - 200
[14:55:47 INF] System.Net.Http.HttpClient.DeepSeek.ClientHandler Received HTTP response headers after 2190.9782ms - 200
[14:55:47 INF] System.Net.Http.HttpClient.DeepSeek.LogicalHandler End processing HTTP request after 2191.3565ms - 200
[14:55:47 INF] System.Net.Http.HttpClient.DeepSeek.ClientHandler Received HTTP response headers after 2192.4082ms - 200
[14:55:47 INF] System.Net.Http.HttpClient.DeepSeek.LogicalHandler End processing HTTP request after 2192.6227ms - 200
[14:55:47 INF] System.Net.Http.HttpClient.DeepSeek.ClientHandler Received HTTP response headers after 2202.755ms - 200
[14:55:47 INF] System.Net.Http.HttpClient.DeepSeek.LogicalHandler End processing HTTP request after 2203.1885ms - 200
[14:55:47 INF] System.Net.Http.HttpClient.DeepSeek.ClientHandler Received HTTP response headers after 2195.4414ms - 200
[14:55:47 INF] System.Net.Http.HttpClient.DeepSeek.LogicalHandler End processing HTTP request after 2195.6585ms - 200
[14:55:47 INF] System.Net.Http.HttpClient.DeepSeek.ClientHandler Received HTTP response headers after 2199.8021ms - 200
[14:55:47 INF] System.Net.Http.HttpClient.DeepSeek.LogicalHandler End processing HTTP request after 2200.0264ms - 200
[14:55:47 INF] System.Net.Http.HttpClient.DeepSeek.ClientHandler Received HTTP response headers after 2203.2808ms - 200
[14:55:47 INF] System.Net.Http.HttpClient.DeepSeek.LogicalHandler End processing HTTP request after 2203.4833ms - 200
[14:55:47 INF] System.Net.Http.HttpClient.DeepSeek.ClientHandler Received HTTP response headers after 2201.005ms - 200
[14:55:47 INF] System.Net.Http.HttpClient.DeepSeek.LogicalHandler End processing HTTP request after 2201.2931ms - 200
[14:55:47 INF] System.Net.Http.HttpClient.DeepSeek.ClientHandler Received HTTP response headers after 2198.6196ms - 200
[14:55:47 INF] System.Net.Http.HttpClient.DeepSeek.LogicalHandler End processing HTTP request after 2198.821ms - 200
[14:55:47 INF] System.Net.Http.HttpClient.DeepSeek.ClientHandler Received HTTP response headers after 2202.1604ms - 200
[14:55:47 INF] System.Net.Http.HttpClient.DeepSeek.ClientHandler Received HTTP response headers after 2197.941ms - 200
[14:55:47 INF] System.Net.Http.HttpClient.DeepSeek.ClientHandler Received HTTP response headers after 2199.5985ms - 200
[14:55:47 INF] System.Net.Http.HttpClient.DeepSeek.LogicalHandler End processing HTTP request after 2199.8157ms - 200
[14:55:47 INF] System.Net.Http.HttpClient.DeepSeek.LogicalHandler End processing HTTP request after 2202.7885ms - 200
[14:55:47 INF] System.Net.Http.HttpClient.DeepSeek.LogicalHandler End processing HTTP request after 2198.2149ms - 200
[14:55:47 INF] System.Net.Http.HttpClient.DeepSeek.ClientHandler Received HTTP response headers after 2216.3979ms - 200
[14:55:47 INF] System.Net.Http.HttpClient.DeepSeek.LogicalHandler End processing HTTP request after 2216.7573ms - 200
[14:55:47 INF] System.Net.Http.HttpClient.DeepSeek.ClientHandler Received HTTP response headers after 2213.005ms - 200
[14:55:47 INF] System.Net.Http.HttpClient.DeepSeek.LogicalHandler End processing HTTP request after 2213.7909ms - 200
[14:55:47 INF] System.Net.Http.HttpClient.DeepSeek.ClientHandler Received HTTP response headers after 2213.4336ms - 200
[14:55:47 INF] System.Net.Http.HttpClient.DeepSeek.LogicalHandler End processing HTTP request after 2213.566ms - 200
[14:55:47 INF] System.Net.Http.HttpClient.DeepSeek.ClientHandler Received HTTP response headers after 2208.6431ms - 200
[14:55:47 INF] System.Net.Http.HttpClient.DeepSeek.LogicalHandler End processing HTTP request after 2208.8441ms - 200
[14:55:47 INF] System.Net.Http.HttpClient.DeepSeek.ClientHandler Received HTTP response headers after 2208.3651ms - 200
[14:55:47 INF] System.Net.Http.HttpClient.DeepSeek.LogicalHandler End processing HTTP request after 2210.1597ms - 200
[14:55:47 INF] System.Net.Http.HttpClient.DeepSeek.ClientHandler Received HTTP response headers after 2211.4302ms - 200
[14:55:47 INF] System.Net.Http.HttpClient.DeepSeek.LogicalHandler End processing HTTP request after 2213.8707ms - 200
[14:55:47 INF] System.Net.Http.HttpClient.DeepSeek.ClientHandler Received HTTP response headers after 2208.5779ms - 200
[14:55:47 INF] System.Net.Http.HttpClient.DeepSeek.ClientHandler Received HTTP response headers after 2205.209ms - 200
[14:55:47 INF] System.Net.Http.HttpClient.DeepSeek.LogicalHandler End processing HTTP request after 2205.4019ms - 200
[14:55:47 INF] System.Net.Http.HttpClient.DeepSeek.ClientHandler Received HTTP response headers after 2219.8957ms - 200
[14:55:47 INF] System.Net.Http.HttpClient.DeepSeek.LogicalHandler End processing HTTP request after 2220.1525ms - 200
[14:55:47 INF] System.Net.Http.HttpClient.DeepSeek.ClientHandler Received HTTP response headers after 2211.9012ms - 200
[14:55:47 INF] System.Net.Http.HttpClient.DeepSeek.ClientHandler Received HTTP response headers after 2209.9664ms - 200
[14:55:47 INF] System.Net.Http.HttpClient.DeepSeek.LogicalHandler End processing HTTP request after 2212.2173ms - 200
[14:55:47 INF] System.Net.Http.HttpClient.DeepSeek.ClientHandler Received HTTP response headers after 2206.9804ms - 200
[14:55:47 INF] System.Net.Http.HttpClient.DeepSeek.LogicalHandler End processing HTTP request after 2207.089ms - 200
[14:55:47 INF] System.Net.Http.HttpClient.DeepSeek.ClientHandler Received HTTP response headers after 2213.4847ms - 200
[14:55:47 INF] System.Net.Http.HttpClient.DeepSeek.LogicalHandler End processing HTTP request after 2214.0121ms - 200
[14:55:47 INF] System.Net.Http.HttpClient.DeepSeek.ClientHandler Received HTTP response headers after 2217.7212ms - 200
[14:55:47 INF] System.Net.Http.HttpClient.DeepSeek.LogicalHandler End processing HTTP request after 2217.8482ms - 200
[14:55:47 INF] System.Net.Http.HttpClient.DeepSeek.LogicalHandler End processing HTTP request after 2215.4498ms - 200
[14:55:47 INF] System.Net.Http.HttpClient.DeepSeek.LogicalHandler End processing HTTP request after 2210.4845ms - 200
[14:55:47 INF] System.Net.Http.HttpClient.DeepSeek.ClientHandler Received HTTP response headers after 2222.5218ms - 200
[14:55:47 INF] System.Net.Http.HttpClient.DeepSeek.LogicalHandler End processing HTTP request after 2222.6966ms - 200
[14:55:47 INF] System.Net.Http.HttpClient.DeepSeek.ClientHandler Received HTTP response headers after 2228.2582ms - 200
[14:55:47 INF] System.Net.Http.HttpClient.DeepSeek.ClientHandler Received HTTP response headers after 2213.2422ms - 200
[14:55:47 INF] System.Net.Http.HttpClient.DeepSeek.LogicalHandler End processing HTTP request after 2228.4827ms - 200
[14:55:47 INF] System.Net.Http.HttpClient.DeepSeek.LogicalHandler End processing HTTP request after 2216.4505ms - 200
[14:55:47 INF] System.Net.Http.HttpClient.DeepSeek.ClientHandler Received HTTP response headers after 2218.7083ms - 200
[14:55:47 INF] System.Net.Http.HttpClient.DeepSeek.ClientHandler Received HTTP response headers after 1153.988ms - 200
[14:55:47 INF] System.Net.Http.HttpClient.DeepSeek.LogicalHandler End processing HTTP request after 1154.3814ms - 200
[14:55:47 INF] System.Net.Http.HttpClient.DeepSeek.LogicalHandler End processing HTTP request after 2218.7993ms - 200
[14:55:47 INF] System.Net.Http.HttpClient.DeepSeek.ClientHandler Received HTTP response headers after 2213.3713ms - 200
[14:55:47 INF] System.Net.Http.HttpClient.DeepSeek.LogicalHandler End processing HTTP request after 2213.5154ms - 200
[14:55:47 INF] System.Net.Http.HttpClient.DeepSeek.ClientHandler Received HTTP response headers after 2225.8794ms - 200
[14:55:47 INF] System.Net.Http.HttpClient.DeepSeek.LogicalHandler End processing HTTP request after 2226.0949ms - 200
[14:55:47 INF] System.Net.Http.HttpClient.DeepSeek.ClientHandler Received HTTP response headers after 2225.5637ms - 200
[14:55:47 INF] System.Net.Http.HttpClient.DeepSeek.LogicalHandler End processing HTTP request after 2226.0052ms - 200
[14:55:47 INF] System.Net.Http.HttpClient.DeepSeek.ClientHandler Received HTTP response headers after 2215.9251ms - 200
[14:55:47 INF] System.Net.Http.HttpClient.DeepSeek.LogicalHandler End processing HTTP request after 2217.1822ms - 200
[14:55:47 INF] System.Net.Http.HttpClient.DeepSeek.ClientHandler Received HTTP response headers after 2233.4492ms - 200
[14:55:47 INF] System.Net.Http.HttpClient.DeepSeek.LogicalHandler End processing HTTP request after 2233.7398ms - 200
[14:55:47 INF] System.Net.Http.HttpClient.DeepSeek.ClientHandler Received HTTP response headers after 2231.761ms - 200
[14:55:47 INF] System.Net.Http.HttpClient.DeepSeek.LogicalHandler End processing HTTP request after 2231.954ms - 200
[14:55:47 INF] System.Net.Http.HttpClient.DeepSeek.ClientHandler Received HTTP response headers after 2228.168ms - 200
[14:55:47 INF] System.Net.Http.HttpClient.DeepSeek.LogicalHandler End processing HTTP request after 2228.3312ms - 200
[14:55:47 INF] System.Net.Http.HttpClient.DeepSeek.ClientHandler Received HTTP response headers after 2232.3732ms - 200
[14:55:47 INF] System.Net.Http.HttpClient.DeepSeek.LogicalHandler End processing HTTP request after 2232.7592ms - 200
[14:55:47 INF] System.Net.Http.HttpClient.DeepSeek.ClientHandler Received HTTP response headers after 2234.6867ms - 200
[14:55:47 INF] System.Net.Http.HttpClient.DeepSeek.LogicalHandler End processing HTTP request after 2234.9144ms - 200
[14:55:47 INF] System.Net.Http.HttpClient.DeepSeek.ClientHandler Received HTTP response headers after 2245.9733ms - 200
[14:55:47 INF] System.Net.Http.HttpClient.DeepSeek.LogicalHandler End processing HTTP request after 2247.2429ms - 200
[14:55:47 INF] System.Net.Http.HttpClient.DeepSeek.ClientHandler Received HTTP response headers after 2244.8529ms - 200
[14:55:47 INF] System.Net.Http.HttpClient.DeepSeek.LogicalHandler End processing HTTP request after 2245.1152ms - 200
[14:55:47 INF] System.Net.Http.HttpClient.DeepSeek.ClientHandler Received HTTP response headers after 2249.6136ms - 200
[14:55:47 INF] System.Net.Http.HttpClient.DeepSeek.LogicalHandler End processing HTTP request after 2252.0452ms - 200
[14:55:47 INF] System.Net.Http.HttpClient.DeepSeek.ClientHandler Received HTTP response headers after 2239.2833ms - 200
[14:55:47 INF] System.Net.Http.HttpClient.DeepSeek.LogicalHandler End processing HTTP request after 2239.4589ms - 200
[14:55:47 INF] System.Net.Http.HttpClient.DeepSeek.ClientHandler Received HTTP response headers after 2245.4064ms - 200
[14:55:47 INF] System.Net.Http.HttpClient.DeepSeek.LogicalHandler End processing HTTP request after 2246.1089ms - 200
[14:55:47 INF] System.Net.Http.HttpClient.DeepSeek.ClientHandler Received HTTP response headers after 2288.0967ms - 200
[14:55:47 INF] System.Net.Http.HttpClient.DeepSeek.LogicalHandler End processing HTTP request after 2288.3354ms - 200
[14:55:47 INF] System.Net.Http.HttpClient.DeepSeek.ClientHandler Received HTTP response headers after 2330.919ms - 200
[14:55:47 INF] System.Net.Http.HttpClient.DeepSeek.LogicalHandler End processing HTTP request after 2331.1457ms - 200
[14:55:47 INF] System.Net.Http.HttpClient.DeepSeek.LogicalHandler Start processing HTTP request POST https://api.deepseek.com/chat/completions
[14:55:47 INF] System.Net.Http.HttpClient.DeepSeek.ClientHandler Sending HTTP request POST https://api.deepseek.com/chat/completions
[14:55:47 INF] System.Net.Http.HttpClient.DeepSeek.ClientHandler Received HTTP response headers after 718.4543ms - 200
[14:55:47 INF] System.Net.Http.HttpClient.DeepSeek.LogicalHandler End processing HTTP request after 719.0331ms - 200
[14:55:48 INF] System.Net.Http.HttpClient.DeepSeek.ClientHandler Received HTTP response headers after 293.6476ms - 200
[14:55:48 INF] System.Net.Http.HttpClient.DeepSeek.LogicalHandler End processing HTTP request after 294.1356ms - 200
[14:55:48 INF] System.Net.Http.HttpClient.DeepSeek.LogicalHandler Start processing HTTP request POST https://api.deepseek.com/chat/completions
[14:55:48 INF] System.Net.Http.HttpClient.DeepSeek.ClientHandler Sending HTTP request POST https://api.deepseek.com/chat/completions
[14:55:48 INF] System.Net.Http.HttpClient.DeepSeek.ClientHandler Received HTTP response headers after 354.3562ms - 200
[14:55:48 INF] System.Net.Http.HttpClient.DeepSeek.LogicalHandler End processing HTTP request after 354.8735ms - 200
[14:55:48 INF] System.Net.Http.HttpClient.DeepSeek.LogicalHandler Start processing HTTP request POST https://api.deepseek.com/chat/completions
[14:55:48 INF] System.Net.Http.HttpClient.DeepSeek.ClientHandler Sending HTTP request POST https://api.deepseek.com/chat/completions
[14:55:48 INF] System.Net.Http.HttpClient.DeepSeek.LogicalHandler Start processing HTTP request POST https://api.deepseek.com/chat/completions
[14:55:48 INF] System.Net.Http.HttpClient.DeepSeek.ClientHandler Sending HTTP request POST https://api.deepseek.com/chat/completions
[14:55:48 INF] System.Net.Http.HttpClient.DeepSeek.LogicalHandler Start processing HTTP request POST https://api.deepseek.com/chat/completions
[14:55:48 INF] System.Net.Http.HttpClient.DeepSeek.ClientHandler Sending HTTP request POST https://api.deepseek.com/chat/completions
[14:55:48 INF] System.Net.Http.HttpClient.DeepSeek.LogicalHandler Start processing HTTP request POST https://api.deepseek.com/chat/completions
[14:55:48 INF] System.Net.Http.HttpClient.DeepSeek.ClientHandler Sending HTTP request POST https://api.deepseek.com/chat/completions
[14:55:48 INF] System.Net.Http.HttpClient.DeepSeek.LogicalHandler Start processing HTTP request POST https://api.deepseek.com/chat/completions
[14:55:48 INF] System.Net.Http.HttpClient.DeepSeek.ClientHandler Sending HTTP request POST https://api.deepseek.com/chat/completions
[14:55:48 INF] System.Net.Http.HttpClient.DeepSeek.LogicalHandler Start processing HTTP request POST https://api.deepseek.com/chat/completions
[14:55:48 INF] System.Net.Http.HttpClient.DeepSeek.ClientHandler Sending HTTP request POST https://api.deepseek.com/chat/completions
[14:55:48 INF] System.Net.Http.HttpClient.DeepSeek.LogicalHandler Start processing HTTP request POST https://api.deepseek.com/chat/completions
[14:55:48 INF] System.Net.Http.HttpClient.DeepSeek.ClientHandler Sending HTTP request POST https://api.deepseek.com/chat/completions
[14:55:49 INF] System.Net.Http.HttpClient.DeepSeek.LogicalHandler Start processing HTTP request POST https://api.deepseek.com/chat/completions
[14:55:49 INF] System.Net.Http.HttpClient.DeepSeek.ClientHandler Sending HTTP request POST https://api.deepseek.com/chat/completions
[14:55:49 INF] System.Net.Http.HttpClient.DeepSeek.LogicalHandler Start processing HTTP request POST https://api.deepseek.com/chat/completions
[14:55:49 INF] System.Net.Http.HttpClient.DeepSeek.ClientHandler Sending HTTP request POST https://api.deepseek.com/chat/completions
[14:55:49 INF] System.Net.Http.HttpClient.DeepSeek.LogicalHandler Start processing HTTP request POST https://api.deepseek.com/chat/completions
[14:55:49 INF] System.Net.Http.HttpClient.DeepSeek.ClientHandler Sending HTTP request POST https://api.deepseek.com/chat/completions
[14:55:49 INF] System.Net.Http.HttpClient.DeepSeek.ClientHandler Received HTTP response headers after 308.1849ms - 200
[14:55:49 INF] System.Net.Http.HttpClient.DeepSeek.LogicalHandler End processing HTTP request after 308.5103ms - 200
[14:55:49 INF] System.Net.Http.HttpClient.DeepSeek.LogicalHandler Start processing HTTP request POST https://api.deepseek.com/chat/completions
[14:55:49 INF] System.Net.Http.HttpClient.DeepSeek.ClientHandler Sending HTTP request POST https://api.deepseek.com/chat/completions
[14:55:49 INF] System.Net.Http.HttpClient.DeepSeek.ClientHandler Received HTTP response headers after 285.2909ms - 200
[14:55:49 INF] System.Net.Http.HttpClient.DeepSeek.LogicalHandler End processing HTTP request after 285.7582ms - 200
[14:55:49 INF] System.Net.Http.HttpClient.DeepSeek.ClientHandler Received HTTP response headers after 279.6405ms - 200
[14:55:49 INF] System.Net.Http.HttpClient.DeepSeek.LogicalHandler End processing HTTP request after 280.3977ms - 200
[14:55:49 INF] System.Net.Http.HttpClient.DeepSeek.ClientHandler Received HTTP response headers after 298.2538ms - 200
[14:55:49 INF] System.Net.Http.HttpClient.DeepSeek.LogicalHandler End processing HTTP request after 298.7161ms - 200
[14:55:49 INF] System.Net.Http.HttpClient.DeepSeek.LogicalHandler Start processing HTTP request POST https://api.deepseek.com/chat/completions
[14:55:49 INF] System.Net.Http.HttpClient.DeepSeek.ClientHandler Sending HTTP request POST https://api.deepseek.com/chat/completions
[14:55:49 INF] System.Net.Http.HttpClient.DeepSeek.ClientHandler Received HTTP response headers after 294.7001ms - 200
[14:55:49 INF] System.Net.Http.HttpClient.DeepSeek.LogicalHandler Start processing HTTP request POST https://api.deepseek.com/chat/completions
[14:55:49 INF] System.Net.Http.HttpClient.DeepSeek.ClientHandler Sending HTTP request POST https://api.deepseek.com/chat/completions
[14:55:49 INF] System.Net.Http.HttpClient.DeepSeek.LogicalHandler End processing HTTP request after 295.3234ms - 200
[14:55:49 INF] System.Net.Http.HttpClient.DeepSeek.LogicalHandler Start processing HTTP request POST https://api.deepseek.com/chat/completions
[14:55:49 INF] System.Net.Http.HttpClient.DeepSeek.ClientHandler Sending HTTP request POST https://api.deepseek.com/chat/completions
[14:55:49 INF] System.Net.Http.HttpClient.DeepSeek.ClientHandler Received HTTP response headers after 285.3252ms - 200
[14:55:49 INF] System.Net.Http.HttpClient.DeepSeek.LogicalHandler End processing HTTP request after 285.9749ms - 200
[14:55:49 INF] System.Net.Http.HttpClient.DeepSeek.ClientHandler Received HTTP response headers after 282.9003ms - 200
[14:55:49 INF] System.Net.Http.HttpClient.DeepSeek.LogicalHandler End processing HTTP request after 283.2832ms - 200
[14:55:49 INF] System.Net.Http.HttpClient.DeepSeek.ClientHandler Received HTTP response headers after 273.2997ms - 200
[14:55:49 INF] System.Net.Http.HttpClient.DeepSeek.LogicalHandler End processing HTTP request after 273.865ms - 200
[14:55:49 INF] System.Net.Http.HttpClient.DeepSeek.ClientHandler Received HTTP response headers after 276.2755ms - 200
[14:55:49 INF] System.Net.Http.HttpClient.DeepSeek.LogicalHandler End processing HTTP request after 276.8624ms - 200
[14:55:49 INF] System.Net.Http.HttpClient.DeepSeek.LogicalHandler Start processing HTTP request POST https://api.deepseek.com/chat/completions
[14:55:49 INF] System.Net.Http.HttpClient.DeepSeek.ClientHandler Sending HTTP request POST https://api.deepseek.com/chat/completions
[14:55:49 INF] System.Net.Http.HttpClient.DeepSeek.ClientHandler Received HTTP response headers after 300.5375ms - 200
[14:55:49 INF] System.Net.Http.HttpClient.DeepSeek.ClientHandler Received HTTP response headers after 289.3025ms - 200
[14:55:49 INF] System.Net.Http.HttpClient.DeepSeek.LogicalHandler End processing HTTP request after 300.9729ms - 200
[14:55:49 INF] System.Net.Http.HttpClient.DeepSeek.LogicalHandler End processing HTTP request after 289.7938ms - 200
[14:55:49 INF] System.Net.Http.HttpClient.DeepSeek.LogicalHandler Start processing HTTP request POST https://api.deepseek.com/chat/completions
[14:55:49 INF] System.Net.Http.HttpClient.DeepSeek.ClientHandler Sending HTTP request POST https://api.deepseek.com/chat/completions
[14:55:49 INF] System.Net.Http.HttpClient.DeepSeek.LogicalHandler Start processing HTTP request POST https://api.deepseek.com/chat/completions
[14:55:49 INF] System.Net.Http.HttpClient.DeepSeek.ClientHandler Sending HTTP request POST https://api.deepseek.com/chat/completions
[14:55:49 INF] System.Net.Http.HttpClient.DeepSeek.ClientHandler Received HTTP response headers after 283.9855ms - 200
[14:55:49 INF] System.Net.Http.HttpClient.DeepSeek.LogicalHandler End processing HTTP request after 284.3548ms - 200
[14:55:49 INF] System.Net.Http.HttpClient.DeepSeek.LogicalHandler Start processing HTTP request POST https://api.deepseek.com/chat/completions
[14:55:49 INF] System.Net.Http.HttpClient.DeepSeek.ClientHandler Sending HTTP request POST https://api.deepseek.com/chat/completions
[14:55:49 INF] System.Net.Http.HttpClient.DeepSeek.ClientHandler Received HTTP response headers after 277.6003ms - 200
[14:55:49 INF] System.Net.Http.HttpClient.DeepSeek.LogicalHandler End processing HTTP request after 280.6215ms - 200
[14:55:49 INF] System.Net.Http.HttpClient.DeepSeek.ClientHandler Received HTTP response headers after 369.8755ms - 200
[14:55:49 INF] System.Net.Http.HttpClient.DeepSeek.LogicalHandler End processing HTTP request after 370.3032ms - 200
[14:55:49 INF] System.Net.Http.HttpClient.DeepSeek.LogicalHandler Start processing HTTP request POST https://api.deepseek.com/chat/completions
[14:55:49 INF] System.Net.Http.HttpClient.DeepSeek.ClientHandler Sending HTTP request POST https://api.deepseek.com/chat/completions
[14:55:49 INF] System.Net.Http.HttpClient.DeepSeek.ClientHandler Received HTTP response headers after 312.111ms - 200
[14:55:49 INF] System.Net.Http.HttpClient.DeepSeek.LogicalHandler End processing HTTP request after 312.3801ms - 200
[14:55:49 INF] System.Net.Http.HttpClient.DeepSeek.ClientHandler Received HTTP response headers after 293.3615ms - 200
[14:55:49 INF] System.Net.Http.HttpClient.DeepSeek.LogicalHandler End processing HTTP request after 293.6018ms - 200
[14:55:49 INF] System.Net.Http.HttpClient.DeepSeek.ClientHandler Received HTTP response headers after 282.1566ms - 200
[14:55:49 INF] System.Net.Http.HttpClient.DeepSeek.LogicalHandler End processing HTTP request after 282.3815ms - 200
[14:55:49 INF] System.Net.Http.HttpClient.DeepSeek.ClientHandler Received HTTP response headers after 317.2768ms - 200
[14:55:49 INF] System.Net.Http.HttpClient.DeepSeek.LogicalHandler End processing HTTP request after 317.8392ms - 200
[14:55:49 INF] System.Net.Http.HttpClient.DeepSeek.LogicalHandler Start processing HTTP request POST https://api.deepseek.com/chat/completions
[14:55:49 INF] System.Net.Http.HttpClient.DeepSeek.ClientHandler Sending HTTP request POST https://api.deepseek.com/chat/completions
[14:55:49 INF] System.Net.Http.HttpClient.DeepSeek.LogicalHandler Start processing HTTP request POST https://api.deepseek.com/chat/completions
[14:55:49 INF] System.Net.Http.HttpClient.DeepSeek.ClientHandler Sending HTTP request POST https://api.deepseek.com/chat/completions
[14:55:49 INF] System.Net.Http.HttpClient.DeepSeek.LogicalHandler Start processing HTTP request POST https://api.deepseek.com/chat/completions
[14:55:49 INF] System.Net.Http.HttpClient.DeepSeek.ClientHandler Sending HTTP request POST https://api.deepseek.com/chat/completions
[14:55:49 INF] System.Net.Http.HttpClient.DeepSeek.LogicalHandler Start processing HTTP request POST https://api.deepseek.com/chat/completions
[14:55:49 INF] System.Net.Http.HttpClient.DeepSeek.ClientHandler Sending HTTP request POST https://api.deepseek.com/chat/completions
[14:55:49 INF] System.Net.Http.HttpClient.DeepSeek.LogicalHandler Start processing HTTP request POST https://api.deepseek.com/chat/completions
[14:55:49 INF] System.Net.Http.HttpClient.DeepSeek.ClientHandler Sending HTTP request POST https://api.deepseek.com/chat/completions
[14:55:49 INF] System.Net.Http.HttpClient.DeepSeek.LogicalHandler Start processing HTTP request POST https://api.deepseek.com/chat/completions
[14:55:49 INF] System.Net.Http.HttpClient.DeepSeek.ClientHandler Sending HTTP request POST https://api.deepseek.com/chat/completions
[14:55:50 INF] System.Net.Http.HttpClient.DeepSeek.LogicalHandler Start processing HTTP request POST https://api.deepseek.com/chat/completions
[14:55:50 INF] System.Net.Http.HttpClient.DeepSeek.ClientHandler Sending HTTP request POST https://api.deepseek.com/chat/completions
[14:55:50 INF] System.Net.Http.HttpClient.DeepSeek.ClientHandler Received HTTP response headers after 370.5224ms - 200
[14:55:50 INF] System.Net.Http.HttpClient.DeepSeek.LogicalHandler End processing HTTP request after 374.2827ms - 200
[14:55:50 INF] System.Net.Http.HttpClient.DeepSeek.ClientHandler Received HTTP response headers after 295.8577ms - 200
[14:55:50 INF] System.Net.Http.HttpClient.DeepSeek.LogicalHandler End processing HTTP request after 296.2902ms - 200
[14:55:50 INF] System.Net.Http.HttpClient.DeepSeek.ClientHandler Received HTTP response headers after 295.5164ms - 200
[14:55:50 INF] System.Net.Http.HttpClient.DeepSeek.LogicalHandler End processing HTTP request after 298.3046ms - 200
[14:55:50 INF] System.Net.Http.HttpClient.DeepSeek.LogicalHandler Start processing HTTP request POST https://api.deepseek.com/chat/completions
[14:55:50 INF] System.Net.Http.HttpClient.DeepSeek.ClientHandler Sending HTTP request POST https://api.deepseek.com/chat/completions
[14:55:50 INF] System.Net.Http.HttpClient.DeepSeek.ClientHandler Received HTTP response headers after 301.3454ms - 200
[14:55:50 INF] System.Net.Http.HttpClient.DeepSeek.LogicalHandler End processing HTTP request after 301.8093ms - 200
[14:55:50 INF] System.Net.Http.HttpClient.DeepSeek.LogicalHandler Start processing HTTP request POST https://api.deepseek.com/chat/completions
[14:55:50 INF] System.Net.Http.HttpClient.DeepSeek.ClientHandler Sending HTTP request POST https://api.deepseek.com/chat/completions
[14:55:50 INF] System.Net.Http.HttpClient.DeepSeek.LogicalHandler Start processing HTTP request POST https://api.deepseek.com/chat/completions
[14:55:50 INF] System.Net.Http.HttpClient.DeepSeek.ClientHandler Sending HTTP request POST https://api.deepseek.com/chat/completions
[14:55:50 INF] System.Net.Http.HttpClient.DeepSeek.LogicalHandler Start processing HTTP request POST https://api.deepseek.com/chat/completions
[14:55:50 INF] System.Net.Http.HttpClient.DeepSeek.ClientHandler Sending HTTP request POST https://api.deepseek.com/chat/completions
[14:55:50 INF] System.Net.Http.HttpClient.DeepSeek.ClientHandler Received HTTP response headers after 280.197ms - 200
[14:55:50 INF] System.Net.Http.HttpClient.DeepSeek.LogicalHandler End processing HTTP request after 280.451ms - 200
[14:55:50 INF] System.Net.Http.HttpClient.DeepSeek.ClientHandler Received HTTP response headers after 301.77ms - 200
[14:55:50 INF] System.Net.Http.HttpClient.DeepSeek.LogicalHandler End processing HTTP request after 302.1475ms - 200
[14:55:50 INF] System.Net.Http.HttpClient.DeepSeek.ClientHandler Received HTTP response headers after 285.7619ms - 200
[14:55:50 INF] System.Net.Http.HttpClient.DeepSeek.LogicalHandler End processing HTTP request after 286.0041ms - 200
[14:55:50 INF] System.Net.Http.HttpClient.DeepSeek.ClientHandler Received HTTP response headers after 279.7653ms - 200
[14:55:50 INF] System.Net.Http.HttpClient.DeepSeek.LogicalHandler End processing HTTP request after 279.981ms - 200
[14:55:50 INF] System.Net.Http.HttpClient.DeepSeek.LogicalHandler Start processing HTTP request POST https://api.deepseek.com/chat/completions
[14:55:50 INF] System.Net.Http.HttpClient.DeepSeek.ClientHandler Sending HTTP request POST https://api.deepseek.com/chat/completions
[14:55:50 INF] System.Net.Http.HttpClient.DeepSeek.ClientHandler Received HTTP response headers after 280.9592ms - 200
[14:55:50 INF] System.Net.Http.HttpClient.DeepSeek.LogicalHandler End processing HTTP request after 281.3614ms - 200
[14:55:50 INF] System.Net.Http.HttpClient.DeepSeek.LogicalHandler Start processing HTTP request POST https://api.deepseek.com/chat/completions
[14:55:50 INF] System.Net.Http.HttpClient.DeepSeek.ClientHandler Sending HTTP request POST https://api.deepseek.com/chat/completions
[14:55:50 INF] System.Net.Http.HttpClient.DeepSeek.ClientHandler Received HTTP response headers after 301.1536ms - 200
[14:55:50 INF] System.Net.Http.HttpClient.DeepSeek.LogicalHandler End processing HTTP request after 301.59ms - 200
[14:55:50 INF] System.Net.Http.HttpClient.DeepSeek.ClientHandler Received HTTP response headers after 298.8814ms - 200
[14:55:50 INF] System.Net.Http.HttpClient.DeepSeek.LogicalHandler End processing HTTP request after 299.2806ms - 200
[14:55:50 INF] System.Net.Http.HttpClient.DeepSeek.ClientHandler Received HTTP response headers after 273.8388ms - 200
[14:55:50 INF] System.Net.Http.HttpClient.DeepSeek.LogicalHandler End processing HTTP request after 274.1257ms - 200
[14:55:50 INF] System.Net.Http.HttpClient.DeepSeek.LogicalHandler Start processing HTTP request POST https://api.deepseek.com/chat/completions
[14:55:50 INF] System.Net.Http.HttpClient.DeepSeek.ClientHandler Sending HTTP request POST https://api.deepseek.com/chat/completions
[14:55:50 INF] System.Net.Http.HttpClient.DeepSeek.LogicalHandler Start processing HTTP request POST https://api.deepseek.com/chat/completions
[14:55:50 INF] System.Net.Http.HttpClient.DeepSeek.ClientHandler Sending HTTP request POST https://api.deepseek.com/chat/completions
[14:55:50 INF] System.Net.Http.HttpClient.DeepSeek.LogicalHandler Start processing HTTP request POST https://api.deepseek.com/chat/completions
[14:55:50 INF] System.Net.Http.HttpClient.DeepSeek.ClientHandler Sending HTTP request POST https://api.deepseek.com/chat/completions
[14:55:50 INF] System.Net.Http.HttpClient.DeepSeek.ClientHandler Received HTTP response headers after 294.5956ms - 200
[14:55:50 INF] System.Net.Http.HttpClient.DeepSeek.LogicalHandler End processing HTTP request after 295.0715ms - 200
[14:55:50 INF] System.Net.Http.HttpClient.DeepSeek.LogicalHandler Start processing HTTP request POST https://api.deepseek.com/chat/completions
[14:55:50 INF] System.Net.Http.HttpClient.DeepSeek.ClientHandler Sending HTTP request POST https://api.deepseek.com/chat/completions
[14:55:50 INF] System.Net.Http.HttpClient.DeepSeek.LogicalHandler Start processing HTTP request POST https://api.deepseek.com/chat/completions
[14:55:50 INF] System.Net.Http.HttpClient.DeepSeek.ClientHandler Sending HTTP request POST https://api.deepseek.com/chat/completions
[14:55:50 INF] System.Net.Http.HttpClient.DeepSeek.ClientHandler Received HTTP response headers after 285.236ms - 200
[14:55:50 INF] System.Net.Http.HttpClient.DeepSeek.LogicalHandler End processing HTTP request after 285.487ms - 200
[14:55:50 INF] System.Net.Http.HttpClient.DeepSeek.LogicalHandler Start processing HTTP request POST https://api.deepseek.com/chat/completions
[14:55:50 INF] System.Net.Http.HttpClient.DeepSeek.ClientHandler Sending HTTP request POST https://api.deepseek.com/chat/completions
[14:55:50 INF] System.Net.Http.HttpClient.DeepSeek.LogicalHandler Start processing HTTP request POST https://api.deepseek.com/chat/completions
[14:55:50 INF] System.Net.Http.HttpClient.DeepSeek.ClientHandler Sending HTTP request POST https://api.deepseek.com/chat/completions
[14:55:50 INF] System.Net.Http.HttpClient.DeepSeek.LogicalHandler Start processing HTTP request POST https://api.deepseek.com/chat/completions
[14:55:50 INF] System.Net.Http.HttpClient.DeepSeek.ClientHandler Sending HTTP request POST https://api.deepseek.com/chat/completions
[14:55:50 INF] System.Net.Http.HttpClient.DeepSeek.LogicalHandler Start processing HTTP request POST https://api.deepseek.com/chat/completions
[14:55:50 INF] System.Net.Http.HttpClient.DeepSeek.ClientHandler Sending HTTP request POST https://api.deepseek.com/chat/completions
[14:55:50 INF] System.Net.Http.HttpClient.DeepSeek.ClientHandler Received HTTP response headers after 275.7981ms - 200
[14:55:50 INF] System.Net.Http.HttpClient.DeepSeek.LogicalHandler End processing HTTP request after 276.1305ms - 200
[14:55:50 INF] System.Net.Http.HttpClient.DeepSeek.ClientHandler Received HTTP response headers after 278.9489ms - 200
[14:55:50 INF] System.Net.Http.HttpClient.DeepSeek.LogicalHandler End processing HTTP request after 279.263ms - 200
[14:55:50 INF] System.Net.Http.HttpClient.DeepSeek.ClientHandler Received HTTP response headers after 286.5226ms - 200
[14:55:50 INF] System.Net.Http.HttpClient.DeepSeek.LogicalHandler End processing HTTP request after 286.974ms - 200
[14:55:50 INF] System.Net.Http.HttpClient.DeepSeek.LogicalHandler Start processing HTTP request POST https://api.deepseek.com/chat/completions
[14:55:50 INF] System.Net.Http.HttpClient.DeepSeek.ClientHandler Sending HTTP request POST https://api.deepseek.com/chat/completions
[14:55:50 INF] System.Net.Http.HttpClient.DeepSeek.ClientHandler Received HTTP response headers after 281.6315ms - 200
[14:55:50 INF] System.Net.Http.HttpClient.DeepSeek.LogicalHandler End processing HTTP request after 282.4805ms - 200
[14:55:50 INF] System.Net.Http.HttpClient.DeepSeek.LogicalHandler Start processing HTTP request POST https://api.deepseek.com/chat/completions
[14:55:50 INF] System.Net.Http.HttpClient.DeepSeek.ClientHandler Sending HTTP request POST https://api.deepseek.com/chat/completions
[14:55:50 INF] System.Net.Http.HttpClient.DeepSeek.ClientHandler Received HTTP response headers after 278.289ms - 200
[14:55:50 INF] System.Net.Http.HttpClient.DeepSeek.LogicalHandler End processing HTTP request after 278.761ms - 200
[14:55:51 INF] System.Net.Http.HttpClient.DeepSeek.ClientHandler Received HTTP response headers after 293.262ms - 200
[14:55:51 INF] System.Net.Http.HttpClient.DeepSeek.LogicalHandler End processing HTTP request after 293.786ms - 200
[14:55:51 INF] System.Net.Http.HttpClient.DeepSeek.ClientHandler Received HTTP response headers after 298.182ms - 200
[14:55:51 INF] System.Net.Http.HttpClient.DeepSeek.LogicalHandler End processing HTTP request after 298.5566ms - 200
[14:55:51 INF] System.Net.Http.HttpClient.DeepSeek.ClientHandler Received HTTP response headers after 290.7693ms - 200
[14:55:51 INF] System.Net.Http.HttpClient.DeepSeek.LogicalHandler End processing HTTP request after 291.146ms - 200
[14:55:51 INF] System.Net.Http.HttpClient.DeepSeek.LogicalHandler Start processing HTTP request POST https://api.deepseek.com/chat/completions
[14:55:51 INF] System.Net.Http.HttpClient.DeepSeek.ClientHandler Sending HTTP request POST https://api.deepseek.com/chat/completions
[14:55:51 INF] System.Net.Http.HttpClient.DeepSeek.ClientHandler Received HTTP response headers after 296.4383ms - 200
[14:55:51 INF] System.Net.Http.HttpClient.DeepSeek.LogicalHandler End processing HTTP request after 296.9062ms - 200
[14:55:51 INF] System.Net.Http.HttpClient.DeepSeek.LogicalHandler Start processing HTTP request POST https://api.deepseek.com/chat/completions
[14:55:51 INF] System.Net.Http.HttpClient.DeepSeek.ClientHandler Sending HTTP request POST https://api.deepseek.com/chat/completions
[14:55:51 INF] System.Net.Http.HttpClient.DeepSeek.ClientHandler Received HTTP response headers after 279.8747ms - 200
[14:55:51 INF] System.Net.Http.HttpClient.DeepSeek.LogicalHandler End processing HTTP request after 280.9906ms - 200
[14:55:51 INF] System.Net.Http.HttpClient.DeepSeek.ClientHandler Received HTTP response headers after 285.4602ms - 200
[14:55:51 INF] System.Net.Http.HttpClient.DeepSeek.LogicalHandler End processing HTTP request after 285.9274ms - 200
[14:55:51 INF] System.Net.Http.HttpClient.DeepSeek.LogicalHandler Start processing HTTP request POST https://api.deepseek.com/chat/completions
[14:55:51 INF] System.Net.Http.HttpClient.DeepSeek.ClientHandler Sending HTTP request POST https://api.deepseek.com/chat/completions
[14:55:51 INF] System.Net.Http.HttpClient.DeepSeek.LogicalHandler Start processing HTTP request POST https://api.deepseek.com/chat/completions
[14:55:51 INF] System.Net.Http.HttpClient.DeepSeek.ClientHandler Sending HTTP request POST https://api.deepseek.com/chat/completions
[14:55:51 INF] System.Net.Http.HttpClient.DeepSeek.LogicalHandler Start processing HTTP request POST https://api.deepseek.com/chat/completions
[14:55:51 INF] System.Net.Http.HttpClient.DeepSeek.ClientHandler Sending HTTP request POST https://api.deepseek.com/chat/completions
[14:55:51 INF] System.Net.Http.HttpClient.DeepSeek.ClientHandler Received HTTP response headers after 289.3294ms - 200
[14:55:51 INF] System.Net.Http.HttpClient.DeepSeek.LogicalHandler End processing HTTP request after 290.2669ms - 200
[14:55:51 INF] System.Net.Http.HttpClient.DeepSeek.LogicalHandler Start processing HTTP request POST https://api.deepseek.com/chat/completions
[14:55:51 INF] System.Net.Http.HttpClient.DeepSeek.ClientHandler Sending HTTP request POST https://api.deepseek.com/chat/completions
[14:55:51 INF] System.Net.Http.HttpClient.DeepSeek.LogicalHandler Start processing HTTP request POST https://api.deepseek.com/chat/completions
[14:55:51 INF] System.Net.Http.HttpClient.DeepSeek.ClientHandler Sending HTTP request POST https://api.deepseek.com/chat/completions
[14:55:51 INF] System.Net.Http.HttpClient.DeepSeek.ClientHandler Received HTTP response headers after 292.3499ms - 200
[14:55:51 INF] System.Net.Http.HttpClient.DeepSeek.LogicalHandler End processing HTTP request after 292.8094ms - 200
[14:55:51 INF] System.Net.Http.HttpClient.DeepSeek.LogicalHandler Start processing HTTP request POST https://api.deepseek.com/chat/completions
[14:55:51 INF] System.Net.Http.HttpClient.DeepSeek.ClientHandler Sending HTTP request POST https://api.deepseek.com/chat/completions
[14:55:51 INF] System.Net.Http.HttpClient.DeepSeek.LogicalHandler Start processing HTTP request POST https://api.deepseek.com/chat/completions
[14:55:51 INF] System.Net.Http.HttpClient.DeepSeek.ClientHandler Sending HTTP request POST https://api.deepseek.com/chat/completions
[14:55:51 INF] System.Net.Http.HttpClient.DeepSeek.LogicalHandler Start processing HTTP request POST https://api.deepseek.com/chat/completions
[14:55:51 INF] System.Net.Http.HttpClient.DeepSeek.ClientHandler Sending HTTP request POST https://api.deepseek.com/chat/completions
[14:55:51 INF] System.Net.Http.HttpClient.DeepSeek.ClientHandler Received HTTP response headers after 292.8017ms - 200
[14:55:51 INF] System.Net.Http.HttpClient.DeepSeek.LogicalHandler End processing HTTP request after 293.3999ms - 200
[14:55:51 INF] System.Net.Http.HttpClient.DeepSeek.ClientHandler Received HTTP response headers after 283.2575ms - 200
[14:55:51 INF] System.Net.Http.HttpClient.DeepSeek.LogicalHandler End processing HTTP request after 285.4424ms - 200
[14:55:51 INF] System.Net.Http.HttpClient.DeepSeek.LogicalHandler Start processing HTTP request POST https://api.deepseek.com/chat/completions
[14:55:51 INF] System.Net.Http.HttpClient.DeepSeek.ClientHandler Sending HTTP request POST https://api.deepseek.com/chat/completions
[14:55:51 INF] System.Net.Http.HttpClient.DeepSeek.LogicalHandler Start processing HTTP request POST https://api.deepseek.com/chat/completions
[14:55:51 INF] System.Net.Http.HttpClient.DeepSeek.ClientHandler Sending HTTP request POST https://api.deepseek.com/chat/completions
[14:55:51 INF] System.Net.Http.HttpClient.DeepSeek.ClientHandler Received HTTP response headers after 293.4615ms - 200
[14:55:51 INF] System.Net.Http.HttpClient.DeepSeek.LogicalHandler End processing HTTP request after 293.7029ms - 200
[14:55:51 INF] System.Net.Http.HttpClient.DeepSeek.ClientHandler Received HTTP response headers after 271.1749ms - 200
[14:55:51 INF] System.Net.Http.HttpClient.DeepSeek.LogicalHandler Start processing HTTP request POST https://api.deepseek.com/chat/completions
[14:55:51 INF] System.Net.Http.HttpClient.DeepSeek.LogicalHandler End processing HTTP request after 271.5132ms - 200
[14:55:51 INF] System.Net.Http.HttpClient.DeepSeek.ClientHandler Sending HTTP request POST https://api.deepseek.com/chat/completions
[14:55:51 INF] System.Net.Http.HttpClient.DeepSeek.LogicalHandler Start processing HTTP request POST https://api.deepseek.com/chat/completions
[14:55:51 INF] System.Net.Http.HttpClient.DeepSeek.ClientHandler Sending HTTP request POST https://api.deepseek.com/chat/completions
[14:55:51 INF] System.Net.Http.HttpClient.DeepSeek.ClientHandler Received HTTP response headers after 273.3624ms - 200
[14:55:51 INF] System.Net.Http.HttpClient.DeepSeek.LogicalHandler End processing HTTP request after 273.553ms - 200
[14:55:51 INF] System.Net.Http.HttpClient.DeepSeek.LogicalHandler Start processing HTTP request POST https://api.deepseek.com/chat/completions
[14:55:51 INF] System.Net.Http.HttpClient.DeepSeek.ClientHandler Sending HTTP request POST https://api.deepseek.com/chat/completions
[14:55:51 INF] System.Net.Http.HttpClient.DeepSeek.ClientHandler Received HTTP response headers after 301.4006ms - 200
[14:55:51 INF] System.Net.Http.HttpClient.DeepSeek.LogicalHandler End processing HTTP request after 301.6307ms - 200
[14:55:51 INF] System.Net.Http.HttpClient.DeepSeek.LogicalHandler Start processing HTTP request POST https://api.deepseek.com/chat/completions
[14:55:51 INF] System.Net.Http.HttpClient.DeepSeek.ClientHandler Sending HTTP request POST https://api.deepseek.com/chat/completions
[14:55:51 INF] System.Net.Http.HttpClient.DeepSeek.LogicalHandler Start processing HTTP request POST https://api.deepseek.com/chat/completions
[14:55:51 INF] System.Net.Http.HttpClient.DeepSeek.ClientHandler Sending HTTP request POST https://api.deepseek.com/chat/completions
[14:55:51 INF] System.Net.Http.HttpClient.DeepSeek.ClientHandler Received HTTP response headers after 275.255ms - 200
[14:55:51 INF] System.Net.Http.HttpClient.DeepSeek.LogicalHandler End processing HTTP request after 275.4791ms - 200
[14:55:51 INF] System.Net.Http.HttpClient.DeepSeek.ClientHandler Received HTTP response headers after 292.9305ms - 200
[14:55:51 INF] System.Net.Http.HttpClient.DeepSeek.LogicalHandler End processing HTTP request after 293.4063ms - 200
[14:55:51 INF] System.Net.Http.HttpClient.DeepSeek.ClientHandler Received HTTP response headers after 284.7456ms - 200
[14:55:51 INF] System.Net.Http.HttpClient.DeepSeek.LogicalHandler End processing HTTP request after 285.0441ms - 200
[14:55:51 INF] System.Net.Http.HttpClient.DeepSeek.LogicalHandler Start processing HTTP request POST https://api.deepseek.com/chat/completions
[14:55:51 INF] System.Net.Http.HttpClient.DeepSeek.ClientHandler Sending HTTP request POST https://api.deepseek.com/chat/completions
[14:55:51 INF] System.Net.Http.HttpClient.DeepSeek.LogicalHandler Start processing HTTP request POST https://api.deepseek.com/chat/completions
[14:55:51 INF] System.Net.Http.HttpClient.DeepSeek.ClientHandler Sending HTTP request POST https://api.deepseek.com/chat/completions
[14:55:51 INF] System.Net.Http.HttpClient.DeepSeek.ClientHandler Received HTTP response headers after 289.166ms - 200
[14:55:51 INF] System.Net.Http.HttpClient.DeepSeek.LogicalHandler End processing HTTP request after 289.6039ms - 200
[14:55:51 INF] System.Net.Http.HttpClient.DeepSeek.ClientHandler Received HTTP response headers after 302.563ms - 200
[14:55:51 INF] System.Net.Http.HttpClient.DeepSeek.LogicalHandler End processing HTTP request after 302.9485ms - 200
[14:55:51 INF] System.Net.Http.HttpClient.DeepSeek.ClientHandler Received HTTP response headers after 274.0285ms - 200
[14:55:51 INF] System.Net.Http.HttpClient.DeepSeek.LogicalHandler End processing HTTP request after 274.337ms - 200
[14:55:51 INF] System.Net.Http.HttpClient.DeepSeek.ClientHandler Received HTTP response headers after 290.3024ms - 200
[14:55:51 INF] System.Net.Http.HttpClient.DeepSeek.LogicalHandler End processing HTTP request after 290.7871ms - 200
[14:55:51 INF] System.Net.Http.HttpClient.DeepSeek.ClientHandler Received HTTP response headers after 278.804ms - 200
[14:55:51 INF] System.Net.Http.HttpClient.DeepSeek.LogicalHandler End processing HTTP request after 279.1975ms - 200
[14:55:51 INF] System.Net.Http.HttpClient.DeepSeek.LogicalHandler Start processing HTTP request POST https://api.deepseek.com/chat/completions
[14:55:51 INF] System.Net.Http.HttpClient.DeepSeek.ClientHandler Sending HTTP request POST https://api.deepseek.com/chat/completions
[14:55:52 INF] System.Net.Http.HttpClient.DeepSeek.ClientHandler Received HTTP response headers after 283.5301ms - 200
[14:55:52 INF] System.Net.Http.HttpClient.DeepSeek.LogicalHandler End processing HTTP request after 284.2775ms - 200
[14:55:52 INF] System.Net.Http.HttpClient.DeepSeek.LogicalHandler Start processing HTTP request POST https://api.deepseek.com/chat/completions
[14:55:52 INF] System.Net.Http.HttpClient.DeepSeek.ClientHandler Sending HTTP request POST https://api.deepseek.com/chat/completions
[14:55:52 INF] System.Net.Http.HttpClient.DeepSeek.ClientHandler Received HTTP response headers after 282.2275ms - 200
[14:55:52 INF] System.Net.Http.HttpClient.DeepSeek.LogicalHandler End processing HTTP request after 282.6955ms - 200
[14:55:52 INF] System.Net.Http.HttpClient.DeepSeek.LogicalHandler Start processing HTTP request POST https://api.deepseek.com/chat/completions
[14:55:52 INF] System.Net.Http.HttpClient.DeepSeek.ClientHandler Sending HTTP request POST https://api.deepseek.com/chat/completions
[14:55:52 INF] System.Net.Http.HttpClient.DeepSeek.ClientHandler Received HTTP response headers after 287.388ms - 200
[14:55:52 INF] System.Net.Http.HttpClient.DeepSeek.LogicalHandler End processing HTTP request after 287.922ms - 200
[14:55:52 INF] System.Net.Http.HttpClient.DeepSeek.LogicalHandler Start processing HTTP request POST https://api.deepseek.com/chat/completions
[14:55:52 INF] System.Net.Http.HttpClient.DeepSeek.ClientHandler Sending HTTP request POST https://api.deepseek.com/chat/completions
[14:55:52 INF] System.Net.Http.HttpClient.DeepSeek.ClientHandler Received HTTP response headers after 291.0692ms - 200
[14:55:52 INF] System.Net.Http.HttpClient.DeepSeek.LogicalHandler End processing HTTP request after 291.5217ms - 200
[14:55:52 INF] System.Net.Http.HttpClient.DeepSeek.LogicalHandler Start processing HTTP request POST https://api.deepseek.com/chat/completions
[14:55:52 INF] System.Net.Http.HttpClient.DeepSeek.ClientHandler Sending HTTP request POST https://api.deepseek.com/chat/completions
[14:55:52 INF] System.Net.Http.HttpClient.DeepSeek.LogicalHandler Start processing HTTP request POST https://api.deepseek.com/chat/completions
[14:55:52 INF] System.Net.Http.HttpClient.DeepSeek.ClientHandler Sending HTTP request POST https://api.deepseek.com/chat/completions
[14:55:52 INF] System.Net.Http.HttpClient.DeepSeek.ClientHandler Received HTTP response headers after 284.0276ms - 200
[14:55:52 INF] System.Net.Http.HttpClient.DeepSeek.LogicalHandler End processing HTTP request after 284.5222ms - 200
[14:55:52 INF] System.Net.Http.HttpClient.DeepSeek.LogicalHandler Start processing HTTP request POST https://api.deepseek.com/chat/completions
[14:55:52 INF] System.Net.Http.HttpClient.DeepSeek.ClientHandler Sending HTTP request POST https://api.deepseek.com/chat/completions
[14:55:52 INF] System.Net.Http.HttpClient.DeepSeek.ClientHandler Received HTTP response headers after 285.3705ms - 200
[14:55:52 INF] System.Net.Http.HttpClient.DeepSeek.LogicalHandler End processing HTTP request after 285.927ms - 200
[14:55:52 INF] System.Net.Http.HttpClient.DeepSeek.LogicalHandler Start processing HTTP request POST https://api.deepseek.com/chat/completions
[14:55:52 INF] System.Net.Http.HttpClient.DeepSeek.ClientHandler Sending HTTP request POST https://api.deepseek.com/chat/completions
[14:55:52 INF] System.Net.Http.HttpClient.DeepSeek.LogicalHandler Start processing HTTP request POST https://api.deepseek.com/chat/completions
[14:55:52 INF] System.Net.Http.HttpClient.DeepSeek.ClientHandler Sending HTTP request POST https://api.deepseek.com/chat/completions
[14:55:52 INF] System.Net.Http.HttpClient.DeepSeek.ClientHandler Received HTTP response headers after 304.8985ms - 200
[14:55:52 INF] System.Net.Http.HttpClient.DeepSeek.LogicalHandler End processing HTTP request after 305.4807ms - 200
[14:55:52 INF] System.Net.Http.HttpClient.DeepSeek.LogicalHandler Start processing HTTP request POST https://api.deepseek.com/chat/completions
[14:55:52 INF] System.Net.Http.HttpClient.DeepSeek.ClientHandler Sending HTTP request POST https://api.deepseek.com/chat/completions
[14:55:52 INF] System.Net.Http.HttpClient.DeepSeek.LogicalHandler Start processing HTTP request POST https://api.deepseek.com/chat/completions
[14:55:52 INF] System.Net.Http.HttpClient.DeepSeek.ClientHandler Sending HTTP request POST https://api.deepseek.com/chat/completions
[14:55:52 INF] System.Net.Http.HttpClient.DeepSeek.ClientHandler Received HTTP response headers after 283.6105ms - 200
[14:55:52 INF] System.Net.Http.HttpClient.DeepSeek.LogicalHandler End processing HTTP request after 284.1042ms - 200
[14:55:52 INF] System.Net.Http.HttpClient.DeepSeek.ClientHandler Received HTTP response headers after 298.678ms - 200
[14:55:52 INF] System.Net.Http.HttpClient.DeepSeek.LogicalHandler End processing HTTP request after 299.0544ms - 200
[14:55:52 INF] System.Net.Http.HttpClient.DeepSeek.LogicalHandler Start processing HTTP request POST https://api.deepseek.com/chat/completions
[14:55:52 INF] System.Net.Http.HttpClient.DeepSeek.ClientHandler Sending HTTP request POST https://api.deepseek.com/chat/completions
[14:55:52 INF] System.Net.Http.HttpClient.DeepSeek.LogicalHandler Start processing HTTP request POST https://api.deepseek.com/chat/completions
[14:55:52 INF] System.Net.Http.HttpClient.DeepSeek.ClientHandler Sending HTTP request POST https://api.deepseek.com/chat/completions
[14:55:52 INF] System.Net.Http.HttpClient.DeepSeek.ClientHandler Received HTTP response headers after 312.741ms - 200
[14:55:52 INF] System.Net.Http.HttpClient.DeepSeek.LogicalHandler End processing HTTP request after 313.4861ms - 200
[14:55:52 INF] System.Net.Http.HttpClient.DeepSeek.LogicalHandler Start processing HTTP request POST https://api.deepseek.com/chat/completions
[14:55:52 INF] System.Net.Http.HttpClient.DeepSeek.ClientHandler Sending HTTP request POST https://api.deepseek.com/chat/completions
[14:55:52 INF] System.Net.Http.HttpClient.DeepSeek.LogicalHandler Start processing HTTP request POST https://api.deepseek.com/chat/completions
[14:55:52 INF] System.Net.Http.HttpClient.DeepSeek.ClientHandler Sending HTTP request POST https://api.deepseek.com/chat/completions
[14:55:52 INF] System.Net.Http.HttpClient.DeepSeek.ClientHandler Received HTTP response headers after 295.4205ms - 200
[14:55:52 INF] System.Net.Http.HttpClient.DeepSeek.LogicalHandler End processing HTTP request after 295.6814ms - 200
[14:55:52 INF] System.Net.Http.HttpClient.DeepSeek.LogicalHandler Start processing HTTP request POST https://api.deepseek.com/chat/completions
[14:55:52 INF] System.Net.Http.HttpClient.DeepSeek.ClientHandler Sending HTTP request POST https://api.deepseek.com/chat/completions
[14:55:52 INF] System.Net.Http.HttpClient.DeepSeek.LogicalHandler Start processing HTTP request POST https://api.deepseek.com/chat/completions
[14:55:52 INF] System.Net.Http.HttpClient.DeepSeek.ClientHandler Sending HTTP request POST https://api.deepseek.com/chat/completions
[14:55:52 INF] System.Net.Http.HttpClient.DeepSeek.LogicalHandler Start processing HTTP request POST https://api.deepseek.com/chat/completions
[14:55:52 INF] System.Net.Http.HttpClient.DeepSeek.ClientHandler Sending HTTP request POST https://api.deepseek.com/chat/completions
[14:55:52 INF] System.Net.Http.HttpClient.DeepSeek.ClientHandler Received HTTP response headers after 296.1869ms - 200
[14:55:52 INF] System.Net.Http.HttpClient.DeepSeek.LogicalHandler End processing HTTP request after 296.5272ms - 200
[14:55:52 INF] System.Net.Http.HttpClient.DeepSeek.ClientHandler Received HTTP response headers after 291.8304ms - 200
[14:55:52 INF] System.Net.Http.HttpClient.DeepSeek.LogicalHandler End processing HTTP request after 292.5961ms - 200
[14:55:52 INF] System.Net.Http.HttpClient.DeepSeek.ClientHandler Received HTTP response headers after 302.7847ms - 200
[14:55:52 INF] System.Net.Http.HttpClient.DeepSeek.LogicalHandler End processing HTTP request after 303.0773ms - 200
[14:55:52 INF] System.Net.Http.HttpClient.DeepSeek.LogicalHandler Start processing HTTP request POST https://api.deepseek.com/chat/completions
[14:55:52 INF] System.Net.Http.HttpClient.DeepSeek.ClientHandler Sending HTTP request POST https://api.deepseek.com/chat/completions
[14:55:52 INF] System.Net.Http.HttpClient.DeepSeek.LogicalHandler Start processing HTTP request POST https://api.deepseek.com/chat/completions
[14:55:52 INF] System.Net.Http.HttpClient.DeepSeek.ClientHandler Sending HTTP request POST https://api.deepseek.com/chat/completions
[14:55:52 INF] System.Net.Http.HttpClient.DeepSeek.LogicalHandler Start processing HTTP request POST https://api.deepseek.com/chat/completions
[14:55:52 INF] System.Net.Http.HttpClient.DeepSeek.ClientHandler Sending HTTP request POST https://api.deepseek.com/chat/completions
[14:55:52 INF] System.Net.Http.HttpClient.DeepSeek.ClientHandler Received HTTP response headers after 288.3899ms - 200
[14:55:52 INF] System.Net.Http.HttpClient.DeepSeek.LogicalHandler End processing HTTP request after 288.6238ms - 200
[14:55:53 INF] System.Net.Http.HttpClient.DeepSeek.LogicalHandler Start processing HTTP request POST https://api.deepseek.com/chat/completions
[14:55:53 INF] System.Net.Http.HttpClient.DeepSeek.ClientHandler Sending HTTP request POST https://api.deepseek.com/chat/completions
[14:55:53 INF] System.Net.Http.HttpClient.DeepSeek.ClientHandler Received HTTP response headers after 281.5627ms - 200
[14:55:53 INF] System.Net.Http.HttpClient.DeepSeek.LogicalHandler End processing HTTP request after 282.1162ms - 200
[14:55:53 INF] System.Net.Http.HttpClient.DeepSeek.ClientHandler Received HTTP response headers after 304.3909ms - 200
[14:55:53 INF] System.Net.Http.HttpClient.DeepSeek.LogicalHandler End processing HTTP request after 304.8182ms - 200
[14:55:53 INF] System.Net.Http.HttpClient.DeepSeek.ClientHandler Received HTTP response headers after 307.3612ms - 200
[14:55:53 INF] System.Net.Http.HttpClient.DeepSeek.LogicalHandler End processing HTTP request after 307.8436ms - 200
[14:55:53 INF] System.Net.Http.HttpClient.DeepSeek.LogicalHandler Start processing HTTP request POST https://api.deepseek.com/chat/completions
[14:55:53 INF] System.Net.Http.HttpClient.DeepSeek.ClientHandler Sending HTTP request POST https://api.deepseek.com/chat/completions
[14:55:53 INF] System.Net.Http.HttpClient.DeepSeek.LogicalHandler Start processing HTTP request POST https://api.deepseek.com/chat/completions
[14:55:53 INF] System.Net.Http.HttpClient.DeepSeek.ClientHandler Sending HTTP request POST https://api.deepseek.com/chat/completions
[14:55:53 INF] System.Net.Http.HttpClient.DeepSeek.ClientHandler Received HTTP response headers after 299.3893ms - 200
[14:55:53 INF] System.Net.Http.HttpClient.DeepSeek.LogicalHandler End processing HTTP request after 299.6592ms - 200
[14:55:53 INF] System.Net.Http.HttpClient.DeepSeek.ClientHandler Received HTTP response headers after 284.4576ms - 200
[14:55:53 INF] System.Net.Http.HttpClient.DeepSeek.LogicalHandler End processing HTTP request after 284.7403ms - 200
[14:55:53 INF] System.Net.Http.HttpClient.DeepSeek.ClientHandler Received HTTP response headers after 298.7176ms - 200
[14:55:53 INF] System.Net.Http.HttpClient.DeepSeek.LogicalHandler End processing HTTP request after 299.0913ms - 200
[14:55:53 INF] System.Net.Http.HttpClient.DeepSeek.LogicalHandler Start processing HTTP request POST https://api.deepseek.com/chat/completions
[14:55:53 INF] System.Net.Http.HttpClient.DeepSeek.ClientHandler Sending HTTP request POST https://api.deepseek.com/chat/completions
[14:55:53 INF] System.Net.Http.HttpClient.DeepSeek.ClientHandler Received HTTP response headers after 277.256ms - 200
[14:55:53 INF] System.Net.Http.HttpClient.DeepSeek.LogicalHandler End processing HTTP request after 277.7634ms - 200
[14:55:53 INF] System.Net.Http.HttpClient.DeepSeek.ClientHandler Received HTTP response headers after 303.5076ms - 200
[14:55:53 INF] System.Net.Http.HttpClient.DeepSeek.LogicalHandler End processing HTTP request after 303.8793ms - 200
[14:55:53 INF] System.Net.Http.HttpClient.DeepSeek.ClientHandler Received HTTP response headers after 325.2382ms - 200
[14:55:53 INF] System.Net.Http.HttpClient.DeepSeek.LogicalHandler End processing HTTP request after 325.6188ms - 200
[14:55:53 INF] System.Net.Http.HttpClient.DeepSeek.LogicalHandler Start processing HTTP request POST https://api.deepseek.com/chat/completions
[14:55:53 INF] System.Net.Http.HttpClient.DeepSeek.ClientHandler Sending HTTP request POST https://api.deepseek.com/chat/completions
[14:55:53 INF] System.Net.Http.HttpClient.DeepSeek.ClientHandler Received HTTP response headers after 318.5247ms - 200
[14:55:53 INF] System.Net.Http.HttpClient.DeepSeek.LogicalHandler End processing HTTP request after 318.8295ms - 200
[14:55:53 INF] System.Net.Http.HttpClient.DeepSeek.ClientHandler Received HTTP response headers after 280.1515ms - 200
[14:55:53 INF] System.Net.Http.HttpClient.DeepSeek.LogicalHandler End processing HTTP request after 280.6625ms - 200
[14:55:53 INF] System.Net.Http.HttpClient.DeepSeek.ClientHandler Received HTTP response headers after 271.441ms - 200
[14:55:53 INF] System.Net.Http.HttpClient.DeepSeek.LogicalHandler Start processing HTTP request POST https://api.deepseek.com/chat/completions
[14:55:53 INF] System.Net.Http.HttpClient.DeepSeek.ClientHandler Sending HTTP request POST https://api.deepseek.com/chat/completions
[14:55:53 INF] System.Net.Http.HttpClient.DeepSeek.LogicalHandler End processing HTTP request after 284.3974ms - 200
[14:55:53 INF] System.Net.Http.HttpClient.DeepSeek.LogicalHandler Start processing HTTP request POST https://api.deepseek.com/chat/completions
[14:55:53 INF] System.Net.Http.HttpClient.DeepSeek.ClientHandler Sending HTTP request POST https://api.deepseek.com/chat/completions
[14:55:53 INF] System.Net.Http.HttpClient.DeepSeek.LogicalHandler Start processing HTTP request POST https://api.deepseek.com/chat/completions
[14:55:53 INF] System.Net.Http.HttpClient.DeepSeek.ClientHandler Sending HTTP request POST https://api.deepseek.com/chat/completions
[14:55:53 INF] System.Net.Http.HttpClient.DeepSeek.ClientHandler Received HTTP response headers after 291.5293ms - 200
[14:55:53 INF] System.Net.Http.HttpClient.DeepSeek.LogicalHandler End processing HTTP request after 291.7755ms - 200
[14:55:53 INF] System.Net.Http.HttpClient.DeepSeek.LogicalHandler Start processing HTTP request POST https://api.deepseek.com/chat/completions
[14:55:53 INF] System.Net.Http.HttpClient.DeepSeek.ClientHandler Sending HTTP request POST https://api.deepseek.com/chat/completions
[14:55:53 INF] System.Net.Http.HttpClient.DeepSeek.LogicalHandler Start processing HTTP request POST https://api.deepseek.com/chat/completions
[14:55:53 INF] System.Net.Http.HttpClient.DeepSeek.ClientHandler Sending HTTP request POST https://api.deepseek.com/chat/completions
[14:55:53 INF] System.Net.Http.HttpClient.DeepSeek.LogicalHandler Start processing HTTP request POST https://api.deepseek.com/chat/completions
[14:55:53 INF] System.Net.Http.HttpClient.DeepSeek.ClientHandler Sending HTTP request POST https://api.deepseek.com/chat/completions
[14:55:53 INF] System.Net.Http.HttpClient.DeepSeek.LogicalHandler Start processing HTTP request POST https://api.deepseek.com/chat/completions
[14:55:53 INF] System.Net.Http.HttpClient.DeepSeek.ClientHandler Sending HTTP request POST https://api.deepseek.com/chat/completions
[14:55:53 INF] System.Net.Http.HttpClient.DeepSeek.ClientHandler Received HTTP response headers after 279.0728ms - 200
[14:55:53 INF] System.Net.Http.HttpClient.DeepSeek.LogicalHandler End processing HTTP request after 279.2596ms - 200
[14:55:53 INF] System.Net.Http.HttpClient.DeepSeek.ClientHandler Received HTTP response headers after 297.7356ms - 200
[14:55:53 INF] System.Net.Http.HttpClient.DeepSeek.LogicalHandler End processing HTTP request after 298.1123ms - 200
[14:55:53 INF] System.Net.Http.HttpClient.DeepSeek.ClientHandler Received HTTP response headers after 277.3112ms - 200
[14:55:53 INF] System.Net.Http.HttpClient.DeepSeek.LogicalHandler End processing HTTP request after 278.114ms - 200
[14:55:53 INF] System.Net.Http.HttpClient.DeepSeek.ClientHandler Received HTTP response headers after 285.7092ms - 200
[14:55:53 INF] System.Net.Http.HttpClient.DeepSeek.LogicalHandler End processing HTTP request after 285.9825ms - 200
[14:55:53 INF] System.Net.Http.HttpClient.DeepSeek.ClientHandler Received HTTP response headers after 285.0838ms - 200
[14:55:53 INF] System.Net.Http.HttpClient.DeepSeek.LogicalHandler End processing HTTP request after 285.3331ms - 200
[14:55:53 INF] System.Net.Http.HttpClient.DeepSeek.LogicalHandler Start processing HTTP request POST https://api.deepseek.com/chat/completions
[14:55:53 INF] System.Net.Http.HttpClient.DeepSeek.ClientHandler Sending HTTP request POST https://api.deepseek.com/chat/completions
[14:55:53 INF] System.Net.Http.HttpClient.DeepSeek.ClientHandler Received HTTP response headers after 285.3095ms - 200
[14:55:53 INF] System.Net.Http.HttpClient.DeepSeek.LogicalHandler Start processing HTTP request POST https://api.deepseek.com/chat/completions
[14:55:53 INF] System.Net.Http.HttpClient.DeepSeek.ClientHandler Sending HTTP request POST https://api.deepseek.com/chat/completions
[14:55:53 INF] System.Net.Http.HttpClient.DeepSeek.LogicalHandler End processing HTTP request after 285.6549ms - 200
[14:55:53 INF] System.Net.Http.HttpClient.DeepSeek.LogicalHandler Start processing HTTP request POST https://api.deepseek.com/chat/completions
[14:55:53 INF] System.Net.Http.HttpClient.DeepSeek.ClientHandler Sending HTTP request POST https://api.deepseek.com/chat/completions
[14:55:53 INF] System.Net.Http.HttpClient.DeepSeek.ClientHandler Received HTTP response headers after 286.2797ms - 200
[14:55:53 INF] System.Net.Http.HttpClient.DeepSeek.LogicalHandler End processing HTTP request after 286.6252ms - 200
[14:55:53 INF] System.Net.Http.HttpClient.DeepSeek.ClientHandler Received HTTP response headers after 296.8741ms - 200
[14:55:53 INF] System.Net.Http.HttpClient.DeepSeek.LogicalHandler End processing HTTP request after 297.0767ms - 200
[14:55:53 INF] System.Net.Http.HttpClient.DeepSeek.LogicalHandler Start processing HTTP request POST https://api.deepseek.com/chat/completions
[14:55:53 INF] System.Net.Http.HttpClient.DeepSeek.ClientHandler Sending HTTP request POST https://api.deepseek.com/chat/completions
[14:55:54 INF] System.Net.Http.HttpClient.DeepSeek.LogicalHandler Start processing HTTP request POST https://api.deepseek.com/chat/completions
[14:55:54 INF] System.Net.Http.HttpClient.DeepSeek.ClientHandler Sending HTTP request POST https://api.deepseek.com/chat/completions
[14:55:54 INF] System.Net.Http.HttpClient.DeepSeek.ClientHandler Received HTTP response headers after 290.834ms - 200
[14:55:54 INF] System.Net.Http.HttpClient.DeepSeek.LogicalHandler End processing HTTP request after 291.5675ms - 200
[14:55:54 INF] System.Net.Http.HttpClient.DeepSeek.ClientHandler Received HTTP response headers after 278.9283ms - 200
[14:55:54 INF] System.Net.Http.HttpClient.DeepSeek.LogicalHandler End processing HTTP request after 279.454ms - 200
[14:55:54 INF] System.Net.Http.HttpClient.DeepSeek.ClientHandler Received HTTP response headers after 280.7412ms - 200
[14:55:54 INF] System.Net.Http.HttpClient.DeepSeek.LogicalHandler End processing HTTP request after 282.0971ms - 200
[14:55:54 INF] System.Net.Http.HttpClient.DeepSeek.LogicalHandler Start processing HTTP request POST https://api.deepseek.com/chat/completions
[14:55:54 INF] System.Net.Http.HttpClient.DeepSeek.ClientHandler Sending HTTP request POST https://api.deepseek.com/chat/completions
[14:55:54 INF] System.Net.Http.HttpClient.DeepSeek.LogicalHandler Start processing HTTP request POST https://api.deepseek.com/chat/completions
[14:55:54 INF] System.Net.Http.HttpClient.DeepSeek.ClientHandler Sending HTTP request POST https://api.deepseek.com/chat/completions
[14:55:54 INF] System.Net.Http.HttpClient.DeepSeek.ClientHandler Received HTTP response headers after 282.9545ms - 200
[14:55:54 INF] System.Net.Http.HttpClient.DeepSeek.LogicalHandler End processing HTTP request after 283.4083ms - 200
[14:55:54 INF] System.Net.Http.HttpClient.DeepSeek.LogicalHandler Start processing HTTP request POST https://api.deepseek.com/chat/completions
[14:55:54 INF] System.Net.Http.HttpClient.DeepSeek.ClientHandler Sending HTTP request POST https://api.deepseek.com/chat/completions
[14:55:54 INF] System.Net.Http.HttpClient.DeepSeek.LogicalHandler Start processing HTTP request POST https://api.deepseek.com/chat/completions
[14:55:54 INF] System.Net.Http.HttpClient.DeepSeek.ClientHandler Sending HTTP request POST https://api.deepseek.com/chat/completions
[14:55:54 INF] System.Net.Http.HttpClient.DeepSeek.LogicalHandler Start processing HTTP request POST https://api.deepseek.com/chat/completions
[14:55:54 INF] System.Net.Http.HttpClient.DeepSeek.ClientHandler Sending HTTP request POST https://api.deepseek.com/chat/completions
[14:55:54 INF] System.Net.Http.HttpClient.DeepSeek.LogicalHandler Start processing HTTP request POST https://api.deepseek.com/chat/completions
[14:55:54 INF] System.Net.Http.HttpClient.DeepSeek.ClientHandler Sending HTTP request POST https://api.deepseek.com/chat/completions
[14:55:54 INF] System.Net.Http.HttpClient.DeepSeek.ClientHandler Received HTTP response headers after 286.0009ms - 200
[14:55:54 INF] System.Net.Http.HttpClient.DeepSeek.LogicalHandler End processing HTTP request after 286.5374ms - 200
[14:55:54 INF] System.Net.Http.HttpClient.DeepSeek.LogicalHandler Start processing HTTP request POST https://api.deepseek.com/chat/completions
[14:55:54 INF] System.Net.Http.HttpClient.DeepSeek.ClientHandler Sending HTTP request POST https://api.deepseek.com/chat/completions
[14:55:54 INF] System.Net.Http.HttpClient.DeepSeek.LogicalHandler Start processing HTTP request POST https://api.deepseek.com/chat/completions
[14:55:54 INF] System.Net.Http.HttpClient.DeepSeek.ClientHandler Sending HTTP request POST https://api.deepseek.com/chat/completions
[14:55:54 INF] System.Net.Http.HttpClient.DeepSeek.ClientHandler Received HTTP response headers after 304.8471ms - 200
[14:55:54 INF] System.Net.Http.HttpClient.DeepSeek.LogicalHandler End processing HTTP request after 305.3698ms - 200
[14:55:54 INF] System.Net.Http.HttpClient.DeepSeek.LogicalHandler Start processing HTTP request POST https://api.deepseek.com/chat/completions
[14:55:54 INF] System.Net.Http.HttpClient.DeepSeek.ClientHandler Sending HTTP request POST https://api.deepseek.com/chat/completions
[14:55:54 INF] System.Net.Http.HttpClient.DeepSeek.LogicalHandler Start processing HTTP request POST https://api.deepseek.com/chat/completions
[14:55:54 INF] System.Net.Http.HttpClient.DeepSeek.ClientHandler Sending HTTP request POST https://api.deepseek.com/chat/completions
[14:55:54 INF] System.Net.Http.HttpClient.DeepSeek.ClientHandler Received HTTP response headers after 293.8512ms - 200
[14:55:54 INF] System.Net.Http.HttpClient.DeepSeek.LogicalHandler End processing HTTP request after 294.2921ms - 200
[14:55:54 INF] System.Net.Http.HttpClient.DeepSeek.ClientHandler Received HTTP response headers after 268.3041ms - 200
[14:55:54 INF] System.Net.Http.HttpClient.DeepSeek.LogicalHandler End processing HTTP request after 268.6158ms - 200
[14:55:54 INF] System.Net.Http.HttpClient.DeepSeek.ClientHandler Received HTTP response headers after 362.9934ms - 200
[14:55:54 INF] System.Net.Http.HttpClient.DeepSeek.LogicalHandler End processing HTTP request after 363.2576ms - 200
[14:55:54 INF] System.Net.Http.HttpClient.DeepSeek.ClientHandler Received HTTP response headers after 289.3242ms - 200
[14:55:54 INF] System.Net.Http.HttpClient.DeepSeek.LogicalHandler End processing HTTP request after 289.6029ms - 200
[14:55:54 INF] System.Net.Http.HttpClient.DeepSeek.ClientHandler Received HTTP response headers after 289.2489ms - 200
[14:55:54 INF] System.Net.Http.HttpClient.DeepSeek.LogicalHandler End processing HTTP request after 289.6073ms - 200
[14:55:54 INF] System.Net.Http.HttpClient.DeepSeek.LogicalHandler Start processing HTTP request POST https://api.deepseek.com/chat/completions
[14:55:54 INF] System.Net.Http.HttpClient.DeepSeek.ClientHandler Sending HTTP request POST https://api.deepseek.com/chat/completions
[14:55:54 INF] System.Net.Http.HttpClient.DeepSeek.LogicalHandler Start processing HTTP request POST https://api.deepseek.com/chat/completions
[14:55:54 INF] System.Net.Http.HttpClient.DeepSeek.ClientHandler Sending HTTP request POST https://api.deepseek.com/chat/completions
[14:55:54 INF] System.Net.Http.HttpClient.DeepSeek.LogicalHandler Start processing HTTP request POST https://api.deepseek.com/chat/completions
[14:55:54 INF] System.Net.Http.HttpClient.DeepSeek.ClientHandler Sending HTTP request POST https://api.deepseek.com/chat/completions
[14:55:54 INF] System.Net.Http.HttpClient.DeepSeek.ClientHandler Received HTTP response headers after 281.285ms - 200
[14:55:54 INF] System.Net.Http.HttpClient.DeepSeek.LogicalHandler End processing HTTP request after 281.6548ms - 200
[14:55:54 INF] System.Net.Http.HttpClient.DeepSeek.LogicalHandler Start processing HTTP request POST https://api.deepseek.com/chat/completions
[14:55:54 INF] System.Net.Http.HttpClient.DeepSeek.ClientHandler Sending HTTP request POST https://api.deepseek.com/chat/completions
[14:55:54 INF] System.Net.Http.HttpClient.DeepSeek.LogicalHandler Start processing HTTP request POST https://api.deepseek.com/chat/completions
[14:55:54 INF] System.Net.Http.HttpClient.DeepSeek.ClientHandler Sending HTTP request POST https://api.deepseek.com/chat/completions
[14:55:54 INF] System.Net.Http.HttpClient.DeepSeek.ClientHandler Received HTTP response headers after 276.8872ms - 200
[14:55:54 INF] System.Net.Http.HttpClient.DeepSeek.LogicalHandler End processing HTTP request after 277.1932ms - 200
[14:55:54 INF] System.Net.Http.HttpClient.DeepSeek.ClientHandler Received HTTP response headers after 298.9484ms - 200
[14:55:54 INF] System.Net.Http.HttpClient.DeepSeek.LogicalHandler End processing HTTP request after 299.3835ms - 200
[14:55:54 INF] System.Net.Http.HttpClient.DeepSeek.ClientHandler Received HTTP response headers after 295.8731ms - 200
[14:55:54 INF] System.Net.Http.HttpClient.DeepSeek.LogicalHandler End processing HTTP request after 297.6902ms - 200
[14:55:54 INF] System.Net.Http.HttpClient.DeepSeek.LogicalHandler Start processing HTTP request POST https://api.deepseek.com/chat/completions
[14:55:54 INF] System.Net.Http.HttpClient.DeepSeek.ClientHandler Sending HTTP request POST https://api.deepseek.com/chat/completions
[14:55:54 INF] System.Net.Http.HttpClient.DeepSeek.LogicalHandler Start processing HTTP request POST https://api.deepseek.com/chat/completions
[14:55:54 INF] System.Net.Http.HttpClient.DeepSeek.ClientHandler Sending HTTP request POST https://api.deepseek.com/chat/completions
[14:55:54 INF] System.Net.Http.HttpClient.DeepSeek.LogicalHandler Start processing HTTP request POST https://api.deepseek.com/chat/completions
[14:55:54 INF] System.Net.Http.HttpClient.DeepSeek.ClientHandler Sending HTTP request POST https://api.deepseek.com/chat/completions
[14:55:54 INF] System.Net.Http.HttpClient.DeepSeek.LogicalHandler Start processing HTTP request POST https://api.deepseek.com/chat/completions
[14:55:54 INF] System.Net.Http.HttpClient.DeepSeek.ClientHandler Sending HTTP request POST https://api.deepseek.com/chat/completions
[14:55:54 INF] System.Net.Http.HttpClient.DeepSeek.ClientHandler Received HTTP response headers after 282.9168ms - 200
[14:55:54 INF] System.Net.Http.HttpClient.DeepSeek.LogicalHandler End processing HTTP request after 283.2937ms - 200
[14:55:54 INF] System.Net.Http.HttpClient.DeepSeek.ClientHandler Received HTTP response headers after 288.2727ms - 200
[14:55:54 INF] System.Net.Http.HttpClient.DeepSeek.LogicalHandler End processing HTTP request after 288.5415ms - 200
[14:55:54 INF] System.Net.Http.HttpClient.DeepSeek.LogicalHandler Start processing HTTP request POST https://api.deepseek.com/chat/completions
[14:55:54 INF] System.Net.Http.HttpClient.DeepSeek.ClientHandler Sending HTTP request POST https://api.deepseek.com/chat/completions
[14:55:54 INF] System.Net.Http.HttpClient.DeepSeek.ClientHandler Received HTTP response headers after 279.8342ms - 200
[14:55:54 INF] System.Net.Http.HttpClient.DeepSeek.LogicalHandler End processing HTTP request after 280.0952ms - 200
[14:55:54 INF] System.Net.Http.HttpClient.DeepSeek.LogicalHandler Start processing HTTP request POST https://api.deepseek.com/chat/completions
[14:55:54 INF] System.Net.Http.HttpClient.DeepSeek.ClientHandler Sending HTTP request POST https://api.deepseek.com/chat/completions
[14:55:54 INF] System.Net.Http.HttpClient.DeepSeek.ClientHandler Received HTTP response headers after 288.5932ms - 200
[14:55:54 INF] System.Net.Http.HttpClient.DeepSeek.LogicalHandler End processing HTTP request after 289.213ms - 200
[14:55:54 INF] System.Net.Http.HttpClient.DeepSeek.ClientHandler Received HTTP response headers after 279.0931ms - 200
[14:55:55 INF] System.Net.Http.HttpClient.DeepSeek.LogicalHandler End processing HTTP request after 279.4131ms - 200
[14:55:55 INF] System.Net.Http.HttpClient.DeepSeek.ClientHandler Received HTTP response headers after 320.1841ms - 200
[14:55:55 INF] System.Net.Http.HttpClient.DeepSeek.LogicalHandler End processing HTTP request after 320.5359ms - 200
[14:55:55 INF] System.Net.Http.HttpClient.DeepSeek.ClientHandler Received HTTP response headers after 289.5412ms - 200
[14:55:55 INF] System.Net.Http.HttpClient.DeepSeek.LogicalHandler End processing HTTP request after 289.8975ms - 200
[14:55:55 INF] System.Net.Http.HttpClient.DeepSeek.LogicalHandler Start processing HTTP request POST https://api.deepseek.com/chat/completions
[14:55:55 INF] System.Net.Http.HttpClient.DeepSeek.ClientHandler Sending HTTP request POST https://api.deepseek.com/chat/completions
[14:55:55 INF] System.Net.Http.HttpClient.DeepSeek.ClientHandler Received HTTP response headers after 273.7301ms - 200
[14:55:55 INF] System.Net.Http.HttpClient.DeepSeek.LogicalHandler End processing HTTP request after 275.9538ms - 200
[14:55:55 INF] System.Net.Http.HttpClient.DeepSeek.LogicalHandler Start processing HTTP request POST https://api.deepseek.com/chat/completions
[14:55:55 INF] System.Net.Http.HttpClient.DeepSeek.ClientHandler Sending HTTP request POST https://api.deepseek.com/chat/completions
[14:55:55 INF] System.Net.Http.HttpClient.DeepSeek.LogicalHandler Start processing HTTP request POST https://api.deepseek.com/chat/completions
[14:55:55 INF] System.Net.Http.HttpClient.DeepSeek.ClientHandler Sending HTTP request POST https://api.deepseek.com/chat/completions
[14:55:55 INF] System.Net.Http.HttpClient.DeepSeek.LogicalHandler Start processing HTTP request POST https://api.deepseek.com/chat/completions
[14:55:55 INF] System.Net.Http.HttpClient.DeepSeek.ClientHandler Sending HTTP request POST https://api.deepseek.com/chat/completions
[14:55:55 INF] System.Net.Http.HttpClient.DeepSeek.ClientHandler Received HTTP response headers after 283.4337ms - 200
[14:55:55 INF] System.Net.Http.HttpClient.DeepSeek.LogicalHandler End processing HTTP request after 284.2119ms - 200
[14:55:55 INF] System.Net.Http.HttpClient.DeepSeek.ClientHandler Received HTTP response headers after 284.3477ms - 200
[14:55:55 INF] System.Net.Http.HttpClient.DeepSeek.LogicalHandler End processing HTTP request after 284.9655ms - 200
[14:55:55 INF] System.Net.Http.HttpClient.DeepSeek.ClientHandler Received HTTP response headers after 278.3159ms - 200
[14:55:55 INF] System.Net.Http.HttpClient.DeepSeek.LogicalHandler End processing HTTP request after 279.0553ms - 200
[14:55:55 INF] System.Net.Http.HttpClient.DeepSeek.LogicalHandler Start processing HTTP request POST https://api.deepseek.com/chat/completions
[14:55:55 INF] System.Net.Http.HttpClient.DeepSeek.ClientHandler Sending HTTP request POST https://api.deepseek.com/chat/completions
[14:55:55 INF] System.Net.Http.HttpClient.DeepSeek.LogicalHandler Start processing HTTP request POST https://api.deepseek.com/chat/completions
[14:55:55 INF] System.Net.Http.HttpClient.DeepSeek.ClientHandler Sending HTTP request POST https://api.deepseek.com/chat/completions
[14:55:55 INF] System.Net.Http.HttpClient.DeepSeek.LogicalHandler Start processing HTTP request POST https://api.deepseek.com/chat/completions
[14:55:55 INF] System.Net.Http.HttpClient.DeepSeek.ClientHandler Sending HTTP request POST https://api.deepseek.com/chat/completions
[14:55:55 INF] System.Net.Http.HttpClient.DeepSeek.LogicalHandler Start processing HTTP request POST https://api.deepseek.com/chat/completions
[14:55:55 INF] System.Net.Http.HttpClient.DeepSeek.ClientHandler Sending HTTP request POST https://api.deepseek.com/chat/completions
[14:55:55 INF] System.Net.Http.HttpClient.DeepSeek.ClientHandler Received HTTP response headers after 278.3946ms - 200
[14:55:55 INF] System.Net.Http.HttpClient.DeepSeek.LogicalHandler End processing HTTP request after 279.1696ms - 200
[14:55:55 INF] System.Net.Http.HttpClient.DeepSeek.LogicalHandler Start processing HTTP request POST https://api.deepseek.com/chat/completions
[14:55:55 INF] System.Net.Http.HttpClient.DeepSeek.ClientHandler Sending HTTP request POST https://api.deepseek.com/chat/completions
[14:55:55 INF] System.Net.Http.HttpClient.DeepSeek.LogicalHandler Start processing HTTP request POST https://api.deepseek.com/chat/completions
[14:55:55 INF] System.Net.Http.HttpClient.DeepSeek.ClientHandler Sending HTTP request POST https://api.deepseek.com/chat/completions
[14:55:55 INF] System.Net.Http.HttpClient.DeepSeek.ClientHandler Received HTTP response headers after 280.4779ms - 200
[14:55:55 INF] System.Net.Http.HttpClient.DeepSeek.LogicalHandler End processing HTTP request after 280.8484ms - 200
[14:55:55 INF] System.Net.Http.HttpClient.DeepSeek.LogicalHandler Start processing HTTP request POST https://api.deepseek.com/chat/completions
[14:55:55 INF] System.Net.Http.HttpClient.DeepSeek.ClientHandler Sending HTTP request POST https://api.deepseek.com/chat/completions
[14:55:55 INF] System.Net.Http.HttpClient.DeepSeek.ClientHandler Received HTTP response headers after 295.0493ms - 200
[14:55:55 INF] System.Net.Http.HttpClient.DeepSeek.LogicalHandler End processing HTTP request after 295.5497ms - 200
[14:55:55 INF] System.Net.Http.HttpClient.DeepSeek.LogicalHandler Start processing HTTP request POST https://api.deepseek.com/chat/completions
[14:55:55 INF] System.Net.Http.HttpClient.DeepSeek.ClientHandler Sending HTTP request POST https://api.deepseek.com/chat/completions
[14:55:55 INF] System.Net.Http.HttpClient.DeepSeek.ClientHandler Received HTTP response headers after 294.0558ms - 200
[14:55:55 INF] System.Net.Http.HttpClient.DeepSeek.LogicalHandler End processing HTTP request after 294.4039ms - 200
[14:55:55 INF] System.Net.Http.HttpClient.DeepSeek.LogicalHandler Start processing HTTP request POST https://api.deepseek.com/chat/completions
[14:55:55 INF] System.Net.Http.HttpClient.DeepSeek.ClientHandler Sending HTTP request POST https://api.deepseek.com/chat/completions
[14:55:55 INF] System.Net.Http.HttpClient.DeepSeek.LogicalHandler Start processing HTTP request POST https://api.deepseek.com/chat/completions
[14:55:55 INF] System.Net.Http.HttpClient.DeepSeek.ClientHandler Sending HTTP request POST https://api.deepseek.com/chat/completions
[14:55:55 INF] System.Net.Http.HttpClient.DeepSeek.ClientHandler Received HTTP response headers after 269.4169ms - 200
[14:55:55 INF] System.Net.Http.HttpClient.DeepSeek.LogicalHandler End processing HTTP request after 269.8994ms - 200
[14:55:55 INF] System.Net.Http.HttpClient.DeepSeek.LogicalHandler Start processing HTTP request POST https://api.deepseek.com/chat/completions
[14:55:55 INF] System.Net.Http.HttpClient.DeepSeek.ClientHandler Sending HTTP request POST https://api.deepseek.com/chat/completions
[14:55:55 INF] System.Net.Http.HttpClient.DeepSeek.ClientHandler Received HTTP response headers after 283.7396ms - 200
[14:55:55 INF] System.Net.Http.HttpClient.DeepSeek.LogicalHandler End processing HTTP request after 284.0997ms - 200
[14:55:55 INF] System.Net.Http.HttpClient.DeepSeek.ClientHandler Received HTTP response headers after 285.0782ms - 200
[14:55:55 INF] System.Net.Http.HttpClient.DeepSeek.LogicalHandler End processing HTTP request after 285.276ms - 200
[14:55:55 INF] System.Net.Http.HttpClient.DeepSeek.LogicalHandler Start processing HTTP request POST https://api.deepseek.com/chat/completions
[14:55:55 INF] System.Net.Http.HttpClient.DeepSeek.ClientHandler Sending HTTP request POST https://api.deepseek.com/chat/completions
[14:55:55 INF] System.Net.Http.HttpClient.DeepSeek.LogicalHandler Start processing HTTP request POST https://api.deepseek.com/chat/completions
[14:55:55 INF] System.Net.Http.HttpClient.DeepSeek.LogicalHandler Start processing HTTP request POST https://api.deepseek.com/chat/completions
[14:55:55 INF] System.Net.Http.HttpClient.DeepSeek.ClientHandler Sending HTTP request POST https://api.deepseek.com/chat/completions
[14:55:55 INF] System.Net.Http.HttpClient.DeepSeek.ClientHandler Sending HTTP request POST https://api.deepseek.com/chat/completions
[14:55:55 INF] System.Net.Http.HttpClient.DeepSeek.ClientHandler Received HTTP response headers after 287.9255ms - 200
[14:55:55 INF] System.Net.Http.HttpClient.DeepSeek.LogicalHandler End processing HTTP request after 288.2945ms - 200
[14:55:55 INF] System.Net.Http.HttpClient.DeepSeek.ClientHandler Received HTTP response headers after 287.5229ms - 200
[14:55:55 INF] System.Net.Http.HttpClient.DeepSeek.LogicalHandler End processing HTTP request after 287.8315ms - 200
[14:55:55 INF] System.Net.Http.HttpClient.DeepSeek.LogicalHandler Start processing HTTP request POST https://api.deepseek.com/chat/completions
[14:55:55 INF] System.Net.Http.HttpClient.DeepSeek.ClientHandler Sending HTTP request POST https://api.deepseek.com/chat/completions
[14:55:55 INF] System.Net.Http.HttpClient.DeepSeek.LogicalHandler Start processing HTTP request POST https://api.deepseek.com/chat/completions
[14:55:55 INF] System.Net.Http.HttpClient.DeepSeek.ClientHandler Sending HTTP request POST https://api.deepseek.com/chat/completions
[14:55:55 INF] System.Net.Http.HttpClient.DeepSeek.ClientHandler Received HTTP response headers after 288.8021ms - 200
[14:55:55 INF] System.Net.Http.HttpClient.DeepSeek.LogicalHandler End processing HTTP request after 289.397ms - 200
[14:55:55 INF] System.Net.Http.HttpClient.DeepSeek.ClientHandler Received HTTP response headers after 291.8483ms - 200
[14:55:55 INF] System.Net.Http.HttpClient.DeepSeek.LogicalHandler End processing HTTP request after 292.2395ms - 200
[14:55:55 INF] System.Net.Http.HttpClient.DeepSeek.LogicalHandler Start processing HTTP request POST https://api.deepseek.com/chat/completions
[14:55:55 INF] System.Net.Http.HttpClient.DeepSeek.ClientHandler Sending HTTP request POST https://api.deepseek.com/chat/completions
[14:55:55 INF] System.Net.Http.HttpClient.DeepSeek.ClientHandler Received HTTP response headers after 294.1654ms - 200
[14:55:55 INF] System.Net.Http.HttpClient.DeepSeek.LogicalHandler End processing HTTP request after 294.7334ms - 200
[14:55:55 INF] System.Net.Http.HttpClient.DeepSeek.ClientHandler Received HTTP response headers after 294.6332ms - 200
[14:55:55 INF] System.Net.Http.HttpClient.DeepSeek.LogicalHandler End processing HTTP request after 294.9322ms - 200
[14:55:55 INF] System.Net.Http.HttpClient.DeepSeek.LogicalHandler Start processing HTTP request POST https://api.deepseek.com/chat/completions
[14:55:55 INF] System.Net.Http.HttpClient.DeepSeek.ClientHandler Sending HTTP request POST https://api.deepseek.com/chat/completions
[14:55:55 INF] System.Net.Http.HttpClient.DeepSeek.LogicalHandler Start processing HTTP request POST https://api.deepseek.com/chat/completions
[14:55:55 INF] System.Net.Http.HttpClient.DeepSeek.ClientHandler Sending HTTP request POST https://api.deepseek.com/chat/completions
[14:55:55 INF] System.Net.Http.HttpClient.DeepSeek.ClientHandler Received HTTP response headers after 285.7403ms - 200
[14:55:55 INF] System.Net.Http.HttpClient.DeepSeek.LogicalHandler End processing HTTP request after 286.2022ms - 200
[14:55:55 INF] System.Net.Http.HttpClient.DeepSeek.LogicalHandler Start processing HTTP request POST https://api.deepseek.com/chat/completions
[14:55:55 INF] System.Net.Http.HttpClient.DeepSeek.ClientHandler Sending HTTP request POST https://api.deepseek.com/chat/completions
[14:55:55 INF] System.Net.Http.HttpClient.DeepSeek.ClientHandler Received HTTP response headers after 306.4117ms - 200
[14:55:55 INF] System.Net.Http.HttpClient.DeepSeek.LogicalHandler End processing HTTP request after 306.7102ms - 200
[14:55:55 INF] System.Net.Http.HttpClient.DeepSeek.ClientHandler Received HTTP response headers after 296.4506ms - 200
[14:55:55 INF] System.Net.Http.HttpClient.DeepSeek.LogicalHandler End processing HTTP request after 296.7076ms - 200
[14:55:55 INF] System.Net.Http.HttpClient.DeepSeek.ClientHandler Received HTTP response headers after 288.2673ms - 200
[14:55:55 INF] System.Net.Http.HttpClient.DeepSeek.LogicalHandler End processing HTTP request after 288.5119ms - 200
[14:55:55 INF] System.Net.Http.HttpClient.DeepSeek.ClientHandler Received HTTP response headers after 300.4296ms - 200
[14:55:55 INF] System.Net.Http.HttpClient.DeepSeek.LogicalHandler End processing HTTP request after 300.7549ms - 200
[14:55:55 INF] System.Net.Http.HttpClient.DeepSeek.LogicalHandler Start processing HTTP request POST https://api.deepseek.com/chat/completions
[14:55:55 INF] System.Net.Http.HttpClient.DeepSeek.ClientHandler Sending HTTP request POST https://api.deepseek.com/chat/completions
[14:55:55 INF] System.Net.Http.HttpClient.DeepSeek.ClientHandler Received HTTP response headers after 280.1706ms - 200
[14:55:55 INF] System.Net.Http.HttpClient.DeepSeek.LogicalHandler End processing HTTP request after 280.4399ms - 200
[14:55:55 INF] System.Net.Http.HttpClient.DeepSeek.ClientHandler Received HTTP response headers after 295.9359ms - 200
[14:55:55 INF] System.Net.Http.HttpClient.DeepSeek.LogicalHandler End processing HTTP request after 296.1692ms - 200
[14:55:55 INF] System.Net.Http.HttpClient.DeepSeek.LogicalHandler Start processing HTTP request POST https://api.deepseek.com/chat/completions
[14:55:55 INF] System.Net.Http.HttpClient.DeepSeek.ClientHandler Sending HTTP request POST https://api.deepseek.com/chat/completions
[14:55:55 INF] System.Net.Http.HttpClient.DeepSeek.ClientHandler Received HTTP response headers after 276.7295ms - 200
[14:55:55 INF] System.Net.Http.HttpClient.DeepSeek.LogicalHandler End processing HTTP request after 276.9968ms - 200
[14:55:56 INF] System.Net.Http.HttpClient.DeepSeek.LogicalHandler Start processing HTTP request POST https://api.deepseek.com/chat/completions
[14:55:56 INF] System.Net.Http.HttpClient.DeepSeek.ClientHandler Sending HTTP request POST https://api.deepseek.com/chat/completions
[14:55:56 INF] System.Net.Http.HttpClient.DeepSeek.LogicalHandler Start processing HTTP request POST https://api.deepseek.com/chat/completions
[14:55:56 INF] System.Net.Http.HttpClient.DeepSeek.ClientHandler Sending HTTP request POST https://api.deepseek.com/chat/completions
[14:55:56 INF] System.Net.Http.HttpClient.DeepSeek.ClientHandler Received HTTP response headers after 299.4694ms - 200
[14:55:56 INF] System.Net.Http.HttpClient.DeepSeek.LogicalHandler End processing HTTP request after 300.4689ms - 200
[14:55:56 INF] System.Net.Http.HttpClient.DeepSeek.ClientHandler Received HTTP response headers after 300.4991ms - 200
[14:55:56 INF] System.Net.Http.HttpClient.DeepSeek.LogicalHandler End processing HTTP request after 301.2107ms - 200
[14:55:56 INF] System.Net.Http.HttpClient.DeepSeek.LogicalHandler Start processing HTTP request POST https://api.deepseek.com/chat/completions
[14:55:56 INF] System.Net.Http.HttpClient.DeepSeek.ClientHandler Sending HTTP request POST https://api.deepseek.com/chat/completions
[14:55:56 INF] System.Net.Http.HttpClient.DeepSeek.ClientHandler Received HTTP response headers after 290.3696ms - 200
[14:55:56 INF] System.Net.Http.HttpClient.DeepSeek.LogicalHandler End processing HTTP request after 290.8037ms - 200
[14:55:56 INF] System.Net.Http.HttpClient.DeepSeek.LogicalHandler Start processing HTTP request POST https://api.deepseek.com/chat/completions
[14:55:56 INF] System.Net.Http.HttpClient.DeepSeek.ClientHandler Sending HTTP request POST https://api.deepseek.com/chat/completions
[14:55:56 INF] System.Net.Http.HttpClient.DeepSeek.LogicalHandler Start processing HTTP request POST https://api.deepseek.com/chat/completions
[14:55:56 INF] System.Net.Http.HttpClient.DeepSeek.ClientHandler Sending HTTP request POST https://api.deepseek.com/chat/completions
[14:55:56 INF] System.Net.Http.HttpClient.DeepSeek.LogicalHandler Start processing HTTP request POST https://api.deepseek.com/chat/completions
[14:55:56 INF] System.Net.Http.HttpClient.DeepSeek.ClientHandler Sending HTTP request POST https://api.deepseek.com/chat/completions
[14:55:56 INF] System.Net.Http.HttpClient.DeepSeek.ClientHandler Received HTTP response headers after 322.3818ms - 200
[14:55:56 INF] System.Net.Http.HttpClient.DeepSeek.LogicalHandler End processing HTTP request after 322.7781ms - 200
[14:55:56 INF] System.Net.Http.HttpClient.DeepSeek.LogicalHandler Start processing HTTP request POST https://api.deepseek.com/chat/completions
[14:55:56 INF] System.Net.Http.HttpClient.DeepSeek.ClientHandler Sending HTTP request POST https://api.deepseek.com/chat/completions
[14:55:56 INF] System.Net.Http.HttpClient.DeepSeek.LogicalHandler Start processing HTTP request POST https://api.deepseek.com/chat/completions
[14:55:56 INF] System.Net.Http.HttpClient.DeepSeek.ClientHandler Sending HTTP request POST https://api.deepseek.com/chat/completions
[14:55:56 INF] System.Net.Http.HttpClient.DeepSeek.LogicalHandler Start processing HTTP request POST https://api.deepseek.com/chat/completions
[14:55:56 INF] System.Net.Http.HttpClient.DeepSeek.ClientHandler Sending HTTP request POST https://api.deepseek.com/chat/completions
[14:55:56 INF] System.Net.Http.HttpClient.DeepSeek.ClientHandler Received HTTP response headers after 397.6262ms - 200
[14:55:56 INF] System.Net.Http.HttpClient.DeepSeek.LogicalHandler End processing HTTP request after 398.1328ms - 200
[14:55:56 INF] System.Net.Http.HttpClient.DeepSeek.LogicalHandler Start processing HTTP request POST https://api.deepseek.com/chat/completions
[14:55:56 INF] System.Net.Http.HttpClient.DeepSeek.ClientHandler Sending HTTP request POST https://api.deepseek.com/chat/completions
[14:55:56 INF] System.Net.Http.HttpClient.DeepSeek.LogicalHandler Start processing HTTP request POST https://api.deepseek.com/chat/completions
[14:55:56 INF] System.Net.Http.HttpClient.DeepSeek.ClientHandler Sending HTTP request POST https://api.deepseek.com/chat/completions
[14:55:56 INF] System.Net.Http.HttpClient.DeepSeek.ClientHandler Received HTTP response headers after 371.9045ms - 200
[14:55:56 INF] System.Net.Http.HttpClient.DeepSeek.LogicalHandler End processing HTTP request after 372.3535ms - 200
[14:55:56 INF] System.Net.Http.HttpClient.DeepSeek.ClientHandler Received HTTP response headers after 385.865ms - 200
[14:55:56 INF] System.Net.Http.HttpClient.DeepSeek.LogicalHandler End processing HTTP request after 386.7339ms - 200
[14:55:56 INF] System.Net.Http.HttpClient.DeepSeek.ClientHandler Received HTTP response headers after 393.5616ms - 200
[14:55:56 INF] System.Net.Http.HttpClient.DeepSeek.LogicalHandler End processing HTTP request after 394.1399ms - 200
[14:55:56 INF] System.Net.Http.HttpClient.DeepSeek.LogicalHandler Start processing HTTP request POST https://api.deepseek.com/chat/completions
[14:55:56 INF] System.Net.Http.HttpClient.DeepSeek.ClientHandler Sending HTTP request POST https://api.deepseek.com/chat/completions
[14:55:56 INF] System.Net.Http.HttpClient.DeepSeek.ClientHandler Received HTTP response headers after 319.0143ms - 200
[14:55:56 INF] System.Net.Http.HttpClient.DeepSeek.LogicalHandler End processing HTTP request after 319.4767ms - 200
[14:55:56 INF] System.Net.Http.HttpClient.DeepSeek.ClientHandler Received HTTP response headers after 371.5477ms - 200
[14:55:56 INF] System.Net.Http.HttpClient.DeepSeek.LogicalHandler End processing HTTP request after 371.8947ms - 200
[14:55:56 INF] System.Net.Http.HttpClient.DeepSeek.ClientHandler Received HTTP response headers after 312.7563ms - 200
[14:55:56 INF] System.Net.Http.HttpClient.DeepSeek.LogicalHandler End processing HTTP request after 313.2059ms - 200
[14:55:56 INF] System.Net.Http.HttpClient.DeepSeek.ClientHandler Received HTTP response headers after 289.1794ms - 200
[14:55:56 INF] System.Net.Http.HttpClient.DeepSeek.LogicalHandler End processing HTTP request after 289.4967ms - 200
[14:55:56 INF] System.Net.Http.HttpClient.DeepSeek.ClientHandler Received HTTP response headers after 276.306ms - 200
[14:55:56 INF] System.Net.Http.HttpClient.DeepSeek.LogicalHandler End processing HTTP request after 276.9507ms - 200
[14:55:56 INF] System.Net.Http.HttpClient.DeepSeek.ClientHandler Received HTTP response headers after 296.111ms - 200
[14:55:56 INF] System.Net.Http.HttpClient.DeepSeek.LogicalHandler End processing HTTP request after 296.5935ms - 200
[14:55:56 INF] System.Net.Http.HttpClient.DeepSeek.LogicalHandler Start processing HTTP request POST https://api.deepseek.com/chat/completions
[14:55:56 INF] System.Net.Http.HttpClient.DeepSeek.ClientHandler Sending HTTP request POST https://api.deepseek.com/chat/completions
[14:55:56 INF] System.Net.Http.HttpClient.DeepSeek.LogicalHandler Start processing HTTP request POST https://api.deepseek.com/chat/completions
[14:55:56 INF] System.Net.Http.HttpClient.DeepSeek.ClientHandler Sending HTTP request POST https://api.deepseek.com/chat/completions
[14:55:56 INF] System.Net.Http.HttpClient.DeepSeek.ClientHandler Received HTTP response headers after 278.3354ms - 200
[14:55:56 INF] System.Net.Http.HttpClient.DeepSeek.LogicalHandler End processing HTTP request after 279.036ms - 200
[14:55:56 INF] System.Net.Http.HttpClient.DeepSeek.ClientHandler Received HTTP response headers after 305.8034ms - 200
[14:55:56 INF] System.Net.Http.HttpClient.DeepSeek.LogicalHandler End processing HTTP request after 306.0815ms - 200
[14:55:56 INF] System.Net.Http.HttpClient.DeepSeek.ClientHandler Received HTTP response headers after 284.1268ms - 200
[14:55:56 INF] System.Net.Http.HttpClient.DeepSeek.LogicalHandler End processing HTTP request after 284.496ms - 200
[14:55:56 INF] System.Net.Http.HttpClient.DeepSeek.LogicalHandler Start processing HTTP request POST https://api.deepseek.com/chat/completions
[14:55:56 INF] System.Net.Http.HttpClient.DeepSeek.ClientHandler Sending HTTP request POST https://api.deepseek.com/chat/completions
[14:55:56 INF] System.Net.Http.HttpClient.DeepSeek.ClientHandler Received HTTP response headers after 303.0468ms - 200
[14:55:56 INF] System.Net.Http.HttpClient.DeepSeek.LogicalHandler End processing HTTP request after 303.3465ms - 200
[14:55:56 INF] System.Net.Http.HttpClient.DeepSeek.ClientHandler Received HTTP response headers after 299.328ms - 200
[14:55:56 INF] System.Net.Http.HttpClient.DeepSeek.LogicalHandler End processing HTTP request after 299.6523ms - 200
[14:55:57 INF] System.Net.Http.HttpClient.DeepSeek.LogicalHandler Start processing HTTP request POST https://api.deepseek.com/chat/completions
[14:55:57 INF] System.Net.Http.HttpClient.DeepSeek.ClientHandler Sending HTTP request POST https://api.deepseek.com/chat/completions
[14:55:57 INF] System.Net.Http.HttpClient.DeepSeek.LogicalHandler Start processing HTTP request POST https://api.deepseek.com/chat/completions
[14:55:57 INF] System.Net.Http.HttpClient.DeepSeek.ClientHandler Sending HTTP request POST https://api.deepseek.com/chat/completions
[14:55:57 INF] System.Net.Http.HttpClient.DeepSeek.LogicalHandler Start processing HTTP request POST https://api.deepseek.com/chat/completions
[14:55:57 INF] System.Net.Http.HttpClient.DeepSeek.ClientHandler Sending HTTP request POST https://api.deepseek.com/chat/completions
[14:55:57 INF] System.Net.Http.HttpClient.DeepSeek.LogicalHandler Start processing HTTP request POST https://api.deepseek.com/chat/completions
[14:55:57 INF] System.Net.Http.HttpClient.DeepSeek.ClientHandler Sending HTTP request POST https://api.deepseek.com/chat/completions
[14:55:57 INF] System.Net.Http.HttpClient.DeepSeek.ClientHandler Received HTTP response headers after 289.8549ms - 200
[14:55:57 INF] System.Net.Http.HttpClient.DeepSeek.LogicalHandler End processing HTTP request after 290.5805ms - 200
[14:55:57 INF] System.Net.Http.HttpClient.DeepSeek.LogicalHandler Start processing HTTP request POST https://api.deepseek.com/chat/completions
[14:55:57 INF] System.Net.Http.HttpClient.DeepSeek.ClientHandler Sending HTTP request POST https://api.deepseek.com/chat/completions
[14:55:57 INF] System.Net.Http.HttpClient.DeepSeek.LogicalHandler Start processing HTTP request POST https://api.deepseek.com/chat/completions
[14:55:57 INF] System.Net.Http.HttpClient.DeepSeek.ClientHandler Sending HTTP request POST https://api.deepseek.com/chat/completions
[14:55:57 INF] System.Net.Http.HttpClient.DeepSeek.LogicalHandler Start processing HTTP request POST https://api.deepseek.com/chat/completions
[14:55:57 INF] System.Net.Http.HttpClient.DeepSeek.ClientHandler Sending HTTP request POST https://api.deepseek.com/chat/completions
[14:55:57 INF] System.Net.Http.HttpClient.DeepSeek.LogicalHandler Start processing HTTP request POST https://api.deepseek.com/chat/completions
[14:55:57 INF] System.Net.Http.HttpClient.DeepSeek.ClientHandler Sending HTTP request POST https://api.deepseek.com/chat/completions
[14:55:57 INF] System.Net.Http.HttpClient.DeepSeek.ClientHandler Received HTTP response headers after 307.3335ms - 200
[14:55:57 INF] System.Net.Http.HttpClient.DeepSeek.LogicalHandler End processing HTTP request after 307.8917ms - 200
[14:55:57 INF] System.Net.Http.HttpClient.DeepSeek.ClientHandler Received HTTP response headers after 292.7087ms - 200
[14:55:57 INF] System.Net.Http.HttpClient.DeepSeek.LogicalHandler End processing HTTP request after 293.3817ms - 200
[14:55:57 INF] System.Net.Http.HttpClient.DeepSeek.LogicalHandler Start processing HTTP request POST https://api.deepseek.com/chat/completions
[14:55:57 INF] System.Net.Http.HttpClient.DeepSeek.ClientHandler Received HTTP response headers after 298.535ms - 200
[14:55:57 INF] System.Net.Http.HttpClient.DeepSeek.ClientHandler Sending HTTP request POST https://api.deepseek.com/chat/completions
[14:55:57 INF] System.Net.Http.HttpClient.DeepSeek.LogicalHandler End processing HTTP request after 299.0857ms - 200
[14:55:57 INF] System.Net.Http.HttpClient.DeepSeek.LogicalHandler Start processing HTTP request POST https://api.deepseek.com/chat/completions
[14:55:57 INF] System.Net.Http.HttpClient.DeepSeek.ClientHandler Sending HTTP request POST https://api.deepseek.com/chat/completions
[14:55:57 INF] System.Net.Http.HttpClient.DeepSeek.LogicalHandler Start processing HTTP request POST https://api.deepseek.com/chat/completions
[14:55:57 INF] System.Net.Http.HttpClient.DeepSeek.ClientHandler Sending HTTP request POST https://api.deepseek.com/chat/completions
[14:55:57 INF] System.Net.Http.HttpClient.DeepSeek.LogicalHandler Start processing HTTP request POST https://api.deepseek.com/chat/completions
[14:55:57 INF] System.Net.Http.HttpClient.DeepSeek.ClientHandler Sending HTTP request POST https://api.deepseek.com/chat/completions
[14:55:57 INF] System.Net.Http.HttpClient.DeepSeek.LogicalHandler Start processing HTTP request POST https://api.deepseek.com/chat/completions
[14:55:57 INF] System.Net.Http.HttpClient.DeepSeek.ClientHandler Sending HTTP request POST https://api.deepseek.com/chat/completions
[14:55:57 INF] System.Net.Http.HttpClient.DeepSeek.LogicalHandler Start processing HTTP request POST https://api.deepseek.com/chat/completions
[14:55:57 INF] System.Net.Http.HttpClient.DeepSeek.ClientHandler Sending HTTP request POST https://api.deepseek.com/chat/completions
[14:55:57 INF] System.Net.Http.HttpClient.DeepSeek.LogicalHandler Start processing HTTP request POST https://api.deepseek.com/chat/completions
[14:55:57 INF] System.Net.Http.HttpClient.DeepSeek.ClientHandler Sending HTTP request POST https://api.deepseek.com/chat/completions
[14:55:57 INF] System.Net.Http.HttpClient.DeepSeek.ClientHandler Received HTTP response headers after 374.1497ms - 200
[14:55:57 INF] System.Net.Http.HttpClient.DeepSeek.LogicalHandler End processing HTTP request after 374.827ms - 200
[14:55:57 INF] System.Net.Http.HttpClient.DeepSeek.LogicalHandler Start processing HTTP request POST https://api.deepseek.com/chat/completions
[14:55:57 INF] System.Net.Http.HttpClient.DeepSeek.ClientHandler Sending HTTP request POST https://api.deepseek.com/chat/completions
[14:55:57 INF] System.Net.Http.HttpClient.DeepSeek.LogicalHandler Start processing HTTP request POST https://api.deepseek.com/chat/completions
[14:55:57 INF] System.Net.Http.HttpClient.DeepSeek.ClientHandler Sending HTTP request POST https://api.deepseek.com/chat/completions
[14:55:57 INF] System.Net.Http.HttpClient.DeepSeek.LogicalHandler Start processing HTTP request POST https://api.deepseek.com/chat/completions
[14:55:57 INF] System.Net.Http.HttpClient.DeepSeek.ClientHandler Sending HTTP request POST https://api.deepseek.com/chat/completions
[14:55:57 INF] System.Net.Http.HttpClient.DeepSeek.ClientHandler Received HTTP response headers after 319.5234ms - 200
[14:55:57 INF] System.Net.Http.HttpClient.DeepSeek.LogicalHandler End processing HTTP request after 320.0463ms - 200
[14:55:57 INF] System.Net.Http.HttpClient.DeepSeek.LogicalHandler Start processing HTTP request POST https://api.deepseek.com/chat/completions
[14:55:57 INF] System.Net.Http.HttpClient.DeepSeek.ClientHandler Sending HTTP request POST https://api.deepseek.com/chat/completions
[14:55:57 INF] System.Net.Http.HttpClient.DeepSeek.LogicalHandler Start processing HTTP request POST https://api.deepseek.com/chat/completions
[14:55:57 INF] System.Net.Http.HttpClient.DeepSeek.ClientHandler Sending HTTP request POST https://api.deepseek.com/chat/completions
[14:55:57 INF] System.Net.Http.HttpClient.DeepSeek.ClientHandler Received HTTP response headers after 286.8563ms - 200
[14:55:57 INF] System.Net.Http.HttpClient.DeepSeek.LogicalHandler End processing HTTP request after 287.218ms - 200
[14:55:57 INF] System.Net.Http.HttpClient.DeepSeek.ClientHandler Received HTTP response headers after 286.6615ms - 200
[14:55:57 INF] System.Net.Http.HttpClient.DeepSeek.LogicalHandler End processing HTTP request after 286.9537ms - 200
[14:55:57 INF] System.Net.Http.HttpClient.DeepSeek.LogicalHandler Start processing HTTP request POST https://api.deepseek.com/chat/completions
[14:55:57 INF] System.Net.Http.HttpClient.DeepSeek.ClientHandler Sending HTTP request POST https://api.deepseek.com/chat/completions
[14:55:57 INF] System.Net.Http.HttpClient.DeepSeek.ClientHandler Received HTTP response headers after 324.0471ms - 200
[14:55:57 INF] System.Net.Http.HttpClient.DeepSeek.LogicalHandler End processing HTTP request after 324.9621ms - 200
[14:55:57 INF] System.Net.Http.HttpClient.DeepSeek.ClientHandler Received HTTP response headers after 311.4895ms - 200
[14:55:57 INF] System.Net.Http.HttpClient.DeepSeek.LogicalHandler End processing HTTP request after 314.3192ms - 200
[14:55:57 INF] System.Net.Http.HttpClient.DeepSeek.LogicalHandler Start processing HTTP request POST https://api.deepseek.com/chat/completions
[14:55:57 INF] System.Net.Http.HttpClient.DeepSeek.ClientHandler Sending HTTP request POST https://api.deepseek.com/chat/completions
[14:55:57 INF] System.Net.Http.HttpClient.DeepSeek.ClientHandler Received HTTP response headers after 289.3911ms - 200
[14:55:57 INF] System.Net.Http.HttpClient.DeepSeek.LogicalHandler End processing HTTP request after 290.4413ms - 200
[14:55:57 INF] System.Net.Http.HttpClient.DeepSeek.ClientHandler Received HTTP response headers after 288.9818ms - 200
[14:55:57 INF] System.Net.Http.HttpClient.DeepSeek.LogicalHandler End processing HTTP request after 291.621ms - 200
[14:55:57 INF] System.Net.Http.HttpClient.DeepSeek.LogicalHandler Start processing HTTP request POST https://api.deepseek.com/chat/completions
[14:55:57 INF] System.Net.Http.HttpClient.DeepSeek.ClientHandler Sending HTTP request POST https://api.deepseek.com/chat/completions
[14:55:57 INF] System.Net.Http.HttpClient.DeepSeek.ClientHandler Received HTTP response headers after 306.8812ms - 200
[14:55:57 INF] System.Net.Http.HttpClient.DeepSeek.LogicalHandler End processing HTTP request after 308.1587ms - 200
[14:55:57 INF] System.Net.Http.HttpClient.DeepSeek.ClientHandler Received HTTP response headers after 285.8135ms - 200
[14:55:57 INF] System.Net.Http.HttpClient.DeepSeek.LogicalHandler End processing HTTP request after 286.277ms - 200
[14:55:57 INF] System.Net.Http.HttpClient.DeepSeek.ClientHandler Received HTTP response headers after 294.1572ms - 200
[14:55:57 INF] System.Net.Http.HttpClient.DeepSeek.LogicalHandler End processing HTTP request after 315.1221ms - 200
[14:55:57 INF] System.Net.Http.HttpClient.DeepSeek.ClientHandler Received HTTP response headers after 313.1343ms - 200
[14:55:57 INF] System.Net.Http.HttpClient.DeepSeek.LogicalHandler End processing HTTP request after 313.506ms - 200
[14:55:57 INF] System.Net.Http.HttpClient.DeepSeek.ClientHandler Received HTTP response headers after 287.9089ms - 200
[14:55:57 INF] System.Net.Http.HttpClient.DeepSeek.LogicalHandler End processing HTTP request after 288.2939ms - 200
[14:55:57 INF] System.Net.Http.HttpClient.DeepSeek.LogicalHandler Start processing HTTP request POST https://api.deepseek.com/chat/completions
[14:55:57 INF] System.Net.Http.HttpClient.DeepSeek.ClientHandler Sending HTTP request POST https://api.deepseek.com/chat/completions
[14:55:57 INF] System.Net.Http.HttpClient.DeepSeek.ClientHandler Received HTTP response headers after 304.3357ms - 200
[14:55:57 INF] System.Net.Http.HttpClient.DeepSeek.LogicalHandler End processing HTTP request after 304.7323ms - 200
[14:55:57 INF] System.Net.Http.HttpClient.DeepSeek.ClientHandler Received HTTP response headers after 297.0664ms - 200
[14:55:57 INF] System.Net.Http.HttpClient.DeepSeek.LogicalHandler End processing HTTP request after 297.443ms - 200
[14:55:57 INF] System.Net.Http.HttpClient.DeepSeek.ClientHandler Received HTTP response headers after 275.9249ms - 200
[14:55:57 INF] System.Net.Http.HttpClient.DeepSeek.LogicalHandler End processing HTTP request after 276.1119ms - 200
[14:55:57 INF] System.Net.Http.HttpClient.DeepSeek.LogicalHandler Start processing HTTP request POST https://api.deepseek.com/chat/completions
[14:55:57 INF] System.Net.Http.HttpClient.DeepSeek.ClientHandler Sending HTTP request POST https://api.deepseek.com/chat/completions
[14:55:57 INF] System.Net.Http.HttpClient.DeepSeek.ClientHandler Received HTTP response headers after 290.2169ms - 200
[14:55:57 INF] System.Net.Http.HttpClient.DeepSeek.LogicalHandler End processing HTTP request after 290.3655ms - 200
[14:55:57 INF] System.Net.Http.HttpClient.DeepSeek.LogicalHandler Start processing HTTP request POST https://api.deepseek.com/chat/completions
[14:55:57 INF] System.Net.Http.HttpClient.DeepSeek.ClientHandler Sending HTTP request POST https://api.deepseek.com/chat/completions
[14:55:57 INF] System.Net.Http.HttpClient.DeepSeek.ClientHandler Received HTTP response headers after 302.938ms - 200
[14:55:57 INF] System.Net.Http.HttpClient.DeepSeek.LogicalHandler End processing HTTP request after 307.6619ms - 200
[14:55:57 INF] System.Net.Http.HttpClient.DeepSeek.ClientHandler Received HTTP response headers after 295.4354ms - 200
[14:55:57 INF] System.Net.Http.HttpClient.DeepSeek.LogicalHandler End processing HTTP request after 296.5289ms - 200
[14:55:57 INF] System.Net.Http.HttpClient.DeepSeek.LogicalHandler Start processing HTTP request POST https://api.deepseek.com/chat/completions
[14:55:57 INF] System.Net.Http.HttpClient.DeepSeek.ClientHandler Sending HTTP request POST https://api.deepseek.com/chat/completions
[14:55:57 INF] System.Net.Http.HttpClient.DeepSeek.ClientHandler Received HTTP response headers after 282.038ms - 200
[14:55:57 INF] System.Net.Http.HttpClient.DeepSeek.LogicalHandler End processing HTTP request after 285.3034ms - 200
[14:55:58 INF] System.Net.Http.HttpClient.DeepSeek.LogicalHandler Start processing HTTP request POST https://api.deepseek.com/chat/completions
[14:55:58 INF] System.Net.Http.HttpClient.DeepSeek.ClientHandler Sending HTTP request POST https://api.deepseek.com/chat/completions
[14:55:58 INF] System.Net.Http.HttpClient.DeepSeek.ClientHandler Received HTTP response headers after 285.3532ms - 200
[14:55:58 INF] System.Net.Http.HttpClient.DeepSeek.LogicalHandler End processing HTTP request after 285.6848ms - 200
[14:55:58 INF] System.Net.Http.HttpClient.DeepSeek.LogicalHandler Start processing HTTP request POST https://api.deepseek.com/chat/completions
[14:55:58 INF] System.Net.Http.HttpClient.DeepSeek.ClientHandler Sending HTTP request POST https://api.deepseek.com/chat/completions
[14:55:58 INF] System.Net.Http.HttpClient.DeepSeek.ClientHandler Received HTTP response headers after 283.7997ms - 200
[14:55:58 INF] System.Net.Http.HttpClient.DeepSeek.LogicalHandler End processing HTTP request after 284.0854ms - 200
[14:55:58 INF] System.Net.Http.HttpClient.DeepSeek.ClientHandler Received HTTP response headers after 377.2495ms - 200
[14:55:58 INF] System.Net.Http.HttpClient.DeepSeek.LogicalHandler End processing HTTP request after 377.5724ms - 200
[14:55:58 INF] System.Net.Http.HttpClient.DeepSeek.LogicalHandler Start processing HTTP request POST https://api.deepseek.com/chat/completions
[14:55:58 INF] System.Net.Http.HttpClient.DeepSeek.ClientHandler Sending HTTP request POST https://api.deepseek.com/chat/completions
[14:55:58 INF] System.Net.Http.HttpClient.DeepSeek.LogicalHandler Start processing HTTP request POST https://api.deepseek.com/chat/completions
[14:55:58 INF] System.Net.Http.HttpClient.DeepSeek.ClientHandler Sending HTTP request POST https://api.deepseek.com/chat/completions
[14:55:58 INF] System.Net.Http.HttpClient.DeepSeek.ClientHandler Received HTTP response headers after 291.4385ms - 200
[14:55:58 INF] System.Net.Http.HttpClient.DeepSeek.LogicalHandler End processing HTTP request after 291.8638ms - 200
[14:55:58 INF] System.Net.Http.HttpClient.DeepSeek.LogicalHandler Start processing HTTP request POST https://api.deepseek.com/chat/completions
[14:55:58 INF] System.Net.Http.HttpClient.DeepSeek.ClientHandler Sending HTTP request POST https://api.deepseek.com/chat/completions
[14:55:58 INF] System.Net.Http.HttpClient.DeepSeek.LogicalHandler Start processing HTTP request POST https://api.deepseek.com/chat/completions
[14:55:58 INF] System.Net.Http.HttpClient.DeepSeek.ClientHandler Sending HTTP request POST https://api.deepseek.com/chat/completions
[14:55:58 INF] System.Net.Http.HttpClient.DeepSeek.ClientHandler Received HTTP response headers after 273.2058ms - 200
[14:55:58 INF] System.Net.Http.HttpClient.DeepSeek.LogicalHandler End processing HTTP request after 273.8674ms - 200
[14:55:58 INF] System.Net.Http.HttpClient.DeepSeek.LogicalHandler Start processing HTTP request POST https://api.deepseek.com/chat/completions
[14:55:58 INF] System.Net.Http.HttpClient.DeepSeek.ClientHandler Sending HTTP request POST https://api.deepseek.com/chat/completions
[14:55:58 INF] System.Net.Http.HttpClient.DeepSeek.LogicalHandler Start processing HTTP request POST https://api.deepseek.com/chat/completions
[14:55:58 INF] System.Net.Http.HttpClient.DeepSeek.ClientHandler Sending HTTP request POST https://api.deepseek.com/chat/completions
[14:55:58 INF] System.Net.Http.HttpClient.DeepSeek.LogicalHandler Start processing HTTP request POST https://api.deepseek.com/chat/completions
[14:55:58 INF] System.Net.Http.HttpClient.DeepSeek.ClientHandler Sending HTTP request POST https://api.deepseek.com/chat/completions
[14:55:58 INF] System.Net.Http.HttpClient.DeepSeek.LogicalHandler Start processing HTTP request POST https://api.deepseek.com/chat/completions
[14:55:58 INF] System.Net.Http.HttpClient.DeepSeek.ClientHandler Sending HTTP request POST https://api.deepseek.com/chat/completions
[14:55:58 INF] System.Net.Http.HttpClient.DeepSeek.LogicalHandler Start processing HTTP request POST https://api.deepseek.com/chat/completions
[14:55:58 INF] System.Net.Http.HttpClient.DeepSeek.ClientHandler Sending HTTP request POST https://api.deepseek.com/chat/completions
[14:55:58 INF] System.Net.Http.HttpClient.DeepSeek.ClientHandler Received HTTP response headers after 291.8764ms - 200
[14:55:58 INF] System.Net.Http.HttpClient.DeepSeek.LogicalHandler End processing HTTP request after 292.3427ms - 200
[14:55:58 INF] System.Net.Http.HttpClient.DeepSeek.LogicalHandler Start processing HTTP request POST https://api.deepseek.com/chat/completions
[14:55:58 INF] System.Net.Http.HttpClient.DeepSeek.ClientHandler Sending HTTP request POST https://api.deepseek.com/chat/completions
[14:55:58 INF] System.Net.Http.HttpClient.DeepSeek.LogicalHandler Start processing HTTP request POST https://api.deepseek.com/chat/completions
[14:55:58 INF] System.Net.Http.HttpClient.DeepSeek.ClientHandler Sending HTTP request POST https://api.deepseek.com/chat/completions
[14:55:58 INF] System.Net.Http.HttpClient.DeepSeek.LogicalHandler Start processing HTTP request POST https://api.deepseek.com/chat/completions
[14:55:58 INF] System.Net.Http.HttpClient.DeepSeek.ClientHandler Sending HTTP request POST https://api.deepseek.com/chat/completions
[14:55:58 INF] System.Net.Http.HttpClient.DeepSeek.LogicalHandler Start processing HTTP request POST https://api.deepseek.com/chat/completions
[14:55:58 INF] System.Net.Http.HttpClient.DeepSeek.ClientHandler Sending HTTP request POST https://api.deepseek.com/chat/completions
[14:55:58 INF] System.Net.Http.HttpClient.DeepSeek.ClientHandler Received HTTP response headers after 298.7417ms - 200
[14:55:58 INF] System.Net.Http.HttpClient.DeepSeek.LogicalHandler End processing HTTP request after 299.228ms - 200
[14:55:58 INF] System.Net.Http.HttpClient.DeepSeek.LogicalHandler Start processing HTTP request POST https://api.deepseek.com/chat/completions
[14:55:58 INF] System.Net.Http.HttpClient.DeepSeek.ClientHandler Sending HTTP request POST https://api.deepseek.com/chat/completions
[14:55:58 INF] System.Net.Http.HttpClient.DeepSeek.ClientHandler Received HTTP response headers after 298.8626ms - 200
[14:55:58 INF] System.Net.Http.HttpClient.DeepSeek.LogicalHandler End processing HTTP request after 299.2924ms - 200
[14:55:58 INF] System.Net.Http.HttpClient.DeepSeek.ClientHandler Received HTTP response headers after 285.7866ms - 200
[14:55:58 INF] System.Net.Http.HttpClient.DeepSeek.LogicalHandler End processing HTTP request after 286.2534ms - 200
[14:55:58 INF] System.Net.Http.HttpClient.DeepSeek.ClientHandler Received HTTP response headers after 290.5411ms - 200
[14:55:58 INF] System.Net.Http.HttpClient.DeepSeek.LogicalHandler End processing HTTP request after 290.9488ms - 200
[14:55:58 INF] System.Net.Http.HttpClient.DeepSeek.LogicalHandler Start processing HTTP request POST https://api.deepseek.com/chat/completions
[14:55:58 INF] System.Net.Http.HttpClient.DeepSeek.ClientHandler Sending HTTP request POST https://api.deepseek.com/chat/completions
[14:55:58 INF] System.Net.Http.HttpClient.DeepSeek.ClientHandler Received HTTP response headers after 278.4037ms - 200
[14:55:58 INF] System.Net.Http.HttpClient.DeepSeek.LogicalHandler End processing HTTP request after 278.7663ms - 200
[14:55:58 INF] System.Net.Http.HttpClient.DeepSeek.ClientHandler Received HTTP response headers after 295.5089ms - 200
[14:55:58 INF] System.Net.Http.HttpClient.DeepSeek.LogicalHandler End processing HTTP request after 295.7115ms - 200
[14:55:58 INF] System.Net.Http.HttpClient.DeepSeek.ClientHandler Received HTTP response headers after 298.8555ms - 200
[14:55:58 INF] System.Net.Http.HttpClient.DeepSeek.LogicalHandler End processing HTTP request after 299.0517ms - 200
[14:55:58 INF] System.Net.Http.HttpClient.DeepSeek.ClientHandler Received HTTP response headers after 285.9448ms - 200
[14:55:58 INF] System.Net.Http.HttpClient.DeepSeek.LogicalHandler End processing HTTP request after 286.1675ms - 200
[14:55:58 INF] System.Net.Http.HttpClient.DeepSeek.LogicalHandler Start processing HTTP request POST https://api.deepseek.com/chat/completions
[14:55:58 INF] System.Net.Http.HttpClient.DeepSeek.ClientHandler Sending HTTP request POST https://api.deepseek.com/chat/completions
[14:55:58 INF] System.Net.Http.HttpClient.DeepSeek.ClientHandler Received HTTP response headers after 284.4397ms - 200
[14:55:58 INF] System.Net.Http.HttpClient.DeepSeek.LogicalHandler End processing HTTP request after 284.9414ms - 200
[14:55:58 INF] System.Net.Http.HttpClient.DeepSeek.ClientHandler Received HTTP response headers after 290.8398ms - 200
[14:55:58 INF] System.Net.Http.HttpClient.DeepSeek.LogicalHandler End processing HTTP request after 291.252ms - 200
[14:55:58 INF] System.Net.Http.HttpClient.DeepSeek.LogicalHandler Start processing HTTP request POST https://api.deepseek.com/chat/completions
[14:55:58 INF] System.Net.Http.HttpClient.DeepSeek.ClientHandler Sending HTTP request POST https://api.deepseek.com/chat/completions
[14:55:58 INF] System.Net.Http.HttpClient.DeepSeek.LogicalHandler Start processing HTTP request POST https://api.deepseek.com/chat/completions
[14:55:58 INF] System.Net.Http.HttpClient.DeepSeek.ClientHandler Sending HTTP request POST https://api.deepseek.com/chat/completions
[14:55:58 INF] System.Net.Http.HttpClient.DeepSeek.LogicalHandler Start processing HTTP request POST https://api.deepseek.com/chat/completions
[14:55:58 INF] System.Net.Http.HttpClient.DeepSeek.ClientHandler Sending HTTP request POST https://api.deepseek.com/chat/completions
[14:55:58 INF] System.Net.Http.HttpClient.DeepSeek.ClientHandler Received HTTP response headers after 296.896ms - 200
[14:55:58 INF] System.Net.Http.HttpClient.DeepSeek.LogicalHandler End processing HTTP request after 297.3966ms - 200
[14:55:58 INF] System.Net.Http.HttpClient.DeepSeek.ClientHandler Received HTTP response headers after 302.523ms - 200
[14:55:58 INF] System.Net.Http.HttpClient.DeepSeek.LogicalHandler End processing HTTP request after 303.7682ms - 200
[14:55:58 INF] System.Net.Http.HttpClient.DeepSeek.LogicalHandler Start processing HTTP request POST https://api.deepseek.com/chat/completions
[14:55:58 INF] System.Net.Http.HttpClient.DeepSeek.ClientHandler Sending HTTP request POST https://api.deepseek.com/chat/completions
[14:55:58 INF] System.Net.Http.HttpClient.DeepSeek.ClientHandler Received HTTP response headers after 300.315ms - 200
[14:55:58 INF] System.Net.Http.HttpClient.DeepSeek.LogicalHandler End processing HTTP request after 300.6505ms - 200
[14:55:58 INF] System.Net.Http.HttpClient.DeepSeek.ClientHandler Received HTTP response headers after 318.3622ms - 200
[14:55:58 INF] System.Net.Http.HttpClient.DeepSeek.LogicalHandler End processing HTTP request after 318.7105ms - 200
[14:55:58 INF] System.Net.Http.HttpClient.DeepSeek.LogicalHandler Start processing HTTP request POST https://api.deepseek.com/chat/completions
[14:55:58 INF] System.Net.Http.HttpClient.DeepSeek.ClientHandler Sending HTTP request POST https://api.deepseek.com/chat/completions
[14:55:58 INF] System.Net.Http.HttpClient.DeepSeek.ClientHandler Received HTTP response headers after 281.0915ms - 200
[14:55:58 INF] System.Net.Http.HttpClient.DeepSeek.LogicalHandler End processing HTTP request after 281.4231ms - 200
[14:55:58 INF] System.Net.Http.HttpClient.DeepSeek.LogicalHandler Start processing HTTP request POST https://api.deepseek.com/chat/completions
[14:55:58 INF] System.Net.Http.HttpClient.DeepSeek.ClientHandler Sending HTTP request POST https://api.deepseek.com/chat/completions
[14:55:58 INF] System.Net.Http.HttpClient.DeepSeek.ClientHandler Received HTTP response headers after 303.1231ms - 200
[14:55:58 INF] System.Net.Http.HttpClient.DeepSeek.LogicalHandler End processing HTTP request after 303.4061ms - 200
[14:55:58 INF] System.Net.Http.HttpClient.DeepSeek.LogicalHandler Start processing HTTP request POST https://api.deepseek.com/chat/completions
[14:55:58 INF] System.Net.Http.HttpClient.DeepSeek.ClientHandler Sending HTTP request POST https://api.deepseek.com/chat/completions
[14:55:59 INF] System.Net.Http.HttpClient.DeepSeek.LogicalHandler Start processing HTTP request POST https://api.deepseek.com/chat/completions
[14:55:59 INF] System.Net.Http.HttpClient.DeepSeek.ClientHandler Sending HTTP request POST https://api.deepseek.com/chat/completions
[14:55:59 INF] System.Net.Http.HttpClient.DeepSeek.LogicalHandler Start processing HTTP request POST https://api.deepseek.com/chat/completions
[14:55:59 INF] System.Net.Http.HttpClient.DeepSeek.ClientHandler Sending HTTP request POST https://api.deepseek.com/chat/completions
[14:55:59 INF] System.Net.Http.HttpClient.DeepSeek.ClientHandler Received HTTP response headers after 294.5297ms - 200
[14:55:59 INF] System.Net.Http.HttpClient.DeepSeek.LogicalHandler End processing HTTP request after 294.8233ms - 200
[14:55:59 INF] System.Net.Http.HttpClient.DeepSeek.ClientHandler Received HTTP response headers after 295.1792ms - 200
[14:55:59 INF] System.Net.Http.HttpClient.DeepSeek.LogicalHandler End processing HTTP request after 295.6002ms - 200
[14:55:59 INF] System.Net.Http.HttpClient.DeepSeek.LogicalHandler Start processing HTTP request POST https://api.deepseek.com/chat/completions
[14:55:59 INF] System.Net.Http.HttpClient.DeepSeek.ClientHandler Sending HTTP request POST https://api.deepseek.com/chat/completions
[14:55:59 INF] System.Net.Http.HttpClient.DeepSeek.LogicalHandler Start processing HTTP request POST https://api.deepseek.com/chat/completions
[14:55:59 INF] System.Net.Http.HttpClient.DeepSeek.ClientHandler Sending HTTP request POST https://api.deepseek.com/chat/completions
[14:55:59 INF] System.Net.Http.HttpClient.DeepSeek.ClientHandler Received HTTP response headers after 310.061ms - 200
[14:55:59 INF] System.Net.Http.HttpClient.DeepSeek.LogicalHandler End processing HTTP request after 310.2967ms - 200
[14:55:59 INF] System.Net.Http.HttpClient.DeepSeek.ClientHandler Received HTTP response headers after 293.8397ms - 200
[14:55:59 INF] System.Net.Http.HttpClient.DeepSeek.LogicalHandler End processing HTTP request after 294.2608ms - 200
[14:55:59 INF] System.Net.Http.HttpClient.DeepSeek.LogicalHandler Start processing HTTP request POST https://api.deepseek.com/chat/completions
[14:55:59 INF] System.Net.Http.HttpClient.DeepSeek.ClientHandler Sending HTTP request POST https://api.deepseek.com/chat/completions
[14:55:59 INF] System.Net.Http.HttpClient.DeepSeek.ClientHandler Received HTTP response headers after 328.1373ms - 200
[14:55:59 INF] System.Net.Http.HttpClient.DeepSeek.LogicalHandler End processing HTTP request after 328.3465ms - 200
[14:55:59 INF] System.Net.Http.HttpClient.DeepSeek.ClientHandler Received HTTP response headers after 285.9775ms - 200
[14:55:59 INF] System.Net.Http.HttpClient.DeepSeek.LogicalHandler End processing HTTP request after 286.3242ms - 200
[14:55:59 INF] System.Net.Http.HttpClient.DeepSeek.LogicalHandler Start processing HTTP request POST https://api.deepseek.com/chat/completions
[14:55:59 INF] System.Net.Http.HttpClient.DeepSeek.ClientHandler Sending HTTP request POST https://api.deepseek.com/chat/completions
[14:55:59 INF] System.Net.Http.HttpClient.DeepSeek.LogicalHandler Start processing HTTP request POST https://api.deepseek.com/chat/completions
[14:55:59 INF] System.Net.Http.HttpClient.DeepSeek.ClientHandler Sending HTTP request POST https://api.deepseek.com/chat/completions
[14:55:59 INF] System.Net.Http.HttpClient.DeepSeek.LogicalHandler Start processing HTTP request POST https://api.deepseek.com/chat/completions
[14:55:59 INF] System.Net.Http.HttpClient.DeepSeek.ClientHandler Sending HTTP request POST https://api.deepseek.com/chat/completions
[14:55:59 INF] System.Net.Http.HttpClient.DeepSeek.ClientHandler Received HTTP response headers after 287.8866ms - 200
[14:55:59 INF] System.Net.Http.HttpClient.DeepSeek.LogicalHandler End processing HTTP request after 288.4203ms - 200
[14:55:59 INF] System.Net.Http.HttpClient.DeepSeek.LogicalHandler Start processing HTTP request POST https://api.deepseek.com/chat/completions
[14:55:59 INF] System.Net.Http.HttpClient.DeepSeek.ClientHandler Sending HTTP request POST https://api.deepseek.com/chat/completions
[14:55:59 INF] System.Net.Http.HttpClient.DeepSeek.ClientHandler Received HTTP response headers after 303.647ms - 200
[14:55:59 INF] System.Net.Http.HttpClient.DeepSeek.LogicalHandler End processing HTTP request after 304.1437ms - 200
[14:55:59 INF] System.Net.Http.HttpClient.DeepSeek.ClientHandler Received HTTP response headers after 306.7243ms - 200
[14:55:59 INF] System.Net.Http.HttpClient.DeepSeek.LogicalHandler End processing HTTP request after 307.0017ms - 200
[14:55:59 INF] System.Net.Http.HttpClient.DeepSeek.ClientHandler Received HTTP response headers after 287.0078ms - 200
[14:55:59 INF] System.Net.Http.HttpClient.DeepSeek.LogicalHandler End processing HTTP request after 287.4197ms - 200
[14:55:59 INF] System.Net.Http.HttpClient.DeepSeek.LogicalHandler Start processing HTTP request POST https://api.deepseek.com/chat/completions
[14:55:59 INF] System.Net.Http.HttpClient.DeepSeek.ClientHandler Sending HTTP request POST https://api.deepseek.com/chat/completions
[14:55:59 INF] System.Net.Http.HttpClient.DeepSeek.ClientHandler Received HTTP response headers after 282.6947ms - 200
[14:55:59 INF] System.Net.Http.HttpClient.DeepSeek.ClientHandler Received HTTP response headers after 315.9778ms - 200
[14:55:59 INF] System.Net.Http.HttpClient.DeepSeek.LogicalHandler End processing HTTP request after 282.9993ms - 200
[14:55:59 INF] System.Net.Http.HttpClient.DeepSeek.LogicalHandler End processing HTTP request after 316.4267ms - 200
[14:55:59 INF] System.Net.Http.HttpClient.DeepSeek.LogicalHandler Start processing HTTP request POST https://api.deepseek.com/chat/completions
[14:55:59 INF] System.Net.Http.HttpClient.DeepSeek.ClientHandler Sending HTTP request POST https://api.deepseek.com/chat/completions
[14:55:59 INF] System.Net.Http.HttpClient.DeepSeek.LogicalHandler Start processing HTTP request POST https://api.deepseek.com/chat/completions
[14:55:59 INF] System.Net.Http.HttpClient.DeepSeek.ClientHandler Sending HTTP request POST https://api.deepseek.com/chat/completions
[14:55:59 INF] System.Net.Http.HttpClient.DeepSeek.ClientHandler Received HTTP response headers after 312.7666ms - 200
[14:55:59 INF] System.Net.Http.HttpClient.DeepSeek.LogicalHandler End processing HTTP request after 313.4595ms - 200
[14:55:59 INF] System.Net.Http.HttpClient.DeepSeek.ClientHandler Received HTTP response headers after 302.6313ms - 200
[14:55:59 INF] System.Net.Http.HttpClient.DeepSeek.LogicalHandler End processing HTTP request after 303.062ms - 200
[14:55:59 INF] System.Net.Http.HttpClient.DeepSeek.LogicalHandler Start processing HTTP request POST https://api.deepseek.com/chat/completions
[14:55:59 INF] System.Net.Http.HttpClient.DeepSeek.ClientHandler Sending HTTP request POST https://api.deepseek.com/chat/completions
[14:55:59 INF] System.Net.Http.HttpClient.DeepSeek.ClientHandler Received HTTP response headers after 296.8714ms - 200
[14:55:59 INF] System.Net.Http.HttpClient.DeepSeek.LogicalHandler End processing HTTP request after 297.2944ms - 200
[14:55:59 INF] System.Net.Http.HttpClient.DeepSeek.LogicalHandler Start processing HTTP request POST https://api.deepseek.com/chat/completions
[14:55:59 INF] System.Net.Http.HttpClient.DeepSeek.ClientHandler Sending HTTP request POST https://api.deepseek.com/chat/completions
[14:55:59 INF] System.Net.Http.HttpClient.DeepSeek.LogicalHandler Start processing HTTP request POST https://api.deepseek.com/chat/completions
[14:55:59 INF] System.Net.Http.HttpClient.DeepSeek.ClientHandler Sending HTTP request POST https://api.deepseek.com/chat/completions
[14:55:59 INF] System.Net.Http.HttpClient.DeepSeek.LogicalHandler Start processing HTTP request POST https://api.deepseek.com/chat/completions
[14:55:59 INF] System.Net.Http.HttpClient.DeepSeek.ClientHandler Sending HTTP request POST https://api.deepseek.com/chat/completions
[14:55:59 INF] System.Net.Http.HttpClient.DeepSeek.ClientHandler Received HTTP response headers after 283.5492ms - 200
[14:55:59 INF] System.Net.Http.HttpClient.DeepSeek.LogicalHandler End processing HTTP request after 289.2836ms - 200
[14:55:59 INF] System.Net.Http.HttpClient.DeepSeek.LogicalHandler Start processing HTTP request POST https://api.deepseek.com/chat/completions
[14:55:59 INF] System.Net.Http.HttpClient.DeepSeek.ClientHandler Sending HTTP request POST https://api.deepseek.com/chat/completions
[14:55:59 INF] System.Net.Http.HttpClient.DeepSeek.ClientHandler Received HTTP response headers after 433.7035ms - 200
[14:55:59 INF] System.Net.Http.HttpClient.DeepSeek.LogicalHandler End processing HTTP request after 434.5292ms - 200
[14:55:59 INF] System.Net.Http.HttpClient.DeepSeek.ClientHandler Received HTTP response headers after 288.0604ms - 200
[14:55:59 INF] System.Net.Http.HttpClient.DeepSeek.LogicalHandler End processing HTTP request after 288.7132ms - 200
[14:55:59 INF] System.Net.Http.HttpClient.DeepSeek.ClientHandler Received HTTP response headers after 294.8595ms - 200
[14:55:59 INF] System.Net.Http.HttpClient.DeepSeek.LogicalHandler End processing HTTP request after 295.7582ms - 200
[14:55:59 INF] System.Net.Http.HttpClient.DeepSeek.ClientHandler Received HTTP response headers after 278.2117ms - 200
[14:55:59 INF] System.Net.Http.HttpClient.DeepSeek.LogicalHandler End processing HTTP request after 278.4251ms - 200
[14:55:59 INF] System.Net.Http.HttpClient.DeepSeek.ClientHandler Received HTTP response headers after 298.6732ms - 200
[14:55:59 INF] System.Net.Http.HttpClient.DeepSeek.LogicalHandler End processing HTTP request after 299.1043ms - 200
[14:55:59 INF] System.Net.Http.HttpClient.DeepSeek.ClientHandler Received HTTP response headers after 285.4522ms - 200
[14:55:59 INF] System.Net.Http.HttpClient.DeepSeek.LogicalHandler End processing HTTP request after 285.9047ms - 200
[14:55:59 INF] System.Net.Http.HttpClient.DeepSeek.ClientHandler Received HTTP response headers after 283.6107ms - 200
[14:55:59 INF] System.Net.Http.HttpClient.DeepSeek.LogicalHandler End processing HTTP request after 283.8509ms - 200
[14:55:59 INF] System.Net.Http.HttpClient.DeepSeek.LogicalHandler Start processing HTTP request POST https://api.deepseek.com/chat/completions
[14:55:59 INF] System.Net.Http.HttpClient.DeepSeek.ClientHandler Sending HTTP request POST https://api.deepseek.com/chat/completions
[14:55:59 INF] System.Net.Http.HttpClient.DeepSeek.ClientHandler Received HTTP response headers after 299.8879ms - 200
[14:55:59 INF] System.Net.Http.HttpClient.DeepSeek.LogicalHandler End processing HTTP request after 300.2092ms - 200
[14:56:00 INF] System.Net.Http.HttpClient.DeepSeek.LogicalHandler Start processing HTTP request POST https://api.deepseek.com/chat/completions
[14:56:00 INF] System.Net.Http.HttpClient.DeepSeek.ClientHandler Sending HTTP request POST https://api.deepseek.com/chat/completions
[14:56:00 INF] System.Net.Http.HttpClient.DeepSeek.LogicalHandler Start processing HTTP request POST https://api.deepseek.com/chat/completions
[14:56:00 INF] System.Net.Http.HttpClient.DeepSeek.ClientHandler Sending HTTP request POST https://api.deepseek.com/chat/completions
[14:56:00 INF] System.Net.Http.HttpClient.DeepSeek.LogicalHandler Start processing HTTP request POST https://api.deepseek.com/chat/completions
[14:56:00 INF] System.Net.Http.HttpClient.DeepSeek.ClientHandler Sending HTTP request POST https://api.deepseek.com/chat/completions
[14:56:00 INF] System.Net.Http.HttpClient.DeepSeek.ClientHandler Received HTTP response headers after 289.5285ms - 200
[14:56:00 INF] System.Net.Http.HttpClient.DeepSeek.LogicalHandler End processing HTTP request after 289.9796ms - 200
[14:56:00 INF] System.Net.Http.HttpClient.DeepSeek.LogicalHandler Start processing HTTP request POST https://api.deepseek.com/chat/completions
[14:56:00 INF] System.Net.Http.HttpClient.DeepSeek.ClientHandler Sending HTTP request POST https://api.deepseek.com/chat/completions
[14:56:00 INF] System.Net.Http.HttpClient.DeepSeek.LogicalHandler Start processing HTTP request POST https://api.deepseek.com/chat/completions
[14:56:00 INF] System.Net.Http.HttpClient.DeepSeek.ClientHandler Sending HTTP request POST https://api.deepseek.com/chat/completions
[14:56:00 INF] System.Net.Http.HttpClient.DeepSeek.LogicalHandler Start processing HTTP request POST https://api.deepseek.com/chat/completions
[14:56:00 INF] System.Net.Http.HttpClient.DeepSeek.ClientHandler Sending HTTP request POST https://api.deepseek.com/chat/completions
[14:56:00 INF] System.Net.Http.HttpClient.DeepSeek.LogicalHandler Start processing HTTP request POST https://api.deepseek.com/chat/completions
[14:56:00 INF] System.Net.Http.HttpClient.DeepSeek.ClientHandler Sending HTTP request POST https://api.deepseek.com/chat/completions
[14:56:00 INF] System.Net.Http.HttpClient.DeepSeek.LogicalHandler Start processing HTTP request POST https://api.deepseek.com/chat/completions
[14:56:00 INF] System.Net.Http.HttpClient.DeepSeek.ClientHandler Sending HTTP request POST https://api.deepseek.com/chat/completions
[14:56:00 INF] System.Net.Http.HttpClient.DeepSeek.LogicalHandler Start processing HTTP request POST https://api.deepseek.com/chat/completions
[14:56:00 INF] System.Net.Http.HttpClient.DeepSeek.ClientHandler Sending HTTP request POST https://api.deepseek.com/chat/completions
[14:56:00 INF] System.Net.Http.HttpClient.DeepSeek.ClientHandler Received HTTP response headers after 284.6464ms - 200
[14:56:00 INF] System.Net.Http.HttpClient.DeepSeek.LogicalHandler End processing HTTP request after 284.931ms - 200
[14:56:00 INF] System.Net.Http.HttpClient.DeepSeek.ClientHandler Received HTTP response headers after 297.7983ms - 200
[14:56:00 INF] System.Net.Http.HttpClient.DeepSeek.LogicalHandler End processing HTTP request after 298.37ms - 200
[14:56:00 INF] System.Net.Http.HttpClient.DeepSeek.ClientHandler Received HTTP response headers after 292.3407ms - 200
[14:56:00 INF] System.Net.Http.HttpClient.DeepSeek.LogicalHandler End processing HTTP request after 292.6167ms - 200
[14:56:00 INF] System.Net.Http.HttpClient.DeepSeek.LogicalHandler Start processing HTTP request POST https://api.deepseek.com/chat/completions
[14:56:00 INF] System.Net.Http.HttpClient.DeepSeek.ClientHandler Sending HTTP request POST https://api.deepseek.com/chat/completions
[14:56:00 INF] System.Net.Http.HttpClient.DeepSeek.ClientHandler Received HTTP response headers after 281.4463ms - 200
[14:56:00 INF] System.Net.Http.HttpClient.DeepSeek.LogicalHandler End processing HTTP request after 281.8409ms - 200
[14:56:00 INF] System.Net.Http.HttpClient.DeepSeek.ClientHandler Received HTTP response headers after 277.0056ms - 200
[14:56:00 INF] System.Net.Http.HttpClient.DeepSeek.LogicalHandler End processing HTTP request after 277.3138ms - 200
[14:56:00 INF] System.Net.Http.HttpClient.DeepSeek.ClientHandler Received HTTP response headers after 295.8055ms - 200
[14:56:00 INF] System.Net.Http.HttpClient.DeepSeek.LogicalHandler End processing HTTP request after 296.218ms - 200
[14:56:00 INF] System.Net.Http.HttpClient.DeepSeek.ClientHandler Received HTTP response headers after 292.9015ms - 200
[14:56:00 INF] System.Net.Http.HttpClient.DeepSeek.LogicalHandler End processing HTTP request after 293.637ms - 200
[14:56:00 INF] System.Net.Http.HttpClient.DeepSeek.ClientHandler Received HTTP response headers after 285.9411ms - 200
[14:56:00 INF] System.Net.Http.HttpClient.DeepSeek.LogicalHandler End processing HTTP request after 286.2998ms - 200
[14:56:00 INF] System.Net.Http.HttpClient.DeepSeek.ClientHandler Received HTTP response headers after 283.028ms - 200
[14:56:00 INF] System.Net.Http.HttpClient.DeepSeek.LogicalHandler End processing HTTP request after 283.8244ms - 200
[14:56:00 INF] System.Net.Http.HttpClient.DeepSeek.LogicalHandler Start processing HTTP request POST https://api.deepseek.com/chat/completions
[14:56:00 INF] System.Net.Http.HttpClient.DeepSeek.ClientHandler Sending HTTP request POST https://api.deepseek.com/chat/completions
[14:56:00 INF] System.Net.Http.HttpClient.DeepSeek.LogicalHandler Start processing HTTP request POST https://api.deepseek.com/chat/completions
[14:56:00 INF] System.Net.Http.HttpClient.DeepSeek.ClientHandler Sending HTTP request POST https://api.deepseek.com/chat/completions
[14:56:00 INF] System.Net.Http.HttpClient.DeepSeek.LogicalHandler Start processing HTTP request POST https://api.deepseek.com/chat/completions
[14:56:00 INF] System.Net.Http.HttpClient.DeepSeek.ClientHandler Sending HTTP request POST https://api.deepseek.com/chat/completions
[14:56:00 INF] System.Net.Http.HttpClient.DeepSeek.LogicalHandler Start processing HTTP request POST https://api.deepseek.com/chat/completions
[14:56:00 INF] System.Net.Http.HttpClient.DeepSeek.ClientHandler Sending HTTP request POST https://api.deepseek.com/chat/completions
[14:56:00 INF] System.Net.Http.HttpClient.DeepSeek.ClientHandler Received HTTP response headers after 274.5635ms - 200
[14:56:00 INF] System.Net.Http.HttpClient.DeepSeek.LogicalHandler End processing HTTP request after 275.3394ms - 200
[14:56:00 INF] System.Net.Http.HttpClient.DeepSeek.LogicalHandler Start processing HTTP request POST https://api.deepseek.com/chat/completions
[14:56:00 INF] System.Net.Http.HttpClient.DeepSeek.ClientHandler Sending HTTP request POST https://api.deepseek.com/chat/completions
[14:56:01 INF] System.Net.Http.HttpClient.DeepSeek.ClientHandler Received HTTP response headers after 311.7322ms - 200
[14:56:01 INF] System.Net.Http.HttpClient.DeepSeek.LogicalHandler End processing HTTP request after 312.0279ms - 200
[14:56:01 INF] System.Net.Http.HttpClient.DeepSeek.ClientHandler Received HTTP response headers after 285.401ms - 200
[14:56:01 INF] System.Net.Http.HttpClient.DeepSeek.LogicalHandler End processing HTTP request after 285.7465ms - 200
[14:56:01 INF] System.Net.Http.HttpClient.DeepSeek.ClientHandler Received HTTP response headers after 296.6412ms - 200
[14:56:01 INF] System.Net.Http.HttpClient.DeepSeek.LogicalHandler End processing HTTP request after 297.1142ms - 200
[14:56:01 INF] System.Net.Http.HttpClient.DeepSeek.ClientHandler Received HTTP response headers after 304.631ms - 200
[14:56:01 INF] System.Net.Http.HttpClient.DeepSeek.LogicalHandler End processing HTTP request after 304.9545ms - 200
[14:56:01 INF] System.Net.Http.HttpClient.DeepSeek.LogicalHandler Start processing HTTP request POST https://api.deepseek.com/chat/completions
[14:56:01 INF] System.Net.Http.HttpClient.DeepSeek.ClientHandler Sending HTTP request POST https://api.deepseek.com/chat/completions
[14:56:01 INF] System.Net.Http.HttpClient.DeepSeek.ClientHandler Received HTTP response headers after 294.834ms - 200
[14:56:01 INF] System.Net.Http.HttpClient.DeepSeek.LogicalHandler End processing HTTP request after 295.5224ms - 200
[14:56:01 INF] System.Net.Http.HttpClient.DeepSeek.LogicalHandler Start processing HTTP request POST https://api.deepseek.com/chat/completions
[14:56:01 INF] System.Net.Http.HttpClient.DeepSeek.ClientHandler Sending HTTP request POST https://api.deepseek.com/chat/completions
[14:56:01 INF] System.Net.Http.HttpClient.DeepSeek.ClientHandler Received HTTP response headers after 290.126ms - 200
[14:56:01 INF] System.Net.Http.HttpClient.DeepSeek.LogicalHandler End processing HTTP request after 290.569ms - 200
[14:56:01 INF] System.Net.Http.HttpClient.DeepSeek.ClientHandler Received HTTP response headers after 288.4638ms - 200
[14:56:01 INF] System.Net.Http.HttpClient.DeepSeek.LogicalHandler End processing HTTP request after 288.9888ms - 200
[14:56:01 INF] System.Net.Http.HttpClient.DeepSeek.LogicalHandler Start processing HTTP request POST https://api.deepseek.com/chat/completions
[14:56:01 INF] System.Net.Http.HttpClient.DeepSeek.ClientHandler Sending HTTP request POST https://api.deepseek.com/chat/completions
[14:56:01 INF] System.Net.Http.HttpClient.DeepSeek.ClientHandler Received HTTP response headers after 296.7192ms - 200
[14:56:01 INF] System.Net.Http.HttpClient.DeepSeek.LogicalHandler End processing HTTP request after 296.9828ms - 200
[14:56:02 INF] System.Net.Http.HttpClient.DeepSeek.LogicalHandler Start processing HTTP request POST https://api.deepseek.com/chat/completions
[14:56:02 INF] System.Net.Http.HttpClient.DeepSeek.ClientHandler Sending HTTP request POST https://api.deepseek.com/chat/completions
[14:56:02 INF] System.Net.Http.HttpClient.DeepSeek.ClientHandler Received HTTP response headers after 279.9357ms - 200
[14:56:02 INF] System.Net.Http.HttpClient.DeepSeek.LogicalHandler End processing HTTP request after 280.2005ms - 200
[14:56:02 INF] System.Net.Http.HttpClient.DeepSeek.LogicalHandler Start processing HTTP request POST https://api.deepseek.com/chat/completions
[14:56:02 INF] System.Net.Http.HttpClient.DeepSeek.ClientHandler Sending HTTP request POST https://api.deepseek.com/chat/completions
[14:56:02 INF] System.Net.Http.HttpClient.DeepSeek.LogicalHandler Start processing HTTP request POST https://api.deepseek.com/chat/completions
[14:56:02 INF] System.Net.Http.HttpClient.DeepSeek.ClientHandler Sending HTTP request POST https://api.deepseek.com/chat/completions
[14:56:02 INF] System.Net.Http.HttpClient.DeepSeek.ClientHandler Received HTTP response headers after 281.2455ms - 200
[14:56:02 INF] System.Net.Http.HttpClient.DeepSeek.LogicalHandler End processing HTTP request after 283.7497ms - 200
[14:56:02 INF] System.Net.Http.HttpClient.DeepSeek.ClientHandler Received HTTP response headers after 293.4142ms - 200
[14:56:02 INF] System.Net.Http.HttpClient.DeepSeek.LogicalHandler End processing HTTP request after 294.0907ms - 200
[14:56:02 INF] System.Net.Http.HttpClient.DeepSeek.LogicalHandler Start processing HTTP request POST https://api.deepseek.com/chat/completions
[14:56:02 INF] System.Net.Http.HttpClient.DeepSeek.ClientHandler Sending HTTP request POST https://api.deepseek.com/chat/completions
[14:56:03 INF] System.Net.Http.HttpClient.DeepSeek.ClientHandler Received HTTP response headers after 293.5462ms - 200
[14:56:03 INF] System.Net.Http.HttpClient.DeepSeek.LogicalHandler End processing HTTP request after 294.0628ms - 200
[14:56:03 INF] System.Net.Http.HttpClient.DeepSeek.LogicalHandler Start processing HTTP request POST https://api.deepseek.com/chat/completions
[14:56:03 INF] System.Net.Http.HttpClient.DeepSeek.ClientHandler Sending HTTP request POST https://api.deepseek.com/chat/completions
[14:56:03 INF] System.Net.Http.HttpClient.DeepSeek.ClientHandler Received HTTP response headers after 296.9117ms - 200
[14:56:03 INF] System.Net.Http.HttpClient.DeepSeek.LogicalHandler End processing HTTP request after 297.2786ms - 200
[14:56:05 INF] System.Net.Http.HttpClient.DeepSeek.LogicalHandler Start processing HTTP request POST https://api.deepseek.com/chat/completions
[14:56:05 INF] System.Net.Http.HttpClient.DeepSeek.ClientHandler Sending HTTP request POST https://api.deepseek.com/chat/completions
[14:56:05 INF] System.Net.Http.HttpClient.DeepSeek.ClientHandler Received HTTP response headers after 283.9521ms - 200
[14:56:05 INF] System.Net.Http.HttpClient.DeepSeek.LogicalHandler End processing HTTP request after 284.5119ms - 200
[14:56:07 INF] System.Net.Http.HttpClient.DeepSeek.LogicalHandler Start processing HTTP request POST https://api.deepseek.com/chat/completions
[14:56:07 INF] System.Net.Http.HttpClient.DeepSeek.ClientHandler Sending HTTP request POST https://api.deepseek.com/chat/completions
[14:56:07 INF] System.Net.Http.HttpClient.DeepSeek.ClientHandler Received HTTP response headers after 301.5277ms - 200
[14:56:07 INF] System.Net.Http.HttpClient.DeepSeek.LogicalHandler End processing HTTP request after 302.2145ms - 200
[15:40:25 INF] Microsoft.Hosting.Lifetime Application is shutting down...
