[00:00:50 INF] Microsoft.Hosting.Lifetime Application is shutting down...
[00:00:54 INF] Microsoft.Hosting.Lifetime Now listening on: http://localhost:5213
[00:00:54 INF] Microsoft.Hosting.Lifetime Application started. Press Ctrl+C to shut down.
[00:00:54 INF] Microsoft.Hosting.Lifetime Hosting environment: Development
[00:00:54 INF] Microsoft.Hosting.Lifetime Content root path: /Users/lukaosojnik/Documents/Coding/simple-bloomberg-terminal/simple-bloomberg-terminal
[00:00:55 WRN] Microsoft.EntityFrameworkCore.Query Compiling a query which loads related collections for more than one collection navigation, either via 'Include' or through projection, but no 'QuerySplittingBehavior' has been configured. By default, Entity Framework will use 'QuerySplittingBehavior.SingleQuery', which can potentially result in slow query performance. See https://go.microsoft.com/fwlink/?linkid=2134277 for more information. To identify the query that's triggering this warning call 'ConfigureWarnings(w => w.Throw(RelationalEventId.MultipleCollectionIncludeWarning))'.
[00:01:05 WRN] LuckyPennySoftware.AutoMapper.License You do not have a valid license key for the Lucky Penny software AutoMapper. This is allowed for development and testing scenarios. If you are running in production you are required to have a licensed version. Please visit https://luckypennysoftware.com to obtain a valid license.
[00:01:05 INF] System.Net.Http.HttpClient.IStockApiClient.LogicalHandler Start processing HTTP request GET https://data.sec.gov/submissions/CIK0001375365.json
[00:01:05 INF] System.Net.Http.HttpClient.IStockApiClient.ClientHandler Sending HTTP request GET https://data.sec.gov/submissions/CIK0001375365.json
[00:01:05 INF] System.Net.Http.HttpClient.IStockApiClient.ClientHandler Received HTTP response headers after 316.3615ms - 200
[00:01:05 INF] System.Net.Http.HttpClient.IStockApiClient.LogicalHandler End processing HTTP request after 323.7969ms - 200
[00:01:17 INF] System.Net.Http.HttpClient.IStockApiClient.LogicalHandler Start processing HTTP request GET https://www.sec.gov/Archives/edgar/data/1375365/000137536525000027/smci-20250630.htm
[00:01:17 INF] System.Net.Http.HttpClient.IStockApiClient.ClientHandler Sending HTTP request GET https://www.sec.gov/Archives/edgar/data/1375365/000137536525000027/smci-20250630.htm
[00:01:17 INF] System.Net.Http.HttpClient.IStockApiClient.LogicalHandler Start processing HTTP request GET https://www.sec.gov/Archives/edgar/data/1375365/000137536525000027/smci-20250630.htm
[00:01:17 INF] System.Net.Http.HttpClient.IStockApiClient.ClientHandler Sending HTTP request GET https://www.sec.gov/Archives/edgar/data/1375365/000137536525000027/smci-20250630.htm
[00:01:17 INF] System.Net.Http.HttpClient.IStockApiClient.LogicalHandler Start processing HTTP request GET https://www.sec.gov/Archives/edgar/data/1375365/000137536525000027/smci-20250630.htm
[00:01:17 INF] System.Net.Http.HttpClient.IStockApiClient.ClientHandler Sending HTTP request GET https://www.sec.gov/Archives/edgar/data/1375365/000137536525000027/smci-20250630.htm
[00:01:17 INF] System.Net.Http.HttpClient.IStockApiClient.LogicalHandler Start processing HTTP request GET https://www.sec.gov/Archives/edgar/data/1375365/000137536525000027/smci-20250630.htm
[00:01:17 INF] System.Net.Http.HttpClient.IStockApiClient.ClientHandler Sending HTTP request GET https://www.sec.gov/Archives/edgar/data/1375365/000137536525000027/smci-20250630.htm
[00:01:17 INF] System.Net.Http.HttpClient.IStockApiClient.LogicalHandler Start processing HTTP request GET https://www.sec.gov/Archives/edgar/data/1375365/000137536525000027/smci-20250630.htm
[00:01:17 INF] System.Net.Http.HttpClient.IStockApiClient.ClientHandler Sending HTTP request GET https://www.sec.gov/Archives/edgar/data/1375365/000137536525000027/smci-20250630.htm
[00:01:17 INF] System.Net.Http.HttpClient.IStockApiClient.ClientHandler Received HTTP response headers after 185.8676ms - 200
[00:01:17 INF] System.Net.Http.HttpClient.IStockApiClient.LogicalHandler End processing HTTP request after 186.9558ms - 200
[00:01:17 INF] System.Net.Http.HttpClient.IStockApiClient.ClientHandler Received HTTP response headers after 184.8065ms - 200
[00:01:17 INF] System.Net.Http.HttpClient.IStockApiClient.LogicalHandler End processing HTTP request after 185.0619ms - 200
[00:01:17 INF] System.Net.Http.HttpClient.IStockApiClient.ClientHandler Received HTTP response headers after 192.4105ms - 200
[00:01:17 INF] System.Net.Http.HttpClient.IStockApiClient.LogicalHandler End processing HTTP request after 193.2322ms - 200
[00:01:17 INF] System.Net.Http.HttpClient.IStockApiClient.ClientHandler Received HTTP response headers after 274.8154ms - 200
[00:01:17 INF] System.Net.Http.HttpClient.IStockApiClient.LogicalHandler End processing HTTP request after 275.655ms - 200
[00:01:17 INF] System.Net.Http.HttpClient.IStockApiClient.ClientHandler Received HTTP response headers after 281.1587ms - 200
[00:01:17 INF] System.Net.Http.HttpClient.IStockApiClient.LogicalHandler End processing HTTP request after 281.6635ms - 200
[00:01:17 INF] System.Net.Http.HttpClient.IDeepSeekClient.LogicalHandler Start processing HTTP request POST https://api.deepseek.com/chat/completions
[00:01:17 INF] System.Net.Http.HttpClient.IDeepSeekClient.LogicalHandler Start processing HTTP request POST https://api.deepseek.com/chat/completions
[00:01:17 INF] System.Net.Http.HttpClient.IDeepSeekClient.ClientHandler Sending HTTP request POST https://api.deepseek.com/chat/completions
[00:01:17 INF] System.Net.Http.HttpClient.IDeepSeekClient.ClientHandler Sending HTTP request POST https://api.deepseek.com/chat/completions
[00:01:17 INF] System.Net.Http.HttpClient.IDeepSeekClient.LogicalHandler Start processing HTTP request POST https://api.deepseek.com/chat/completions
[00:01:17 INF] System.Net.Http.HttpClient.IDeepSeekClient.ClientHandler Sending HTTP request POST https://api.deepseek.com/chat/completions
[00:01:17 INF] System.Net.Http.HttpClient.IDeepSeekClient.LogicalHandler Start processing HTTP request POST https://api.deepseek.com/chat/completions
[00:01:17 INF] System.Net.Http.HttpClient.IDeepSeekClient.ClientHandler Sending HTTP request POST https://api.deepseek.com/chat/completions
[00:01:17 INF] System.Net.Http.HttpClient.IDeepSeekClient.LogicalHandler Start processing HTTP request POST https://api.deepseek.com/chat/completions
[00:01:17 INF] System.Net.Http.HttpClient.IDeepSeekClient.ClientHandler Sending HTTP request POST https://api.deepseek.com/chat/completions
[00:01:18 INF] System.Net.Http.HttpClient.IDeepSeekClient.ClientHandler Received HTTP response headers after 410.1394ms - 200
[00:01:18 INF] System.Net.Http.HttpClient.IDeepSeekClient.LogicalHandler End processing HTTP request after 411.0699ms - 200
[00:01:18 INF] System.Net.Http.HttpClient.IDeepSeekClient.ClientHandler Received HTTP response headers after 339.3291ms - 200
[00:01:18 INF] System.Net.Http.HttpClient.IDeepSeekClient.LogicalHandler End processing HTTP request after 339.6277ms - 200
[00:01:18 INF] System.Net.Http.HttpClient.IDeepSeekClient.ClientHandler Received HTTP response headers after 425.4356ms - 200
[00:01:18 INF] System.Net.Http.HttpClient.IDeepSeekClient.LogicalHandler End processing HTTP request after 426.59ms - 200
[00:01:18 INF] System.Net.Http.HttpClient.IDeepSeekClient.ClientHandler Received HTTP response headers after 436.4967ms - 200
[00:01:18 INF] System.Net.Http.HttpClient.IDeepSeekClient.LogicalHandler End processing HTTP request after 437.0387ms - 200
[00:01:18 INF] System.Net.Http.HttpClient.IDeepSeekClient.ClientHandler Received HTTP response headers after 356.1063ms - 200
[00:01:18 INF] System.Net.Http.HttpClient.IDeepSeekClient.LogicalHandler End processing HTTP request after 356.582ms - 200
[00:01:37 INF] System.Net.Http.HttpClient.IStockApiClient.LogicalHandler Start processing HTTP request GET https://www.sec.gov/Archives/edgar/data/1375365/000137536525000027/FilingSummary.xml
[00:01:37 INF] System.Net.Http.HttpClient.IStockApiClient.ClientHandler Sending HTTP request GET https://www.sec.gov/Archives/edgar/data/1375365/000137536525000027/FilingSummary.xml
[00:01:37 INF] System.Net.Http.HttpClient.IStockApiClient.ClientHandler Received HTTP response headers after 82.2842ms - 200
[00:01:37 INF] System.Net.Http.HttpClient.IStockApiClient.LogicalHandler End processing HTTP request after 82.7373ms - 200
[00:01:37 INF] System.Net.Http.HttpClient.IStockApiClient.LogicalHandler Start processing HTTP request GET https://www.sec.gov/Archives/edgar/data/1375365/000137536525000027/FilingSummary.xml
[00:01:37 INF] System.Net.Http.HttpClient.IStockApiClient.ClientHandler Sending HTTP request GET https://www.sec.gov/Archives/edgar/data/1375365/000137536525000027/FilingSummary.xml
[00:01:37 INF] System.Net.Http.HttpClient.IStockApiClient.LogicalHandler Start processing HTTP request GET https://www.sec.gov/Archives/edgar/data/1375365/000137536525000027/R5.htm
[00:01:37 INF] System.Net.Http.HttpClient.IStockApiClient.ClientHandler Sending HTTP request GET https://www.sec.gov/Archives/edgar/data/1375365/000137536525000027/R5.htm
[00:01:37 INF] System.Net.Http.HttpClient.IStockApiClient.ClientHandler Received HTTP response headers after 84.3262ms - 200
[00:01:37 INF] System.Net.Http.HttpClient.IStockApiClient.ClientHandler Received HTTP response headers after 83.6974ms - 200
[00:01:37 INF] System.Net.Http.HttpClient.IStockApiClient.LogicalHandler End processing HTTP request after 85.0285ms - 200
[00:01:37 INF] System.Net.Http.HttpClient.IStockApiClient.LogicalHandler End processing HTTP request after 85.3303ms - 200
[00:01:37 INF] System.Net.Http.HttpClient.IStockApiClient.LogicalHandler Start processing HTTP request GET https://www.sec.gov/Archives/edgar/data/1375365/000137536525000027/R5.htm
[00:01:37 INF] System.Net.Http.HttpClient.IStockApiClient.ClientHandler Sending HTTP request GET https://www.sec.gov/Archives/edgar/data/1375365/000137536525000027/R5.htm
[00:01:37 INF] System.Net.Http.HttpClient.IStockApiClient.LogicalHandler Start processing HTTP request GET https://www.sec.gov/Archives/edgar/data/1375365/000137536525000027/R48.htm
[00:01:37 INF] System.Net.Http.HttpClient.IStockApiClient.ClientHandler Sending HTTP request GET https://www.sec.gov/Archives/edgar/data/1375365/000137536525000027/R48.htm
[00:01:37 INF] System.Net.Http.HttpClient.IStockApiClient.ClientHandler Received HTTP response headers after 39.8054ms - 200
[00:01:37 INF] System.Net.Http.HttpClient.IStockApiClient.LogicalHandler End processing HTTP request after 40.4012ms - 200
[00:01:37 INF] System.Net.Http.HttpClient.IStockApiClient.LogicalHandler Start processing HTTP request GET https://www.sec.gov/Archives/edgar/data/1375365/000137536525000027/R48.htm
[00:01:37 INF] System.Net.Http.HttpClient.IStockApiClient.ClientHandler Sending HTTP request GET https://www.sec.gov/Archives/edgar/data/1375365/000137536525000027/R48.htm
[00:01:37 INF] System.Net.Http.HttpClient.IStockApiClient.ClientHandler Received HTTP response headers after 32.9192ms - 200
[00:01:37 INF] System.Net.Http.HttpClient.IStockApiClient.LogicalHandler End processing HTTP request after 33.759ms - 200
[00:01:37 INF] System.Net.Http.HttpClient.IStockApiClient.LogicalHandler Start processing HTTP request GET https://www.sec.gov/Archives/edgar/data/1375365/000137536525000027/R81.htm
[00:01:37 INF] System.Net.Http.HttpClient.IStockApiClient.ClientHandler Sending HTTP request GET https://www.sec.gov/Archives/edgar/data/1375365/000137536525000027/R81.htm
[00:01:37 INF] System.Net.Http.HttpClient.IStockApiClient.ClientHandler Received HTTP response headers after 37.6736ms - 200
[00:01:37 INF] System.Net.Http.HttpClient.IStockApiClient.LogicalHandler End processing HTTP request after 38.1164ms - 200
[00:01:37 INF] System.Net.Http.HttpClient.IStockApiClient.LogicalHandler Start processing HTTP request GET https://www.sec.gov/Archives/edgar/data/1375365/000137536525000027/R81.htm
[00:01:37 INF] System.Net.Http.HttpClient.IStockApiClient.ClientHandler Sending HTTP request GET https://www.sec.gov/Archives/edgar/data/1375365/000137536525000027/R81.htm
[00:01:37 INF] System.Net.Http.HttpClient.IStockApiClient.ClientHandler Received HTTP response headers after 75.6781ms - 200
[00:01:37 INF] System.Net.Http.HttpClient.IStockApiClient.LogicalHandler End processing HTTP request after 76.2615ms - 200
[00:01:37 INF] System.Net.Http.HttpClient.IStockApiClient.LogicalHandler Start processing HTTP request GET https://www.sec.gov/Archives/edgar/data/1375365/000137536525000027/R92.htm
[00:01:37 INF] System.Net.Http.HttpClient.IStockApiClient.ClientHandler Sending HTTP request GET https://www.sec.gov/Archives/edgar/data/1375365/000137536525000027/R92.htm
[00:01:37 INF] System.Net.Http.HttpClient.IStockApiClient.ClientHandler Received HTTP response headers after 61.7499ms - 200
[00:01:37 INF] System.Net.Http.HttpClient.IStockApiClient.LogicalHandler End processing HTTP request after 62.4023ms - 200
[00:01:37 INF] System.Net.Http.HttpClient.IStockApiClient.LogicalHandler Start processing HTTP request GET https://www.sec.gov/Archives/edgar/data/1375365/000137536525000027/R92.htm
[00:01:37 INF] System.Net.Http.HttpClient.IStockApiClient.ClientHandler Sending HTTP request GET https://www.sec.gov/Archives/edgar/data/1375365/000137536525000027/R92.htm
[00:01:37 INF] System.Net.Http.HttpClient.IStockApiClient.ClientHandler Received HTTP response headers after 65.4614ms - 200
[00:01:37 INF] System.Net.Http.HttpClient.IStockApiClient.LogicalHandler End processing HTTP request after 66.1808ms - 200
[00:01:37 INF] System.Net.Http.HttpClient.IStockApiClient.LogicalHandler Start processing HTTP request GET https://www.sec.gov/Archives/edgar/data/1375365/000137536525000027/R107.htm
[00:01:37 INF] System.Net.Http.HttpClient.IStockApiClient.ClientHandler Sending HTTP request GET https://www.sec.gov/Archives/edgar/data/1375365/000137536525000027/R107.htm
[00:01:37 INF] System.Net.Http.HttpClient.IStockApiClient.ClientHandler Received HTTP response headers after 63.226ms - 200
[00:01:37 INF] System.Net.Http.HttpClient.IStockApiClient.LogicalHandler End processing HTTP request after 64.0408ms - 200
[00:01:37 INF] System.Net.Http.HttpClient.IStockApiClient.LogicalHandler Start processing HTTP request GET https://www.sec.gov/Archives/edgar/data/1375365/000137536525000027/R107.htm
[00:01:37 INF] System.Net.Http.HttpClient.IStockApiClient.ClientHandler Sending HTTP request GET https://www.sec.gov/Archives/edgar/data/1375365/000137536525000027/R107.htm
[00:01:37 INF] System.Net.Http.HttpClient.IStockApiClient.ClientHandler Received HTTP response headers after 63.3127ms - 200
[00:01:37 INF] System.Net.Http.HttpClient.IStockApiClient.LogicalHandler End processing HTTP request after 63.7927ms - 200
[00:01:37 INF] System.Net.Http.HttpClient.IStockApiClient.LogicalHandler Start processing HTTP request GET https://www.sec.gov/Archives/edgar/data/1375365/000137536525000027/R108.htm
[00:01:37 INF] System.Net.Http.HttpClient.IStockApiClient.ClientHandler Sending HTTP request GET https://www.sec.gov/Archives/edgar/data/1375365/000137536525000027/R108.htm
[00:01:37 INF] System.Net.Http.HttpClient.IStockApiClient.ClientHandler Received HTTP response headers after 60.4956ms - 200
[00:01:37 INF] System.Net.Http.HttpClient.IStockApiClient.LogicalHandler End processing HTTP request after 60.7674ms - 200
[00:01:37 INF] System.Net.Http.HttpClient.IStockApiClient.LogicalHandler Start processing HTTP request GET https://www.sec.gov/Archives/edgar/data/1375365/000137536525000027/R108.htm
[00:01:37 INF] System.Net.Http.HttpClient.IStockApiClient.ClientHandler Sending HTTP request GET https://www.sec.gov/Archives/edgar/data/1375365/000137536525000027/R108.htm
[00:01:37 INF] System.Net.Http.HttpClient.IStockApiClient.ClientHandler Received HTTP response headers after 50.706ms - 200
[00:01:37 INF] System.Net.Http.HttpClient.IStockApiClient.LogicalHandler End processing HTTP request after 51.2252ms - 200
[00:01:37 INF] System.Net.Http.HttpClient.IStockApiClient.ClientHandler Received HTTP response headers after 56.9205ms - 200
[00:01:37 INF] System.Net.Http.HttpClient.IStockApiClient.LogicalHandler End processing HTTP request after 57.644ms - 200
[00:01:37 INF] System.Net.Http.HttpClient.IDeepSeekClient.LogicalHandler Start processing HTTP request POST https://api.deepseek.com/chat/completions
[00:01:37 INF] System.Net.Http.HttpClient.IDeepSeekClient.LogicalHandler Start processing HTTP request POST https://api.deepseek.com/chat/completions
[00:01:37 INF] System.Net.Http.HttpClient.IDeepSeekClient.ClientHandler Sending HTTP request POST https://api.deepseek.com/chat/completions
[00:01:37 INF] System.Net.Http.HttpClient.IDeepSeekClient.ClientHandler Sending HTTP request POST https://api.deepseek.com/chat/completions
[00:01:37 INF] System.Net.Http.HttpClient.IDeepSeekClient.LogicalHandler Start processing HTTP request POST https://api.deepseek.com/chat/completions
[00:01:37 INF] System.Net.Http.HttpClient.IDeepSeekClient.ClientHandler Sending HTTP request POST https://api.deepseek.com/chat/completions
[00:01:37 INF] System.Net.Http.HttpClient.IDeepSeekClient.LogicalHandler Start processing HTTP request POST https://api.deepseek.com/chat/completions
[00:01:37 INF] System.Net.Http.HttpClient.IDeepSeekClient.ClientHandler Sending HTTP request POST https://api.deepseek.com/chat/completions
[00:01:37 INF] System.Net.Http.HttpClient.IDeepSeekClient.LogicalHandler Start processing HTTP request POST https://api.deepseek.com/chat/completions
[00:01:37 INF] System.Net.Http.HttpClient.IDeepSeekClient.ClientHandler Sending HTTP request POST https://api.deepseek.com/chat/completions
[00:01:37 INF] System.Net.Http.HttpClient.IDeepSeekClient.LogicalHandler Start processing HTTP request POST https://api.deepseek.com/chat/completions
[00:01:37 INF] System.Net.Http.HttpClient.IDeepSeekClient.LogicalHandler Start processing HTTP request POST https://api.deepseek.com/chat/completions
[00:01:37 INF] System.Net.Http.HttpClient.IDeepSeekClient.ClientHandler Sending HTTP request POST https://api.deepseek.com/chat/completions
[00:01:37 INF] System.Net.Http.HttpClient.IDeepSeekClient.ClientHandler Sending HTTP request POST https://api.deepseek.com/chat/completions
[00:01:37 INF] System.Net.Http.HttpClient.IDeepSeekClient.LogicalHandler Start processing HTTP request POST https://api.deepseek.com/chat/completions
[00:01:37 INF] System.Net.Http.HttpClient.IDeepSeekClient.ClientHandler Sending HTTP request POST https://api.deepseek.com/chat/completions
[00:01:37 INF] System.Net.Http.HttpClient.IDeepSeekClient.LogicalHandler Start processing HTTP request POST https://api.deepseek.com/chat/completions
[00:01:37 INF] System.Net.Http.HttpClient.IDeepSeekClient.LogicalHandler Start processing HTTP request POST https://api.deepseek.com/chat/completions
[00:01:37 INF] System.Net.Http.HttpClient.IDeepSeekClient.ClientHandler Sending HTTP request POST https://api.deepseek.com/chat/completions
[00:01:37 INF] System.Net.Http.HttpClient.IDeepSeekClient.ClientHandler Sending HTTP request POST https://api.deepseek.com/chat/completions
[00:01:37 INF] System.Net.Http.HttpClient.IDeepSeekClient.LogicalHandler Start processing HTTP request POST https://api.deepseek.com/chat/completions
[00:01:37 INF] System.Net.Http.HttpClient.IDeepSeekClient.ClientHandler Sending HTTP request POST https://api.deepseek.com/chat/completions
[00:01:37 INF] System.Net.Http.HttpClient.IDeepSeekClient.LogicalHandler Start processing HTTP request POST https://api.deepseek.com/chat/completions
[00:01:37 INF] System.Net.Http.HttpClient.IDeepSeekClient.ClientHandler Sending HTTP request POST https://api.deepseek.com/chat/completions
[00:01:38 INF] System.Net.Http.HttpClient.IDeepSeekClient.ClientHandler Received HTTP response headers after 280.5249ms - 200
[00:01:38 INF] System.Net.Http.HttpClient.IDeepSeekClient.LogicalHandler End processing HTTP request after 280.9617ms - 200
[00:01:38 INF] System.Net.Http.HttpClient.IDeepSeekClient.ClientHandler Received HTTP response headers after 283.8946ms - 200
[00:01:38 INF] System.Net.Http.HttpClient.IDeepSeekClient.LogicalHandler End processing HTTP request after 284.2224ms - 200
[00:01:38 INF] System.Net.Http.HttpClient.IDeepSeekClient.ClientHandler Received HTTP response headers after 342.1827ms - 200
[00:01:38 INF] System.Net.Http.HttpClient.IDeepSeekClient.LogicalHandler End processing HTTP request after 342.64ms - 200
[00:01:38 INF] System.Net.Http.HttpClient.IDeepSeekClient.ClientHandler Received HTTP response headers after 344.3213ms - 200
[00:01:38 INF] System.Net.Http.HttpClient.IDeepSeekClient.LogicalHandler End processing HTTP request after 344.5144ms - 200
[00:01:38 INF] System.Net.Http.HttpClient.IDeepSeekClient.ClientHandler Received HTTP response headers after 348.6053ms - 200
[00:01:38 INF] System.Net.Http.HttpClient.IDeepSeekClient.LogicalHandler End processing HTTP request after 348.8566ms - 200
[00:01:38 INF] System.Net.Http.HttpClient.IDeepSeekClient.ClientHandler Received HTTP response headers after 350.6217ms - 200
[00:01:38 INF] System.Net.Http.HttpClient.IDeepSeekClient.LogicalHandler End processing HTTP request after 350.8003ms - 200
[00:01:38 INF] System.Net.Http.HttpClient.IDeepSeekClient.ClientHandler Received HTTP response headers after 352.8257ms - 200
[00:01:38 INF] System.Net.Http.HttpClient.IDeepSeekClient.LogicalHandler End processing HTTP request after 352.9686ms - 200
[00:01:38 INF] System.Net.Http.HttpClient.IDeepSeekClient.ClientHandler Received HTTP response headers after 353.4304ms - 200
[00:01:38 INF] System.Net.Http.HttpClient.IDeepSeekClient.LogicalHandler End processing HTTP request after 353.9912ms - 200
[00:01:38 INF] System.Net.Http.HttpClient.IDeepSeekClient.ClientHandler Received HTTP response headers after 355.5834ms - 200
[00:01:38 INF] System.Net.Http.HttpClient.IDeepSeekClient.LogicalHandler End processing HTTP request after 355.868ms - 200
[00:01:38 INF] System.Net.Http.HttpClient.IDeepSeekClient.ClientHandler Received HTTP response headers after 355.8728ms - 200
[00:01:38 INF] System.Net.Http.HttpClient.IDeepSeekClient.LogicalHandler End processing HTTP request after 356.1308ms - 200
[00:01:38 INF] System.Net.Http.HttpClient.IDeepSeekClient.ClientHandler Received HTTP response headers after 363.3491ms - 200
[00:01:38 INF] System.Net.Http.HttpClient.IDeepSeekClient.LogicalHandler End processing HTTP request after 363.4735ms - 200
[00:01:38 INF] System.Net.Http.HttpClient.IDeepSeekClient.ClientHandler Received HTTP response headers after 423.2678ms - 200
[00:01:38 INF] System.Net.Http.HttpClient.IDeepSeekClient.LogicalHandler End processing HTTP request after 423.8347ms - 200
[00:01:39 INF] System.Net.Http.HttpClient.IDeepSeekClient.LogicalHandler Start processing HTTP request POST https://api.deepseek.com/chat/completions
[00:01:39 INF] System.Net.Http.HttpClient.IDeepSeekClient.ClientHandler Sending HTTP request POST https://api.deepseek.com/chat/completions
[00:01:40 INF] System.Net.Http.HttpClient.IDeepSeekClient.ClientHandler Received HTTP response headers after 399.8202ms - 200
[00:01:40 INF] System.Net.Http.HttpClient.IDeepSeekClient.LogicalHandler End processing HTTP request after 401.3515ms - 200
[00:01:40 INF] System.Net.Http.HttpClient.IDeepSeekClient.LogicalHandler Start processing HTTP request POST https://api.deepseek.com/chat/completions
[00:01:40 INF] System.Net.Http.HttpClient.IDeepSeekClient.ClientHandler Sending HTTP request POST https://api.deepseek.com/chat/completions
[00:01:40 INF] System.Net.Http.HttpClient.IDeepSeekClient.LogicalHandler Start processing HTTP request POST https://api.deepseek.com/chat/completions
[00:01:40 INF] System.Net.Http.HttpClient.IDeepSeekClient.ClientHandler Sending HTTP request POST https://api.deepseek.com/chat/completions
[00:01:40 INF] System.Net.Http.HttpClient.IDeepSeekClient.LogicalHandler Start processing HTTP request POST https://api.deepseek.com/chat/completions
[00:01:40 INF] System.Net.Http.HttpClient.IDeepSeekClient.ClientHandler Sending HTTP request POST https://api.deepseek.com/chat/completions
[00:01:40 INF] System.Net.Http.HttpClient.IDeepSeekClient.LogicalHandler Start processing HTTP request POST https://api.deepseek.com/chat/completions
[00:01:40 INF] System.Net.Http.HttpClient.IDeepSeekClient.ClientHandler Sending HTTP request POST https://api.deepseek.com/chat/completions
[00:01:40 INF] System.Net.Http.HttpClient.IDeepSeekClient.LogicalHandler Start processing HTTP request POST https://api.deepseek.com/chat/completions
[00:01:40 INF] System.Net.Http.HttpClient.IDeepSeekClient.ClientHandler Sending HTTP request POST https://api.deepseek.com/chat/completions
[00:01:40 INF] System.Net.Http.HttpClient.IDeepSeekClient.ClientHandler Received HTTP response headers after 285.9717ms - 200
[00:01:40 INF] System.Net.Http.HttpClient.IDeepSeekClient.LogicalHandler End processing HTTP request after 289.5926ms - 200
[00:01:40 INF] System.Net.Http.HttpClient.IDeepSeekClient.ClientHandler Received HTTP response headers after 289.8609ms - 200
[00:01:40 INF] System.Net.Http.HttpClient.IDeepSeekClient.LogicalHandler End processing HTTP request after 290.3848ms - 200
[00:01:40 INF] System.Net.Http.HttpClient.IDeepSeekClient.ClientHandler Received HTTP response headers after 290.0709ms - 200
[00:01:40 INF] System.Net.Http.HttpClient.IDeepSeekClient.LogicalHandler End processing HTTP request after 290.5749ms - 200
[00:01:40 INF] System.Net.Http.HttpClient.IDeepSeekClient.ClientHandler Received HTTP response headers after 285.4216ms - 200
[00:01:40 INF] System.Net.Http.HttpClient.IDeepSeekClient.LogicalHandler End processing HTTP request after 286.0102ms - 200
[00:01:40 INF] System.Net.Http.HttpClient.IDeepSeekClient.ClientHandler Received HTTP response headers after 351.2479ms - 200
[00:01:40 INF] System.Net.Http.HttpClient.IDeepSeekClient.LogicalHandler End processing HTTP request after 351.6428ms - 200
[00:01:41 INF] System.Net.Http.HttpClient.IDeepSeekClient.LogicalHandler Start processing HTTP request POST https://api.deepseek.com/chat/completions
[00:01:41 INF] System.Net.Http.HttpClient.IDeepSeekClient.ClientHandler Sending HTTP request POST https://api.deepseek.com/chat/completions
[00:01:41 INF] System.Net.Http.HttpClient.IDeepSeekClient.ClientHandler Received HTTP response headers after 362.2513ms - 200
[00:01:41 INF] System.Net.Http.HttpClient.IDeepSeekClient.LogicalHandler End processing HTTP request after 365.73ms - 200
[00:01:41 INF] System.Net.Http.HttpClient.IDeepSeekClient.LogicalHandler Start processing HTTP request POST https://api.deepseek.com/chat/completions
[00:01:41 INF] System.Net.Http.HttpClient.IDeepSeekClient.ClientHandler Sending HTTP request POST https://api.deepseek.com/chat/completions
[00:01:41 INF] System.Net.Http.HttpClient.IDeepSeekClient.ClientHandler Received HTTP response headers after 286.1717ms - 200
[00:01:41 INF] System.Net.Http.HttpClient.IDeepSeekClient.LogicalHandler End processing HTTP request after 287.1865ms - 200
[00:01:42 INF] System.Net.Http.HttpClient.IDeepSeekClient.LogicalHandler Start processing HTTP request POST https://api.deepseek.com/chat/completions
[00:01:42 INF] System.Net.Http.HttpClient.IDeepSeekClient.ClientHandler Sending HTTP request POST https://api.deepseek.com/chat/completions
[00:01:42 INF] System.Net.Http.HttpClient.IDeepSeekClient.ClientHandler Received HTTP response headers after 286.0154ms - 200
[00:01:42 INF] System.Net.Http.HttpClient.IDeepSeekClient.LogicalHandler End processing HTTP request after 286.6708ms - 200
[00:01:43 INF] System.Net.Http.HttpClient.IDeepSeekClient.LogicalHandler Start processing HTTP request POST https://api.deepseek.com/chat/completions
[00:01:43 INF] System.Net.Http.HttpClient.IDeepSeekClient.ClientHandler Sending HTTP request POST https://api.deepseek.com/chat/completions
[00:01:43 INF] System.Net.Http.HttpClient.IDeepSeekClient.LogicalHandler Start processing HTTP request POST https://api.deepseek.com/chat/completions
[00:01:43 INF] System.Net.Http.HttpClient.IDeepSeekClient.ClientHandler Sending HTTP request POST https://api.deepseek.com/chat/completions
[00:01:43 INF] System.Net.Http.HttpClient.IDeepSeekClient.ClientHandler Received HTTP response headers after 289.7636ms - 200
[00:01:43 INF] System.Net.Http.HttpClient.IDeepSeekClient.LogicalHandler End processing HTTP request after 291.0126ms - 200
[00:01:43 INF] System.Net.Http.HttpClient.IDeepSeekClient.ClientHandler Received HTTP response headers after 294.9008ms - 200
[00:01:43 INF] System.Net.Http.HttpClient.IDeepSeekClient.LogicalHandler End processing HTTP request after 296.2319ms - 200
[00:01:44 INF] System.Net.Http.HttpClient.IDeepSeekClient.LogicalHandler Start processing HTTP request POST https://api.deepseek.com/chat/completions
[00:01:44 INF] System.Net.Http.HttpClient.IDeepSeekClient.ClientHandler Sending HTTP request POST https://api.deepseek.com/chat/completions
[00:01:44 INF] System.Net.Http.HttpClient.IDeepSeekClient.LogicalHandler Start processing HTTP request POST https://api.deepseek.com/chat/completions
[00:01:44 INF] System.Net.Http.HttpClient.IDeepSeekClient.ClientHandler Sending HTTP request POST https://api.deepseek.com/chat/completions
[00:01:44 INF] System.Net.Http.HttpClient.IDeepSeekClient.ClientHandler Received HTTP response headers after 287.648ms - 200
[00:01:44 INF] System.Net.Http.HttpClient.IDeepSeekClient.LogicalHandler End processing HTTP request after 288.7263ms - 200
[00:01:44 INF] System.Net.Http.HttpClient.IDeepSeekClient.ClientHandler Received HTTP response headers after 301.6236ms - 200
[00:01:44 INF] System.Net.Http.HttpClient.IDeepSeekClient.LogicalHandler End processing HTTP request after 302.239ms - 200
[00:01:44 INF] System.Net.Http.HttpClient.IDeepSeekClient.LogicalHandler Start processing HTTP request POST https://api.deepseek.com/chat/completions
[00:01:44 INF] System.Net.Http.HttpClient.IDeepSeekClient.ClientHandler Sending HTTP request POST https://api.deepseek.com/chat/completions
[00:01:44 INF] System.Net.Http.HttpClient.IDeepSeekClient.LogicalHandler Start processing HTTP request POST https://api.deepseek.com/chat/completions
[00:01:44 INF] System.Net.Http.HttpClient.IDeepSeekClient.ClientHandler Sending HTTP request POST https://api.deepseek.com/chat/completions
[00:01:44 INF] System.Net.Http.HttpClient.IDeepSeekClient.ClientHandler Received HTTP response headers after 279.4575ms - 200
[00:01:44 INF] System.Net.Http.HttpClient.IDeepSeekClient.LogicalHandler End processing HTTP request after 279.8374ms - 200
[00:01:44 INF] System.Net.Http.HttpClient.IDeepSeekClient.LogicalHandler Start processing HTTP request POST https://api.deepseek.com/chat/completions
[00:01:44 INF] System.Net.Http.HttpClient.IDeepSeekClient.ClientHandler Sending HTTP request POST https://api.deepseek.com/chat/completions
[00:01:45 INF] System.Net.Http.HttpClient.IDeepSeekClient.ClientHandler Received HTTP response headers after 288.4487ms - 200
[00:01:45 INF] System.Net.Http.HttpClient.IDeepSeekClient.LogicalHandler End processing HTTP request after 288.9458ms - 200
[00:01:45 INF] System.Net.Http.HttpClient.IDeepSeekClient.ClientHandler Received HTTP response headers after 283.3122ms - 200
[00:01:45 INF] System.Net.Http.HttpClient.IDeepSeekClient.LogicalHandler End processing HTTP request after 283.6657ms - 200
[00:01:45 INF] System.Net.Http.HttpClient.IDeepSeekClient.LogicalHandler Start processing HTTP request POST https://api.deepseek.com/chat/completions
[00:01:45 INF] System.Net.Http.HttpClient.IDeepSeekClient.ClientHandler Sending HTTP request POST https://api.deepseek.com/chat/completions
[00:01:46 INF] System.Net.Http.HttpClient.IDeepSeekClient.LogicalHandler Start processing HTTP request POST https://api.deepseek.com/chat/completions
[00:01:46 INF] System.Net.Http.HttpClient.IDeepSeekClient.ClientHandler Sending HTTP request POST https://api.deepseek.com/chat/completions
[00:01:46 INF] System.Net.Http.HttpClient.IDeepSeekClient.LogicalHandler Start processing HTTP request POST https://api.deepseek.com/chat/completions
[00:01:46 INF] System.Net.Http.HttpClient.IDeepSeekClient.ClientHandler Sending HTTP request POST https://api.deepseek.com/chat/completions
[00:01:46 INF] System.Net.Http.HttpClient.IDeepSeekClient.ClientHandler Received HTTP response headers after 300.4262ms - 200
[00:01:46 INF] System.Net.Http.HttpClient.IDeepSeekClient.LogicalHandler End processing HTTP request after 301.4962ms - 200
[00:01:46 INF] System.Net.Http.HttpClient.IDeepSeekClient.ClientHandler Received HTTP response headers after 287.988ms - 200
[00:01:46 INF] System.Net.Http.HttpClient.IDeepSeekClient.LogicalHandler End processing HTTP request after 288.4147ms - 200
[00:01:46 INF] System.Net.Http.HttpClient.IDeepSeekClient.LogicalHandler Start processing HTTP request POST https://api.deepseek.com/chat/completions
[00:01:46 INF] System.Net.Http.HttpClient.IDeepSeekClient.ClientHandler Sending HTTP request POST https://api.deepseek.com/chat/completions
[00:01:46 INF] System.Net.Http.HttpClient.IDeepSeekClient.ClientHandler Received HTTP response headers after 304.2194ms - 200
[00:01:46 INF] System.Net.Http.HttpClient.IDeepSeekClient.LogicalHandler End processing HTTP request after 304.4871ms - 200
[00:01:46 INF] System.Net.Http.HttpClient.IDeepSeekClient.ClientHandler Received HTTP response headers after 308.5501ms - 200
[00:01:46 INF] System.Net.Http.HttpClient.IDeepSeekClient.LogicalHandler End processing HTTP request after 308.8902ms - 200
[00:01:47 INF] System.Net.Http.HttpClient.IDeepSeekClient.LogicalHandler Start processing HTTP request POST https://api.deepseek.com/chat/completions
[00:01:47 INF] System.Net.Http.HttpClient.IDeepSeekClient.ClientHandler Sending HTTP request POST https://api.deepseek.com/chat/completions
[00:01:47 INF] System.Net.Http.HttpClient.IDeepSeekClient.LogicalHandler Start processing HTTP request POST https://api.deepseek.com/chat/completions
[00:01:47 INF] System.Net.Http.HttpClient.IDeepSeekClient.ClientHandler Sending HTTP request POST https://api.deepseek.com/chat/completions
[00:01:47 INF] System.Net.Http.HttpClient.IDeepSeekClient.ClientHandler Received HTTP response headers after 295.4739ms - 200
[00:01:47 INF] System.Net.Http.HttpClient.IDeepSeekClient.LogicalHandler End processing HTTP request after 296.0095ms - 200
[00:01:47 INF] System.Net.Http.HttpClient.IDeepSeekClient.ClientHandler Received HTTP response headers after 277.4442ms - 200
[00:01:47 INF] System.Net.Http.HttpClient.IDeepSeekClient.LogicalHandler End processing HTTP request after 283.7334ms - 200
[00:01:47 INF] System.Net.Http.HttpClient.IDeepSeekClient.LogicalHandler Start processing HTTP request POST https://api.deepseek.com/chat/completions
[00:01:47 INF] System.Net.Http.HttpClient.IDeepSeekClient.ClientHandler Sending HTTP request POST https://api.deepseek.com/chat/completions
[00:01:47 INF] System.Net.Http.HttpClient.IDeepSeekClient.LogicalHandler Start processing HTTP request POST https://api.deepseek.com/chat/completions
[00:01:47 INF] System.Net.Http.HttpClient.IDeepSeekClient.ClientHandler Sending HTTP request POST https://api.deepseek.com/chat/completions
[00:01:48 INF] System.Net.Http.HttpClient.IDeepSeekClient.LogicalHandler Start processing HTTP request POST https://api.deepseek.com/chat/completions
[00:01:48 INF] System.Net.Http.HttpClient.IDeepSeekClient.ClientHandler Sending HTTP request POST https://api.deepseek.com/chat/completions
[00:01:48 INF] System.Net.Http.HttpClient.IDeepSeekClient.ClientHandler Received HTTP response headers after 304.4027ms - 200
[00:01:48 INF] System.Net.Http.HttpClient.IDeepSeekClient.LogicalHandler End processing HTTP request after 305.3662ms - 200
[00:01:48 INF] System.Net.Http.HttpClient.IDeepSeekClient.ClientHandler Received HTTP response headers after 292.21ms - 200
[00:01:48 INF] System.Net.Http.HttpClient.IDeepSeekClient.LogicalHandler End processing HTTP request after 293.3068ms - 200
[00:01:48 INF] System.Net.Http.HttpClient.IDeepSeekClient.LogicalHandler Start processing HTTP request POST https://api.deepseek.com/chat/completions
[00:01:48 INF] System.Net.Http.HttpClient.IDeepSeekClient.ClientHandler Sending HTTP request POST https://api.deepseek.com/chat/completions
[00:01:48 INF] System.Net.Http.HttpClient.IDeepSeekClient.LogicalHandler Start processing HTTP request POST https://api.deepseek.com/chat/completions
[00:01:48 INF] System.Net.Http.HttpClient.IDeepSeekClient.ClientHandler Sending HTTP request POST https://api.deepseek.com/chat/completions
[00:01:48 INF] System.Net.Http.HttpClient.IDeepSeekClient.ClientHandler Received HTTP response headers after 292.7943ms - 200
[00:01:48 INF] System.Net.Http.HttpClient.IDeepSeekClient.LogicalHandler End processing HTTP request after 293.6362ms - 200
[00:01:48 INF] System.Net.Http.HttpClient.IDeepSeekClient.LogicalHandler Start processing HTTP request POST https://api.deepseek.com/chat/completions
[00:01:48 INF] System.Net.Http.HttpClient.IDeepSeekClient.ClientHandler Sending HTTP request POST https://api.deepseek.com/chat/completions
[00:01:48 INF] System.Net.Http.HttpClient.IDeepSeekClient.ClientHandler Received HTTP response headers after 282.4427ms - 200
[00:01:48 INF] System.Net.Http.HttpClient.IDeepSeekClient.LogicalHandler End processing HTTP request after 284.2247ms - 200
[00:01:48 INF] System.Net.Http.HttpClient.IDeepSeekClient.LogicalHandler Start processing HTTP request POST https://api.deepseek.com/chat/completions
[00:01:48 INF] System.Net.Http.HttpClient.IDeepSeekClient.ClientHandler Sending HTTP request POST https://api.deepseek.com/chat/completions
[00:01:48 INF] System.Net.Http.HttpClient.IDeepSeekClient.LogicalHandler Start processing HTTP request POST https://api.deepseek.com/chat/completions
[00:01:48 INF] System.Net.Http.HttpClient.IDeepSeekClient.ClientHandler Sending HTTP request POST https://api.deepseek.com/chat/completions
[00:01:48 INF] System.Net.Http.HttpClient.IDeepSeekClient.LogicalHandler Start processing HTTP request POST https://api.deepseek.com/chat/completions
[00:01:48 INF] System.Net.Http.HttpClient.IDeepSeekClient.ClientHandler Sending HTTP request POST https://api.deepseek.com/chat/completions
[00:01:48 INF] System.Net.Http.HttpClient.IDeepSeekClient.LogicalHandler Start processing HTTP request POST https://api.deepseek.com/chat/completions
[00:01:48 INF] System.Net.Http.HttpClient.IDeepSeekClient.ClientHandler Sending HTTP request POST https://api.deepseek.com/chat/completions
[00:01:48 INF] System.Net.Http.HttpClient.IDeepSeekClient.LogicalHandler Start processing HTTP request POST https://api.deepseek.com/chat/completions
[00:01:48 INF] System.Net.Http.HttpClient.IDeepSeekClient.ClientHandler Sending HTTP request POST https://api.deepseek.com/chat/completions
[00:01:48 INF] System.Net.Http.HttpClient.IDeepSeekClient.LogicalHandler Start processing HTTP request POST https://api.deepseek.com/chat/completions
[00:01:48 INF] System.Net.Http.HttpClient.IDeepSeekClient.ClientHandler Sending HTTP request POST https://api.deepseek.com/chat/completions
[00:01:48 INF] System.Net.Http.HttpClient.IDeepSeekClient.ClientHandler Received HTTP response headers after 282.2382ms - 200
[00:01:48 INF] System.Net.Http.HttpClient.IDeepSeekClient.LogicalHandler End processing HTTP request after 283.0993ms - 200
[00:01:48 INF] System.Net.Http.HttpClient.IDeepSeekClient.ClientHandler Received HTTP response headers after 297.2303ms - 200
[00:01:48 INF] System.Net.Http.HttpClient.IDeepSeekClient.LogicalHandler End processing HTTP request after 297.5157ms - 200
[00:01:48 INF] System.Net.Http.HttpClient.IDeepSeekClient.ClientHandler Received HTTP response headers after 317.662ms - 200
[00:01:48 INF] System.Net.Http.HttpClient.IDeepSeekClient.LogicalHandler End processing HTTP request after 317.8852ms - 200
[00:01:48 INF] System.Net.Http.HttpClient.IDeepSeekClient.ClientHandler Received HTTP response headers after 331.0405ms - 200
[00:01:48 INF] System.Net.Http.HttpClient.IDeepSeekClient.LogicalHandler End processing HTTP request after 331.145ms - 200
[00:01:48 INF] System.Net.Http.HttpClient.IDeepSeekClient.ClientHandler Received HTTP response headers after 332.9329ms - 200
[00:01:48 INF] System.Net.Http.HttpClient.IDeepSeekClient.LogicalHandler End processing HTTP request after 333.047ms - 200
[00:01:48 INF] System.Net.Http.HttpClient.IDeepSeekClient.ClientHandler Received HTTP response headers after 336.0935ms - 200
[00:01:48 INF] System.Net.Http.HttpClient.IDeepSeekClient.LogicalHandler End processing HTTP request after 336.1796ms - 200
[00:01:48 INF] System.Net.Http.HttpClient.IDeepSeekClient.ClientHandler Received HTTP response headers after 342.2814ms - 200
[00:01:48 INF] System.Net.Http.HttpClient.IDeepSeekClient.LogicalHandler End processing HTTP request after 342.3824ms - 200
[00:01:48 INF] System.Net.Http.HttpClient.IDeepSeekClient.ClientHandler Received HTTP response headers after 345.549ms - 200
[00:01:48 INF] System.Net.Http.HttpClient.IDeepSeekClient.LogicalHandler End processing HTTP request after 345.655ms - 200
[00:01:49 INF] System.Net.Http.HttpClient.IDeepSeekClient.LogicalHandler Start processing HTTP request POST https://api.deepseek.com/chat/completions
[00:01:49 INF] System.Net.Http.HttpClient.IDeepSeekClient.ClientHandler Sending HTTP request POST https://api.deepseek.com/chat/completions
[00:01:49 INF] System.Net.Http.HttpClient.IDeepSeekClient.LogicalHandler Start processing HTTP request POST https://api.deepseek.com/chat/completions
[00:01:49 INF] System.Net.Http.HttpClient.IDeepSeekClient.ClientHandler Sending HTTP request POST https://api.deepseek.com/chat/completions
[00:01:49 INF] System.Net.Http.HttpClient.IDeepSeekClient.ClientHandler Received HTTP response headers after 285.392ms - 200
[00:01:49 INF] System.Net.Http.HttpClient.IDeepSeekClient.LogicalHandler End processing HTTP request after 286.0513ms - 200
[00:01:49 INF] System.Net.Http.HttpClient.IDeepSeekClient.ClientHandler Received HTTP response headers after 333.6856ms - 200
[00:01:49 INF] System.Net.Http.HttpClient.IDeepSeekClient.LogicalHandler End processing HTTP request after 334.4271ms - 200
[00:01:49 INF] System.Net.Http.HttpClient.IDeepSeekClient.LogicalHandler Start processing HTTP request POST https://api.deepseek.com/chat/completions
[00:01:49 INF] System.Net.Http.HttpClient.IDeepSeekClient.ClientHandler Sending HTTP request POST https://api.deepseek.com/chat/completions
[00:01:49 INF] System.Net.Http.HttpClient.IDeepSeekClient.LogicalHandler Start processing HTTP request POST https://api.deepseek.com/chat/completions
[00:01:49 INF] System.Net.Http.HttpClient.IDeepSeekClient.ClientHandler Sending HTTP request POST https://api.deepseek.com/chat/completions
[00:01:50 INF] System.Net.Http.HttpClient.IDeepSeekClient.LogicalHandler Start processing HTTP request POST https://api.deepseek.com/chat/completions
[00:01:50 INF] System.Net.Http.HttpClient.IDeepSeekClient.ClientHandler Sending HTTP request POST https://api.deepseek.com/chat/completions
[00:01:50 INF] System.Net.Http.HttpClient.IDeepSeekClient.LogicalHandler Start processing HTTP request POST https://api.deepseek.com/chat/completions
[00:01:50 INF] System.Net.Http.HttpClient.IDeepSeekClient.ClientHandler Sending HTTP request POST https://api.deepseek.com/chat/completions
[00:01:50 INF] System.Net.Http.HttpClient.IDeepSeekClient.LogicalHandler Start processing HTTP request POST https://api.deepseek.com/chat/completions
[00:01:50 INF] System.Net.Http.HttpClient.IDeepSeekClient.ClientHandler Sending HTTP request POST https://api.deepseek.com/chat/completions
[00:01:50 INF] System.Net.Http.HttpClient.IDeepSeekClient.ClientHandler Received HTTP response headers after 290.2898ms - 200
[00:01:50 INF] System.Net.Http.HttpClient.IDeepSeekClient.LogicalHandler End processing HTTP request after 291.7178ms - 200
[00:01:50 INF] System.Net.Http.HttpClient.IDeepSeekClient.ClientHandler Received HTTP response headers after 311.1575ms - 200
[00:01:50 INF] System.Net.Http.HttpClient.IDeepSeekClient.LogicalHandler End processing HTTP request after 312.3265ms - 200
[00:01:50 INF] System.Net.Http.HttpClient.IDeepSeekClient.LogicalHandler Start processing HTTP request POST https://api.deepseek.com/chat/completions
[00:01:50 INF] System.Net.Http.HttpClient.IDeepSeekClient.ClientHandler Sending HTTP request POST https://api.deepseek.com/chat/completions
[00:01:50 INF] System.Net.Http.HttpClient.IDeepSeekClient.ClientHandler Received HTTP response headers after 297.4707ms - 200
[00:01:50 INF] System.Net.Http.HttpClient.IDeepSeekClient.LogicalHandler End processing HTTP request after 298.0324ms - 200
[00:01:50 INF] System.Net.Http.HttpClient.IDeepSeekClient.ClientHandler Received HTTP response headers after 295.1713ms - 200
[00:01:50 INF] System.Net.Http.HttpClient.IDeepSeekClient.LogicalHandler End processing HTTP request after 295.9852ms - 200
[00:01:50 INF] System.Net.Http.HttpClient.IDeepSeekClient.ClientHandler Received HTTP response headers after 288.4992ms - 200
[00:01:50 INF] System.Net.Http.HttpClient.IDeepSeekClient.LogicalHandler End processing HTTP request after 290.0652ms - 200
[00:01:50 INF] System.Net.Http.HttpClient.IDeepSeekClient.ClientHandler Received HTTP response headers after 278.6702ms - 200
[00:01:50 INF] System.Net.Http.HttpClient.IDeepSeekClient.LogicalHandler End processing HTTP request after 279.1411ms - 200
[00:01:51 INF] System.Net.Http.HttpClient.IDeepSeekClient.LogicalHandler Start processing HTTP request POST https://api.deepseek.com/chat/completions
[00:01:51 INF] System.Net.Http.HttpClient.IDeepSeekClient.ClientHandler Sending HTTP request POST https://api.deepseek.com/chat/completions
[00:01:51 INF] System.Net.Http.HttpClient.IDeepSeekClient.LogicalHandler Start processing HTTP request POST https://api.deepseek.com/chat/completions
[00:01:51 INF] System.Net.Http.HttpClient.IDeepSeekClient.ClientHandler Sending HTTP request POST https://api.deepseek.com/chat/completions
[00:01:51 INF] System.Net.Http.HttpClient.IDeepSeekClient.LogicalHandler Start processing HTTP request POST https://api.deepseek.com/chat/completions
[00:01:51 INF] System.Net.Http.HttpClient.IDeepSeekClient.ClientHandler Sending HTTP request POST https://api.deepseek.com/chat/completions
[00:01:51 INF] System.Net.Http.HttpClient.IDeepSeekClient.ClientHandler Received HTTP response headers after 287.7221ms - 200
[00:01:51 INF] System.Net.Http.HttpClient.IDeepSeekClient.LogicalHandler End processing HTTP request after 288.2605ms - 200
[00:01:51 INF] System.Net.Http.HttpClient.IDeepSeekClient.LogicalHandler Start processing HTTP request POST https://api.deepseek.com/chat/completions
[00:01:51 INF] System.Net.Http.HttpClient.IDeepSeekClient.ClientHandler Sending HTTP request POST https://api.deepseek.com/chat/completions
[00:01:51 INF] System.Net.Http.HttpClient.IDeepSeekClient.LogicalHandler Start processing HTTP request POST https://api.deepseek.com/chat/completions
[00:01:51 INF] System.Net.Http.HttpClient.IDeepSeekClient.ClientHandler Sending HTTP request POST https://api.deepseek.com/chat/completions
[00:01:51 INF] System.Net.Http.HttpClient.IDeepSeekClient.LogicalHandler Start processing HTTP request POST https://api.deepseek.com/chat/completions
[00:01:51 INF] System.Net.Http.HttpClient.IDeepSeekClient.ClientHandler Sending HTTP request POST https://api.deepseek.com/chat/completions
[00:01:51 INF] System.Net.Http.HttpClient.IDeepSeekClient.ClientHandler Received HTTP response headers after 315.3719ms - 200
[00:01:51 INF] System.Net.Http.HttpClient.IDeepSeekClient.LogicalHandler End processing HTTP request after 315.8275ms - 200
[00:01:51 INF] System.Net.Http.HttpClient.IDeepSeekClient.ClientHandler Received HTTP response headers after 282.4767ms - 200
[00:01:51 INF] System.Net.Http.HttpClient.IDeepSeekClient.LogicalHandler End processing HTTP request after 282.7105ms - 200
[00:01:52 INF] System.Net.Http.HttpClient.IDeepSeekClient.ClientHandler Received HTTP response headers after 284.5207ms - 200
[00:01:52 INF] System.Net.Http.HttpClient.IDeepSeekClient.LogicalHandler End processing HTTP request after 285.4521ms - 200
[00:01:52 INF] System.Net.Http.HttpClient.IDeepSeekClient.LogicalHandler Start processing HTTP request POST https://api.deepseek.com/chat/completions
[00:01:52 INF] System.Net.Http.HttpClient.IDeepSeekClient.ClientHandler Sending HTTP request POST https://api.deepseek.com/chat/completions
[00:01:52 INF] System.Net.Http.HttpClient.IDeepSeekClient.ClientHandler Received HTTP response headers after 362.3178ms - 200
[00:01:52 INF] System.Net.Http.HttpClient.IDeepSeekClient.LogicalHandler End processing HTTP request after 362.8355ms - 200
[00:01:52 INF] System.Net.Http.HttpClient.IDeepSeekClient.ClientHandler Received HTTP response headers after 295.4011ms - 200
[00:01:52 INF] System.Net.Http.HttpClient.IDeepSeekClient.LogicalHandler End processing HTTP request after 295.8397ms - 200
[00:01:52 INF] System.Net.Http.HttpClient.IDeepSeekClient.LogicalHandler Start processing HTTP request POST https://api.deepseek.com/chat/completions
[00:01:52 INF] System.Net.Http.HttpClient.IDeepSeekClient.ClientHandler Sending HTTP request POST https://api.deepseek.com/chat/completions
[00:01:52 INF] System.Net.Http.HttpClient.IDeepSeekClient.ClientHandler Received HTTP response headers after 287.3932ms - 200
[00:01:52 INF] System.Net.Http.HttpClient.IDeepSeekClient.LogicalHandler End processing HTTP request after 288.2933ms - 200
[00:01:52 INF] System.Net.Http.HttpClient.IDeepSeekClient.ClientHandler Received HTTP response headers after 288.8569ms - 200
[00:01:52 INF] System.Net.Http.HttpClient.IDeepSeekClient.LogicalHandler End processing HTTP request after 289.4119ms - 200
[00:01:52 INF] System.Net.Http.HttpClient.IDeepSeekClient.LogicalHandler Start processing HTTP request POST https://api.deepseek.com/chat/completions
[00:01:52 INF] System.Net.Http.HttpClient.IDeepSeekClient.ClientHandler Sending HTTP request POST https://api.deepseek.com/chat/completions
[00:01:53 INF] System.Net.Http.HttpClient.IDeepSeekClient.ClientHandler Received HTTP response headers after 287.9935ms - 200
[00:01:53 INF] System.Net.Http.HttpClient.IDeepSeekClient.LogicalHandler End processing HTTP request after 289.8666ms - 200
[00:01:53 INF] System.Net.Http.HttpClient.IDeepSeekClient.LogicalHandler Start processing HTTP request POST https://api.deepseek.com/chat/completions
[00:01:53 INF] System.Net.Http.HttpClient.IDeepSeekClient.ClientHandler Sending HTTP request POST https://api.deepseek.com/chat/completions
[00:01:53 INF] System.Net.Http.HttpClient.IDeepSeekClient.LogicalHandler Start processing HTTP request POST https://api.deepseek.com/chat/completions
[00:01:53 INF] System.Net.Http.HttpClient.IDeepSeekClient.ClientHandler Sending HTTP request POST https://api.deepseek.com/chat/completions
[00:01:53 INF] System.Net.Http.HttpClient.IDeepSeekClient.ClientHandler Received HTTP response headers after 289.4028ms - 200
[00:01:53 INF] System.Net.Http.HttpClient.IDeepSeekClient.LogicalHandler End processing HTTP request after 290.6002ms - 200
[00:01:53 INF] System.Net.Http.HttpClient.IDeepSeekClient.LogicalHandler Start processing HTTP request POST https://api.deepseek.com/chat/completions
[00:01:53 INF] System.Net.Http.HttpClient.IDeepSeekClient.ClientHandler Sending HTTP request POST https://api.deepseek.com/chat/completions
[00:01:53 INF] System.Net.Http.HttpClient.IDeepSeekClient.ClientHandler Received HTTP response headers after 292.0638ms - 200
[00:01:53 INF] System.Net.Http.HttpClient.IDeepSeekClient.LogicalHandler End processing HTTP request after 292.6125ms - 200
[00:01:53 INF] System.Net.Http.HttpClient.IDeepSeekClient.LogicalHandler Start processing HTTP request POST https://api.deepseek.com/chat/completions
[00:01:53 INF] System.Net.Http.HttpClient.IDeepSeekClient.ClientHandler Sending HTTP request POST https://api.deepseek.com/chat/completions
[00:01:53 INF] System.Net.Http.HttpClient.IDeepSeekClient.LogicalHandler Start processing HTTP request POST https://api.deepseek.com/chat/completions
[00:01:53 INF] System.Net.Http.HttpClient.IDeepSeekClient.ClientHandler Sending HTTP request POST https://api.deepseek.com/chat/completions
[00:01:53 INF] System.Net.Http.HttpClient.IDeepSeekClient.ClientHandler Received HTTP response headers after 290.2804ms - 200
[00:01:53 INF] System.Net.Http.HttpClient.IDeepSeekClient.LogicalHandler End processing HTTP request after 290.7398ms - 200
[00:01:53 INF] System.Net.Http.HttpClient.IDeepSeekClient.LogicalHandler Start processing HTTP request POST https://api.deepseek.com/chat/completions
[00:01:53 INF] System.Net.Http.HttpClient.IDeepSeekClient.ClientHandler Sending HTTP request POST https://api.deepseek.com/chat/completions
[00:01:54 INF] System.Net.Http.HttpClient.IDeepSeekClient.ClientHandler Received HTTP response headers after 297.2694ms - 200
[00:01:54 INF] System.Net.Http.HttpClient.IDeepSeekClient.LogicalHandler End processing HTTP request after 297.581ms - 200
[00:01:54 INF] System.Net.Http.HttpClient.IDeepSeekClient.ClientHandler Received HTTP response headers after 287.4607ms - 200
[00:01:54 INF] System.Net.Http.HttpClient.IDeepSeekClient.LogicalHandler End processing HTTP request after 287.9574ms - 200
[00:01:54 INF] System.Net.Http.HttpClient.IDeepSeekClient.ClientHandler Received HTTP response headers after 293.8037ms - 200
[00:01:54 INF] System.Net.Http.HttpClient.IDeepSeekClient.LogicalHandler End processing HTTP request after 294.5975ms - 200
[00:01:54 INF] System.Net.Http.HttpClient.IDeepSeekClient.LogicalHandler Start processing HTTP request POST https://api.deepseek.com/chat/completions
[00:01:54 INF] System.Net.Http.HttpClient.IDeepSeekClient.ClientHandler Sending HTTP request POST https://api.deepseek.com/chat/completions
[00:01:54 INF] System.Net.Http.HttpClient.IDeepSeekClient.LogicalHandler Start processing HTTP request POST https://api.deepseek.com/chat/completions
[00:01:54 INF] System.Net.Http.HttpClient.IDeepSeekClient.ClientHandler Sending HTTP request POST https://api.deepseek.com/chat/completions
[00:01:54 INF] System.Net.Http.HttpClient.IDeepSeekClient.LogicalHandler Start processing HTTP request POST https://api.deepseek.com/chat/completions
[00:01:54 INF] System.Net.Http.HttpClient.IDeepSeekClient.ClientHandler Sending HTTP request POST https://api.deepseek.com/chat/completions
[00:01:54 INF] System.Net.Http.HttpClient.IDeepSeekClient.ClientHandler Received HTTP response headers after 301.3912ms - 200
[00:01:54 INF] System.Net.Http.HttpClient.IDeepSeekClient.LogicalHandler End processing HTTP request after 302.039ms - 200
[00:01:54 INF] System.Net.Http.HttpClient.IDeepSeekClient.LogicalHandler Start processing HTTP request POST https://api.deepseek.com/chat/completions
[00:01:54 INF] System.Net.Http.HttpClient.IDeepSeekClient.ClientHandler Sending HTTP request POST https://api.deepseek.com/chat/completions
[00:01:54 INF] System.Net.Http.HttpClient.IDeepSeekClient.ClientHandler Received HTTP response headers after 282.2702ms - 200
[00:01:54 INF] System.Net.Http.HttpClient.IDeepSeekClient.LogicalHandler End processing HTTP request after 282.5861ms - 200
[00:01:55 INF] System.Net.Http.HttpClient.IDeepSeekClient.LogicalHandler Start processing HTTP request POST https://api.deepseek.com/chat/completions
[00:01:55 INF] System.Net.Http.HttpClient.IDeepSeekClient.ClientHandler Sending HTTP request POST https://api.deepseek.com/chat/completions
[00:01:55 INF] System.Net.Http.HttpClient.IDeepSeekClient.LogicalHandler Start processing HTTP request POST https://api.deepseek.com/chat/completions
[00:01:55 INF] System.Net.Http.HttpClient.IDeepSeekClient.ClientHandler Sending HTTP request POST https://api.deepseek.com/chat/completions
[00:01:55 INF] System.Net.Http.HttpClient.IDeepSeekClient.LogicalHandler Start processing HTTP request POST https://api.deepseek.com/chat/completions
[00:01:55 INF] System.Net.Http.HttpClient.IDeepSeekClient.ClientHandler Sending HTTP request POST https://api.deepseek.com/chat/completions
[00:01:55 INF] System.Net.Http.HttpClient.IDeepSeekClient.LogicalHandler Start processing HTTP request POST https://api.deepseek.com/chat/completions
[00:01:55 INF] System.Net.Http.HttpClient.IDeepSeekClient.ClientHandler Sending HTTP request POST https://api.deepseek.com/chat/completions
[00:01:55 INF] System.Net.Http.HttpClient.IDeepSeekClient.LogicalHandler Start processing HTTP request POST https://api.deepseek.com/chat/completions
[00:01:55 INF] System.Net.Http.HttpClient.IDeepSeekClient.ClientHandler Sending HTTP request POST https://api.deepseek.com/chat/completions
[00:01:55 INF] System.Net.Http.HttpClient.IDeepSeekClient.LogicalHandler Start processing HTTP request POST https://api.deepseek.com/chat/completions
[00:01:55 INF] System.Net.Http.HttpClient.IDeepSeekClient.ClientHandler Sending HTTP request POST https://api.deepseek.com/chat/completions
[00:01:55 INF] System.Net.Http.HttpClient.IDeepSeekClient.ClientHandler Received HTTP response headers after 291.7188ms - 200
[00:01:55 INF] System.Net.Http.HttpClient.IDeepSeekClient.LogicalHandler End processing HTTP request after 291.9941ms - 200
[00:01:55 INF] System.Net.Http.HttpClient.IDeepSeekClient.LogicalHandler Start processing HTTP request POST https://api.deepseek.com/chat/completions
[00:01:55 INF] System.Net.Http.HttpClient.IDeepSeekClient.ClientHandler Sending HTTP request POST https://api.deepseek.com/chat/completions
[00:01:55 INF] System.Net.Http.HttpClient.IDeepSeekClient.ClientHandler Received HTTP response headers after 281.2044ms - 200
[00:01:55 INF] System.Net.Http.HttpClient.IDeepSeekClient.LogicalHandler End processing HTTP request after 281.8483ms - 200
[00:01:55 INF] System.Net.Http.HttpClient.IDeepSeekClient.LogicalHandler Start processing HTTP request POST https://api.deepseek.com/chat/completions
[00:01:55 INF] System.Net.Http.HttpClient.IDeepSeekClient.ClientHandler Sending HTTP request POST https://api.deepseek.com/chat/completions
[00:01:55 INF] System.Net.Http.HttpClient.IDeepSeekClient.ClientHandler Received HTTP response headers after 286.3361ms - 200
[00:01:55 INF] System.Net.Http.HttpClient.IDeepSeekClient.LogicalHandler End processing HTTP request after 286.7636ms - 200
[00:01:55 INF] System.Net.Http.HttpClient.IDeepSeekClient.ClientHandler Received HTTP response headers after 346.763ms - 200
[00:01:55 INF] System.Net.Http.HttpClient.IDeepSeekClient.LogicalHandler End processing HTTP request after 347.3739ms - 200
[00:01:55 INF] System.Net.Http.HttpClient.IDeepSeekClient.ClientHandler Received HTTP response headers after 348.8078ms - 200
[00:01:55 INF] System.Net.Http.HttpClient.IDeepSeekClient.LogicalHandler End processing HTTP request after 349.2362ms - 200
[00:01:55 INF] System.Net.Http.HttpClient.IDeepSeekClient.ClientHandler Received HTTP response headers after 351.2655ms - 200
[00:01:55 INF] System.Net.Http.HttpClient.IDeepSeekClient.ClientHandler Received HTTP response headers after 352.2114ms - 200
[00:01:55 INF] System.Net.Http.HttpClient.IDeepSeekClient.LogicalHandler End processing HTTP request after 351.4116ms - 200
[00:01:55 INF] System.Net.Http.HttpClient.IDeepSeekClient.LogicalHandler End processing HTTP request after 352.8221ms - 200
[00:01:55 INF] System.Net.Http.HttpClient.IDeepSeekClient.ClientHandler Received HTTP response headers after 358.2601ms - 200
[00:01:55 INF] System.Net.Http.HttpClient.IDeepSeekClient.LogicalHandler End processing HTTP request after 359.1192ms - 200
[00:01:55 INF] System.Net.Http.HttpClient.IDeepSeekClient.ClientHandler Received HTTP response headers after 298.743ms - 200
[00:01:55 INF] System.Net.Http.HttpClient.IDeepSeekClient.LogicalHandler End processing HTTP request after 299.072ms - 200
[00:01:55 INF] System.Net.Http.HttpClient.IDeepSeekClient.LogicalHandler Start processing HTTP request POST https://api.deepseek.com/chat/completions
[00:01:55 INF] System.Net.Http.HttpClient.IDeepSeekClient.ClientHandler Sending HTTP request POST https://api.deepseek.com/chat/completions
[00:01:55 INF] System.Net.Http.HttpClient.IDeepSeekClient.ClientHandler Received HTTP response headers after 299.1297ms - 200
[00:01:55 INF] System.Net.Http.HttpClient.IDeepSeekClient.LogicalHandler Start processing HTTP request POST https://api.deepseek.com/chat/completions
[00:01:55 INF] System.Net.Http.HttpClient.IDeepSeekClient.LogicalHandler End processing HTTP request after 299.403ms - 200
[00:01:55 INF] System.Net.Http.HttpClient.IDeepSeekClient.ClientHandler Sending HTTP request POST https://api.deepseek.com/chat/completions
[00:01:55 INF] System.Net.Http.HttpClient.IDeepSeekClient.LogicalHandler Start processing HTTP request POST https://api.deepseek.com/chat/completions
[00:01:55 INF] System.Net.Http.HttpClient.IDeepSeekClient.ClientHandler Sending HTTP request POST https://api.deepseek.com/chat/completions
[00:01:55 INF] System.Net.Http.HttpClient.IDeepSeekClient.ClientHandler Received HTTP response headers after 287.818ms - 200
[00:01:55 INF] System.Net.Http.HttpClient.IDeepSeekClient.LogicalHandler End processing HTTP request after 288.0555ms - 200
[00:01:55 INF] System.Net.Http.HttpClient.IDeepSeekClient.ClientHandler Received HTTP response headers after 282.4044ms - 200
[00:01:55 INF] System.Net.Http.HttpClient.IDeepSeekClient.LogicalHandler End processing HTTP request after 282.6712ms - 200
[00:01:55 INF] System.Net.Http.HttpClient.IDeepSeekClient.LogicalHandler Start processing HTTP request POST https://api.deepseek.com/chat/completions
[00:01:55 INF] System.Net.Http.HttpClient.IDeepSeekClient.ClientHandler Sending HTTP request POST https://api.deepseek.com/chat/completions
[00:01:55 INF] System.Net.Http.HttpClient.IDeepSeekClient.ClientHandler Received HTTP response headers after 289.2772ms - 200
[00:01:55 INF] System.Net.Http.HttpClient.IDeepSeekClient.LogicalHandler End processing HTTP request after 289.6285ms - 200
[00:01:56 INF] System.Net.Http.HttpClient.IDeepSeekClient.ClientHandler Received HTTP response headers after 289.9691ms - 200
[00:01:56 INF] System.Net.Http.HttpClient.IDeepSeekClient.LogicalHandler End processing HTTP request after 290.5017ms - 200
[00:01:56 INF] System.Net.Http.HttpClient.IDeepSeekClient.LogicalHandler Start processing HTTP request POST https://api.deepseek.com/chat/completions
[00:01:56 INF] System.Net.Http.HttpClient.IDeepSeekClient.ClientHandler Sending HTTP request POST https://api.deepseek.com/chat/completions
[00:01:56 INF] System.Net.Http.HttpClient.IDeepSeekClient.ClientHandler Received HTTP response headers after 292.7457ms - 200
[00:01:56 INF] System.Net.Http.HttpClient.IDeepSeekClient.LogicalHandler End processing HTTP request after 293.1467ms - 200
[00:01:56 INF] System.Net.Http.HttpClient.IDeepSeekClient.LogicalHandler Start processing HTTP request POST https://api.deepseek.com/chat/completions
[00:01:56 INF] System.Net.Http.HttpClient.IDeepSeekClient.ClientHandler Sending HTTP request POST https://api.deepseek.com/chat/completions
[00:01:56 INF] System.Net.Http.HttpClient.IDeepSeekClient.LogicalHandler Start processing HTTP request POST https://api.deepseek.com/chat/completions
[00:01:56 INF] System.Net.Http.HttpClient.IDeepSeekClient.ClientHandler Sending HTTP request POST https://api.deepseek.com/chat/completions
[00:01:57 INF] System.Net.Http.HttpClient.IDeepSeekClient.LogicalHandler Start processing HTTP request POST https://api.deepseek.com/chat/completions
[00:01:57 INF] System.Net.Http.HttpClient.IDeepSeekClient.ClientHandler Sending HTTP request POST https://api.deepseek.com/chat/completions
[00:01:57 INF] System.Net.Http.HttpClient.IDeepSeekClient.ClientHandler Received HTTP response headers after 296.314ms - 200
[00:01:57 INF] System.Net.Http.HttpClient.IDeepSeekClient.LogicalHandler End processing HTTP request after 296.6567ms - 200
[00:01:57 INF] System.Net.Http.HttpClient.IDeepSeekClient.ClientHandler Received HTTP response headers after 290.0819ms - 200
[00:01:57 INF] System.Net.Http.HttpClient.IDeepSeekClient.LogicalHandler End processing HTTP request after 290.5999ms - 200
[00:01:57 INF] System.Net.Http.HttpClient.IDeepSeekClient.LogicalHandler Start processing HTTP request POST https://api.deepseek.com/chat/completions
[00:01:57 INF] System.Net.Http.HttpClient.IDeepSeekClient.ClientHandler Sending HTTP request POST https://api.deepseek.com/chat/completions
[00:01:57 INF] System.Net.Http.HttpClient.IDeepSeekClient.LogicalHandler Start processing HTTP request POST https://api.deepseek.com/chat/completions
[00:01:57 INF] System.Net.Http.HttpClient.IDeepSeekClient.ClientHandler Sending HTTP request POST https://api.deepseek.com/chat/completions
[00:01:57 INF] System.Net.Http.HttpClient.IDeepSeekClient.LogicalHandler Start processing HTTP request POST https://api.deepseek.com/chat/completions
[00:01:57 INF] System.Net.Http.HttpClient.IDeepSeekClient.ClientHandler Sending HTTP request POST https://api.deepseek.com/chat/completions
[00:01:57 INF] System.Net.Http.HttpClient.IDeepSeekClient.LogicalHandler Start processing HTTP request POST https://api.deepseek.com/chat/completions
[00:01:57 INF] System.Net.Http.HttpClient.IDeepSeekClient.ClientHandler Sending HTTP request POST https://api.deepseek.com/chat/completions
[00:01:57 INF] System.Net.Http.HttpClient.IDeepSeekClient.ClientHandler Received HTTP response headers after 282.6984ms - 200
[00:01:57 INF] System.Net.Http.HttpClient.IDeepSeekClient.LogicalHandler End processing HTTP request after 283.4327ms - 200
[00:01:57 INF] System.Net.Http.HttpClient.IDeepSeekClient.ClientHandler Received HTTP response headers after 289.6157ms - 200
[00:01:57 INF] System.Net.Http.HttpClient.IDeepSeekClient.LogicalHandler End processing HTTP request after 290.9234ms - 200
[00:01:57 INF] System.Net.Http.HttpClient.IDeepSeekClient.ClientHandler Received HTTP response headers after 285.963ms - 200
[00:01:57 INF] System.Net.Http.HttpClient.IDeepSeekClient.LogicalHandler End processing HTTP request after 286.9871ms - 200
[00:01:57 INF] System.Net.Http.HttpClient.IDeepSeekClient.ClientHandler Received HTTP response headers after 286.9832ms - 200
[00:01:57 INF] System.Net.Http.HttpClient.IDeepSeekClient.LogicalHandler End processing HTTP request after 287.5355ms - 200
[00:01:57 INF] System.Net.Http.HttpClient.IDeepSeekClient.ClientHandler Received HTTP response headers after 297.8137ms - 200
[00:01:57 INF] System.Net.Http.HttpClient.IDeepSeekClient.LogicalHandler End processing HTTP request after 298.6725ms - 200
[00:01:57 INF] System.Net.Http.HttpClient.IDeepSeekClient.LogicalHandler Start processing HTTP request POST https://api.deepseek.com/chat/completions
[00:01:57 INF] System.Net.Http.HttpClient.IDeepSeekClient.ClientHandler Sending HTTP request POST https://api.deepseek.com/chat/completions
[00:01:57 INF] System.Net.Http.HttpClient.IDeepSeekClient.LogicalHandler Start processing HTTP request POST https://api.deepseek.com/chat/completions
[00:01:57 INF] System.Net.Http.HttpClient.IDeepSeekClient.ClientHandler Sending HTTP request POST https://api.deepseek.com/chat/completions
[00:01:58 INF] System.Net.Http.HttpClient.IDeepSeekClient.ClientHandler Received HTTP response headers after 275.1357ms - 200
[00:01:58 INF] System.Net.Http.HttpClient.IDeepSeekClient.LogicalHandler End processing HTTP request after 275.7228ms - 200
[00:01:58 INF] System.Net.Http.HttpClient.IDeepSeekClient.LogicalHandler Start processing HTTP request POST https://api.deepseek.com/chat/completions
[00:01:58 INF] System.Net.Http.HttpClient.IDeepSeekClient.ClientHandler Sending HTTP request POST https://api.deepseek.com/chat/completions
[00:01:58 INF] System.Net.Http.HttpClient.IDeepSeekClient.ClientHandler Received HTTP response headers after 292.3466ms - 200
[00:01:58 INF] System.Net.Http.HttpClient.IDeepSeekClient.LogicalHandler End processing HTTP request after 293.0292ms - 200
[00:01:58 INF] System.Net.Http.HttpClient.IDeepSeekClient.ClientHandler Received HTTP response headers after 282.9768ms - 200
[00:01:58 INF] System.Net.Http.HttpClient.IDeepSeekClient.LogicalHandler End processing HTTP request after 283.6563ms - 200
[00:01:58 INF] System.Net.Http.HttpClient.IDeepSeekClient.LogicalHandler Start processing HTTP request POST https://api.deepseek.com/chat/completions
[00:01:58 INF] System.Net.Http.HttpClient.IDeepSeekClient.ClientHandler Sending HTTP request POST https://api.deepseek.com/chat/completions
[00:01:58 INF] System.Net.Http.HttpClient.IDeepSeekClient.LogicalHandler Start processing HTTP request POST https://api.deepseek.com/chat/completions
[00:01:58 INF] System.Net.Http.HttpClient.IDeepSeekClient.ClientHandler Sending HTTP request POST https://api.deepseek.com/chat/completions
[00:01:58 INF] System.Net.Http.HttpClient.IDeepSeekClient.ClientHandler Received HTTP response headers after 326.6172ms - 200
[00:01:58 INF] System.Net.Http.HttpClient.IDeepSeekClient.LogicalHandler End processing HTTP request after 327.3088ms - 200
[00:01:59 INF] System.Net.Http.HttpClient.IDeepSeekClient.ClientHandler Received HTTP response headers after 281.6636ms - 200
[00:01:59 INF] System.Net.Http.HttpClient.IDeepSeekClient.LogicalHandler End processing HTTP request after 282.7913ms - 200
[00:01:59 INF] System.Net.Http.HttpClient.IDeepSeekClient.LogicalHandler Start processing HTTP request POST https://api.deepseek.com/chat/completions
[00:01:59 INF] System.Net.Http.HttpClient.IDeepSeekClient.ClientHandler Sending HTTP request POST https://api.deepseek.com/chat/completions
[00:01:59 INF] System.Net.Http.HttpClient.IDeepSeekClient.ClientHandler Received HTTP response headers after 325.1819ms - 200
[00:01:59 INF] System.Net.Http.HttpClient.IDeepSeekClient.LogicalHandler End processing HTTP request after 327.5736ms - 200
[00:01:59 INF] System.Net.Http.HttpClient.IDeepSeekClient.LogicalHandler Start processing HTTP request POST https://api.deepseek.com/chat/completions
[00:01:59 INF] System.Net.Http.HttpClient.IDeepSeekClient.ClientHandler Sending HTTP request POST https://api.deepseek.com/chat/completions
[00:02:00 INF] System.Net.Http.HttpClient.IDeepSeekClient.LogicalHandler Start processing HTTP request POST https://api.deepseek.com/chat/completions
[00:02:00 INF] System.Net.Http.HttpClient.IDeepSeekClient.ClientHandler Sending HTTP request POST https://api.deepseek.com/chat/completions
[00:02:00 INF] System.Net.Http.HttpClient.IDeepSeekClient.ClientHandler Received HTTP response headers after 289.8388ms - 200
[00:02:00 INF] System.Net.Http.HttpClient.IDeepSeekClient.LogicalHandler End processing HTTP request after 290.2549ms - 200
[00:02:00 INF] System.Net.Http.HttpClient.IDeepSeekClient.LogicalHandler Start processing HTTP request POST https://api.deepseek.com/chat/completions
[00:02:00 INF] System.Net.Http.HttpClient.IDeepSeekClient.ClientHandler Sending HTTP request POST https://api.deepseek.com/chat/completions
[00:02:00 INF] System.Net.Http.HttpClient.IDeepSeekClient.ClientHandler Received HTTP response headers after 309.3662ms - 200
[00:02:00 INF] System.Net.Http.HttpClient.IDeepSeekClient.LogicalHandler End processing HTTP request after 309.787ms - 200
[00:02:00 INF] System.Net.Http.HttpClient.IDeepSeekClient.LogicalHandler Start processing HTTP request POST https://api.deepseek.com/chat/completions
[00:02:00 INF] System.Net.Http.HttpClient.IDeepSeekClient.ClientHandler Sending HTTP request POST https://api.deepseek.com/chat/completions
[00:02:00 INF] System.Net.Http.HttpClient.IDeepSeekClient.ClientHandler Received HTTP response headers after 293.3817ms - 200
[00:02:00 INF] System.Net.Http.HttpClient.IDeepSeekClient.LogicalHandler End processing HTTP request after 293.8995ms - 200
[00:02:00 INF] System.Net.Http.HttpClient.IDeepSeekClient.LogicalHandler Start processing HTTP request POST https://api.deepseek.com/chat/completions
[00:02:00 INF] System.Net.Http.HttpClient.IDeepSeekClient.ClientHandler Sending HTTP request POST https://api.deepseek.com/chat/completions
[00:02:00 INF] System.Net.Http.HttpClient.IDeepSeekClient.ClientHandler Received HTTP response headers after 440.9185ms - 200
[00:02:00 INF] System.Net.Http.HttpClient.IDeepSeekClient.LogicalHandler End processing HTTP request after 442.0149ms - 200
[00:02:01 INF] System.Net.Http.HttpClient.IDeepSeekClient.LogicalHandler Start processing HTTP request POST https://api.deepseek.com/chat/completions
[00:02:01 INF] System.Net.Http.HttpClient.IDeepSeekClient.ClientHandler Sending HTTP request POST https://api.deepseek.com/chat/completions
[00:02:01 INF] System.Net.Http.HttpClient.IDeepSeekClient.ClientHandler Received HTTP response headers after 295.1718ms - 200
[00:02:01 INF] System.Net.Http.HttpClient.IDeepSeekClient.LogicalHandler End processing HTTP request after 295.6047ms - 200
[00:02:01 INF] System.Net.Http.HttpClient.IDeepSeekClient.LogicalHandler Start processing HTTP request POST https://api.deepseek.com/chat/completions
[00:02:01 INF] System.Net.Http.HttpClient.IDeepSeekClient.ClientHandler Sending HTTP request POST https://api.deepseek.com/chat/completions
[00:02:01 INF] System.Net.Http.HttpClient.IDeepSeekClient.ClientHandler Received HTTP response headers after 283.9998ms - 200
[00:02:01 INF] System.Net.Http.HttpClient.IDeepSeekClient.LogicalHandler End processing HTTP request after 284.7186ms - 200
[00:02:01 INF] System.Net.Http.HttpClient.IDeepSeekClient.LogicalHandler Start processing HTTP request POST https://api.deepseek.com/chat/completions
[00:02:01 INF] System.Net.Http.HttpClient.IDeepSeekClient.ClientHandler Sending HTTP request POST https://api.deepseek.com/chat/completions
[00:02:01 INF] System.Net.Http.HttpClient.IDeepSeekClient.ClientHandler Received HTTP response headers after 287.4462ms - 200
[00:02:01 INF] System.Net.Http.HttpClient.IDeepSeekClient.LogicalHandler End processing HTTP request after 288.0618ms - 200
[00:02:01 INF] System.Net.Http.HttpClient.IDeepSeekClient.ClientHandler Received HTTP response headers after 294.195ms - 200
[00:02:01 INF] System.Net.Http.HttpClient.IDeepSeekClient.LogicalHandler End processing HTTP request after 294.7393ms - 200
[00:02:02 INF] System.Net.Http.HttpClient.IDeepSeekClient.LogicalHandler Start processing HTTP request POST https://api.deepseek.com/chat/completions
[00:02:02 INF] System.Net.Http.HttpClient.IDeepSeekClient.ClientHandler Sending HTTP request POST https://api.deepseek.com/chat/completions
[00:02:02 INF] System.Net.Http.HttpClient.IDeepSeekClient.LogicalHandler Start processing HTTP request POST https://api.deepseek.com/chat/completions
[00:02:02 INF] System.Net.Http.HttpClient.IDeepSeekClient.ClientHandler Sending HTTP request POST https://api.deepseek.com/chat/completions
[00:02:02 INF] System.Net.Http.HttpClient.IDeepSeekClient.LogicalHandler Start processing HTTP request POST https://api.deepseek.com/chat/completions
[00:02:02 INF] System.Net.Http.HttpClient.IDeepSeekClient.ClientHandler Sending HTTP request POST https://api.deepseek.com/chat/completions
[00:02:02 INF] System.Net.Http.HttpClient.IDeepSeekClient.LogicalHandler Start processing HTTP request POST https://api.deepseek.com/chat/completions
[00:02:02 INF] System.Net.Http.HttpClient.IDeepSeekClient.ClientHandler Sending HTTP request POST https://api.deepseek.com/chat/completions
[00:02:02 INF] System.Net.Http.HttpClient.IDeepSeekClient.ClientHandler Received HTTP response headers after 294.0242ms - 200
[00:02:02 INF] System.Net.Http.HttpClient.IDeepSeekClient.LogicalHandler End processing HTTP request after 294.9398ms - 200
[00:02:02 INF] System.Net.Http.HttpClient.IDeepSeekClient.ClientHandler Received HTTP response headers after 287.6521ms - 200
[00:02:02 INF] System.Net.Http.HttpClient.IDeepSeekClient.LogicalHandler End processing HTTP request after 289.0699ms - 200
[00:02:02 INF] System.Net.Http.HttpClient.IDeepSeekClient.LogicalHandler Start processing HTTP request POST https://api.deepseek.com/chat/completions
[00:02:02 INF] System.Net.Http.HttpClient.IDeepSeekClient.ClientHandler Sending HTTP request POST https://api.deepseek.com/chat/completions
[00:02:02 INF] System.Net.Http.HttpClient.IDeepSeekClient.ClientHandler Received HTTP response headers after 286.1255ms - 200
[00:02:02 INF] System.Net.Http.HttpClient.IDeepSeekClient.LogicalHandler End processing HTTP request after 288.2563ms - 200
[00:02:02 INF] System.Net.Http.HttpClient.IDeepSeekClient.ClientHandler Received HTTP response headers after 424.7638ms - 200
[00:02:02 INF] System.Net.Http.HttpClient.IDeepSeekClient.LogicalHandler End processing HTTP request after 425.2788ms - 200
[00:02:02 INF] System.Net.Http.HttpClient.IDeepSeekClient.ClientHandler Received HTTP response headers after 290.9871ms - 200
[00:02:02 INF] System.Net.Http.HttpClient.IDeepSeekClient.LogicalHandler End processing HTTP request after 291.3361ms - 200
[00:02:03 INF] System.Net.Http.HttpClient.IDeepSeekClient.LogicalHandler Start processing HTTP request POST https://api.deepseek.com/chat/completions
[00:02:03 INF] System.Net.Http.HttpClient.IDeepSeekClient.ClientHandler Sending HTTP request POST https://api.deepseek.com/chat/completions
[00:02:03 INF] System.Net.Http.HttpClient.IDeepSeekClient.LogicalHandler Start processing HTTP request POST https://api.deepseek.com/chat/completions
[00:02:03 INF] System.Net.Http.HttpClient.IDeepSeekClient.ClientHandler Sending HTTP request POST https://api.deepseek.com/chat/completions
[00:02:03 INF] System.Net.Http.HttpClient.IDeepSeekClient.LogicalHandler Start processing HTTP request POST https://api.deepseek.com/chat/completions
[00:02:03 INF] System.Net.Http.HttpClient.IDeepSeekClient.ClientHandler Sending HTTP request POST https://api.deepseek.com/chat/completions
[00:02:03 INF] System.Net.Http.HttpClient.IDeepSeekClient.ClientHandler Received HTTP response headers after 282.6866ms - 200
[00:02:03 INF] System.Net.Http.HttpClient.IDeepSeekClient.LogicalHandler End processing HTTP request after 284.0109ms - 200
[00:02:03 INF] System.Net.Http.HttpClient.IDeepSeekClient.ClientHandler Received HTTP response headers after 292.0075ms - 200
[00:02:03 INF] System.Net.Http.HttpClient.IDeepSeekClient.LogicalHandler End processing HTTP request after 292.8237ms - 200
[00:02:03 INF] System.Net.Http.HttpClient.IDeepSeekClient.ClientHandler Received HTTP response headers after 282.1788ms - 200
[00:02:03 INF] System.Net.Http.HttpClient.IDeepSeekClient.LogicalHandler End processing HTTP request after 282.7474ms - 200
[00:02:03 INF] System.Net.Http.HttpClient.IDeepSeekClient.LogicalHandler Start processing HTTP request POST https://api.deepseek.com/chat/completions
[00:02:03 INF] System.Net.Http.HttpClient.IDeepSeekClient.ClientHandler Sending HTTP request POST https://api.deepseek.com/chat/completions
[00:02:04 INF] System.Net.Http.HttpClient.IDeepSeekClient.ClientHandler Received HTTP response headers after 287.4783ms - 200
[00:02:04 INF] System.Net.Http.HttpClient.IDeepSeekClient.LogicalHandler End processing HTTP request after 287.9179ms - 200
[00:02:04 INF] System.Net.Http.HttpClient.IDeepSeekClient.LogicalHandler Start processing HTTP request POST https://api.deepseek.com/chat/completions
[00:02:04 INF] System.Net.Http.HttpClient.IDeepSeekClient.ClientHandler Sending HTTP request POST https://api.deepseek.com/chat/completions
[00:02:04 INF] System.Net.Http.HttpClient.IDeepSeekClient.ClientHandler Received HTTP response headers after 363.2815ms - 200
[00:02:04 INF] System.Net.Http.HttpClient.IDeepSeekClient.LogicalHandler Start processing HTTP request POST https://api.deepseek.com/chat/completions
[00:02:04 INF] System.Net.Http.HttpClient.IDeepSeekClient.LogicalHandler End processing HTTP request after 363.8655ms - 200
[00:02:04 INF] System.Net.Http.HttpClient.IDeepSeekClient.ClientHandler Sending HTTP request POST https://api.deepseek.com/chat/completions
[00:02:04 INF] System.Net.Http.HttpClient.IDeepSeekClient.LogicalHandler Start processing HTTP request POST https://api.deepseek.com/chat/completions
[00:02:04 INF] System.Net.Http.HttpClient.IDeepSeekClient.ClientHandler Sending HTTP request POST https://api.deepseek.com/chat/completions
[00:02:04 INF] System.Net.Http.HttpClient.IDeepSeekClient.LogicalHandler Start processing HTTP request POST https://api.deepseek.com/chat/completions
[00:02:04 INF] System.Net.Http.HttpClient.IDeepSeekClient.ClientHandler Sending HTTP request POST https://api.deepseek.com/chat/completions
[00:02:04 INF] System.Net.Http.HttpClient.IDeepSeekClient.LogicalHandler Start processing HTTP request POST https://api.deepseek.com/chat/completions
[00:02:04 INF] System.Net.Http.HttpClient.IDeepSeekClient.ClientHandler Sending HTTP request POST https://api.deepseek.com/chat/completions
[00:02:05 INF] System.Net.Http.HttpClient.IDeepSeekClient.ClientHandler Received HTTP response headers after 308.6509ms - 200
[00:02:05 INF] System.Net.Http.HttpClient.IDeepSeekClient.ClientHandler Received HTTP response headers after 306.8042ms - 200
[00:02:05 INF] System.Net.Http.HttpClient.IDeepSeekClient.LogicalHandler End processing HTTP request after 309.0781ms - 200
[00:02:05 INF] System.Net.Http.HttpClient.IDeepSeekClient.LogicalHandler End processing HTTP request after 307.308ms - 200
[00:02:05 INF] System.Net.Http.HttpClient.IDeepSeekClient.ClientHandler Received HTTP response headers after 292.9247ms - 200
[00:02:05 INF] System.Net.Http.HttpClient.IDeepSeekClient.LogicalHandler End processing HTTP request after 293.3802ms - 200
[00:02:05 INF] System.Net.Http.HttpClient.IDeepSeekClient.ClientHandler Received HTTP response headers after 292.1227ms - 200
[00:02:05 INF] System.Net.Http.HttpClient.IDeepSeekClient.LogicalHandler End processing HTTP request after 292.4517ms - 200
[00:02:05 INF] System.Net.Http.HttpClient.IDeepSeekClient.LogicalHandler Start processing HTTP request POST https://api.deepseek.com/chat/completions
[00:02:05 INF] System.Net.Http.HttpClient.IDeepSeekClient.ClientHandler Sending HTTP request POST https://api.deepseek.com/chat/completions
[00:02:05 INF] System.Net.Http.HttpClient.IDeepSeekClient.LogicalHandler Start processing HTTP request POST https://api.deepseek.com/chat/completions
[00:02:05 INF] System.Net.Http.HttpClient.IDeepSeekClient.ClientHandler Sending HTTP request POST https://api.deepseek.com/chat/completions
[00:02:05 INF] System.Net.Http.HttpClient.IDeepSeekClient.ClientHandler Received HTTP response headers after 282.0951ms - 200
[00:02:05 INF] System.Net.Http.HttpClient.IDeepSeekClient.LogicalHandler End processing HTTP request after 282.3691ms - 200
[00:02:05 INF] System.Net.Http.HttpClient.IDeepSeekClient.ClientHandler Received HTTP response headers after 322.1965ms - 200
[00:02:05 INF] System.Net.Http.HttpClient.IDeepSeekClient.LogicalHandler End processing HTTP request after 323.5344ms - 200
[00:02:05 INF] System.Net.Http.HttpClient.IDeepSeekClient.LogicalHandler Start processing HTTP request POST https://api.deepseek.com/chat/completions
[00:02:05 INF] System.Net.Http.HttpClient.IDeepSeekClient.ClientHandler Sending HTTP request POST https://api.deepseek.com/chat/completions
[00:02:06 INF] System.Net.Http.HttpClient.IDeepSeekClient.ClientHandler Received HTTP response headers after 325.6846ms - 200
[00:02:06 INF] System.Net.Http.HttpClient.IDeepSeekClient.LogicalHandler End processing HTTP request after 326.4063ms - 200
[00:02:07 INF] System.Net.Http.HttpClient.IDeepSeekClient.LogicalHandler Start processing HTTP request POST https://api.deepseek.com/chat/completions
[00:02:07 INF] System.Net.Http.HttpClient.IDeepSeekClient.ClientHandler Sending HTTP request POST https://api.deepseek.com/chat/completions
[00:02:07 INF] System.Net.Http.HttpClient.IStockApiClient.LogicalHandler Start processing HTTP request GET https://data.sec.gov/api/xbrl/companyfacts/CIK0001375365.json
[00:02:07 INF] System.Net.Http.HttpClient.IStockApiClient.ClientHandler Sending HTTP request GET https://data.sec.gov/api/xbrl/companyfacts/CIK0001375365.json
[00:02:07 INF] System.Net.Http.HttpClient.IStockApiClient.ClientHandler Received HTTP response headers after 147.1168ms - 200
[00:02:07 INF] System.Net.Http.HttpClient.IStockApiClient.LogicalHandler End processing HTTP request after 147.5954ms - 200
[00:02:07 INF] System.Net.Http.HttpClient.IDeepSeekClient.ClientHandler Received HTTP response headers after 288.5ms - 200
[00:02:07 INF] System.Net.Http.HttpClient.IDeepSeekClient.LogicalHandler End processing HTTP request after 288.9524ms - 200
[00:02:07 INF] System.Net.Http.HttpClient.IStockApiClient.LogicalHandler Start processing HTTP request GET https://data.sec.gov/submissions/CIK0001375365.json
[00:02:07 INF] System.Net.Http.HttpClient.IStockApiClient.ClientHandler Sending HTTP request GET https://data.sec.gov/submissions/CIK0001375365.json
[00:02:07 INF] System.Net.Http.HttpClient.IStockApiClient.ClientHandler Received HTTP response headers after 146.2123ms - 200
[00:02:07 INF] System.Net.Http.HttpClient.IStockApiClient.LogicalHandler End processing HTTP request after 146.5845ms - 200
[00:02:07 INF] System.Net.Http.HttpClient.IStockApiClient.LogicalHandler Start processing HTTP request GET https://www.sec.gov/Archives/edgar/data/1375365/000137536525000027/index.json
[00:02:07 INF] System.Net.Http.HttpClient.IStockApiClient.ClientHandler Sending HTTP request GET https://www.sec.gov/Archives/edgar/data/1375365/000137536525000027/index.json
[00:02:07 INF] System.Net.Http.HttpClient.IStockApiClient.ClientHandler Received HTTP response headers after 36.3431ms - 200
[00:02:07 INF] System.Net.Http.HttpClient.IStockApiClient.LogicalHandler End processing HTTP request after 37.1603ms - 200
[00:02:07 INF] System.Net.Http.HttpClient.IStockApiClient.LogicalHandler Start processing HTTP request GET https://www.sec.gov/Archives/edgar/data/1375365/000137536525000027/smci-20250630_htm.xml
[00:02:07 INF] System.Net.Http.HttpClient.IStockApiClient.ClientHandler Sending HTTP request GET https://www.sec.gov/Archives/edgar/data/1375365/000137536525000027/smci-20250630_htm.xml
[00:02:07 INF] System.Net.Http.HttpClient.IStockApiClient.ClientHandler Received HTTP response headers after 39.6658ms - 200
[00:02:07 INF] System.Net.Http.HttpClient.IStockApiClient.LogicalHandler End processing HTTP request after 40.2217ms - 200
[00:02:07 INF] System.Net.Http.HttpClient.IDeepSeekClient.LogicalHandler Start processing HTTP request POST https://api.deepseek.com/chat/completions
[00:02:07 INF] System.Net.Http.HttpClient.IDeepSeekClient.ClientHandler Sending HTTP request POST https://api.deepseek.com/chat/completions
[00:02:07 INF] System.Net.Http.HttpClient.IDeepSeekClient.LogicalHandler Start processing HTTP request POST https://api.deepseek.com/chat/completions
[00:02:07 INF] System.Net.Http.HttpClient.IDeepSeekClient.ClientHandler Sending HTTP request POST https://api.deepseek.com/chat/completions
[00:02:08 INF] System.Net.Http.HttpClient.IDeepSeekClient.ClientHandler Received HTTP response headers after 360.6976ms - 200
[00:02:08 INF] System.Net.Http.HttpClient.IDeepSeekClient.ClientHandler Received HTTP response headers after 359.6455ms - 200
[00:02:08 INF] System.Net.Http.HttpClient.IDeepSeekClient.LogicalHandler End processing HTTP request after 360.988ms - 200
[00:02:08 INF] System.Net.Http.HttpClient.IDeepSeekClient.LogicalHandler End processing HTTP request after 359.9216ms - 200
[00:02:08 INF] System.Net.Http.HttpClient.IDeepSeekClient.LogicalHandler Start processing HTTP request POST https://api.deepseek.com/chat/completions
[00:02:08 INF] System.Net.Http.HttpClient.IDeepSeekClient.ClientHandler Sending HTTP request POST https://api.deepseek.com/chat/completions
[00:02:08 INF] System.Net.Http.HttpClient.IDeepSeekClient.ClientHandler Received HTTP response headers after 290.1885ms - 200
[00:02:08 INF] System.Net.Http.HttpClient.IDeepSeekClient.LogicalHandler End processing HTTP request after 291.5995ms - 200
[00:02:08 INF] System.Net.Http.HttpClient.IDeepSeekClient.LogicalHandler Start processing HTTP request POST https://api.deepseek.com/chat/completions
[00:02:08 INF] System.Net.Http.HttpClient.IDeepSeekClient.ClientHandler Sending HTTP request POST https://api.deepseek.com/chat/completions
[00:02:09 INF] System.Net.Http.HttpClient.IDeepSeekClient.ClientHandler Received HTTP response headers after 290.518ms - 200
[00:02:09 INF] System.Net.Http.HttpClient.IDeepSeekClient.LogicalHandler End processing HTTP request after 291.2029ms - 200
[00:02:09 INF] System.Net.Http.HttpClient.IDeepSeekClient.LogicalHandler Start processing HTTP request POST https://api.deepseek.com/chat/completions
[00:02:09 INF] System.Net.Http.HttpClient.IDeepSeekClient.ClientHandler Sending HTTP request POST https://api.deepseek.com/chat/completions
[00:02:09 INF] System.Net.Http.HttpClient.IDeepSeekClient.LogicalHandler Start processing HTTP request POST https://api.deepseek.com/chat/completions
[00:02:09 INF] System.Net.Http.HttpClient.IDeepSeekClient.ClientHandler Sending HTTP request POST https://api.deepseek.com/chat/completions
[00:02:09 INF] System.Net.Http.HttpClient.IDeepSeekClient.ClientHandler Received HTTP response headers after 316.1827ms - 200
[00:02:09 INF] System.Net.Http.HttpClient.IDeepSeekClient.LogicalHandler End processing HTTP request after 317.0025ms - 200
[00:02:09 INF] System.Net.Http.HttpClient.IDeepSeekClient.ClientHandler Received HTTP response headers after 298.7474ms - 200
[00:02:09 INF] System.Net.Http.HttpClient.IDeepSeekClient.LogicalHandler End processing HTTP request after 299.6021ms - 200
[00:02:09 INF] System.Net.Http.HttpClient.IDeepSeekClient.LogicalHandler Start processing HTTP request POST https://api.deepseek.com/chat/completions
[00:02:09 INF] System.Net.Http.HttpClient.IDeepSeekClient.ClientHandler Sending HTTP request POST https://api.deepseek.com/chat/completions
[00:02:10 INF] System.Net.Http.HttpClient.IDeepSeekClient.ClientHandler Received HTTP response headers after 330.4553ms - 200
[00:02:10 INF] System.Net.Http.HttpClient.IDeepSeekClient.LogicalHandler End processing HTTP request after 331.4039ms - 200
[00:02:10 INF] System.Net.Http.HttpClient.IDeepSeekClient.LogicalHandler Start processing HTTP request POST https://api.deepseek.com/chat/completions
[00:02:10 INF] System.Net.Http.HttpClient.IDeepSeekClient.ClientHandler Sending HTTP request POST https://api.deepseek.com/chat/completions
[00:02:10 INF] System.Net.Http.HttpClient.IDeepSeekClient.ClientHandler Received HTTP response headers after 289.7784ms - 200
[00:02:10 INF] System.Net.Http.HttpClient.IDeepSeekClient.LogicalHandler End processing HTTP request after 290.3662ms - 200
[00:02:11 INF] System.Net.Http.HttpClient.IDeepSeekClient.LogicalHandler Start processing HTTP request POST https://api.deepseek.com/chat/completions
[00:02:11 INF] System.Net.Http.HttpClient.IDeepSeekClient.ClientHandler Sending HTTP request POST https://api.deepseek.com/chat/completions
[00:02:11 INF] System.Net.Http.HttpClient.IDeepSeekClient.ClientHandler Received HTTP response headers after 276.0627ms - 200
[00:02:11 INF] System.Net.Http.HttpClient.IDeepSeekClient.LogicalHandler End processing HTTP request after 276.5982ms - 200
[00:02:11 INF] System.Net.Http.HttpClient.IDeepSeekClient.LogicalHandler Start processing HTTP request POST https://api.deepseek.com/chat/completions
[00:02:11 INF] System.Net.Http.HttpClient.IDeepSeekClient.ClientHandler Sending HTTP request POST https://api.deepseek.com/chat/completions
[00:02:11 INF] System.Net.Http.HttpClient.IDeepSeekClient.LogicalHandler Start processing HTTP request POST https://api.deepseek.com/chat/completions
[00:02:11 INF] System.Net.Http.HttpClient.IDeepSeekClient.ClientHandler Sending HTTP request POST https://api.deepseek.com/chat/completions
[00:02:11 INF] System.Net.Http.HttpClient.IDeepSeekClient.ClientHandler Received HTTP response headers after 283.0335ms - 200
[00:02:11 INF] System.Net.Http.HttpClient.IDeepSeekClient.LogicalHandler End processing HTTP request after 283.6087ms - 200
[00:02:12 INF] System.Net.Http.HttpClient.IDeepSeekClient.LogicalHandler Start processing HTTP request POST https://api.deepseek.com/chat/completions
[00:02:12 INF] System.Net.Http.HttpClient.IDeepSeekClient.ClientHandler Sending HTTP request POST https://api.deepseek.com/chat/completions
[00:02:12 INF] System.Net.Http.HttpClient.IDeepSeekClient.ClientHandler Received HTTP response headers after 305.3943ms - 200
[00:02:12 INF] System.Net.Http.HttpClient.IDeepSeekClient.LogicalHandler End processing HTTP request after 306.4119ms - 200
[00:02:12 INF] System.Net.Http.HttpClient.IDeepSeekClient.ClientHandler Received HTTP response headers after 284.8029ms - 200
[00:02:12 INF] System.Net.Http.HttpClient.IDeepSeekClient.LogicalHandler End processing HTTP request after 285.2422ms - 200
[00:02:12 INF] System.Net.Http.HttpClient.IDeepSeekClient.LogicalHandler Start processing HTTP request POST https://api.deepseek.com/chat/completions
[00:02:12 INF] System.Net.Http.HttpClient.IDeepSeekClient.ClientHandler Sending HTTP request POST https://api.deepseek.com/chat/completions
[00:02:12 INF] System.Net.Http.HttpClient.IDeepSeekClient.ClientHandler Received HTTP response headers after 291.8127ms - 200
[00:02:12 INF] System.Net.Http.HttpClient.IDeepSeekClient.LogicalHandler End processing HTTP request after 292.5094ms - 200
[00:02:21 INF] System.Net.Http.HttpClient.IDeepSeekClient.LogicalHandler Start processing HTTP request POST https://api.deepseek.com/chat/completions
[00:02:21 INF] System.Net.Http.HttpClient.IDeepSeekClient.ClientHandler Sending HTTP request POST https://api.deepseek.com/chat/completions
[00:02:21 INF] System.Net.Http.HttpClient.IDeepSeekClient.ClientHandler Received HTTP response headers after 284.3137ms - 200
[00:02:21 INF] System.Net.Http.HttpClient.IDeepSeekClient.LogicalHandler End processing HTTP request after 286.0323ms - 200
[00:02:23 INF] System.Net.Http.HttpClient.IDeepSeekClient.LogicalHandler Start processing HTTP request POST https://api.deepseek.com/chat/completions
[00:02:23 INF] System.Net.Http.HttpClient.IDeepSeekClient.ClientHandler Sending HTTP request POST https://api.deepseek.com/chat/completions
[00:02:24 INF] System.Net.Http.HttpClient.IDeepSeekClient.ClientHandler Received HTTP response headers after 298.2616ms - 200
[00:02:24 INF] System.Net.Http.HttpClient.IDeepSeekClient.LogicalHandler End processing HTTP request after 298.681ms - 200
[00:02:32 INF] System.Net.Http.HttpClient.IDeepSeekClient.LogicalHandler Start processing HTTP request POST https://api.deepseek.com/chat/completions
[00:02:32 INF] System.Net.Http.HttpClient.IDeepSeekClient.ClientHandler Sending HTTP request POST https://api.deepseek.com/chat/completions
[00:02:32 INF] System.Net.Http.HttpClient.IDeepSeekClient.LogicalHandler Start processing HTTP request POST https://api.deepseek.com/chat/completions
[00:02:32 INF] System.Net.Http.HttpClient.IDeepSeekClient.ClientHandler Sending HTTP request POST https://api.deepseek.com/chat/completions
[00:02:32 INF] System.Net.Http.HttpClient.IDeepSeekClient.LogicalHandler Start processing HTTP request POST https://api.deepseek.com/chat/completions
[00:02:32 INF] System.Net.Http.HttpClient.IDeepSeekClient.ClientHandler Sending HTTP request POST https://api.deepseek.com/chat/completions
[00:02:32 INF] System.Net.Http.HttpClient.IDeepSeekClient.LogicalHandler Start processing HTTP request POST https://api.deepseek.com/chat/completions
[00:02:32 INF] System.Net.Http.HttpClient.IDeepSeekClient.ClientHandler Sending HTTP request POST https://api.deepseek.com/chat/completions
[00:02:32 INF] System.Net.Http.HttpClient.IDeepSeekClient.LogicalHandler Start processing HTTP request POST https://api.deepseek.com/chat/completions
[00:02:32 INF] System.Net.Http.HttpClient.IDeepSeekClient.ClientHandler Sending HTTP request POST https://api.deepseek.com/chat/completions
[00:02:32 INF] System.Net.Http.HttpClient.IDeepSeekClient.LogicalHandler Start processing HTTP request POST https://api.deepseek.com/chat/completions
[00:02:32 INF] System.Net.Http.HttpClient.IDeepSeekClient.ClientHandler Sending HTTP request POST https://api.deepseek.com/chat/completions
[00:02:32 INF] System.Net.Http.HttpClient.IDeepSeekClient.ClientHandler Received HTTP response headers after 289.5565ms - 200
[00:02:32 INF] System.Net.Http.HttpClient.IDeepSeekClient.LogicalHandler End processing HTTP request after 291.1329ms - 200
[00:02:32 INF] System.Net.Http.HttpClient.IDeepSeekClient.ClientHandler Received HTTP response headers after 290.9559ms - 200
[00:02:32 INF] System.Net.Http.HttpClient.IDeepSeekClient.ClientHandler Received HTTP response headers after 289.9022ms - 200
[00:02:32 INF] System.Net.Http.HttpClient.IDeepSeekClient.ClientHandler Received HTTP response headers after 291.7161ms - 200
[00:02:32 INF] System.Net.Http.HttpClient.IDeepSeekClient.LogicalHandler End processing HTTP request after 291.2076ms - 200
[00:02:32 INF] System.Net.Http.HttpClient.IDeepSeekClient.LogicalHandler End processing HTTP request after 292.335ms - 200
[00:02:32 INF] System.Net.Http.HttpClient.IDeepSeekClient.LogicalHandler End processing HTTP request after 292.0551ms - 200
[00:02:32 INF] System.Net.Http.HttpClient.IDeepSeekClient.ClientHandler Received HTTP response headers after 300.8656ms - 200
[00:02:32 INF] System.Net.Http.HttpClient.IDeepSeekClient.ClientHandler Received HTTP response headers after 300.6945ms - 200
[00:02:32 INF] System.Net.Http.HttpClient.IDeepSeekClient.LogicalHandler End processing HTTP request after 301.1449ms - 200
[00:02:32 INF] System.Net.Http.HttpClient.IDeepSeekClient.LogicalHandler End processing HTTP request after 301.098ms - 200
[00:02:33 INF] System.Net.Http.HttpClient.IDeepSeekClient.LogicalHandler Start processing HTTP request POST https://api.deepseek.com/chat/completions
[00:02:33 INF] System.Net.Http.HttpClient.IDeepSeekClient.ClientHandler Sending HTTP request POST https://api.deepseek.com/chat/completions
[00:02:34 INF] System.Net.Http.HttpClient.IDeepSeekClient.LogicalHandler Start processing HTTP request POST https://api.deepseek.com/chat/completions
[00:02:34 INF] System.Net.Http.HttpClient.IDeepSeekClient.ClientHandler Sending HTTP request POST https://api.deepseek.com/chat/completions
[00:02:34 INF] System.Net.Http.HttpClient.IDeepSeekClient.ClientHandler Received HTTP response headers after 293.7761ms - 200
[00:02:34 INF] System.Net.Http.HttpClient.IDeepSeekClient.LogicalHandler End processing HTTP request after 295.7417ms - 200
[00:02:34 INF] System.Net.Http.HttpClient.IDeepSeekClient.ClientHandler Received HTTP response headers after 277.3126ms - 200
[00:02:34 INF] System.Net.Http.HttpClient.IDeepSeekClient.LogicalHandler End processing HTTP request after 278.0438ms - 200
[00:02:34 INF] System.Net.Http.HttpClient.IDeepSeekClient.LogicalHandler Start processing HTTP request POST https://api.deepseek.com/chat/completions
[00:02:34 INF] System.Net.Http.HttpClient.IDeepSeekClient.ClientHandler Sending HTTP request POST https://api.deepseek.com/chat/completions
[00:02:34 INF] System.Net.Http.HttpClient.IDeepSeekClient.ClientHandler Received HTTP response headers after 292.3182ms - 200
[00:02:34 INF] System.Net.Http.HttpClient.IDeepSeekClient.LogicalHandler End processing HTTP request after 292.8543ms - 200
[00:02:35 INF] System.Net.Http.HttpClient.IDeepSeekClient.LogicalHandler Start processing HTTP request POST https://api.deepseek.com/chat/completions
[00:02:35 INF] System.Net.Http.HttpClient.IDeepSeekClient.ClientHandler Sending HTTP request POST https://api.deepseek.com/chat/completions
[00:02:35 INF] System.Net.Http.HttpClient.IDeepSeekClient.LogicalHandler Start processing HTTP request POST https://api.deepseek.com/chat/completions
[00:02:35 INF] System.Net.Http.HttpClient.IDeepSeekClient.ClientHandler Sending HTTP request POST https://api.deepseek.com/chat/completions
[00:02:35 INF] System.Net.Http.HttpClient.IDeepSeekClient.ClientHandler Received HTTP response headers after 286.0858ms - 200
[00:02:35 INF] System.Net.Http.HttpClient.IDeepSeekClient.LogicalHandler End processing HTTP request after 286.509ms - 200
[00:02:36 INF] System.Net.Http.HttpClient.IDeepSeekClient.ClientHandler Received HTTP response headers after 286.2595ms - 200
[00:02:36 INF] System.Net.Http.HttpClient.IDeepSeekClient.LogicalHandler End processing HTTP request after 287.0458ms - 200
[00:02:36 INF] System.Net.Http.HttpClient.IDeepSeekClient.LogicalHandler Start processing HTTP request POST https://api.deepseek.com/chat/completions
[00:02:36 INF] System.Net.Http.HttpClient.IDeepSeekClient.ClientHandler Sending HTTP request POST https://api.deepseek.com/chat/completions
[00:02:37 INF] System.Net.Http.HttpClient.IDeepSeekClient.ClientHandler Received HTTP response headers after 291.3152ms - 200
[00:02:37 INF] System.Net.Http.HttpClient.IDeepSeekClient.LogicalHandler End processing HTTP request after 291.7774ms - 200
[00:02:37 INF] System.Net.Http.HttpClient.IDeepSeekClient.LogicalHandler Start processing HTTP request POST https://api.deepseek.com/chat/completions
[00:02:37 INF] System.Net.Http.HttpClient.IDeepSeekClient.ClientHandler Sending HTTP request POST https://api.deepseek.com/chat/completions
[00:02:37 INF] System.Net.Http.HttpClient.IDeepSeekClient.ClientHandler Received HTTP response headers after 291.27ms - 200
[00:02:37 INF] System.Net.Http.HttpClient.IDeepSeekClient.LogicalHandler End processing HTTP request after 291.8458ms - 200
[00:02:38 INF] System.Net.Http.HttpClient.IDeepSeekClient.LogicalHandler Start processing HTTP request POST https://api.deepseek.com/chat/completions
[00:02:38 INF] System.Net.Http.HttpClient.IDeepSeekClient.ClientHandler Sending HTTP request POST https://api.deepseek.com/chat/completions
[00:02:38 INF] System.Net.Http.HttpClient.IDeepSeekClient.LogicalHandler Start processing HTTP request POST https://api.deepseek.com/chat/completions
[00:02:38 INF] System.Net.Http.HttpClient.IDeepSeekClient.ClientHandler Sending HTTP request POST https://api.deepseek.com/chat/completions
[00:02:38 INF] System.Net.Http.HttpClient.IDeepSeekClient.ClientHandler Received HTTP response headers after 299.7281ms - 200
[00:02:38 INF] System.Net.Http.HttpClient.IDeepSeekClient.LogicalHandler End processing HTTP request after 300.3246ms - 200
[00:02:38 INF] System.Net.Http.HttpClient.IDeepSeekClient.ClientHandler Received HTTP response headers after 377.3759ms - 200
[00:02:38 INF] System.Net.Http.HttpClient.IDeepSeekClient.LogicalHandler End processing HTTP request after 378.4925ms - 200
[00:02:39 INF] System.Net.Http.HttpClient.IDeepSeekClient.LogicalHandler Start processing HTTP request POST https://api.deepseek.com/chat/completions
[00:02:39 INF] System.Net.Http.HttpClient.IDeepSeekClient.ClientHandler Sending HTTP request POST https://api.deepseek.com/chat/completions
[00:02:39 INF] System.Net.Http.HttpClient.IDeepSeekClient.ClientHandler Received HTTP response headers after 297.4026ms - 200
[00:02:39 INF] System.Net.Http.HttpClient.IDeepSeekClient.LogicalHandler End processing HTTP request after 300.4293ms - 200
[00:02:39 INF] System.Net.Http.HttpClient.IDeepSeekClient.LogicalHandler Start processing HTTP request POST https://api.deepseek.com/chat/completions
[00:02:39 INF] System.Net.Http.HttpClient.IDeepSeekClient.ClientHandler Sending HTTP request POST https://api.deepseek.com/chat/completions
[00:02:39 INF] System.Net.Http.HttpClient.IDeepSeekClient.LogicalHandler Start processing HTTP request POST https://api.deepseek.com/chat/completions
[00:02:39 INF] System.Net.Http.HttpClient.IDeepSeekClient.ClientHandler Sending HTTP request POST https://api.deepseek.com/chat/completions
[00:02:39 INF] System.Net.Http.HttpClient.IDeepSeekClient.ClientHandler Received HTTP response headers after 304.675ms - 200
[00:02:39 INF] System.Net.Http.HttpClient.IDeepSeekClient.LogicalHandler End processing HTTP request after 305.837ms - 200
[00:02:39 INF] System.Net.Http.HttpClient.IDeepSeekClient.ClientHandler Received HTTP response headers after 296.841ms - 200
[00:02:39 INF] System.Net.Http.HttpClient.IDeepSeekClient.LogicalHandler End processing HTTP request after 298.1354ms - 200
[00:02:40 INF] System.Net.Http.HttpClient.IDeepSeekClient.LogicalHandler Start processing HTTP request POST https://api.deepseek.com/chat/completions
[00:02:40 INF] System.Net.Http.HttpClient.IDeepSeekClient.ClientHandler Sending HTTP request POST https://api.deepseek.com/chat/completions
[00:02:40 INF] System.Net.Http.HttpClient.IDeepSeekClient.LogicalHandler Start processing HTTP request POST https://api.deepseek.com/chat/completions
[00:02:40 INF] System.Net.Http.HttpClient.IDeepSeekClient.ClientHandler Sending HTTP request POST https://api.deepseek.com/chat/completions
[00:02:40 INF] System.Net.Http.HttpClient.IDeepSeekClient.LogicalHandler Start processing HTTP request POST https://api.deepseek.com/chat/completions
[00:02:40 INF] System.Net.Http.HttpClient.IDeepSeekClient.ClientHandler Sending HTTP request POST https://api.deepseek.com/chat/completions
[00:02:41 INF] System.Net.Http.HttpClient.IDeepSeekClient.ClientHandler Received HTTP response headers after 284.1954ms - 200
[00:02:41 INF] System.Net.Http.HttpClient.IDeepSeekClient.LogicalHandler End processing HTTP request after 284.685ms - 200
[00:02:41 INF] System.Net.Http.HttpClient.IDeepSeekClient.ClientHandler Received HTTP response headers after 306.3314ms - 200
[00:02:41 INF] System.Net.Http.HttpClient.IDeepSeekClient.LogicalHandler End processing HTTP request after 306.822ms - 200
[00:02:41 INF] System.Net.Http.HttpClient.IDeepSeekClient.ClientHandler Received HTTP response headers after 283.2591ms - 200
[00:02:41 INF] System.Net.Http.HttpClient.IDeepSeekClient.LogicalHandler End processing HTTP request after 284.253ms - 200
[00:02:42 INF] System.Net.Http.HttpClient.IDeepSeekClient.LogicalHandler Start processing HTTP request POST https://api.deepseek.com/chat/completions
[00:02:42 INF] System.Net.Http.HttpClient.IDeepSeekClient.ClientHandler Sending HTTP request POST https://api.deepseek.com/chat/completions
[00:02:42 INF] System.Net.Http.HttpClient.IDeepSeekClient.LogicalHandler Start processing HTTP request POST https://api.deepseek.com/chat/completions
[00:02:42 INF] System.Net.Http.HttpClient.IDeepSeekClient.ClientHandler Sending HTTP request POST https://api.deepseek.com/chat/completions
[00:02:42 INF] System.Net.Http.HttpClient.IDeepSeekClient.ClientHandler Received HTTP response headers after 281.9866ms - 200
[00:02:42 INF] System.Net.Http.HttpClient.IDeepSeekClient.LogicalHandler End processing HTTP request after 282.5022ms - 200
[00:02:42 INF] System.Net.Http.HttpClient.IDeepSeekClient.ClientHandler Received HTTP response headers after 299.6083ms - 200
[00:02:42 INF] System.Net.Http.HttpClient.IDeepSeekClient.LogicalHandler End processing HTTP request after 302.0299ms - 200
[00:02:43 INF] System.Net.Http.HttpClient.IDeepSeekClient.LogicalHandler Start processing HTTP request POST https://api.deepseek.com/chat/completions
[00:02:43 INF] System.Net.Http.HttpClient.IDeepSeekClient.ClientHandler Sending HTTP request POST https://api.deepseek.com/chat/completions
[00:02:43 INF] System.Net.Http.HttpClient.IDeepSeekClient.LogicalHandler Start processing HTTP request POST https://api.deepseek.com/chat/completions
[00:02:43 INF] System.Net.Http.HttpClient.IDeepSeekClient.ClientHandler Sending HTTP request POST https://api.deepseek.com/chat/completions
[00:02:43 INF] System.Net.Http.HttpClient.IDeepSeekClient.ClientHandler Received HTTP response headers after 297.7231ms - 200
[00:02:43 INF] System.Net.Http.HttpClient.IDeepSeekClient.LogicalHandler End processing HTTP request after 298.3911ms - 200
[00:02:44 INF] System.Net.Http.HttpClient.IDeepSeekClient.ClientHandler Received HTTP response headers after 292.8905ms - 200
[00:02:44 INF] System.Net.Http.HttpClient.IDeepSeekClient.LogicalHandler End processing HTTP request after 293.171ms - 200
[00:02:44 INF] System.Net.Http.HttpClient.IDeepSeekClient.LogicalHandler Start processing HTTP request POST https://api.deepseek.com/chat/completions
[00:02:44 INF] System.Net.Http.HttpClient.IDeepSeekClient.ClientHandler Sending HTTP request POST https://api.deepseek.com/chat/completions
[00:02:44 INF] System.Net.Http.HttpClient.IDeepSeekClient.ClientHandler Received HTTP response headers after 283.4323ms - 200
[00:02:44 INF] System.Net.Http.HttpClient.IDeepSeekClient.LogicalHandler End processing HTTP request after 284.5366ms - 200
[00:02:45 INF] System.Net.Http.HttpClient.IDeepSeekClient.LogicalHandler Start processing HTTP request POST https://api.deepseek.com/chat/completions
[00:02:45 INF] System.Net.Http.HttpClient.IDeepSeekClient.ClientHandler Sending HTTP request POST https://api.deepseek.com/chat/completions
[00:02:45 INF] System.Net.Http.HttpClient.IDeepSeekClient.ClientHandler Received HTTP response headers after 308.0397ms - 200
[00:02:45 INF] System.Net.Http.HttpClient.IDeepSeekClient.LogicalHandler End processing HTTP request after 309.1665ms - 200
[00:02:45 INF] System.Net.Http.HttpClient.IDeepSeekClient.LogicalHandler Start processing HTTP request POST https://api.deepseek.com/chat/completions
[00:02:45 INF] System.Net.Http.HttpClient.IDeepSeekClient.ClientHandler Sending HTTP request POST https://api.deepseek.com/chat/completions
[00:02:46 INF] System.Net.Http.HttpClient.IDeepSeekClient.ClientHandler Received HTTP response headers after 284.28ms - 200
[00:02:46 INF] System.Net.Http.HttpClient.IDeepSeekClient.LogicalHandler End processing HTTP request after 285.0151ms - 200
[00:02:46 INF] System.Net.Http.HttpClient.IDeepSeekClient.LogicalHandler Start processing HTTP request POST https://api.deepseek.com/chat/completions
[00:02:46 INF] System.Net.Http.HttpClient.IDeepSeekClient.ClientHandler Sending HTTP request POST https://api.deepseek.com/chat/completions
[00:02:46 INF] System.Net.Http.HttpClient.IDeepSeekClient.LogicalHandler Start processing HTTP request POST https://api.deepseek.com/chat/completions
[00:02:46 INF] System.Net.Http.HttpClient.IDeepSeekClient.ClientHandler Sending HTTP request POST https://api.deepseek.com/chat/completions
[00:02:46 INF] System.Net.Http.HttpClient.IDeepSeekClient.ClientHandler Received HTTP response headers after 286.7896ms - 200
[00:02:46 INF] System.Net.Http.HttpClient.IDeepSeekClient.LogicalHandler End processing HTTP request after 287.3686ms - 200
[00:02:47 INF] System.Net.Http.HttpClient.IDeepSeekClient.ClientHandler Received HTTP response headers after 296.2071ms - 200
[00:02:47 INF] System.Net.Http.HttpClient.IDeepSeekClient.LogicalHandler End processing HTTP request after 296.7836ms - 200
[00:02:47 INF] System.Net.Http.HttpClient.IDeepSeekClient.LogicalHandler Start processing HTTP request POST https://api.deepseek.com/chat/completions
[00:02:47 INF] System.Net.Http.HttpClient.IDeepSeekClient.ClientHandler Sending HTTP request POST https://api.deepseek.com/chat/completions
[00:02:47 INF] System.Net.Http.HttpClient.IDeepSeekClient.ClientHandler Received HTTP response headers after 291.4433ms - 200
[00:02:47 INF] System.Net.Http.HttpClient.IDeepSeekClient.LogicalHandler End processing HTTP request after 292.0823ms - 200
[00:02:48 INF] System.Net.Http.HttpClient.IDeepSeekClient.LogicalHandler Start processing HTTP request POST https://api.deepseek.com/chat/completions
[00:02:48 INF] System.Net.Http.HttpClient.IDeepSeekClient.ClientHandler Sending HTTP request POST https://api.deepseek.com/chat/completions
[00:02:48 INF] System.Net.Http.HttpClient.IDeepSeekClient.ClientHandler Received HTTP response headers after 301.008ms - 200
[00:02:48 INF] System.Net.Http.HttpClient.IDeepSeekClient.LogicalHandler End processing HTTP request after 301.5445ms - 200
[00:02:48 INF] System.Net.Http.HttpClient.IDeepSeekClient.LogicalHandler Start processing HTTP request POST https://api.deepseek.com/chat/completions
[00:02:48 INF] System.Net.Http.HttpClient.IDeepSeekClient.ClientHandler Sending HTTP request POST https://api.deepseek.com/chat/completions
[00:02:49 INF] System.Net.Http.HttpClient.IDeepSeekClient.ClientHandler Received HTTP response headers after 293.0482ms - 200
[00:02:49 INF] System.Net.Http.HttpClient.IDeepSeekClient.LogicalHandler End processing HTTP request after 293.5603ms - 200
[00:02:49 INF] System.Net.Http.HttpClient.IDeepSeekClient.LogicalHandler Start processing HTTP request POST https://api.deepseek.com/chat/completions
[00:02:49 INF] System.Net.Http.HttpClient.IDeepSeekClient.ClientHandler Sending HTTP request POST https://api.deepseek.com/chat/completions
[00:02:49 INF] System.Net.Http.HttpClient.IDeepSeekClient.ClientHandler Received HTTP response headers after 291.6325ms - 200
[00:02:49 INF] System.Net.Http.HttpClient.IDeepSeekClient.LogicalHandler End processing HTTP request after 292.3773ms - 200
[00:03:08 INF] System.Net.Http.HttpClient.IDeepSeekClient.LogicalHandler Start processing HTTP request POST https://api.deepseek.com/chat/completions
[00:03:08 INF] System.Net.Http.HttpClient.IDeepSeekClient.ClientHandler Sending HTTP request POST https://api.deepseek.com/chat/completions
[00:03:09 INF] System.Net.Http.HttpClient.IDeepSeekClient.ClientHandler Received HTTP response headers after 294.0802ms - 200
[00:03:09 INF] System.Net.Http.HttpClient.IDeepSeekClient.LogicalHandler End processing HTTP request after 295.7803ms - 200
[00:07:34 INF] Microsoft.Hosting.Lifetime Application is shutting down...
[00:07:39 INF] Microsoft.Hosting.Lifetime Now listening on: http://localhost:5213
[00:07:39 INF] Microsoft.Hosting.Lifetime Application started. Press Ctrl+C to shut down.
[00:07:39 INF] Microsoft.Hosting.Lifetime Hosting environment: Development
[00:07:39 INF] Microsoft.Hosting.Lifetime Content root path: /Users/lukaosojnik/Documents/Coding/simple-bloomberg-terminal/simple-bloomberg-terminal
[00:07:39 WRN] Microsoft.EntityFrameworkCore.Query Compiling a query which loads related collections for more than one collection navigation, either via 'Include' or through projection, but no 'QuerySplittingBehavior' has been configured. By default, Entity Framework will use 'QuerySplittingBehavior.SingleQuery', which can potentially result in slow query performance. See https://go.microsoft.com/fwlink/?linkid=2134277 for more information. To identify the query that's triggering this warning call 'ConfigureWarnings(w => w.Throw(RelationalEventId.MultipleCollectionIncludeWarning))'.
[00:07:47 WRN] LuckyPennySoftware.AutoMapper.License You do not have a valid license key for the Lucky Penny software AutoMapper. This is allowed for development and testing scenarios. If you are running in production you are required to have a licensed version. Please visit https://luckypennysoftware.com to obtain a valid license.
[00:07:47 INF] System.Net.Http.HttpClient.IStockApiClient.LogicalHandler Start processing HTTP request GET https://data.sec.gov/submissions/CIK0001375365.json
[00:07:47 INF] System.Net.Http.HttpClient.IStockApiClient.ClientHandler Sending HTTP request GET https://data.sec.gov/submissions/CIK0001375365.json
[00:07:47 INF] System.Net.Http.HttpClient.IStockApiClient.ClientHandler Received HTTP response headers after 303.3341ms - 200
[00:07:47 INF] System.Net.Http.HttpClient.IStockApiClient.LogicalHandler End processing HTTP request after 310.6464ms - 200
[00:07:53 INF] System.Net.Http.HttpClient.IStockApiClient.LogicalHandler Start processing HTTP request GET https://www.sec.gov/Archives/edgar/data/1375365/000137536525000027/smci-20250630.htm
[00:07:53 INF] System.Net.Http.HttpClient.IStockApiClient.ClientHandler Sending HTTP request GET https://www.sec.gov/Archives/edgar/data/1375365/000137536525000027/smci-20250630.htm
[00:07:53 INF] System.Net.Http.HttpClient.IStockApiClient.LogicalHandler Start processing HTTP request GET https://www.sec.gov/Archives/edgar/data/1375365/000137536525000027/smci-20250630.htm
[00:07:53 INF] System.Net.Http.HttpClient.IStockApiClient.ClientHandler Sending HTTP request GET https://www.sec.gov/Archives/edgar/data/1375365/000137536525000027/smci-20250630.htm
[00:07:53 INF] System.Net.Http.HttpClient.IStockApiClient.LogicalHandler Start processing HTTP request GET https://www.sec.gov/Archives/edgar/data/1375365/000137536525000027/smci-20250630.htm
[00:07:53 INF] System.Net.Http.HttpClient.IStockApiClient.ClientHandler Sending HTTP request GET https://www.sec.gov/Archives/edgar/data/1375365/000137536525000027/smci-20250630.htm
[00:07:53 INF] System.Net.Http.HttpClient.IStockApiClient.LogicalHandler Start processing HTTP request GET https://www.sec.gov/Archives/edgar/data/1375365/000137536525000027/smci-20250630.htm
[00:07:53 INF] System.Net.Http.HttpClient.IStockApiClient.ClientHandler Sending HTTP request GET https://www.sec.gov/Archives/edgar/data/1375365/000137536525000027/smci-20250630.htm
[00:07:53 INF] System.Net.Http.HttpClient.IStockApiClient.LogicalHandler Start processing HTTP request GET https://www.sec.gov/Archives/edgar/data/1375365/000137536525000027/smci-20250630.htm
[00:07:53 INF] System.Net.Http.HttpClient.IStockApiClient.ClientHandler Sending HTTP request GET https://www.sec.gov/Archives/edgar/data/1375365/000137536525000027/smci-20250630.htm
[00:07:53 INF] System.Net.Http.HttpClient.IStockApiClient.LogicalHandler Start processing HTTP request GET https://www.sec.gov/Archives/edgar/data/1375365/000137536525000027/smci-20250630.htm
[00:07:53 INF] System.Net.Http.HttpClient.IStockApiClient.ClientHandler Sending HTTP request GET https://www.sec.gov/Archives/edgar/data/1375365/000137536525000027/smci-20250630.htm
[00:07:53 INF] System.Net.Http.HttpClient.IStockApiClient.LogicalHandler Start processing HTTP request GET https://www.sec.gov/Archives/edgar/data/1375365/000137536525000027/smci-20250630.htm
[00:07:53 INF] System.Net.Http.HttpClient.IStockApiClient.ClientHandler Sending HTTP request GET https://www.sec.gov/Archives/edgar/data/1375365/000137536525000027/smci-20250630.htm
[00:07:53 INF] System.Net.Http.HttpClient.IStockApiClient.LogicalHandler Start processing HTTP request GET https://www.sec.gov/Archives/edgar/data/1375365/000137536525000027/smci-20250630.htm
[00:07:53 INF] System.Net.Http.HttpClient.IStockApiClient.ClientHandler Sending HTTP request GET https://www.sec.gov/Archives/edgar/data/1375365/000137536525000027/smci-20250630.htm
[00:07:53 INF] System.Net.Http.HttpClient.IStockApiClient.LogicalHandler Start processing HTTP request GET https://www.sec.gov/Archives/edgar/data/1375365/000137536525000027/smci-20250630.htm
[00:07:53 INF] System.Net.Http.HttpClient.IStockApiClient.ClientHandler Sending HTTP request GET https://www.sec.gov/Archives/edgar/data/1375365/000137536525000027/smci-20250630.htm
[00:07:53 INF] System.Net.Http.HttpClient.IStockApiClient.LogicalHandler Start processing HTTP request GET https://www.sec.gov/Archives/edgar/data/1375365/000137536525000027/smci-20250630.htm
[00:07:53 INF] System.Net.Http.HttpClient.IStockApiClient.ClientHandler Sending HTTP request GET https://www.sec.gov/Archives/edgar/data/1375365/000137536525000027/smci-20250630.htm
[00:07:53 INF] System.Net.Http.HttpClient.IStockApiClient.ClientHandler Received HTTP response headers after 181.8136ms - 200
[00:07:53 INF] System.Net.Http.HttpClient.IStockApiClient.LogicalHandler End processing HTTP request after 182.1424ms - 200
[00:07:53 INF] System.Net.Http.HttpClient.IStockApiClient.ClientHandler Received HTTP response headers after 182.8825ms - 200
[00:07:53 INF] System.Net.Http.HttpClient.IStockApiClient.LogicalHandler End processing HTTP request after 183.1095ms - 200
[00:07:53 INF] System.Net.Http.HttpClient.IStockApiClient.ClientHandler Received HTTP response headers after 178.0109ms - 200
[00:07:53 INF] System.Net.Http.HttpClient.IStockApiClient.LogicalHandler End processing HTTP request after 178.2811ms - 200
[00:07:53 INF] System.Net.Http.HttpClient.IStockApiClient.ClientHandler Received HTTP response headers after 200.9986ms - 200
[00:07:53 INF] System.Net.Http.HttpClient.IStockApiClient.LogicalHandler End processing HTTP request after 201.3818ms - 200
[00:07:53 INF] System.Net.Http.HttpClient.IStockApiClient.ClientHandler Received HTTP response headers after 203.8467ms - 200
[00:07:53 INF] System.Net.Http.HttpClient.IStockApiClient.LogicalHandler End processing HTTP request after 203.9903ms - 200
[00:07:53 INF] System.Net.Http.HttpClient.IStockApiClient.ClientHandler Received HTTP response headers after 223.3678ms - 200
[00:07:53 INF] System.Net.Http.HttpClient.IStockApiClient.LogicalHandler End processing HTTP request after 223.5555ms - 200
[00:07:53 INF] System.Net.Http.HttpClient.IStockApiClient.ClientHandler Received HTTP response headers after 258.2734ms - 200
[00:07:53 INF] System.Net.Http.HttpClient.IStockApiClient.ClientHandler Received HTTP response headers after 245.6677ms - 200
[00:07:53 INF] System.Net.Http.HttpClient.IStockApiClient.LogicalHandler End processing HTTP request after 259.025ms - 200
[00:07:53 INF] System.Net.Http.HttpClient.IStockApiClient.ClientHandler Received HTTP response headers after 254.6487ms - 200
[00:07:53 INF] System.Net.Http.HttpClient.IStockApiClient.LogicalHandler End processing HTTP request after 245.9047ms - 200
[00:07:53 INF] System.Net.Http.HttpClient.IStockApiClient.LogicalHandler End processing HTTP request after 255.1638ms - 200
[00:07:54 INF] System.Net.Http.HttpClient.IStockApiClient.ClientHandler Received HTTP response headers after 280.6948ms - 200
[00:07:54 INF] System.Net.Http.HttpClient.IStockApiClient.LogicalHandler End processing HTTP request after 281.1007ms - 200
[00:07:54 INF] System.Net.Http.HttpClient.IStockApiClient.LogicalHandler Start processing HTTP request GET https://www.sec.gov/Archives/edgar/data/1375365/000137536525000027/FilingSummary.xml
[00:07:54 INF] System.Net.Http.HttpClient.IStockApiClient.ClientHandler Sending HTTP request GET https://www.sec.gov/Archives/edgar/data/1375365/000137536525000027/FilingSummary.xml
[00:07:54 INF] System.Net.Http.HttpClient.IStockApiClient.LogicalHandler Start processing HTTP request GET https://www.sec.gov/Archives/edgar/data/1375365/000137536525000027/FilingSummary.xml
[00:07:54 INF] System.Net.Http.HttpClient.IStockApiClient.ClientHandler Sending HTTP request GET https://www.sec.gov/Archives/edgar/data/1375365/000137536525000027/FilingSummary.xml
[00:07:54 INF] System.Net.Http.HttpClient.IStockApiClient.LogicalHandler Start processing HTTP request GET https://www.sec.gov/Archives/edgar/data/1375365/000137536525000027/FilingSummary.xml
[00:07:54 INF] System.Net.Http.HttpClient.IStockApiClient.ClientHandler Sending HTTP request GET https://www.sec.gov/Archives/edgar/data/1375365/000137536525000027/FilingSummary.xml
[00:07:54 INF] System.Net.Http.HttpClient.IStockApiClient.ClientHandler Received HTTP response headers after 29.4179ms - 200
[00:07:54 INF] System.Net.Http.HttpClient.IStockApiClient.LogicalHandler End processing HTTP request after 30.234ms - 200
[00:07:54 INF] System.Net.Http.HttpClient.IStockApiClient.LogicalHandler Start processing HTTP request GET https://www.sec.gov/Archives/edgar/data/1375365/000137536525000027/R5.htm
[00:07:54 INF] System.Net.Http.HttpClient.IStockApiClient.ClientHandler Sending HTTP request GET https://www.sec.gov/Archives/edgar/data/1375365/000137536525000027/R5.htm
[00:07:54 INF] System.Net.Http.HttpClient.IStockApiClient.ClientHandler Received HTTP response headers after 45.7683ms - 200
[00:07:54 INF] System.Net.Http.HttpClient.IStockApiClient.LogicalHandler End processing HTTP request after 46.9141ms - 200
[00:07:54 INF] System.Net.Http.HttpClient.IStockApiClient.LogicalHandler Start processing HTTP request GET https://www.sec.gov/Archives/edgar/data/1375365/000137536525000027/R5.htm
[00:07:54 INF] System.Net.Http.HttpClient.IStockApiClient.ClientHandler Sending HTTP request GET https://www.sec.gov/Archives/edgar/data/1375365/000137536525000027/R5.htm
[00:07:54 INF] System.Net.Http.HttpClient.IStockApiClient.ClientHandler Received HTTP response headers after 59.7058ms - 200
[00:07:54 INF] System.Net.Http.HttpClient.IStockApiClient.LogicalHandler End processing HTTP request after 60.5742ms - 200
[00:07:54 INF] System.Net.Http.HttpClient.IStockApiClient.LogicalHandler Start processing HTTP request GET https://www.sec.gov/Archives/edgar/data/1375365/000137536525000027/R5.htm
[00:07:54 INF] System.Net.Http.HttpClient.IStockApiClient.ClientHandler Sending HTTP request GET https://www.sec.gov/Archives/edgar/data/1375365/000137536525000027/R5.htm
[00:07:54 INF] System.Net.Http.HttpClient.IStockApiClient.ClientHandler Received HTTP response headers after 50.9447ms - 200
[00:07:54 INF] System.Net.Http.HttpClient.IStockApiClient.LogicalHandler End processing HTTP request after 51.3851ms - 200
[00:07:54 INF] System.Net.Http.HttpClient.IStockApiClient.LogicalHandler Start processing HTTP request GET https://www.sec.gov/Archives/edgar/data/1375365/000137536525000027/R48.htm
[00:07:54 INF] System.Net.Http.HttpClient.IStockApiClient.ClientHandler Sending HTTP request GET https://www.sec.gov/Archives/edgar/data/1375365/000137536525000027/R48.htm
[00:07:54 INF] System.Net.Http.HttpClient.IStockApiClient.ClientHandler Received HTTP response headers after 28.9504ms - 200
[00:07:54 INF] System.Net.Http.HttpClient.IStockApiClient.LogicalHandler End processing HTTP request after 29.2224ms - 200
[00:07:54 INF] System.Net.Http.HttpClient.IStockApiClient.LogicalHandler Start processing HTTP request GET https://www.sec.gov/Archives/edgar/data/1375365/000137536525000027/R48.htm
[00:07:54 INF] System.Net.Http.HttpClient.IStockApiClient.ClientHandler Sending HTTP request GET https://www.sec.gov/Archives/edgar/data/1375365/000137536525000027/R48.htm
[00:07:54 INF] System.Net.Http.HttpClient.IStockApiClient.ClientHandler Received HTTP response headers after 32.5667ms - 200
[00:07:54 INF] System.Net.Http.HttpClient.IStockApiClient.LogicalHandler End processing HTTP request after 32.946ms - 200
[00:07:54 INF] System.Net.Http.HttpClient.IStockApiClient.ClientHandler Received HTTP response headers after 30.2822ms - 200
[00:07:54 INF] System.Net.Http.HttpClient.IStockApiClient.LogicalHandler End processing HTTP request after 30.8412ms - 200
[00:07:54 INF] System.Net.Http.HttpClient.IStockApiClient.LogicalHandler Start processing HTTP request GET https://www.sec.gov/Archives/edgar/data/1375365/000137536525000027/R81.htm
[00:07:54 INF] System.Net.Http.HttpClient.IStockApiClient.ClientHandler Sending HTTP request GET https://www.sec.gov/Archives/edgar/data/1375365/000137536525000027/R81.htm
[00:07:54 INF] System.Net.Http.HttpClient.IStockApiClient.LogicalHandler Start processing HTTP request GET https://www.sec.gov/Archives/edgar/data/1375365/000137536525000027/R81.htm
[00:07:54 INF] System.Net.Http.HttpClient.IStockApiClient.ClientHandler Sending HTTP request GET https://www.sec.gov/Archives/edgar/data/1375365/000137536525000027/R81.htm
[00:07:54 INF] System.Net.Http.HttpClient.IStockApiClient.ClientHandler Received HTTP response headers after 45.2068ms - 200
[00:07:54 INF] System.Net.Http.HttpClient.IStockApiClient.LogicalHandler End processing HTTP request after 45.5985ms - 200
[00:07:54 INF] System.Net.Http.HttpClient.IStockApiClient.LogicalHandler Start processing HTTP request GET https://www.sec.gov/Archives/edgar/data/1375365/000137536525000027/R48.htm
[00:07:54 INF] System.Net.Http.HttpClient.IStockApiClient.ClientHandler Sending HTTP request GET https://www.sec.gov/Archives/edgar/data/1375365/000137536525000027/R48.htm
[00:07:54 INF] System.Net.Http.HttpClient.IStockApiClient.ClientHandler Received HTTP response headers after 44.2987ms - 200
[00:07:54 INF] System.Net.Http.HttpClient.IStockApiClient.LogicalHandler End processing HTTP request after 44.5191ms - 200
[00:07:54 INF] System.Net.Http.HttpClient.IStockApiClient.ClientHandler Received HTTP response headers after 44.943ms - 200
[00:07:54 INF] System.Net.Http.HttpClient.IStockApiClient.LogicalHandler Start processing HTTP request GET https://www.sec.gov/Archives/edgar/data/1375365/000137536525000027/R92.htm
[00:07:54 INF] System.Net.Http.HttpClient.IStockApiClient.LogicalHandler End processing HTTP request after 45.2663ms - 200
[00:07:54 INF] System.Net.Http.HttpClient.IStockApiClient.ClientHandler Sending HTTP request GET https://www.sec.gov/Archives/edgar/data/1375365/000137536525000027/R92.htm
[00:07:54 INF] System.Net.Http.HttpClient.IStockApiClient.LogicalHandler Start processing HTTP request GET https://www.sec.gov/Archives/edgar/data/1375365/000137536525000027/R92.htm
[00:07:54 INF] System.Net.Http.HttpClient.IStockApiClient.ClientHandler Sending HTTP request GET https://www.sec.gov/Archives/edgar/data/1375365/000137536525000027/R92.htm
[00:07:54 INF] System.Net.Http.HttpClient.IStockApiClient.ClientHandler Received HTTP response headers after 41.0975ms - 200
[00:07:54 INF] System.Net.Http.HttpClient.IStockApiClient.LogicalHandler End processing HTTP request after 41.6204ms - 200
[00:07:54 INF] System.Net.Http.HttpClient.IStockApiClient.LogicalHandler Start processing HTTP request GET https://www.sec.gov/Archives/edgar/data/1375365/000137536525000027/R81.htm
[00:07:54 INF] System.Net.Http.HttpClient.IStockApiClient.LogicalHandler Start processing HTTP request GET https://www.sec.gov/Archives/edgar/data/1375365/000137536525000027/FilingSummary.xml
[00:07:54 INF] System.Net.Http.HttpClient.IStockApiClient.ClientHandler Sending HTTP request GET https://www.sec.gov/Archives/edgar/data/1375365/000137536525000027/FilingSummary.xml
[00:07:54 INF] System.Net.Http.HttpClient.IStockApiClient.ClientHandler Sending HTTP request GET https://www.sec.gov/Archives/edgar/data/1375365/000137536525000027/R81.htm
[00:07:54 ERR] Microsoft.EntityFrameworkCore.Query An exception occurred while iterating over the results of a query for context type 'simple_bloomberg_terminal.Data.AppDbContext'.
System.InvalidOperationException: A second operation was started on this context instance before a previous operation completed. This is usually caused by different threads concurrently using the same instance of DbContext. For more information on how to avoid threading issues with DbContext, see https://go.microsoft.com/fwlink/?linkid=2097913.
   at Microsoft.EntityFrameworkCore.Query.Internal.SingleQueryingEnumerable`1.Enumerator.MoveNext()
System.InvalidOperationException: A second operation was started on this context instance before a previous operation completed. This is usually caused by different threads concurrently using the same instance of DbContext. For more information on how to avoid threading issues with DbContext, see https://go.microsoft.com/fwlink/?linkid=2097913.
   at Microsoft.EntityFrameworkCore.Query.Internal.SingleQueryingEnumerable`1.Enumerator.MoveNext()
[00:07:54 INF] System.Net.Http.HttpClient.IStockApiClient.LogicalHandler Start processing HTTP request GET https://www.sec.gov/Archives/edgar/data/1375365/000137536525000027/FilingSummary.xml
[00:07:54 INF] System.Net.Http.HttpClient.IStockApiClient.ClientHandler Sending HTTP request GET https://www.sec.gov/Archives/edgar/data/1375365/000137536525000027/FilingSummary.xml
[00:07:54 INF] System.Net.Http.HttpClient.IStockApiClient.ClientHandler Received HTTP response headers after 29.4695ms - 200
[00:07:54 INF] System.Net.Http.HttpClient.IStockApiClient.LogicalHandler End processing HTTP request after 30.1391ms - 200
[00:07:54 INF] System.Net.Http.HttpClient.IStockApiClient.LogicalHandler Start processing HTTP request GET https://www.sec.gov/Archives/edgar/data/1375365/000137536525000027/R92.htm
[00:07:54 INF] System.Net.Http.HttpClient.IStockApiClient.ClientHandler Sending HTTP request GET https://www.sec.gov/Archives/edgar/data/1375365/000137536525000027/R92.htm
[00:07:54 INF] System.Net.Http.HttpClient.IStockApiClient.ClientHandler Received HTTP response headers after 30.3581ms - 200
[00:07:54 INF] System.Net.Http.HttpClient.IStockApiClient.LogicalHandler End processing HTTP request after 30.7101ms - 200
[00:07:54 INF] System.Net.Http.HttpClient.IStockApiClient.LogicalHandler Start processing HTTP request GET https://www.sec.gov/Archives/edgar/data/1375365/000137536525000027/R5.htm
[00:07:54 INF] System.Net.Http.HttpClient.IStockApiClient.ClientHandler Sending HTTP request GET https://www.sec.gov/Archives/edgar/data/1375365/000137536525000027/R5.htm
[00:07:54 INF] System.Net.Http.HttpClient.IStockApiClient.ClientHandler Received HTTP response headers after 53.8416ms - 200
[00:07:54 INF] System.Net.Http.HttpClient.IStockApiClient.LogicalHandler End processing HTTP request after 54.1638ms - 200
[00:07:54 INF] System.Net.Http.HttpClient.IStockApiClient.LogicalHandler Start processing HTTP request GET https://www.sec.gov/Archives/edgar/data/1375365/000137536525000027/R107.htm
[00:07:54 INF] System.Net.Http.HttpClient.IStockApiClient.ClientHandler Sending HTTP request GET https://www.sec.gov/Archives/edgar/data/1375365/000137536525000027/R107.htm
[00:07:54 INF] System.Net.Http.HttpClient.IStockApiClient.ClientHandler Received HTTP response headers after 64.6681ms - 200
[00:07:54 INF] System.Net.Http.HttpClient.IStockApiClient.LogicalHandler End processing HTTP request after 65.1555ms - 200
[00:07:54 INF] System.Net.Http.HttpClient.IStockApiClient.LogicalHandler Start processing HTTP request GET https://www.sec.gov/Archives/edgar/data/1375365/000137536525000027/R107.htm
[00:07:54 INF] System.Net.Http.HttpClient.IStockApiClient.ClientHandler Sending HTTP request GET https://www.sec.gov/Archives/edgar/data/1375365/000137536525000027/R107.htm
[00:07:54 INF] System.Net.Http.HttpClient.IStockApiClient.ClientHandler Received HTTP response headers after 33.0439ms - 200
[00:07:54 INF] System.Net.Http.HttpClient.IStockApiClient.LogicalHandler End processing HTTP request after 33.1715ms - 200
[00:07:54 INF] System.Net.Http.HttpClient.IStockApiClient.ClientHandler Received HTTP response headers after 63.3012ms - 200
[00:07:54 INF] System.Net.Http.HttpClient.IStockApiClient.LogicalHandler End processing HTTP request after 63.5283ms - 200
[00:07:54 INF] System.Net.Http.HttpClient.IStockApiClient.LogicalHandler Start processing HTTP request GET https://www.sec.gov/Archives/edgar/data/1375365/000137536525000027/R107.htm
[00:07:54 INF] System.Net.Http.HttpClient.IStockApiClient.ClientHandler Sending HTTP request GET https://www.sec.gov/Archives/edgar/data/1375365/000137536525000027/R107.htm
[00:07:54 INF] System.Net.Http.HttpClient.IStockApiClient.LogicalHandler Start processing HTTP request GET https://www.sec.gov/Archives/edgar/data/1375365/000137536525000027/R5.htm
[00:07:54 INF] System.Net.Http.HttpClient.IStockApiClient.ClientHandler Sending HTTP request GET https://www.sec.gov/Archives/edgar/data/1375365/000137536525000027/R5.htm
[00:07:54 INF] System.Net.Http.HttpClient.IStockApiClient.ClientHandler Received HTTP response headers after 67.1345ms - 200
[00:07:54 INF] System.Net.Http.HttpClient.IStockApiClient.LogicalHandler End processing HTTP request after 67.7863ms - 200
[00:07:54 INF] System.Net.Http.HttpClient.IStockApiClient.LogicalHandler Start processing HTTP request GET https://www.sec.gov/Archives/edgar/data/1375365/000137536525000027/R48.htm
[00:07:54 INF] System.Net.Http.HttpClient.IStockApiClient.ClientHandler Sending HTTP request GET https://www.sec.gov/Archives/edgar/data/1375365/000137536525000027/R48.htm
[00:07:54 INF] System.Net.Http.HttpClient.IStockApiClient.ClientHandler Received HTTP response headers after 52.2207ms - 200
[00:07:54 INF] System.Net.Http.HttpClient.IStockApiClient.LogicalHandler End processing HTTP request after 54.8075ms - 200
[00:07:54 INF] System.Net.Http.HttpClient.IStockApiClient.LogicalHandler Start processing HTTP request GET https://www.sec.gov/Archives/edgar/data/1375365/000137536525000027/R108.htm
[00:07:54 INF] System.Net.Http.HttpClient.IStockApiClient.ClientHandler Sending HTTP request GET https://www.sec.gov/Archives/edgar/data/1375365/000137536525000027/R108.htm
[00:07:54 INF] System.Net.Http.HttpClient.IStockApiClient.ClientHandler Received HTTP response headers after 68.6415ms - 200
[00:07:54 INF] System.Net.Http.HttpClient.IStockApiClient.LogicalHandler End processing HTTP request after 69.1932ms - 200
[00:07:54 INF] System.Net.Http.HttpClient.IStockApiClient.LogicalHandler Start processing HTTP request GET https://www.sec.gov/Archives/edgar/data/1375365/000137536525000027/R108.htm
[00:07:54 INF] System.Net.Http.HttpClient.IStockApiClient.ClientHandler Sending HTTP request GET https://www.sec.gov/Archives/edgar/data/1375365/000137536525000027/R108.htm
[00:07:54 INF] System.Net.Http.HttpClient.IStockApiClient.LogicalHandler Start processing HTTP request GET https://www.sec.gov/Archives/edgar/data/1375365/000137536525000027/FilingSummary.xml
[00:07:54 INF] System.Net.Http.HttpClient.IStockApiClient.ClientHandler Sending HTTP request GET https://www.sec.gov/Archives/edgar/data/1375365/000137536525000027/FilingSummary.xml
[00:07:54 INF] System.Net.Http.HttpClient.IStockApiClient.ClientHandler Received HTTP response headers after 84.7384ms - 200
[00:07:54 INF] System.Net.Http.HttpClient.IStockApiClient.LogicalHandler End processing HTTP request after 85.1054ms - 200
[00:07:54 INF] System.Net.Http.HttpClient.IStockApiClient.LogicalHandler Start processing HTTP request GET https://www.sec.gov/Archives/edgar/data/1375365/000137536525000027/R108.htm
[00:07:54 INF] System.Net.Http.HttpClient.IStockApiClient.ClientHandler Sending HTTP request GET https://www.sec.gov/Archives/edgar/data/1375365/000137536525000027/R108.htm
[00:07:54 INF] System.Net.Http.HttpClient.IStockApiClient.ClientHandler Received HTTP response headers after 28.1305ms - 200
[00:07:54 INF] System.Net.Http.HttpClient.IStockApiClient.LogicalHandler End processing HTTP request after 28.3951ms - 200
[00:07:54 INF] System.Net.Http.HttpClient.IStockApiClient.LogicalHandler Start processing HTTP request GET https://www.sec.gov/Archives/edgar/data/1375365/000137536525000027/R81.htm
[00:07:54 INF] System.Net.Http.HttpClient.IStockApiClient.ClientHandler Sending HTTP request GET https://www.sec.gov/Archives/edgar/data/1375365/000137536525000027/R81.htm
[00:07:54 INF] System.Net.Http.HttpClient.IStockApiClient.ClientHandler Received HTTP response headers after 32.2793ms - 200
[00:07:54 INF] System.Net.Http.HttpClient.IStockApiClient.LogicalHandler End processing HTTP request after 32.5011ms - 200
[00:07:54 INF] System.Net.Http.HttpClient.IStockApiClient.ClientHandler Received HTTP response headers after 34.9843ms - 200
[00:07:54 INF] System.Net.Http.HttpClient.IStockApiClient.LogicalHandler End processing HTTP request after 35.1166ms - 200
[00:07:54 INF] System.Net.Http.HttpClient.IStockApiClient.ClientHandler Received HTTP response headers after 90.2114ms - 200
[00:07:54 INF] System.Net.Http.HttpClient.IStockApiClient.LogicalHandler End processing HTTP request after 90.8785ms - 200
[00:07:54 INF] System.Net.Http.HttpClient.IStockApiClient.LogicalHandler Start processing HTTP request GET https://www.sec.gov/Archives/edgar/data/1375365/000137536525000027/R48.htm
[00:07:54 INF] System.Net.Http.HttpClient.IStockApiClient.ClientHandler Sending HTTP request GET https://www.sec.gov/Archives/edgar/data/1375365/000137536525000027/R48.htm
[00:07:54 INF] System.Net.Http.HttpClient.IStockApiClient.ClientHandler Received HTTP response headers after 75.1373ms - 200
[00:07:54 INF] System.Net.Http.HttpClient.IStockApiClient.LogicalHandler End processing HTTP request after 75.4245ms - 200
[00:07:54 INF] System.Net.Http.HttpClient.IStockApiClient.ClientHandler Received HTTP response headers after 71.8597ms - 200
[00:07:54 INF] System.Net.Http.HttpClient.IStockApiClient.LogicalHandler End processing HTTP request after 72.1697ms - 200
[00:07:54 INF] System.Net.Http.HttpClient.IStockApiClient.ClientHandler Received HTTP response headers after 70.9946ms - 200
[00:07:54 INF] System.Net.Http.HttpClient.IStockApiClient.LogicalHandler End processing HTTP request after 73.3442ms - 200
[00:07:54 INF] System.Net.Http.HttpClient.IStockApiClient.LogicalHandler Start processing HTTP request GET https://www.sec.gov/Archives/edgar/data/1375365/000137536525000027/R92.htm
[00:07:54 INF] System.Net.Http.HttpClient.IStockApiClient.LogicalHandler Start processing HTTP request GET https://www.sec.gov/Archives/edgar/data/1375365/000137536525000027/R5.htm
[00:07:54 INF] System.Net.Http.HttpClient.IStockApiClient.ClientHandler Sending HTTP request GET https://www.sec.gov/Archives/edgar/data/1375365/000137536525000027/R92.htm
[00:07:54 INF] System.Net.Http.HttpClient.IStockApiClient.ClientHandler Received HTTP response headers after 58.8749ms - 200
[00:07:54 INF] System.Net.Http.HttpClient.IStockApiClient.ClientHandler Sending HTTP request GET https://www.sec.gov/Archives/edgar/data/1375365/000137536525000027/R5.htm
[00:07:54 INF] System.Net.Http.HttpClient.IStockApiClient.LogicalHandler End processing HTTP request after 59.2064ms - 200
[00:07:54 INF] System.Net.Http.HttpClient.IStockApiClient.LogicalHandler Start processing HTTP request GET https://www.sec.gov/Archives/edgar/data/1375365/000137536525000027/R81.htm
[00:07:54 INF] System.Net.Http.HttpClient.IStockApiClient.ClientHandler Sending HTTP request GET https://www.sec.gov/Archives/edgar/data/1375365/000137536525000027/R81.htm
[00:07:54 INF] System.Net.Http.HttpClient.IDeepSeekClient.LogicalHandler Start processing HTTP request POST https://api.deepseek.com/chat/completions
[00:07:54 INF] System.Net.Http.HttpClient.IDeepSeekClient.LogicalHandler Start processing HTTP request POST https://api.deepseek.com/chat/completions
[00:07:54 INF] System.Net.Http.HttpClient.IDeepSeekClient.LogicalHandler Start processing HTTP request POST https://api.deepseek.com/chat/completions
[00:07:54 INF] System.Net.Http.HttpClient.IDeepSeekClient.ClientHandler Sending HTTP request POST https://api.deepseek.com/chat/completions
[00:07:54 INF] System.Net.Http.HttpClient.IDeepSeekClient.ClientHandler Sending HTTP request POST https://api.deepseek.com/chat/completions
[00:07:54 INF] System.Net.Http.HttpClient.IDeepSeekClient.ClientHandler Sending HTTP request POST https://api.deepseek.com/chat/completions
[00:07:54 INF] System.Net.Http.HttpClient.IDeepSeekClient.LogicalHandler Start processing HTTP request POST https://api.deepseek.com/chat/completions
[00:07:54 INF] System.Net.Http.HttpClient.IDeepSeekClient.LogicalHandler Start processing HTTP request POST https://api.deepseek.com/chat/completions
[00:07:54 INF] System.Net.Http.HttpClient.IDeepSeekClient.LogicalHandler Start processing HTTP request POST https://api.deepseek.com/chat/completions
[00:07:54 INF] System.Net.Http.HttpClient.IDeepSeekClient.ClientHandler Sending HTTP request POST https://api.deepseek.com/chat/completions
[00:07:54 INF] System.Net.Http.HttpClient.IDeepSeekClient.ClientHandler Sending HTTP request POST https://api.deepseek.com/chat/completions
[00:07:54 INF] System.Net.Http.HttpClient.IDeepSeekClient.LogicalHandler Start processing HTTP request POST https://api.deepseek.com/chat/completions
[00:07:54 INF] System.Net.Http.HttpClient.IDeepSeekClient.ClientHandler Sending HTTP request POST https://api.deepseek.com/chat/completions
[00:07:54 INF] System.Net.Http.HttpClient.IDeepSeekClient.LogicalHandler Start processing HTTP request POST https://api.deepseek.com/chat/completions
[00:07:54 INF] System.Net.Http.HttpClient.IDeepSeekClient.ClientHandler Sending HTTP request POST https://api.deepseek.com/chat/completions
[00:07:54 INF] System.Net.Http.HttpClient.IDeepSeekClient.LogicalHandler Start processing HTTP request POST https://api.deepseek.com/chat/completions
[00:07:54 INF] System.Net.Http.HttpClient.IDeepSeekClient.LogicalHandler Start processing HTTP request POST https://api.deepseek.com/chat/completions
[00:07:54 INF] System.Net.Http.HttpClient.IDeepSeekClient.ClientHandler Sending HTTP request POST https://api.deepseek.com/chat/completions
[00:07:54 INF] System.Net.Http.HttpClient.IDeepSeekClient.ClientHandler Sending HTTP request POST https://api.deepseek.com/chat/completions
[00:07:54 INF] System.Net.Http.HttpClient.IDeepSeekClient.LogicalHandler Start processing HTTP request POST https://api.deepseek.com/chat/completions
[00:07:54 INF] System.Net.Http.HttpClient.IDeepSeekClient.LogicalHandler Start processing HTTP request POST https://api.deepseek.com/chat/completions
[00:07:54 INF] System.Net.Http.HttpClient.IDeepSeekClient.ClientHandler Sending HTTP request POST https://api.deepseek.com/chat/completions
[00:07:54 INF] System.Net.Http.HttpClient.IDeepSeekClient.LogicalHandler Start processing HTTP request POST https://api.deepseek.com/chat/completions
[00:07:54 INF] System.Net.Http.HttpClient.IDeepSeekClient.ClientHandler Sending HTTP request POST https://api.deepseek.com/chat/completions
[00:07:54 INF] System.Net.Http.HttpClient.IDeepSeekClient.LogicalHandler Start processing HTTP request POST https://api.deepseek.com/chat/completions
[00:07:54 INF] System.Net.Http.HttpClient.IDeepSeekClient.ClientHandler Sending HTTP request POST https://api.deepseek.com/chat/completions
[00:07:54 INF] System.Net.Http.HttpClient.IDeepSeekClient.ClientHandler Sending HTTP request POST https://api.deepseek.com/chat/completions
[00:07:54 INF] System.Net.Http.HttpClient.IDeepSeekClient.ClientHandler Sending HTTP request POST https://api.deepseek.com/chat/completions
[00:07:54 INF] System.Net.Http.HttpClient.IDeepSeekClient.LogicalHandler Start processing HTTP request POST https://api.deepseek.com/chat/completions
[00:07:54 INF] System.Net.Http.HttpClient.IDeepSeekClient.ClientHandler Sending HTTP request POST https://api.deepseek.com/chat/completions
[00:07:54 INF] System.Net.Http.HttpClient.IDeepSeekClient.LogicalHandler Start processing HTTP request POST https://api.deepseek.com/chat/completions
[00:07:54 INF] System.Net.Http.HttpClient.IDeepSeekClient.ClientHandler Sending HTTP request POST https://api.deepseek.com/chat/completions
[00:07:54 INF] System.Net.Http.HttpClient.IDeepSeekClient.LogicalHandler Start processing HTTP request POST https://api.deepseek.com/chat/completions
[00:07:54 INF] System.Net.Http.HttpClient.IDeepSeekClient.ClientHandler Sending HTTP request POST https://api.deepseek.com/chat/completions
[00:07:54 INF] System.Net.Http.HttpClient.IDeepSeekClient.LogicalHandler Start processing HTTP request POST https://api.deepseek.com/chat/completions
[00:07:54 INF] System.Net.Http.HttpClient.IDeepSeekClient.ClientHandler Sending HTTP request POST https://api.deepseek.com/chat/completions
[00:07:54 INF] System.Net.Http.HttpClient.IStockApiClient.ClientHandler Received HTTP response headers after 38.71ms - 200
[00:07:54 INF] System.Net.Http.HttpClient.IStockApiClient.LogicalHandler End processing HTTP request after 38.9515ms - 200
[00:07:54 INF] System.Net.Http.HttpClient.IStockApiClient.LogicalHandler Start processing HTTP request GET https://www.sec.gov/Archives/edgar/data/1375365/000137536525000027/R107.htm
[00:07:54 INF] System.Net.Http.HttpClient.IStockApiClient.ClientHandler Sending HTTP request GET https://www.sec.gov/Archives/edgar/data/1375365/000137536525000027/R107.htm
[00:07:54 INF] System.Net.Http.HttpClient.IStockApiClient.ClientHandler Received HTTP response headers after 40.7389ms - 200
[00:07:54 INF] System.Net.Http.HttpClient.IStockApiClient.LogicalHandler End processing HTTP request after 41.1519ms - 200
[00:07:54 INF] System.Net.Http.HttpClient.IStockApiClient.LogicalHandler Start processing HTTP request GET https://www.sec.gov/Archives/edgar/data/1375365/000137536525000027/R92.htm
[00:07:54 INF] System.Net.Http.HttpClient.IStockApiClient.ClientHandler Sending HTTP request GET https://www.sec.gov/Archives/edgar/data/1375365/000137536525000027/R92.htm
[00:07:54 INF] System.Net.Http.HttpClient.IStockApiClient.ClientHandler Received HTTP response headers after 44.1246ms - 200
[00:07:54 INF] System.Net.Http.HttpClient.IStockApiClient.LogicalHandler End processing HTTP request after 44.5198ms - 200
[00:07:54 INF] System.Net.Http.HttpClient.IStockApiClient.LogicalHandler Start processing HTTP request GET https://www.sec.gov/Archives/edgar/data/1375365/000137536525000027/R48.htm
[00:07:54 INF] System.Net.Http.HttpClient.IStockApiClient.ClientHandler Sending HTTP request GET https://www.sec.gov/Archives/edgar/data/1375365/000137536525000027/R48.htm
[00:07:54 INF] System.Net.Http.HttpClient.IStockApiClient.ClientHandler Received HTTP response headers after 29.6329ms - 200
[00:07:54 INF] System.Net.Http.HttpClient.IStockApiClient.LogicalHandler End processing HTTP request after 29.8227ms - 200
[00:07:54 INF] System.Net.Http.HttpClient.IStockApiClient.LogicalHandler Start processing HTTP request GET https://www.sec.gov/Archives/edgar/data/1375365/000137536525000027/R108.htm
[00:07:54 INF] System.Net.Http.HttpClient.IStockApiClient.ClientHandler Sending HTTP request GET https://www.sec.gov/Archives/edgar/data/1375365/000137536525000027/R108.htm
[00:07:54 INF] System.Net.Http.HttpClient.IDeepSeekClient.LogicalHandler Start processing HTTP request POST https://api.deepseek.com/chat/completions
[00:07:54 INF] System.Net.Http.HttpClient.IDeepSeekClient.ClientHandler Sending HTTP request POST https://api.deepseek.com/chat/completions
[00:07:54 INF] System.Net.Http.HttpClient.IDeepSeekClient.LogicalHandler Start processing HTTP request POST https://api.deepseek.com/chat/completions
[00:07:54 INF] System.Net.Http.HttpClient.IDeepSeekClient.ClientHandler Sending HTTP request POST https://api.deepseek.com/chat/completions
[00:07:54 INF] System.Net.Http.HttpClient.IDeepSeekClient.LogicalHandler Start processing HTTP request POST https://api.deepseek.com/chat/completions
[00:07:54 INF] System.Net.Http.HttpClient.IDeepSeekClient.ClientHandler Sending HTTP request POST https://api.deepseek.com/chat/completions
[00:07:54 INF] System.Net.Http.HttpClient.IDeepSeekClient.LogicalHandler Start processing HTTP request POST https://api.deepseek.com/chat/completions
[00:07:54 INF] System.Net.Http.HttpClient.IDeepSeekClient.ClientHandler Sending HTTP request POST https://api.deepseek.com/chat/completions
[00:07:54 INF] System.Net.Http.HttpClient.IDeepSeekClient.LogicalHandler Start processing HTTP request POST https://api.deepseek.com/chat/completions
[00:07:54 INF] System.Net.Http.HttpClient.IDeepSeekClient.ClientHandler Sending HTTP request POST https://api.deepseek.com/chat/completions
[00:07:54 INF] System.Net.Http.HttpClient.IDeepSeekClient.LogicalHandler Start processing HTTP request POST https://api.deepseek.com/chat/completions
[00:07:54 INF] System.Net.Http.HttpClient.IDeepSeekClient.ClientHandler Sending HTTP request POST https://api.deepseek.com/chat/completions
[00:07:54 INF] System.Net.Http.HttpClient.IStockApiClient.ClientHandler Received HTTP response headers after 52.1974ms - 200
[00:07:54 INF] System.Net.Http.HttpClient.IStockApiClient.LogicalHandler End processing HTTP request after 52.3266ms - 200
[00:07:54 INF] System.Net.Http.HttpClient.IStockApiClient.LogicalHandler Start processing HTTP request GET https://www.sec.gov/Archives/edgar/data/1375365/000137536525000027/R107.htm
[00:07:54 INF] System.Net.Http.HttpClient.IStockApiClient.ClientHandler Sending HTTP request GET https://www.sec.gov/Archives/edgar/data/1375365/000137536525000027/R107.htm
[00:07:54 INF] System.Net.Http.HttpClient.IStockApiClient.ClientHandler Received HTTP response headers after 47.535ms - 200
[00:07:54 INF] System.Net.Http.HttpClient.IStockApiClient.LogicalHandler End processing HTTP request after 47.6746ms - 200
[00:07:54 INF] System.Net.Http.HttpClient.IStockApiClient.LogicalHandler Start processing HTTP request GET https://www.sec.gov/Archives/edgar/data/1375365/000137536525000027/R81.htm
[00:07:54 INF] System.Net.Http.HttpClient.IStockApiClient.ClientHandler Sending HTTP request GET https://www.sec.gov/Archives/edgar/data/1375365/000137536525000027/R81.htm
[00:07:54 INF] System.Net.Http.HttpClient.IStockApiClient.ClientHandler Received HTTP response headers after 32.47ms - 200
[00:07:54 INF] System.Net.Http.HttpClient.IStockApiClient.LogicalHandler End processing HTTP request after 32.6035ms - 200
[00:07:54 INF] System.Net.Http.HttpClient.IDeepSeekClient.LogicalHandler Start processing HTTP request POST https://api.deepseek.com/chat/completions
[00:07:54 INF] System.Net.Http.HttpClient.IDeepSeekClient.ClientHandler Sending HTTP request POST https://api.deepseek.com/chat/completions
[00:07:54 INF] System.Net.Http.HttpClient.IDeepSeekClient.LogicalHandler Start processing HTTP request POST https://api.deepseek.com/chat/completions
[00:07:54 INF] System.Net.Http.HttpClient.IDeepSeekClient.ClientHandler Sending HTTP request POST https://api.deepseek.com/chat/completions
[00:07:54 INF] System.Net.Http.HttpClient.IDeepSeekClient.LogicalHandler Start processing HTTP request POST https://api.deepseek.com/chat/completions
[00:07:54 INF] System.Net.Http.HttpClient.IDeepSeekClient.ClientHandler Sending HTTP request POST https://api.deepseek.com/chat/completions
[00:07:54 INF] System.Net.Http.HttpClient.IDeepSeekClient.LogicalHandler Start processing HTTP request POST https://api.deepseek.com/chat/completions
[00:07:54 INF] System.Net.Http.HttpClient.IDeepSeekClient.ClientHandler Sending HTTP request POST https://api.deepseek.com/chat/completions
[00:07:54 INF] System.Net.Http.HttpClient.IDeepSeekClient.LogicalHandler Start processing HTTP request POST https://api.deepseek.com/chat/completions
[00:07:54 INF] System.Net.Http.HttpClient.IDeepSeekClient.ClientHandler Sending HTTP request POST https://api.deepseek.com/chat/completions
[00:07:54 INF] System.Net.Http.HttpClient.IDeepSeekClient.LogicalHandler Start processing HTTP request POST https://api.deepseek.com/chat/completions
[00:07:54 INF] System.Net.Http.HttpClient.IDeepSeekClient.ClientHandler Sending HTTP request POST https://api.deepseek.com/chat/completions
[00:07:55 INF] System.Net.Http.HttpClient.IStockApiClient.ClientHandler Received HTTP response headers after 47.1791ms - 200
[00:07:55 INF] System.Net.Http.HttpClient.IStockApiClient.LogicalHandler End processing HTTP request after 47.3989ms - 200
[00:07:55 INF] System.Net.Http.HttpClient.IStockApiClient.LogicalHandler Start processing HTTP request GET https://www.sec.gov/Archives/edgar/data/1375365/000137536525000027/R92.htm
[00:07:55 INF] System.Net.Http.HttpClient.IStockApiClient.ClientHandler Sending HTTP request GET https://www.sec.gov/Archives/edgar/data/1375365/000137536525000027/R92.htm
[00:07:55 INF] System.Net.Http.HttpClient.IStockApiClient.ClientHandler Received HTTP response headers after 51.6649ms - 200
[00:07:55 INF] System.Net.Http.HttpClient.IStockApiClient.LogicalHandler End processing HTTP request after 51.7867ms - 200
[00:07:55 INF] System.Net.Http.HttpClient.IStockApiClient.LogicalHandler Start processing HTTP request GET https://www.sec.gov/Archives/edgar/data/1375365/000137536525000027/R108.htm
[00:07:55 INF] System.Net.Http.HttpClient.IStockApiClient.ClientHandler Sending HTTP request GET https://www.sec.gov/Archives/edgar/data/1375365/000137536525000027/R108.htm
[00:07:55 INF] System.Net.Http.HttpClient.IStockApiClient.ClientHandler Received HTTP response headers after 44.2308ms - 200
[00:07:55 INF] System.Net.Http.HttpClient.IStockApiClient.LogicalHandler End processing HTTP request after 44.4361ms - 200
[00:07:55 INF] System.Net.Http.HttpClient.IStockApiClient.LogicalHandler Start processing HTTP request GET https://www.sec.gov/Archives/edgar/data/1375365/000137536525000027/R107.htm
[00:07:55 INF] System.Net.Http.HttpClient.IStockApiClient.ClientHandler Sending HTTP request GET https://www.sec.gov/Archives/edgar/data/1375365/000137536525000027/R107.htm
[00:07:55 INF] System.Net.Http.HttpClient.IStockApiClient.ClientHandler Received HTTP response headers after 42.6734ms - 200
[00:07:55 INF] System.Net.Http.HttpClient.IStockApiClient.LogicalHandler End processing HTTP request after 42.7985ms - 200
[00:07:55 INF] System.Net.Http.HttpClient.IDeepSeekClient.LogicalHandler Start processing HTTP request POST https://api.deepseek.com/chat/completions
[00:07:55 INF] System.Net.Http.HttpClient.IDeepSeekClient.ClientHandler Sending HTTP request POST https://api.deepseek.com/chat/completions
[00:07:55 INF] System.Net.Http.HttpClient.IDeepSeekClient.LogicalHandler Start processing HTTP request POST https://api.deepseek.com/chat/completions
[00:07:55 INF] System.Net.Http.HttpClient.IDeepSeekClient.ClientHandler Sending HTTP request POST https://api.deepseek.com/chat/completions
[00:07:55 INF] System.Net.Http.HttpClient.IDeepSeekClient.LogicalHandler Start processing HTTP request POST https://api.deepseek.com/chat/completions
[00:07:55 INF] System.Net.Http.HttpClient.IDeepSeekClient.ClientHandler Sending HTTP request POST https://api.deepseek.com/chat/completions
[00:07:55 INF] System.Net.Http.HttpClient.IDeepSeekClient.LogicalHandler Start processing HTTP request POST https://api.deepseek.com/chat/completions
[00:07:55 INF] System.Net.Http.HttpClient.IDeepSeekClient.ClientHandler Sending HTTP request POST https://api.deepseek.com/chat/completions
[00:07:55 INF] System.Net.Http.HttpClient.IDeepSeekClient.LogicalHandler Start processing HTTP request POST https://api.deepseek.com/chat/completions
[00:07:55 INF] System.Net.Http.HttpClient.IDeepSeekClient.ClientHandler Sending HTTP request POST https://api.deepseek.com/chat/completions
[00:07:55 INF] System.Net.Http.HttpClient.IDeepSeekClient.LogicalHandler Start processing HTTP request POST https://api.deepseek.com/chat/completions
[00:07:55 INF] System.Net.Http.HttpClient.IDeepSeekClient.ClientHandler Sending HTTP request POST https://api.deepseek.com/chat/completions
[00:07:55 INF] System.Net.Http.HttpClient.IStockApiClient.ClientHandler Received HTTP response headers after 29.4715ms - 200
[00:07:55 INF] System.Net.Http.HttpClient.IStockApiClient.LogicalHandler End processing HTTP request after 29.6917ms - 200
[00:07:55 INF] System.Net.Http.HttpClient.IStockApiClient.LogicalHandler Start processing HTTP request GET https://www.sec.gov/Archives/edgar/data/1375365/000137536525000027/R108.htm
[00:07:55 INF] System.Net.Http.HttpClient.IStockApiClient.ClientHandler Sending HTTP request GET https://www.sec.gov/Archives/edgar/data/1375365/000137536525000027/R108.htm
[00:07:55 INF] System.Net.Http.HttpClient.IDeepSeekClient.LogicalHandler Start processing HTTP request POST https://api.deepseek.com/chat/completions
[00:07:55 INF] System.Net.Http.HttpClient.IDeepSeekClient.ClientHandler Sending HTTP request POST https://api.deepseek.com/chat/completions
[00:07:55 INF] System.Net.Http.HttpClient.IDeepSeekClient.LogicalHandler Start processing HTTP request POST https://api.deepseek.com/chat/completions
[00:07:55 INF] System.Net.Http.HttpClient.IDeepSeekClient.ClientHandler Sending HTTP request POST https://api.deepseek.com/chat/completions
[00:07:55 INF] System.Net.Http.HttpClient.IDeepSeekClient.LogicalHandler Start processing HTTP request POST https://api.deepseek.com/chat/completions
[00:07:55 INF] System.Net.Http.HttpClient.IDeepSeekClient.ClientHandler Sending HTTP request POST https://api.deepseek.com/chat/completions
[00:07:55 INF] System.Net.Http.HttpClient.IDeepSeekClient.LogicalHandler Start processing HTTP request POST https://api.deepseek.com/chat/completions
[00:07:55 INF] System.Net.Http.HttpClient.IDeepSeekClient.ClientHandler Sending HTTP request POST https://api.deepseek.com/chat/completions
[00:07:55 INF] System.Net.Http.HttpClient.IDeepSeekClient.LogicalHandler Start processing HTTP request POST https://api.deepseek.com/chat/completions
[00:07:55 INF] System.Net.Http.HttpClient.IDeepSeekClient.ClientHandler Sending HTTP request POST https://api.deepseek.com/chat/completions
[00:07:55 INF] System.Net.Http.HttpClient.IDeepSeekClient.LogicalHandler Start processing HTTP request POST https://api.deepseek.com/chat/completions
[00:07:55 INF] System.Net.Http.HttpClient.IDeepSeekClient.ClientHandler Sending HTTP request POST https://api.deepseek.com/chat/completions
[00:07:55 INF] System.Net.Http.HttpClient.IStockApiClient.ClientHandler Received HTTP response headers after 34.4111ms - 200
[00:07:55 INF] System.Net.Http.HttpClient.IStockApiClient.LogicalHandler End processing HTTP request after 34.6179ms - 200
[00:07:55 INF] System.Net.Http.HttpClient.IDeepSeekClient.LogicalHandler Start processing HTTP request POST https://api.deepseek.com/chat/completions
[00:07:55 INF] System.Net.Http.HttpClient.IDeepSeekClient.ClientHandler Sending HTTP request POST https://api.deepseek.com/chat/completions
[00:07:55 INF] System.Net.Http.HttpClient.IDeepSeekClient.LogicalHandler Start processing HTTP request POST https://api.deepseek.com/chat/completions
[00:07:55 INF] System.Net.Http.HttpClient.IDeepSeekClient.ClientHandler Sending HTTP request POST https://api.deepseek.com/chat/completions
[00:07:55 INF] System.Net.Http.HttpClient.IDeepSeekClient.LogicalHandler Start processing HTTP request POST https://api.deepseek.com/chat/completions
[00:07:55 INF] System.Net.Http.HttpClient.IDeepSeekClient.ClientHandler Sending HTTP request POST https://api.deepseek.com/chat/completions
[00:07:55 INF] System.Net.Http.HttpClient.IDeepSeekClient.LogicalHandler Start processing HTTP request POST https://api.deepseek.com/chat/completions
[00:07:55 INF] System.Net.Http.HttpClient.IDeepSeekClient.ClientHandler Sending HTTP request POST https://api.deepseek.com/chat/completions
[00:07:55 INF] System.Net.Http.HttpClient.IDeepSeekClient.LogicalHandler Start processing HTTP request POST https://api.deepseek.com/chat/completions
[00:07:55 INF] System.Net.Http.HttpClient.IDeepSeekClient.ClientHandler Sending HTTP request POST https://api.deepseek.com/chat/completions
[00:07:55 INF] System.Net.Http.HttpClient.IDeepSeekClient.LogicalHandler Start processing HTTP request POST https://api.deepseek.com/chat/completions
[00:07:55 INF] System.Net.Http.HttpClient.IDeepSeekClient.ClientHandler Sending HTTP request POST https://api.deepseek.com/chat/completions
[00:07:55 INF] System.Net.Http.HttpClient.IDeepSeekClient.ClientHandler Received HTTP response headers after 470.0147ms - 200
[00:07:55 INF] System.Net.Http.HttpClient.IDeepSeekClient.ClientHandler Received HTTP response headers after 469.5717ms - 200
[00:07:55 INF] System.Net.Http.HttpClient.IDeepSeekClient.LogicalHandler End processing HTTP request after 470.5722ms - 200
[00:07:55 INF] System.Net.Http.HttpClient.IDeepSeekClient.LogicalHandler End processing HTTP request after 470.0525ms - 200
[00:07:55 INF] System.Net.Http.HttpClient.IDeepSeekClient.ClientHandler Received HTTP response headers after 474.2057ms - 200
[00:07:55 INF] System.Net.Http.HttpClient.IDeepSeekClient.LogicalHandler End processing HTTP request after 474.6ms - 200
[00:07:55 INF] System.Net.Http.HttpClient.IDeepSeekClient.ClientHandler Received HTTP response headers after 477.6452ms - 200
[00:07:55 INF] System.Net.Http.HttpClient.IDeepSeekClient.LogicalHandler End processing HTTP request after 477.8946ms - 200
[00:07:55 INF] System.Net.Http.HttpClient.IDeepSeekClient.ClientHandler Received HTTP response headers after 481.4166ms - 200
[00:07:55 INF] System.Net.Http.HttpClient.IDeepSeekClient.LogicalHandler End processing HTTP request after 481.9334ms - 200
[00:07:55 INF] System.Net.Http.HttpClient.IDeepSeekClient.ClientHandler Received HTTP response headers after 482.1787ms - 200
[00:07:55 INF] System.Net.Http.HttpClient.IDeepSeekClient.LogicalHandler End processing HTTP request after 482.6491ms - 200
[00:07:55 INF] System.Net.Http.HttpClient.IDeepSeekClient.ClientHandler Received HTTP response headers after 491.071ms - 200
[00:07:55 INF] System.Net.Http.HttpClient.IDeepSeekClient.LogicalHandler End processing HTTP request after 491.5912ms - 200
[00:07:55 INF] System.Net.Http.HttpClient.IDeepSeekClient.ClientHandler Received HTTP response headers after 496.3883ms - 200
[00:07:55 INF] System.Net.Http.HttpClient.IDeepSeekClient.LogicalHandler End processing HTTP request after 498.0628ms - 200
[00:07:55 INF] System.Net.Http.HttpClient.IDeepSeekClient.ClientHandler Received HTTP response headers after 436.8ms - 200
[00:07:55 INF] System.Net.Http.HttpClient.IDeepSeekClient.ClientHandler Received HTTP response headers after 498.9278ms - 200
[00:07:55 INF] System.Net.Http.HttpClient.IDeepSeekClient.LogicalHandler End processing HTTP request after 437.0009ms - 200
[00:07:55 INF] System.Net.Http.HttpClient.IDeepSeekClient.LogicalHandler End processing HTTP request after 500.5266ms - 200
[00:07:55 INF] System.Net.Http.HttpClient.IDeepSeekClient.ClientHandler Received HTTP response headers after 502.9095ms - 200
[00:07:55 INF] System.Net.Http.HttpClient.IDeepSeekClient.ClientHandler Received HTTP response headers after 501.8285ms - 200
[00:07:55 INF] System.Net.Http.HttpClient.IDeepSeekClient.ClientHandler Received HTTP response headers after 501.9885ms - 200
[00:07:55 INF] System.Net.Http.HttpClient.IDeepSeekClient.LogicalHandler End processing HTTP request after 502.411ms - 200
[00:07:55 INF] System.Net.Http.HttpClient.IDeepSeekClient.LogicalHandler End processing HTTP request after 502.0231ms - 200
[00:07:55 INF] System.Net.Http.HttpClient.IDeepSeekClient.LogicalHandler End processing HTTP request after 503.2456ms - 200
[00:07:55 INF] System.Net.Http.HttpClient.IDeepSeekClient.ClientHandler Received HTTP response headers after 500.4329ms - 200
[00:07:55 INF] System.Net.Http.HttpClient.IDeepSeekClient.LogicalHandler End processing HTTP request after 500.5412ms - 200
[00:07:55 INF] System.Net.Http.HttpClient.IDeepSeekClient.ClientHandler Received HTTP response headers after 503.3317ms - 200
[00:07:55 INF] System.Net.Http.HttpClient.IDeepSeekClient.LogicalHandler End processing HTTP request after 503.4715ms - 200
[00:07:55 INF] System.Net.Http.HttpClient.IDeepSeekClient.ClientHandler Received HTTP response headers after 410.26ms - 200
[00:07:55 INF] System.Net.Http.HttpClient.IDeepSeekClient.ClientHandler Received HTTP response headers after 506.056ms - 200
[00:07:55 INF] System.Net.Http.HttpClient.IDeepSeekClient.LogicalHandler End processing HTTP request after 506.2897ms - 200
[00:07:55 INF] System.Net.Http.HttpClient.IDeepSeekClient.ClientHandler Received HTTP response headers after 442.3482ms - 200
[00:07:55 INF] System.Net.Http.HttpClient.IDeepSeekClient.LogicalHandler End processing HTTP request after 442.5347ms - 200
[00:07:55 INF] System.Net.Http.HttpClient.IDeepSeekClient.LogicalHandler End processing HTTP request after 410.368ms - 200
[00:07:55 INF] System.Net.Http.HttpClient.IDeepSeekClient.ClientHandler Received HTTP response headers after 442.8779ms - 200
[00:07:55 INF] System.Net.Http.HttpClient.IDeepSeekClient.LogicalHandler End processing HTTP request after 442.9902ms - 200
[00:07:55 INF] System.Net.Http.HttpClient.IDeepSeekClient.ClientHandler Received HTTP response headers after 445.9943ms - 200
[00:07:55 INF] System.Net.Http.HttpClient.IDeepSeekClient.LogicalHandler End processing HTTP request after 446.1269ms - 200
[00:07:55 INF] System.Net.Http.HttpClient.IDeepSeekClient.ClientHandler Received HTTP response headers after 510.308ms - 200
[00:07:55 INF] System.Net.Http.HttpClient.IDeepSeekClient.LogicalHandler End processing HTTP request after 510.4425ms - 200
[00:07:55 INF] System.Net.Http.HttpClient.IDeepSeekClient.ClientHandler Received HTTP response headers after 417.732ms - 200
[00:07:55 INF] System.Net.Http.HttpClient.IDeepSeekClient.LogicalHandler End processing HTTP request after 417.84ms - 200
[00:07:55 INF] System.Net.Http.HttpClient.IDeepSeekClient.ClientHandler Received HTTP response headers after 420.4236ms - 200
[00:07:55 INF] System.Net.Http.HttpClient.IDeepSeekClient.ClientHandler Received HTTP response headers after 514.0931ms - 200
[00:07:55 INF] System.Net.Http.HttpClient.IDeepSeekClient.LogicalHandler End processing HTTP request after 514.6652ms - 200
[00:07:55 INF] System.Net.Http.HttpClient.IDeepSeekClient.LogicalHandler End processing HTTP request after 420.5483ms - 200
[00:07:55 INF] System.Net.Http.HttpClient.IDeepSeekClient.ClientHandler Received HTTP response headers after 515.3718ms - 200
[00:07:55 INF] System.Net.Http.HttpClient.IDeepSeekClient.LogicalHandler End processing HTTP request after 515.4885ms - 200
[00:07:55 INF] System.Net.Http.HttpClient.IDeepSeekClient.ClientHandler Received HTTP response headers after 453.0325ms - 200
[00:07:55 INF] System.Net.Http.HttpClient.IDeepSeekClient.LogicalHandler End processing HTTP request after 453.1538ms - 200
[00:07:55 INF] System.Net.Http.HttpClient.IDeepSeekClient.ClientHandler Received HTTP response headers after 423.5242ms - 200
[00:07:55 INF] System.Net.Http.HttpClient.IDeepSeekClient.LogicalHandler End processing HTTP request after 423.6262ms - 200
[00:07:55 INF] System.Net.Http.HttpClient.IDeepSeekClient.ClientHandler Received HTTP response headers after 456.9568ms - 200
[00:07:55 INF] System.Net.Http.HttpClient.IDeepSeekClient.LogicalHandler End processing HTTP request after 457.0901ms - 200
[00:07:55 INF] System.Net.Http.HttpClient.IDeepSeekClient.ClientHandler Received HTTP response headers after 431.2326ms - 200
[00:07:55 INF] System.Net.Http.HttpClient.IDeepSeekClient.ClientHandler Received HTTP response headers after 430.7177ms - 200
[00:07:55 INF] System.Net.Http.HttpClient.IDeepSeekClient.LogicalHandler End processing HTTP request after 431.383ms - 200
[00:07:55 INF] System.Net.Http.HttpClient.IDeepSeekClient.LogicalHandler End processing HTTP request after 430.8416ms - 200
[00:07:55 INF] System.Net.Http.HttpClient.IDeepSeekClient.ClientHandler Received HTTP response headers after 359.6149ms - 200
[00:07:55 INF] System.Net.Http.HttpClient.IDeepSeekClient.LogicalHandler End processing HTTP request after 359.7919ms - 200
[00:07:55 INF] System.Net.Http.HttpClient.IDeepSeekClient.ClientHandler Received HTTP response headers after 360.3161ms - 200
[00:07:55 INF] System.Net.Http.HttpClient.IDeepSeekClient.ClientHandler Received HTTP response headers after 361.3231ms - 200
[00:07:55 INF] System.Net.Http.HttpClient.IDeepSeekClient.ClientHandler Received HTTP response headers after 363.4468ms - 200
[00:07:55 INF] System.Net.Http.HttpClient.IDeepSeekClient.LogicalHandler End processing HTTP request after 361.818ms - 200
[00:07:55 INF] System.Net.Http.HttpClient.IDeepSeekClient.LogicalHandler End processing HTTP request after 360.6247ms - 200
[00:07:55 INF] System.Net.Http.HttpClient.IDeepSeekClient.LogicalHandler End processing HTTP request after 363.9041ms - 200
[00:07:55 INF] System.Net.Http.HttpClient.IDeepSeekClient.ClientHandler Received HTTP response headers after 364.8596ms - 200
[00:07:55 INF] System.Net.Http.HttpClient.IDeepSeekClient.LogicalHandler End processing HTTP request after 365.0282ms - 200
[00:07:55 INF] System.Net.Http.HttpClient.IDeepSeekClient.ClientHandler Received HTTP response headers after 334.1707ms - 200
[00:07:55 INF] System.Net.Http.HttpClient.IDeepSeekClient.LogicalHandler End processing HTTP request after 334.3177ms - 200
[00:07:55 INF] System.Net.Http.HttpClient.IDeepSeekClient.ClientHandler Received HTTP response headers after 369.0751ms - 200
[00:07:55 INF] System.Net.Http.HttpClient.IDeepSeekClient.LogicalHandler End processing HTTP request after 369.4146ms - 200
[00:07:55 INF] System.Net.Http.HttpClient.IDeepSeekClient.ClientHandler Received HTTP response headers after 350.9016ms - 200
[00:07:55 INF] System.Net.Http.HttpClient.IDeepSeekClient.LogicalHandler End processing HTTP request after 351.0221ms - 200
[00:07:55 INF] System.Net.Http.HttpClient.IDeepSeekClient.ClientHandler Received HTTP response headers after 359.7229ms - 200
[00:07:55 INF] System.Net.Http.HttpClient.IDeepSeekClient.LogicalHandler End processing HTTP request after 359.8432ms - 200
[00:07:55 INF] System.Net.Http.HttpClient.IDeepSeekClient.ClientHandler Received HTTP response headers after 361.1125ms - 200
[00:07:55 INF] System.Net.Http.HttpClient.IDeepSeekClient.LogicalHandler End processing HTTP request after 361.2968ms - 200
[00:07:55 INF] System.Net.Http.HttpClient.IDeepSeekClient.ClientHandler Received HTTP response headers after 346.4032ms - 200
[00:07:55 INF] System.Net.Http.HttpClient.IDeepSeekClient.ClientHandler Received HTTP response headers after 346.7806ms - 200
[00:07:55 INF] System.Net.Http.HttpClient.IDeepSeekClient.LogicalHandler End processing HTTP request after 346.6888ms - 200
[00:07:55 INF] System.Net.Http.HttpClient.IDeepSeekClient.LogicalHandler End processing HTTP request after 347.2067ms - 200
[00:07:55 INF] System.Net.Http.HttpClient.IDeepSeekClient.ClientHandler Received HTTP response headers after 356.3885ms - 200
[00:07:55 INF] System.Net.Http.HttpClient.IDeepSeekClient.LogicalHandler End processing HTTP request after 356.4987ms - 200
[00:07:55 INF] System.Net.Http.HttpClient.IDeepSeekClient.ClientHandler Received HTTP response headers after 361.4525ms - 200
[00:07:55 INF] System.Net.Http.HttpClient.IDeepSeekClient.LogicalHandler End processing HTTP request after 361.563ms - 200
[00:07:55 INF] System.Net.Http.HttpClient.IDeepSeekClient.ClientHandler Received HTTP response headers after 392.9955ms - 200
[00:07:55 INF] System.Net.Http.HttpClient.IDeepSeekClient.LogicalHandler End processing HTTP request after 393.1054ms - 200
[00:07:55 INF] System.Net.Http.HttpClient.IDeepSeekClient.ClientHandler Received HTTP response headers after 362.7379ms - 200
[00:07:55 INF] System.Net.Http.HttpClient.IDeepSeekClient.LogicalHandler End processing HTTP request after 362.8464ms - 200
[00:07:55 INF] System.Net.Http.HttpClient.IDeepSeekClient.ClientHandler Received HTTP response headers after 374.9666ms - 200
[00:07:55 INF] System.Net.Http.HttpClient.IDeepSeekClient.LogicalHandler End processing HTTP request after 375.1421ms - 200
[00:07:55 INF] System.Net.Http.HttpClient.IDeepSeekClient.ClientHandler Received HTTP response headers after 457.412ms - 200
[00:07:55 INF] System.Net.Http.HttpClient.IDeepSeekClient.LogicalHandler End processing HTTP request after 457.5822ms - 200
[00:07:55 INF] System.Net.Http.HttpClient.IDeepSeekClient.LogicalHandler Start processing HTTP request POST https://api.deepseek.com/chat/completions
[00:07:55 INF] System.Net.Http.HttpClient.IDeepSeekClient.ClientHandler Sending HTTP request POST https://api.deepseek.com/chat/completions
[00:07:55 INF] System.Net.Http.HttpClient.IDeepSeekClient.LogicalHandler Start processing HTTP request POST https://api.deepseek.com/chat/completions
[00:07:55 INF] System.Net.Http.HttpClient.IDeepSeekClient.ClientHandler Sending HTTP request POST https://api.deepseek.com/chat/completions
[00:07:55 INF] System.Net.Http.HttpClient.IDeepSeekClient.LogicalHandler Start processing HTTP request POST https://api.deepseek.com/chat/completions
[00:07:55 INF] System.Net.Http.HttpClient.IDeepSeekClient.ClientHandler Sending HTTP request POST https://api.deepseek.com/chat/completions
[00:07:55 INF] System.Net.Http.HttpClient.IDeepSeekClient.LogicalHandler Start processing HTTP request POST https://api.deepseek.com/chat/completions
[00:07:55 INF] System.Net.Http.HttpClient.IDeepSeekClient.ClientHandler Sending HTTP request POST https://api.deepseek.com/chat/completions
[00:07:55 INF] System.Net.Http.HttpClient.IDeepSeekClient.LogicalHandler Start processing HTTP request POST https://api.deepseek.com/chat/completions
[00:07:55 INF] System.Net.Http.HttpClient.IDeepSeekClient.ClientHandler Sending HTTP request POST https://api.deepseek.com/chat/completions
[00:07:55 INF] System.Net.Http.HttpClient.IDeepSeekClient.LogicalHandler Start processing HTTP request POST https://api.deepseek.com/chat/completions
[00:07:55 INF] System.Net.Http.HttpClient.IDeepSeekClient.ClientHandler Sending HTTP request POST https://api.deepseek.com/chat/completions
[00:07:55 INF] System.Net.Http.HttpClient.IDeepSeekClient.ClientHandler Received HTTP response headers after 331.2352ms - 200
[00:07:55 INF] System.Net.Http.HttpClient.IDeepSeekClient.LogicalHandler End processing HTTP request after 331.5556ms - 200
[00:07:55 INF] System.Net.Http.HttpClient.IDeepSeekClient.ClientHandler Received HTTP response headers after 342.7372ms - 200
[00:07:55 INF] System.Net.Http.HttpClient.IDeepSeekClient.LogicalHandler End processing HTTP request after 343.0562ms - 200
[00:07:55 INF] System.Net.Http.HttpClient.IDeepSeekClient.ClientHandler Received HTTP response headers after 345.2546ms - 200
[00:07:55 INF] System.Net.Http.HttpClient.IDeepSeekClient.LogicalHandler End processing HTTP request after 345.3829ms - 200
[00:07:55 INF] System.Net.Http.HttpClient.IDeepSeekClient.ClientHandler Received HTTP response headers after 345.2992ms - 200
[00:07:55 INF] System.Net.Http.HttpClient.IDeepSeekClient.LogicalHandler End processing HTTP request after 345.4821ms - 200
[00:07:55 INF] System.Net.Http.HttpClient.IDeepSeekClient.ClientHandler Received HTTP response headers after 348.039ms - 200
[00:07:55 INF] System.Net.Http.HttpClient.IDeepSeekClient.LogicalHandler End processing HTTP request after 348.1491ms - 200
[00:07:55 INF] System.Net.Http.HttpClient.IDeepSeekClient.ClientHandler Received HTTP response headers after 353.6037ms - 200
[00:07:55 INF] System.Net.Http.HttpClient.IDeepSeekClient.LogicalHandler End processing HTTP request after 353.7085ms - 200
[00:07:56 INF] System.Net.Http.HttpClient.IDeepSeekClient.LogicalHandler Start processing HTTP request POST https://api.deepseek.com/chat/completions
[00:07:56 INF] System.Net.Http.HttpClient.IDeepSeekClient.LogicalHandler Start processing HTTP request POST https://api.deepseek.com/chat/completions
[00:07:56 INF] System.Net.Http.HttpClient.IDeepSeekClient.ClientHandler Sending HTTP request POST https://api.deepseek.com/chat/completions
[00:07:56 INF] System.Net.Http.HttpClient.IDeepSeekClient.ClientHandler Sending HTTP request POST https://api.deepseek.com/chat/completions
[00:07:56 INF] System.Net.Http.HttpClient.IDeepSeekClient.LogicalHandler Start processing HTTP request POST https://api.deepseek.com/chat/completions
[00:07:56 INF] System.Net.Http.HttpClient.IDeepSeekClient.ClientHandler Sending HTTP request POST https://api.deepseek.com/chat/completions
[00:07:56 INF] System.Net.Http.HttpClient.IDeepSeekClient.LogicalHandler Start processing HTTP request POST https://api.deepseek.com/chat/completions
[00:07:56 INF] System.Net.Http.HttpClient.IDeepSeekClient.ClientHandler Sending HTTP request POST https://api.deepseek.com/chat/completions
[00:07:56 INF] System.Net.Http.HttpClient.IDeepSeekClient.LogicalHandler Start processing HTTP request POST https://api.deepseek.com/chat/completions
[00:07:56 INF] System.Net.Http.HttpClient.IDeepSeekClient.ClientHandler Sending HTTP request POST https://api.deepseek.com/chat/completions
[00:07:56 INF] System.Net.Http.HttpClient.IDeepSeekClient.LogicalHandler Start processing HTTP request POST https://api.deepseek.com/chat/completions
[00:07:56 INF] System.Net.Http.HttpClient.IDeepSeekClient.ClientHandler Sending HTTP request POST https://api.deepseek.com/chat/completions
[00:07:56 INF] System.Net.Http.HttpClient.IDeepSeekClient.LogicalHandler Start processing HTTP request POST https://api.deepseek.com/chat/completions
[00:07:56 INF] System.Net.Http.HttpClient.IDeepSeekClient.ClientHandler Sending HTTP request POST https://api.deepseek.com/chat/completions
[00:07:56 INF] System.Net.Http.HttpClient.IDeepSeekClient.LogicalHandler Start processing HTTP request POST https://api.deepseek.com/chat/completions
[00:07:56 INF] System.Net.Http.HttpClient.IDeepSeekClient.ClientHandler Sending HTTP request POST https://api.deepseek.com/chat/completions
[00:07:56 INF] System.Net.Http.HttpClient.IDeepSeekClient.LogicalHandler Start processing HTTP request POST https://api.deepseek.com/chat/completions
[00:07:56 INF] System.Net.Http.HttpClient.IDeepSeekClient.ClientHandler Sending HTTP request POST https://api.deepseek.com/chat/completions
[00:07:56 INF] System.Net.Http.HttpClient.IDeepSeekClient.LogicalHandler Start processing HTTP request POST https://api.deepseek.com/chat/completions
[00:07:56 INF] System.Net.Http.HttpClient.IDeepSeekClient.ClientHandler Sending HTTP request POST https://api.deepseek.com/chat/completions
[00:07:56 INF] System.Net.Http.HttpClient.IDeepSeekClient.LogicalHandler Start processing HTTP request POST https://api.deepseek.com/chat/completions
[00:07:56 INF] System.Net.Http.HttpClient.IDeepSeekClient.ClientHandler Sending HTTP request POST https://api.deepseek.com/chat/completions
[00:07:56 INF] System.Net.Http.HttpClient.IDeepSeekClient.ClientHandler Received HTTP response headers after 284.1689ms - 200
[00:07:56 INF] System.Net.Http.HttpClient.IDeepSeekClient.LogicalHandler End processing HTTP request after 284.4102ms - 200
[00:07:56 INF] System.Net.Http.HttpClient.IDeepSeekClient.ClientHandler Received HTTP response headers after 287.0332ms - 200
[00:07:56 INF] System.Net.Http.HttpClient.IDeepSeekClient.LogicalHandler End processing HTTP request after 287.2958ms - 200
[00:07:56 INF] System.Net.Http.HttpClient.IDeepSeekClient.ClientHandler Received HTTP response headers after 283.9194ms - 200
[00:07:56 INF] System.Net.Http.HttpClient.IDeepSeekClient.LogicalHandler End processing HTTP request after 284.0488ms - 200
[00:07:56 INF] System.Net.Http.HttpClient.IDeepSeekClient.ClientHandler Received HTTP response headers after 276.5857ms - 200
[00:07:56 INF] System.Net.Http.HttpClient.IDeepSeekClient.LogicalHandler End processing HTTP request after 276.7858ms - 200
[00:07:56 INF] System.Net.Http.HttpClient.IDeepSeekClient.ClientHandler Received HTTP response headers after 284.49ms - 200
[00:07:56 INF] System.Net.Http.HttpClient.IDeepSeekClient.LogicalHandler End processing HTTP request after 284.7959ms - 200
[00:07:56 INF] System.Net.Http.HttpClient.IDeepSeekClient.LogicalHandler Start processing HTTP request POST https://api.deepseek.com/chat/completions
[00:07:56 INF] System.Net.Http.HttpClient.IDeepSeekClient.ClientHandler Sending HTTP request POST https://api.deepseek.com/chat/completions
[00:07:56 INF] System.Net.Http.HttpClient.IDeepSeekClient.LogicalHandler Start processing HTTP request POST https://api.deepseek.com/chat/completions
[00:07:56 INF] System.Net.Http.HttpClient.IDeepSeekClient.ClientHandler Sending HTTP request POST https://api.deepseek.com/chat/completions
[00:07:56 INF] System.Net.Http.HttpClient.IDeepSeekClient.ClientHandler Received HTTP response headers after 277.8327ms - 200
[00:07:56 INF] System.Net.Http.HttpClient.IDeepSeekClient.LogicalHandler End processing HTTP request after 278.0883ms - 200
[00:07:56 INF] System.Net.Http.HttpClient.IDeepSeekClient.ClientHandler Received HTTP response headers after 276.91ms - 200
[00:07:56 INF] System.Net.Http.HttpClient.IDeepSeekClient.LogicalHandler End processing HTTP request after 277.0796ms - 200
[00:07:56 INF] System.Net.Http.HttpClient.IDeepSeekClient.ClientHandler Received HTTP response headers after 288.3304ms - 200
[00:07:56 INF] System.Net.Http.HttpClient.IDeepSeekClient.LogicalHandler End processing HTTP request after 288.5968ms - 200
[00:07:56 INF] System.Net.Http.HttpClient.IDeepSeekClient.ClientHandler Received HTTP response headers after 280.294ms - 200
[00:07:56 INF] System.Net.Http.HttpClient.IDeepSeekClient.LogicalHandler End processing HTTP request after 280.4187ms - 200
[00:07:56 INF] System.Net.Http.HttpClient.IDeepSeekClient.ClientHandler Received HTTP response headers after 284.1774ms - 200
[00:07:56 INF] System.Net.Http.HttpClient.IDeepSeekClient.LogicalHandler End processing HTTP request after 284.3565ms - 200
[00:07:56 INF] System.Net.Http.HttpClient.IDeepSeekClient.ClientHandler Received HTTP response headers after 286.481ms - 200
[00:07:56 INF] System.Net.Http.HttpClient.IDeepSeekClient.LogicalHandler End processing HTTP request after 286.7051ms - 200
[00:07:57 INF] System.Net.Http.HttpClient.IDeepSeekClient.LogicalHandler Start processing HTTP request POST https://api.deepseek.com/chat/completions
[00:07:57 INF] System.Net.Http.HttpClient.IDeepSeekClient.ClientHandler Sending HTTP request POST https://api.deepseek.com/chat/completions
[00:07:57 INF] System.Net.Http.HttpClient.IDeepSeekClient.ClientHandler Received HTTP response headers after 288.3602ms - 200
[00:07:57 INF] System.Net.Http.HttpClient.IDeepSeekClient.LogicalHandler End processing HTTP request after 288.6419ms - 200
[00:07:57 INF] System.Net.Http.HttpClient.IDeepSeekClient.ClientHandler Received HTTP response headers after 294.5959ms - 200
[00:07:57 INF] System.Net.Http.HttpClient.IDeepSeekClient.LogicalHandler End processing HTTP request after 294.7352ms - 200
[00:07:57 INF] System.Net.Http.HttpClient.IDeepSeekClient.LogicalHandler Start processing HTTP request POST https://api.deepseek.com/chat/completions
[00:07:57 INF] System.Net.Http.HttpClient.IDeepSeekClient.ClientHandler Sending HTTP request POST https://api.deepseek.com/chat/completions
[00:07:57 INF] System.Net.Http.HttpClient.IDeepSeekClient.LogicalHandler Start processing HTTP request POST https://api.deepseek.com/chat/completions
[00:07:57 INF] System.Net.Http.HttpClient.IDeepSeekClient.ClientHandler Sending HTTP request POST https://api.deepseek.com/chat/completions
[00:07:57 INF] System.Net.Http.HttpClient.IDeepSeekClient.LogicalHandler Start processing HTTP request POST https://api.deepseek.com/chat/completions
[00:07:57 INF] System.Net.Http.HttpClient.IDeepSeekClient.ClientHandler Sending HTTP request POST https://api.deepseek.com/chat/completions
[00:07:57 INF] System.Net.Http.HttpClient.IDeepSeekClient.LogicalHandler Start processing HTTP request POST https://api.deepseek.com/chat/completions
[00:07:57 INF] System.Net.Http.HttpClient.IDeepSeekClient.ClientHandler Sending HTTP request POST https://api.deepseek.com/chat/completions
[00:07:57 INF] System.Net.Http.HttpClient.IDeepSeekClient.ClientHandler Received HTTP response headers after 307.0825ms - 200
[00:07:57 INF] System.Net.Http.HttpClient.IDeepSeekClient.LogicalHandler End processing HTTP request after 307.5368ms - 200
[00:07:57 INF] System.Net.Http.HttpClient.IDeepSeekClient.LogicalHandler Start processing HTTP request POST https://api.deepseek.com/chat/completions
[00:07:57 INF] System.Net.Http.HttpClient.IDeepSeekClient.ClientHandler Sending HTTP request POST https://api.deepseek.com/chat/completions
[00:07:57 INF] System.Net.Http.HttpClient.IDeepSeekClient.LogicalHandler Start processing HTTP request POST https://api.deepseek.com/chat/completions
[00:07:57 INF] System.Net.Http.HttpClient.IDeepSeekClient.ClientHandler Sending HTTP request POST https://api.deepseek.com/chat/completions
[00:07:57 INF] System.Net.Http.HttpClient.IDeepSeekClient.ClientHandler Received HTTP response headers after 288.41ms - 200
[00:07:57 INF] System.Net.Http.HttpClient.IDeepSeekClient.LogicalHandler End processing HTTP request after 289.3013ms - 200
[00:07:57 INF] System.Net.Http.HttpClient.IDeepSeekClient.ClientHandler Received HTTP response headers after 284.4397ms - 200
[00:07:57 INF] System.Net.Http.HttpClient.IDeepSeekClient.LogicalHandler End processing HTTP request after 284.9632ms - 200
[00:07:57 INF] System.Net.Http.HttpClient.IDeepSeekClient.ClientHandler Received HTTP response headers after 282.54ms - 200
[00:07:57 INF] System.Net.Http.HttpClient.IDeepSeekClient.LogicalHandler End processing HTTP request after 282.7673ms - 200
[00:07:57 INF] System.Net.Http.HttpClient.IDeepSeekClient.LogicalHandler Start processing HTTP request POST https://api.deepseek.com/chat/completions
[00:07:57 INF] System.Net.Http.HttpClient.IDeepSeekClient.ClientHandler Sending HTTP request POST https://api.deepseek.com/chat/completions
[00:07:57 INF] System.Net.Http.HttpClient.IDeepSeekClient.ClientHandler Received HTTP response headers after 303.8629ms - 200
[00:07:57 INF] System.Net.Http.HttpClient.IDeepSeekClient.LogicalHandler End processing HTTP request after 304.0477ms - 200
[00:07:57 INF] System.Net.Http.HttpClient.IDeepSeekClient.LogicalHandler Start processing HTTP request POST https://api.deepseek.com/chat/completions
[00:07:57 INF] System.Net.Http.HttpClient.IDeepSeekClient.ClientHandler Sending HTTP request POST https://api.deepseek.com/chat/completions
[00:07:57 INF] System.Net.Http.HttpClient.IDeepSeekClient.ClientHandler Received HTTP response headers after 288.9572ms - 200
[00:07:57 INF] System.Net.Http.HttpClient.IDeepSeekClient.LogicalHandler End processing HTTP request after 289.1132ms - 200
[00:07:57 INF] System.Net.Http.HttpClient.IDeepSeekClient.ClientHandler Received HTTP response headers after 282.4755ms - 200
[00:07:57 INF] System.Net.Http.HttpClient.IDeepSeekClient.LogicalHandler End processing HTTP request after 282.716ms - 200
[00:07:57 INF] System.Net.Http.HttpClient.IDeepSeekClient.LogicalHandler Start processing HTTP request POST https://api.deepseek.com/chat/completions
[00:07:57 INF] System.Net.Http.HttpClient.IDeepSeekClient.ClientHandler Sending HTTP request POST https://api.deepseek.com/chat/completions
[00:07:57 INF] System.Net.Http.HttpClient.IDeepSeekClient.LogicalHandler Start processing HTTP request POST https://api.deepseek.com/chat/completions
[00:07:57 INF] System.Net.Http.HttpClient.IDeepSeekClient.ClientHandler Sending HTTP request POST https://api.deepseek.com/chat/completions
[00:07:57 INF] System.Net.Http.HttpClient.IDeepSeekClient.ClientHandler Received HTTP response headers after 290.271ms - 200
[00:07:57 INF] System.Net.Http.HttpClient.IDeepSeekClient.LogicalHandler End processing HTTP request after 290.5397ms - 200
[00:07:57 INF] System.Net.Http.HttpClient.IDeepSeekClient.LogicalHandler Start processing HTTP request POST https://api.deepseek.com/chat/completions
[00:07:57 INF] System.Net.Http.HttpClient.IDeepSeekClient.ClientHandler Sending HTTP request POST https://api.deepseek.com/chat/completions
[00:07:57 INF] System.Net.Http.HttpClient.IDeepSeekClient.ClientHandler Received HTTP response headers after 293.0182ms - 200
[00:07:57 INF] System.Net.Http.HttpClient.IDeepSeekClient.LogicalHandler End processing HTTP request after 293.2391ms - 200
[00:07:57 INF] System.Net.Http.HttpClient.IDeepSeekClient.LogicalHandler Start processing HTTP request POST https://api.deepseek.com/chat/completions
[00:07:57 INF] System.Net.Http.HttpClient.IDeepSeekClient.ClientHandler Sending HTTP request POST https://api.deepseek.com/chat/completions
[00:07:58 INF] System.Net.Http.HttpClient.IDeepSeekClient.LogicalHandler Start processing HTTP request POST https://api.deepseek.com/chat/completions
[00:07:58 INF] System.Net.Http.HttpClient.IDeepSeekClient.ClientHandler Sending HTTP request POST https://api.deepseek.com/chat/completions
[00:07:58 INF] System.Net.Http.HttpClient.IDeepSeekClient.ClientHandler Received HTTP response headers after 286.8617ms - 200
[00:07:58 INF] System.Net.Http.HttpClient.IDeepSeekClient.LogicalHandler End processing HTTP request after 287.2511ms - 200
[00:07:58 INF] System.Net.Http.HttpClient.IDeepSeekClient.LogicalHandler Start processing HTTP request POST https://api.deepseek.com/chat/completions
[00:07:58 INF] System.Net.Http.HttpClient.IDeepSeekClient.ClientHandler Sending HTTP request POST https://api.deepseek.com/chat/completions
[00:07:58 INF] System.Net.Http.HttpClient.IDeepSeekClient.LogicalHandler Start processing HTTP request POST https://api.deepseek.com/chat/completions
[00:07:58 INF] System.Net.Http.HttpClient.IDeepSeekClient.ClientHandler Sending HTTP request POST https://api.deepseek.com/chat/completions
[00:07:58 INF] System.Net.Http.HttpClient.IDeepSeekClient.LogicalHandler Start processing HTTP request POST https://api.deepseek.com/chat/completions
[00:07:58 INF] System.Net.Http.HttpClient.IDeepSeekClient.ClientHandler Sending HTTP request POST https://api.deepseek.com/chat/completions
[00:07:58 INF] System.Net.Http.HttpClient.IDeepSeekClient.ClientHandler Received HTTP response headers after 299.5934ms - 200
[00:07:58 INF] System.Net.Http.HttpClient.IDeepSeekClient.LogicalHandler End processing HTTP request after 299.7968ms - 200
[00:07:58 INF] System.Net.Http.HttpClient.IDeepSeekClient.LogicalHandler Start processing HTTP request POST https://api.deepseek.com/chat/completions
[00:07:58 INF] System.Net.Http.HttpClient.IDeepSeekClient.ClientHandler Sending HTTP request POST https://api.deepseek.com/chat/completions
[00:07:58 INF] System.Net.Http.HttpClient.IDeepSeekClient.ClientHandler Received HTTP response headers after 279.944ms - 200
[00:07:58 INF] System.Net.Http.HttpClient.IDeepSeekClient.LogicalHandler End processing HTTP request after 280.1161ms - 200
[00:07:58 INF] System.Net.Http.HttpClient.IDeepSeekClient.LogicalHandler Start processing HTTP request POST https://api.deepseek.com/chat/completions
[00:07:58 INF] System.Net.Http.HttpClient.IDeepSeekClient.ClientHandler Sending HTTP request POST https://api.deepseek.com/chat/completions
[00:07:58 INF] System.Net.Http.HttpClient.IDeepSeekClient.LogicalHandler Start processing HTTP request POST https://api.deepseek.com/chat/completions
[00:07:58 INF] System.Net.Http.HttpClient.IDeepSeekClient.ClientHandler Sending HTTP request POST https://api.deepseek.com/chat/completions
[00:07:58 INF] System.Net.Http.HttpClient.IDeepSeekClient.ClientHandler Received HTTP response headers after 287.4058ms - 200
[00:07:58 INF] System.Net.Http.HttpClient.IDeepSeekClient.LogicalHandler End processing HTTP request after 287.5582ms - 200
[00:07:58 INF] System.Net.Http.HttpClient.IDeepSeekClient.ClientHandler Received HTTP response headers after 274.5387ms - 200
[00:07:58 INF] System.Net.Http.HttpClient.IDeepSeekClient.LogicalHandler End processing HTTP request after 274.7356ms - 200
[00:07:58 INF] System.Net.Http.HttpClient.IDeepSeekClient.ClientHandler Received HTTP response headers after 285.678ms - 200
[00:07:58 INF] System.Net.Http.HttpClient.IDeepSeekClient.ClientHandler Received HTTP response headers after 288.7547ms - 200
[00:07:58 INF] System.Net.Http.HttpClient.IDeepSeekClient.LogicalHandler End processing HTTP request after 286.0516ms - 200
[00:07:58 INF] System.Net.Http.HttpClient.IDeepSeekClient.LogicalHandler End processing HTTP request after 289.204ms - 200
[00:07:58 INF] System.Net.Http.HttpClient.IDeepSeekClient.LogicalHandler Start processing HTTP request POST https://api.deepseek.com/chat/completions
[00:07:58 INF] System.Net.Http.HttpClient.IDeepSeekClient.ClientHandler Sending HTTP request POST https://api.deepseek.com/chat/completions
[00:07:58 INF] System.Net.Http.HttpClient.IDeepSeekClient.ClientHandler Received HTTP response headers after 280.1532ms - 200
[00:07:58 INF] System.Net.Http.HttpClient.IDeepSeekClient.LogicalHandler End processing HTTP request after 280.5037ms - 200
[00:07:58 INF] System.Net.Http.HttpClient.IDeepSeekClient.ClientHandler Received HTTP response headers after 277.977ms - 200
[00:07:58 INF] System.Net.Http.HttpClient.IDeepSeekClient.LogicalHandler End processing HTTP request after 278.2165ms - 200
[00:07:58 INF] System.Net.Http.HttpClient.IDeepSeekClient.LogicalHandler Start processing HTTP request POST https://api.deepseek.com/chat/completions
[00:07:58 INF] System.Net.Http.HttpClient.IDeepSeekClient.ClientHandler Sending HTTP request POST https://api.deepseek.com/chat/completions
[00:07:58 INF] System.Net.Http.HttpClient.IDeepSeekClient.ClientHandler Received HTTP response headers after 284.8477ms - 200
[00:07:58 INF] System.Net.Http.HttpClient.IDeepSeekClient.LogicalHandler End processing HTTP request after 284.9866ms - 200
[00:07:58 INF] System.Net.Http.HttpClient.IDeepSeekClient.ClientHandler Received HTTP response headers after 289.416ms - 200
[00:07:58 INF] System.Net.Http.HttpClient.IDeepSeekClient.LogicalHandler End processing HTTP request after 289.5607ms - 200
[00:07:58 INF] System.Net.Http.HttpClient.IDeepSeekClient.LogicalHandler Start processing HTTP request POST https://api.deepseek.com/chat/completions
[00:07:58 INF] System.Net.Http.HttpClient.IDeepSeekClient.ClientHandler Sending HTTP request POST https://api.deepseek.com/chat/completions
[00:07:58 INF] System.Net.Http.HttpClient.IDeepSeekClient.LogicalHandler Start processing HTTP request POST https://api.deepseek.com/chat/completions
[00:07:58 INF] System.Net.Http.HttpClient.IDeepSeekClient.ClientHandler Sending HTTP request POST https://api.deepseek.com/chat/completions
[00:07:58 INF] System.Net.Http.HttpClient.IDeepSeekClient.ClientHandler Received HTTP response headers after 296.6145ms - 200
[00:07:58 INF] System.Net.Http.HttpClient.IDeepSeekClient.LogicalHandler End processing HTTP request after 297.2318ms - 200
[00:07:58 INF] System.Net.Http.HttpClient.IDeepSeekClient.ClientHandler Received HTTP response headers after 281.6386ms - 200
[00:07:58 INF] System.Net.Http.HttpClient.IDeepSeekClient.LogicalHandler End processing HTTP request after 282.0792ms - 200
[00:07:58 INF] System.Net.Http.HttpClient.IDeepSeekClient.LogicalHandler Start processing HTTP request POST https://api.deepseek.com/chat/completions
[00:07:58 INF] System.Net.Http.HttpClient.IDeepSeekClient.ClientHandler Sending HTTP request POST https://api.deepseek.com/chat/completions
[00:07:58 INF] System.Net.Http.HttpClient.IDeepSeekClient.ClientHandler Received HTTP response headers after 290.4715ms - 200
[00:07:58 INF] System.Net.Http.HttpClient.IDeepSeekClient.LogicalHandler End processing HTTP request after 290.7042ms - 200
[00:07:58 INF] System.Net.Http.HttpClient.IDeepSeekClient.ClientHandler Received HTTP response headers after 308.729ms - 200
[00:07:58 INF] System.Net.Http.HttpClient.IDeepSeekClient.LogicalHandler End processing HTTP request after 308.9955ms - 200
[00:07:59 INF] System.Net.Http.HttpClient.IDeepSeekClient.LogicalHandler Start processing HTTP request POST https://api.deepseek.com/chat/completions
[00:07:59 INF] System.Net.Http.HttpClient.IDeepSeekClient.ClientHandler Sending HTTP request POST https://api.deepseek.com/chat/completions
[00:07:59 INF] System.Net.Http.HttpClient.IDeepSeekClient.LogicalHandler Start processing HTTP request POST https://api.deepseek.com/chat/completions
[00:07:59 INF] System.Net.Http.HttpClient.IDeepSeekClient.ClientHandler Sending HTTP request POST https://api.deepseek.com/chat/completions
[00:07:59 INF] System.Net.Http.HttpClient.IDeepSeekClient.LogicalHandler Start processing HTTP request POST https://api.deepseek.com/chat/completions
[00:07:59 INF] System.Net.Http.HttpClient.IDeepSeekClient.ClientHandler Sending HTTP request POST https://api.deepseek.com/chat/completions
[00:07:59 INF] System.Net.Http.HttpClient.IDeepSeekClient.ClientHandler Received HTTP response headers after 296.274ms - 200
[00:07:59 INF] System.Net.Http.HttpClient.IDeepSeekClient.LogicalHandler End processing HTTP request after 296.5592ms - 200
[00:07:59 INF] System.Net.Http.HttpClient.IDeepSeekClient.LogicalHandler Start processing HTTP request POST https://api.deepseek.com/chat/completions
[00:07:59 INF] System.Net.Http.HttpClient.IDeepSeekClient.ClientHandler Sending HTTP request POST https://api.deepseek.com/chat/completions
[00:07:59 INF] System.Net.Http.HttpClient.IDeepSeekClient.LogicalHandler Start processing HTTP request POST https://api.deepseek.com/chat/completions
[00:07:59 INF] System.Net.Http.HttpClient.IDeepSeekClient.ClientHandler Sending HTTP request POST https://api.deepseek.com/chat/completions
[00:07:59 INF] System.Net.Http.HttpClient.IDeepSeekClient.LogicalHandler Start processing HTTP request POST https://api.deepseek.com/chat/completions
[00:07:59 INF] System.Net.Http.HttpClient.IDeepSeekClient.ClientHandler Sending HTTP request POST https://api.deepseek.com/chat/completions
[00:07:59 INF] System.Net.Http.HttpClient.IDeepSeekClient.ClientHandler Received HTTP response headers after 284.9257ms - 200
[00:07:59 INF] System.Net.Http.HttpClient.IDeepSeekClient.LogicalHandler End processing HTTP request after 285.3043ms - 200
[00:07:59 INF] System.Net.Http.HttpClient.IDeepSeekClient.ClientHandler Received HTTP response headers after 327.3589ms - 200
[00:07:59 INF] System.Net.Http.HttpClient.IDeepSeekClient.LogicalHandler End processing HTTP request after 327.7758ms - 200
[00:07:59 INF] System.Net.Http.HttpClient.IDeepSeekClient.LogicalHandler Start processing HTTP request POST https://api.deepseek.com/chat/completions
[00:07:59 INF] System.Net.Http.HttpClient.IDeepSeekClient.ClientHandler Sending HTTP request POST https://api.deepseek.com/chat/completions
[00:07:59 INF] System.Net.Http.HttpClient.IDeepSeekClient.ClientHandler Received HTTP response headers after 288.7318ms - 200
[00:07:59 INF] System.Net.Http.HttpClient.IDeepSeekClient.LogicalHandler End processing HTTP request after 289.0837ms - 200
[00:07:59 INF] System.Net.Http.HttpClient.IDeepSeekClient.ClientHandler Received HTTP response headers after 286.5429ms - 200
[00:07:59 INF] System.Net.Http.HttpClient.IDeepSeekClient.LogicalHandler End processing HTTP request after 287.0354ms - 200
[00:07:59 INF] System.Net.Http.HttpClient.IDeepSeekClient.ClientHandler Received HTTP response headers after 283.9749ms - 200
[00:07:59 INF] System.Net.Http.HttpClient.IDeepSeekClient.LogicalHandler End processing HTTP request after 284.4387ms - 200
[00:07:59 INF] System.Net.Http.HttpClient.IDeepSeekClient.LogicalHandler Start processing HTTP request POST https://api.deepseek.com/chat/completions
[00:07:59 INF] System.Net.Http.HttpClient.IDeepSeekClient.ClientHandler Sending HTTP request POST https://api.deepseek.com/chat/completions
[00:07:59 INF] System.Net.Http.HttpClient.IDeepSeekClient.LogicalHandler Start processing HTTP request POST https://api.deepseek.com/chat/completions
[00:07:59 INF] System.Net.Http.HttpClient.IDeepSeekClient.ClientHandler Sending HTTP request POST https://api.deepseek.com/chat/completions
[00:07:59 INF] System.Net.Http.HttpClient.IDeepSeekClient.ClientHandler Received HTTP response headers after 287.7108ms - 200
[00:07:59 INF] System.Net.Http.HttpClient.IDeepSeekClient.LogicalHandler End processing HTTP request after 288.0903ms - 200
[00:07:59 INF] System.Net.Http.HttpClient.IDeepSeekClient.LogicalHandler Start processing HTTP request POST https://api.deepseek.com/chat/completions
[00:07:59 INF] System.Net.Http.HttpClient.IDeepSeekClient.ClientHandler Sending HTTP request POST https://api.deepseek.com/chat/completions
[00:07:59 INF] System.Net.Http.HttpClient.IDeepSeekClient.ClientHandler Received HTTP response headers after 282.6024ms - 200
[00:07:59 INF] System.Net.Http.HttpClient.IDeepSeekClient.LogicalHandler End processing HTTP request after 283.3507ms - 200
[00:07:59 INF] System.Net.Http.HttpClient.IDeepSeekClient.LogicalHandler Start processing HTTP request POST https://api.deepseek.com/chat/completions
[00:07:59 INF] System.Net.Http.HttpClient.IDeepSeekClient.ClientHandler Sending HTTP request POST https://api.deepseek.com/chat/completions
[00:07:59 INF] System.Net.Http.HttpClient.IDeepSeekClient.LogicalHandler Start processing HTTP request POST https://api.deepseek.com/chat/completions
[00:07:59 INF] System.Net.Http.HttpClient.IDeepSeekClient.ClientHandler Sending HTTP request POST https://api.deepseek.com/chat/completions
[00:07:59 INF] System.Net.Http.HttpClient.IDeepSeekClient.ClientHandler Received HTTP response headers after 297.7586ms - 200
[00:07:59 INF] System.Net.Http.HttpClient.IDeepSeekClient.LogicalHandler End processing HTTP request after 299.0285ms - 200
[00:07:59 INF] System.Net.Http.HttpClient.IDeepSeekClient.ClientHandler Received HTTP response headers after 284.6722ms - 200
[00:07:59 INF] System.Net.Http.HttpClient.IDeepSeekClient.LogicalHandler End processing HTTP request after 285.3158ms - 200
[00:07:59 INF] System.Net.Http.HttpClient.IDeepSeekClient.LogicalHandler Start processing HTTP request POST https://api.deepseek.com/chat/completions
[00:07:59 INF] System.Net.Http.HttpClient.IDeepSeekClient.ClientHandler Sending HTTP request POST https://api.deepseek.com/chat/completions
[00:07:59 INF] System.Net.Http.HttpClient.IDeepSeekClient.LogicalHandler Start processing HTTP request POST https://api.deepseek.com/chat/completions
[00:07:59 INF] System.Net.Http.HttpClient.IDeepSeekClient.ClientHandler Sending HTTP request POST https://api.deepseek.com/chat/completions
[00:07:59 INF] System.Net.Http.HttpClient.IDeepSeekClient.ClientHandler Received HTTP response headers after 284.9843ms - 200
[00:07:59 INF] System.Net.Http.HttpClient.IDeepSeekClient.LogicalHandler End processing HTTP request after 285.4457ms - 200
[00:07:59 INF] System.Net.Http.HttpClient.IDeepSeekClient.LogicalHandler Start processing HTTP request POST https://api.deepseek.com/chat/completions
[00:07:59 INF] System.Net.Http.HttpClient.IDeepSeekClient.ClientHandler Sending HTTP request POST https://api.deepseek.com/chat/completions
[00:07:59 INF] System.Net.Http.HttpClient.IDeepSeekClient.ClientHandler Received HTTP response headers after 287.2775ms - 200
[00:07:59 INF] System.Net.Http.HttpClient.IDeepSeekClient.LogicalHandler End processing HTTP request after 287.4642ms - 200
[00:07:59 INF] System.Net.Http.HttpClient.IDeepSeekClient.ClientHandler Received HTTP response headers after 284.7384ms - 200
[00:07:59 INF] System.Net.Http.HttpClient.IDeepSeekClient.LogicalHandler End processing HTTP request after 284.9533ms - 200
[00:08:00 INF] System.Net.Http.HttpClient.IDeepSeekClient.ClientHandler Received HTTP response headers after 298.5534ms - 200
[00:08:00 INF] System.Net.Http.HttpClient.IDeepSeekClient.LogicalHandler End processing HTTP request after 299.071ms - 200
[00:08:00 INF] System.Net.Http.HttpClient.IDeepSeekClient.ClientHandler Received HTTP response headers after 294.6713ms - 200
[00:08:00 INF] System.Net.Http.HttpClient.IDeepSeekClient.ClientHandler Received HTTP response headers after 281.107ms - 200
[00:08:00 INF] System.Net.Http.HttpClient.IDeepSeekClient.LogicalHandler End processing HTTP request after 281.3969ms - 200
[00:08:00 INF] System.Net.Http.HttpClient.IDeepSeekClient.LogicalHandler End processing HTTP request after 295.62ms - 200
[00:08:00 INF] System.Net.Http.HttpClient.IDeepSeekClient.LogicalHandler Start processing HTTP request POST https://api.deepseek.com/chat/completions
[00:08:00 INF] System.Net.Http.HttpClient.IDeepSeekClient.ClientHandler Sending HTTP request POST https://api.deepseek.com/chat/completions
[00:08:00 INF] System.Net.Http.HttpClient.IDeepSeekClient.LogicalHandler Start processing HTTP request POST https://api.deepseek.com/chat/completions
[00:08:00 INF] System.Net.Http.HttpClient.IDeepSeekClient.ClientHandler Sending HTTP request POST https://api.deepseek.com/chat/completions
[00:08:00 INF] System.Net.Http.HttpClient.IDeepSeekClient.ClientHandler Received HTTP response headers after 294.693ms - 200
[00:08:00 INF] System.Net.Http.HttpClient.IDeepSeekClient.LogicalHandler End processing HTTP request after 295.2983ms - 200
[00:08:00 INF] System.Net.Http.HttpClient.IDeepSeekClient.LogicalHandler Start processing HTTP request POST https://api.deepseek.com/chat/completions
[00:08:00 INF] System.Net.Http.HttpClient.IDeepSeekClient.ClientHandler Sending HTTP request POST https://api.deepseek.com/chat/completions
[00:08:00 INF] System.Net.Http.HttpClient.IDeepSeekClient.LogicalHandler Start processing HTTP request POST https://api.deepseek.com/chat/completions
[00:08:00 INF] System.Net.Http.HttpClient.IDeepSeekClient.ClientHandler Sending HTTP request POST https://api.deepseek.com/chat/completions
[00:08:00 INF] System.Net.Http.HttpClient.IDeepSeekClient.ClientHandler Received HTTP response headers after 291.9535ms - 200
[00:08:00 INF] System.Net.Http.HttpClient.IDeepSeekClient.LogicalHandler End processing HTTP request after 293.6653ms - 200
[00:08:00 INF] System.Net.Http.HttpClient.IDeepSeekClient.LogicalHandler Start processing HTTP request POST https://api.deepseek.com/chat/completions
[00:08:00 INF] System.Net.Http.HttpClient.IDeepSeekClient.ClientHandler Sending HTTP request POST https://api.deepseek.com/chat/completions
[00:08:00 INF] System.Net.Http.HttpClient.IDeepSeekClient.LogicalHandler Start processing HTTP request POST https://api.deepseek.com/chat/completions
[00:08:00 INF] System.Net.Http.HttpClient.IDeepSeekClient.ClientHandler Sending HTTP request POST https://api.deepseek.com/chat/completions
[00:08:00 INF] System.Net.Http.HttpClient.IDeepSeekClient.LogicalHandler Start processing HTTP request POST https://api.deepseek.com/chat/completions
[00:08:00 INF] System.Net.Http.HttpClient.IDeepSeekClient.ClientHandler Sending HTTP request POST https://api.deepseek.com/chat/completions
[00:08:00 INF] System.Net.Http.HttpClient.IDeepSeekClient.ClientHandler Received HTTP response headers after 276.7201ms - 200
[00:08:00 INF] System.Net.Http.HttpClient.IDeepSeekClient.LogicalHandler End processing HTTP request after 277.3482ms - 200
[00:08:00 INF] System.Net.Http.HttpClient.IDeepSeekClient.LogicalHandler Start processing HTTP request POST https://api.deepseek.com/chat/completions
[00:08:00 INF] System.Net.Http.HttpClient.IDeepSeekClient.ClientHandler Sending HTTP request POST https://api.deepseek.com/chat/completions
[00:08:00 INF] System.Net.Http.HttpClient.IDeepSeekClient.ClientHandler Received HTTP response headers after 301.5095ms - 200
[00:08:00 INF] System.Net.Http.HttpClient.IDeepSeekClient.LogicalHandler End processing HTTP request after 302.3207ms - 200
[00:08:00 INF] System.Net.Http.HttpClient.IDeepSeekClient.LogicalHandler Start processing HTTP request POST https://api.deepseek.com/chat/completions
[00:08:00 INF] System.Net.Http.HttpClient.IDeepSeekClient.ClientHandler Sending HTTP request POST https://api.deepseek.com/chat/completions
[00:08:00 INF] System.Net.Http.HttpClient.IDeepSeekClient.LogicalHandler Start processing HTTP request POST https://api.deepseek.com/chat/completions
[00:08:00 INF] System.Net.Http.HttpClient.IDeepSeekClient.ClientHandler Sending HTTP request POST https://api.deepseek.com/chat/completions
[00:08:01 INF] System.Net.Http.HttpClient.IDeepSeekClient.ClientHandler Received HTTP response headers after 274.9447ms - 200
[00:08:01 INF] System.Net.Http.HttpClient.IDeepSeekClient.LogicalHandler End processing HTTP request after 275.3247ms - 200
[00:08:01 INF] System.Net.Http.HttpClient.IDeepSeekClient.LogicalHandler Start processing HTTP request POST https://api.deepseek.com/chat/completions
[00:08:01 INF] System.Net.Http.HttpClient.IDeepSeekClient.ClientHandler Sending HTTP request POST https://api.deepseek.com/chat/completions
[00:08:01 INF] System.Net.Http.HttpClient.IDeepSeekClient.ClientHandler Received HTTP response headers after 361.8687ms - 200
[00:08:01 INF] System.Net.Http.HttpClient.IDeepSeekClient.LogicalHandler End processing HTTP request after 363.6027ms - 200
[00:08:01 INF] System.Net.Http.HttpClient.IDeepSeekClient.ClientHandler Received HTTP response headers after 297.873ms - 200
[00:08:01 INF] System.Net.Http.HttpClient.IDeepSeekClient.LogicalHandler End processing HTTP request after 298.0818ms - 200
[00:08:01 INF] System.Net.Http.HttpClient.IDeepSeekClient.LogicalHandler Start processing HTTP request POST https://api.deepseek.com/chat/completions
[00:08:01 INF] System.Net.Http.HttpClient.IDeepSeekClient.ClientHandler Sending HTTP request POST https://api.deepseek.com/chat/completions
[00:08:01 INF] System.Net.Http.HttpClient.IDeepSeekClient.LogicalHandler Start processing HTTP request POST https://api.deepseek.com/chat/completions
[00:08:01 INF] System.Net.Http.HttpClient.IDeepSeekClient.ClientHandler Sending HTTP request POST https://api.deepseek.com/chat/completions
[00:08:01 INF] System.Net.Http.HttpClient.IDeepSeekClient.ClientHandler Received HTTP response headers after 295.4965ms - 200
[00:08:01 INF] System.Net.Http.HttpClient.IDeepSeekClient.LogicalHandler End processing HTTP request after 295.6386ms - 200
[00:08:01 INF] System.Net.Http.HttpClient.IDeepSeekClient.ClientHandler Received HTTP response headers after 294.8703ms - 200
[00:08:01 INF] System.Net.Http.HttpClient.IDeepSeekClient.LogicalHandler End processing HTTP request after 295.0471ms - 200
[00:08:01 INF] System.Net.Http.HttpClient.IDeepSeekClient.LogicalHandler Start processing HTTP request POST https://api.deepseek.com/chat/completions
[00:08:01 INF] System.Net.Http.HttpClient.IDeepSeekClient.ClientHandler Sending HTTP request POST https://api.deepseek.com/chat/completions
[00:08:01 INF] System.Net.Http.HttpClient.IDeepSeekClient.LogicalHandler Start processing HTTP request POST https://api.deepseek.com/chat/completions
[00:08:01 INF] System.Net.Http.HttpClient.IDeepSeekClient.ClientHandler Sending HTTP request POST https://api.deepseek.com/chat/completions
[00:08:01 INF] System.Net.Http.HttpClient.IDeepSeekClient.ClientHandler Received HTTP response headers after 295.7109ms - 200
[00:08:01 INF] System.Net.Http.HttpClient.IDeepSeekClient.LogicalHandler End processing HTTP request after 296.3687ms - 200
[00:08:01 INF] System.Net.Http.HttpClient.IDeepSeekClient.LogicalHandler Start processing HTTP request POST https://api.deepseek.com/chat/completions
[00:08:01 INF] System.Net.Http.HttpClient.IDeepSeekClient.ClientHandler Sending HTTP request POST https://api.deepseek.com/chat/completions
[00:08:01 INF] System.Net.Http.HttpClient.IDeepSeekClient.ClientHandler Received HTTP response headers after 282.0965ms - 200
[00:08:01 INF] System.Net.Http.HttpClient.IDeepSeekClient.LogicalHandler End processing HTTP request after 282.453ms - 200
[00:08:01 INF] System.Net.Http.HttpClient.IDeepSeekClient.LogicalHandler Start processing HTTP request POST https://api.deepseek.com/chat/completions
[00:08:01 INF] System.Net.Http.HttpClient.IDeepSeekClient.ClientHandler Sending HTTP request POST https://api.deepseek.com/chat/completions
[00:08:01 INF] System.Net.Http.HttpClient.IDeepSeekClient.ClientHandler Received HTTP response headers after 284.8132ms - 200
[00:08:01 INF] System.Net.Http.HttpClient.IDeepSeekClient.LogicalHandler End processing HTTP request after 285.1879ms - 200
[00:08:01 INF] System.Net.Http.HttpClient.IDeepSeekClient.ClientHandler Received HTTP response headers after 281.3507ms - 200
[00:08:01 INF] System.Net.Http.HttpClient.IDeepSeekClient.LogicalHandler End processing HTTP request after 281.6292ms - 200
[00:08:01 INF] System.Net.Http.HttpClient.IDeepSeekClient.LogicalHandler Start processing HTTP request POST https://api.deepseek.com/chat/completions
[00:08:01 INF] System.Net.Http.HttpClient.IDeepSeekClient.ClientHandler Sending HTTP request POST https://api.deepseek.com/chat/completions
[00:08:01 INF] System.Net.Http.HttpClient.IDeepSeekClient.ClientHandler Received HTTP response headers after 294.1719ms - 200
[00:08:01 INF] System.Net.Http.HttpClient.IDeepSeekClient.LogicalHandler End processing HTTP request after 294.4739ms - 200
[00:08:01 INF] System.Net.Http.HttpClient.IDeepSeekClient.ClientHandler Received HTTP response headers after 281.6704ms - 200
[00:08:01 INF] System.Net.Http.HttpClient.IDeepSeekClient.LogicalHandler End processing HTTP request after 282.8047ms - 200
[00:08:01 INF] System.Net.Http.HttpClient.IDeepSeekClient.ClientHandler Received HTTP response headers after 271.9643ms - 200
[00:08:01 INF] System.Net.Http.HttpClient.IDeepSeekClient.LogicalHandler End processing HTTP request after 272.7659ms - 200
[00:08:01 INF] System.Net.Http.HttpClient.IDeepSeekClient.LogicalHandler Start processing HTTP request POST https://api.deepseek.com/chat/completions
[00:08:01 INF] System.Net.Http.HttpClient.IDeepSeekClient.ClientHandler Sending HTTP request POST https://api.deepseek.com/chat/completions
[00:08:01 INF] System.Net.Http.HttpClient.IDeepSeekClient.ClientHandler Received HTTP response headers after 282.2553ms - 200
[00:08:01 INF] System.Net.Http.HttpClient.IDeepSeekClient.LogicalHandler End processing HTTP request after 282.703ms - 200
[00:08:01 INF] System.Net.Http.HttpClient.IDeepSeekClient.LogicalHandler Start processing HTTP request POST https://api.deepseek.com/chat/completions
[00:08:01 INF] System.Net.Http.HttpClient.IDeepSeekClient.ClientHandler Sending HTTP request POST https://api.deepseek.com/chat/completions
[00:08:01 INF] System.Net.Http.HttpClient.IDeepSeekClient.ClientHandler Received HTTP response headers after 287.9704ms - 200
[00:08:01 INF] System.Net.Http.HttpClient.IDeepSeekClient.LogicalHandler End processing HTTP request after 288.6156ms - 200
[00:08:01 INF] System.Net.Http.HttpClient.IDeepSeekClient.LogicalHandler Start processing HTTP request POST https://api.deepseek.com/chat/completions
[00:08:01 INF] System.Net.Http.HttpClient.IDeepSeekClient.ClientHandler Sending HTTP request POST https://api.deepseek.com/chat/completions
[00:08:01 INF] System.Net.Http.HttpClient.IDeepSeekClient.LogicalHandler Start processing HTTP request POST https://api.deepseek.com/chat/completions
[00:08:01 INF] System.Net.Http.HttpClient.IDeepSeekClient.ClientHandler Sending HTTP request POST https://api.deepseek.com/chat/completions
[00:08:01 INF] System.Net.Http.HttpClient.IDeepSeekClient.LogicalHandler Start processing HTTP request POST https://api.deepseek.com/chat/completions
[00:08:01 INF] System.Net.Http.HttpClient.IDeepSeekClient.ClientHandler Sending HTTP request POST https://api.deepseek.com/chat/completions
[00:08:01 INF] System.Net.Http.HttpClient.IDeepSeekClient.LogicalHandler Start processing HTTP request POST https://api.deepseek.com/chat/completions
[00:08:01 INF] System.Net.Http.HttpClient.IDeepSeekClient.ClientHandler Sending HTTP request POST https://api.deepseek.com/chat/completions
[00:08:01 INF] System.Net.Http.HttpClient.IDeepSeekClient.LogicalHandler Start processing HTTP request POST https://api.deepseek.com/chat/completions
[00:08:01 INF] System.Net.Http.HttpClient.IDeepSeekClient.ClientHandler Sending HTTP request POST https://api.deepseek.com/chat/completions
[00:08:01 INF] System.Net.Http.HttpClient.IDeepSeekClient.LogicalHandler Start processing HTTP request POST https://api.deepseek.com/chat/completions
[00:08:01 INF] System.Net.Http.HttpClient.IDeepSeekClient.ClientHandler Sending HTTP request POST https://api.deepseek.com/chat/completions
[00:08:01 INF] System.Net.Http.HttpClient.IDeepSeekClient.LogicalHandler Start processing HTTP request POST https://api.deepseek.com/chat/completions
[00:08:01 INF] System.Net.Http.HttpClient.IDeepSeekClient.ClientHandler Sending HTTP request POST https://api.deepseek.com/chat/completions
[00:08:01 INF] System.Net.Http.HttpClient.IDeepSeekClient.ClientHandler Received HTTP response headers after 280.2667ms - 200
[00:08:01 INF] System.Net.Http.HttpClient.IDeepSeekClient.LogicalHandler End processing HTTP request after 280.8205ms - 200
[00:08:01 INF] System.Net.Http.HttpClient.IDeepSeekClient.LogicalHandler Start processing HTTP request POST https://api.deepseek.com/chat/completions
[00:08:01 INF] System.Net.Http.HttpClient.IDeepSeekClient.ClientHandler Sending HTTP request POST https://api.deepseek.com/chat/completions
[00:08:01 INF] System.Net.Http.HttpClient.IDeepSeekClient.ClientHandler Received HTTP response headers after 299.3079ms - 200
[00:08:01 INF] System.Net.Http.HttpClient.IDeepSeekClient.LogicalHandler End processing HTTP request after 299.607ms - 200
[00:08:01 INF] System.Net.Http.HttpClient.IDeepSeekClient.ClientHandler Received HTTP response headers after 280.846ms - 200
[00:08:01 INF] System.Net.Http.HttpClient.IDeepSeekClient.LogicalHandler End processing HTTP request after 281.2161ms - 200
[00:08:02 INF] System.Net.Http.HttpClient.IDeepSeekClient.ClientHandler Received HTTP response headers after 296.7355ms - 200
[00:08:02 INF] System.Net.Http.HttpClient.IDeepSeekClient.ClientHandler Received HTTP response headers after 284.9627ms - 200
[00:08:02 INF] System.Net.Http.HttpClient.IDeepSeekClient.LogicalHandler End processing HTTP request after 297.1622ms - 200
[00:08:02 INF] System.Net.Http.HttpClient.IDeepSeekClient.LogicalHandler End processing HTTP request after 285.4544ms - 200
[00:08:02 INF] System.Net.Http.HttpClient.IDeepSeekClient.ClientHandler Received HTTP response headers after 295.3121ms - 200
[00:08:02 INF] System.Net.Http.HttpClient.IDeepSeekClient.LogicalHandler End processing HTTP request after 295.7339ms - 200
[00:08:02 INF] System.Net.Http.HttpClient.IDeepSeekClient.LogicalHandler Start processing HTTP request POST https://api.deepseek.com/chat/completions
[00:08:02 INF] System.Net.Http.HttpClient.IDeepSeekClient.ClientHandler Sending HTTP request POST https://api.deepseek.com/chat/completions
[00:08:02 INF] System.Net.Http.HttpClient.IDeepSeekClient.ClientHandler Received HTTP response headers after 289.1027ms - 200
[00:08:02 INF] System.Net.Http.HttpClient.IDeepSeekClient.LogicalHandler End processing HTTP request after 289.5577ms - 200
[00:08:02 INF] System.Net.Http.HttpClient.IDeepSeekClient.ClientHandler Received HTTP response headers after 277.8582ms - 200
[00:08:02 INF] System.Net.Http.HttpClient.IDeepSeekClient.LogicalHandler End processing HTTP request after 279.7509ms - 200
[00:08:02 INF] System.Net.Http.HttpClient.IDeepSeekClient.ClientHandler Received HTTP response headers after 284.5376ms - 200
[00:08:02 INF] System.Net.Http.HttpClient.IDeepSeekClient.LogicalHandler End processing HTTP request after 285.3543ms - 200
[00:08:02 INF] System.Net.Http.HttpClient.IDeepSeekClient.LogicalHandler Start processing HTTP request POST https://api.deepseek.com/chat/completions
[00:08:02 INF] System.Net.Http.HttpClient.IDeepSeekClient.ClientHandler Sending HTTP request POST https://api.deepseek.com/chat/completions
[00:08:02 INF] System.Net.Http.HttpClient.IDeepSeekClient.ClientHandler Received HTTP response headers after 287.7617ms - 200
[00:08:02 INF] System.Net.Http.HttpClient.IDeepSeekClient.LogicalHandler End processing HTTP request after 288.2705ms - 200
[00:08:02 INF] System.Net.Http.HttpClient.IDeepSeekClient.LogicalHandler Start processing HTTP request POST https://api.deepseek.com/chat/completions
[00:08:02 INF] System.Net.Http.HttpClient.IDeepSeekClient.ClientHandler Sending HTTP request POST https://api.deepseek.com/chat/completions
[00:08:02 INF] System.Net.Http.HttpClient.IDeepSeekClient.LogicalHandler Start processing HTTP request POST https://api.deepseek.com/chat/completions
[00:08:02 INF] System.Net.Http.HttpClient.IDeepSeekClient.ClientHandler Sending HTTP request POST https://api.deepseek.com/chat/completions
[00:08:02 INF] System.Net.Http.HttpClient.IDeepSeekClient.LogicalHandler Start processing HTTP request POST https://api.deepseek.com/chat/completions
[00:08:02 INF] System.Net.Http.HttpClient.IDeepSeekClient.ClientHandler Sending HTTP request POST https://api.deepseek.com/chat/completions
[00:08:02 INF] System.Net.Http.HttpClient.IDeepSeekClient.LogicalHandler Start processing HTTP request POST https://api.deepseek.com/chat/completions
[00:08:02 INF] System.Net.Http.HttpClient.IDeepSeekClient.ClientHandler Sending HTTP request POST https://api.deepseek.com/chat/completions
[00:08:02 INF] System.Net.Http.HttpClient.IDeepSeekClient.LogicalHandler Start processing HTTP request POST https://api.deepseek.com/chat/completions
[00:08:02 INF] System.Net.Http.HttpClient.IDeepSeekClient.ClientHandler Sending HTTP request POST https://api.deepseek.com/chat/completions
[00:08:02 INF] System.Net.Http.HttpClient.IDeepSeekClient.ClientHandler Received HTTP response headers after 282.1533ms - 200
[00:08:02 INF] System.Net.Http.HttpClient.IDeepSeekClient.LogicalHandler End processing HTTP request after 282.6335ms - 200
[00:08:02 INF] System.Net.Http.HttpClient.IDeepSeekClient.LogicalHandler Start processing HTTP request POST https://api.deepseek.com/chat/completions
[00:08:02 INF] System.Net.Http.HttpClient.IDeepSeekClient.ClientHandler Sending HTTP request POST https://api.deepseek.com/chat/completions
[00:08:02 INF] System.Net.Http.HttpClient.IDeepSeekClient.LogicalHandler Start processing HTTP request POST https://api.deepseek.com/chat/completions
[00:08:02 INF] System.Net.Http.HttpClient.IDeepSeekClient.ClientHandler Sending HTTP request POST https://api.deepseek.com/chat/completions
[00:08:02 INF] System.Net.Http.HttpClient.IDeepSeekClient.LogicalHandler Start processing HTTP request POST https://api.deepseek.com/chat/completions
[00:08:02 INF] System.Net.Http.HttpClient.IDeepSeekClient.ClientHandler Sending HTTP request POST https://api.deepseek.com/chat/completions
[00:08:02 INF] System.Net.Http.HttpClient.IDeepSeekClient.LogicalHandler Start processing HTTP request POST https://api.deepseek.com/chat/completions
[00:08:02 INF] System.Net.Http.HttpClient.IDeepSeekClient.ClientHandler Sending HTTP request POST https://api.deepseek.com/chat/completions
[00:08:02 INF] System.Net.Http.HttpClient.IDeepSeekClient.ClientHandler Received HTTP response headers after 295.7635ms - 200
[00:08:02 INF] System.Net.Http.HttpClient.IDeepSeekClient.LogicalHandler End processing HTTP request after 296.2962ms - 200
[00:08:02 INF] System.Net.Http.HttpClient.IDeepSeekClient.ClientHandler Received HTTP response headers after 283.9767ms - 200
[00:08:02 INF] System.Net.Http.HttpClient.IDeepSeekClient.LogicalHandler End processing HTTP request after 284.3346ms - 200
[00:08:02 INF] System.Net.Http.HttpClient.IDeepSeekClient.ClientHandler Received HTTP response headers after 290.3474ms - 200
[00:08:02 INF] System.Net.Http.HttpClient.IDeepSeekClient.LogicalHandler End processing HTTP request after 290.8481ms - 200
[00:08:02 INF] System.Net.Http.HttpClient.IDeepSeekClient.ClientHandler Received HTTP response headers after 293.8605ms - 200
[00:08:02 INF] System.Net.Http.HttpClient.IDeepSeekClient.LogicalHandler End processing HTTP request after 294.4412ms - 200
[00:08:02 INF] System.Net.Http.HttpClient.IDeepSeekClient.ClientHandler Received HTTP response headers after 295.8016ms - 200
[00:08:02 INF] System.Net.Http.HttpClient.IDeepSeekClient.LogicalHandler End processing HTTP request after 297.2261ms - 200
[00:08:02 INF] System.Net.Http.HttpClient.IDeepSeekClient.LogicalHandler Start processing HTTP request POST https://api.deepseek.com/chat/completions
[00:08:02 INF] System.Net.Http.HttpClient.IDeepSeekClient.ClientHandler Sending HTTP request POST https://api.deepseek.com/chat/completions
[00:08:02 INF] System.Net.Http.HttpClient.IDeepSeekClient.ClientHandler Received HTTP response headers after 292.0721ms - 200
[00:08:02 INF] System.Net.Http.HttpClient.IDeepSeekClient.LogicalHandler End processing HTTP request after 292.6626ms - 200
[00:08:02 INF] System.Net.Http.HttpClient.IDeepSeekClient.LogicalHandler Start processing HTTP request POST https://api.deepseek.com/chat/completions
[00:08:02 INF] System.Net.Http.HttpClient.IDeepSeekClient.ClientHandler Sending HTTP request POST https://api.deepseek.com/chat/completions
[00:08:02 INF] System.Net.Http.HttpClient.IDeepSeekClient.ClientHandler Received HTTP response headers after 280.8414ms - 200
[00:08:02 INF] System.Net.Http.HttpClient.IDeepSeekClient.LogicalHandler End processing HTTP request after 281.4329ms - 200
[00:08:02 INF] System.Net.Http.HttpClient.IDeepSeekClient.ClientHandler Received HTTP response headers after 291.8041ms - 200
[00:08:02 INF] System.Net.Http.HttpClient.IDeepSeekClient.LogicalHandler End processing HTTP request after 292.539ms - 200
[00:08:02 INF] System.Net.Http.HttpClient.IDeepSeekClient.ClientHandler Received HTTP response headers after 289.5062ms - 200
[00:08:02 INF] System.Net.Http.HttpClient.IDeepSeekClient.LogicalHandler End processing HTTP request after 289.99ms - 200
[00:08:02 INF] System.Net.Http.HttpClient.IDeepSeekClient.LogicalHandler Start processing HTTP request POST https://api.deepseek.com/chat/completions
[00:08:02 INF] System.Net.Http.HttpClient.IDeepSeekClient.ClientHandler Sending HTTP request POST https://api.deepseek.com/chat/completions
[00:08:02 INF] System.Net.Http.HttpClient.IDeepSeekClient.ClientHandler Received HTTP response headers after 290.4962ms - 200
[00:08:02 INF] System.Net.Http.HttpClient.IDeepSeekClient.LogicalHandler End processing HTTP request after 292.9857ms - 200
[00:08:02 INF] System.Net.Http.HttpClient.IDeepSeekClient.LogicalHandler Start processing HTTP request POST https://api.deepseek.com/chat/completions
[00:08:02 INF] System.Net.Http.HttpClient.IDeepSeekClient.ClientHandler Sending HTTP request POST https://api.deepseek.com/chat/completions
[00:08:02 INF] System.Net.Http.HttpClient.IDeepSeekClient.ClientHandler Received HTTP response headers after 294.9865ms - 200
[00:08:02 INF] System.Net.Http.HttpClient.IDeepSeekClient.LogicalHandler End processing HTTP request after 295.4751ms - 200
[00:08:02 INF] System.Net.Http.HttpClient.IDeepSeekClient.LogicalHandler Start processing HTTP request POST https://api.deepseek.com/chat/completions
[00:08:02 INF] System.Net.Http.HttpClient.IDeepSeekClient.ClientHandler Sending HTTP request POST https://api.deepseek.com/chat/completions
[00:08:02 INF] System.Net.Http.HttpClient.IDeepSeekClient.LogicalHandler Start processing HTTP request POST https://api.deepseek.com/chat/completions
[00:08:02 INF] System.Net.Http.HttpClient.IDeepSeekClient.ClientHandler Sending HTTP request POST https://api.deepseek.com/chat/completions
[00:08:02 INF] System.Net.Http.HttpClient.IDeepSeekClient.ClientHandler Received HTTP response headers after 292.1775ms - 200
[00:08:02 INF] System.Net.Http.HttpClient.IDeepSeekClient.LogicalHandler End processing HTTP request after 292.4337ms - 200
[00:08:03 INF] System.Net.Http.HttpClient.IDeepSeekClient.ClientHandler Received HTTP response headers after 284.3199ms - 200
[00:08:03 INF] System.Net.Http.HttpClient.IDeepSeekClient.LogicalHandler End processing HTTP request after 285.0379ms - 200
[00:08:03 INF] System.Net.Http.HttpClient.IDeepSeekClient.LogicalHandler Start processing HTTP request POST https://api.deepseek.com/chat/completions
[00:08:03 INF] System.Net.Http.HttpClient.IDeepSeekClient.ClientHandler Sending HTTP request POST https://api.deepseek.com/chat/completions
[00:08:03 INF] System.Net.Http.HttpClient.IDeepSeekClient.ClientHandler Received HTTP response headers after 280.725ms - 200
[00:08:03 INF] System.Net.Http.HttpClient.IDeepSeekClient.LogicalHandler End processing HTTP request after 281.3769ms - 200
[00:08:03 INF] System.Net.Http.HttpClient.IDeepSeekClient.LogicalHandler Start processing HTTP request POST https://api.deepseek.com/chat/completions
[00:08:03 INF] System.Net.Http.HttpClient.IDeepSeekClient.ClientHandler Sending HTTP request POST https://api.deepseek.com/chat/completions
[00:08:03 INF] System.Net.Http.HttpClient.IDeepSeekClient.ClientHandler Received HTTP response headers after 287.5856ms - 200
[00:08:03 INF] System.Net.Http.HttpClient.IDeepSeekClient.LogicalHandler End processing HTTP request after 287.8227ms - 200
[00:08:03 INF] System.Net.Http.HttpClient.IDeepSeekClient.ClientHandler Received HTTP response headers after 290.3141ms - 200
[00:08:03 INF] System.Net.Http.HttpClient.IDeepSeekClient.LogicalHandler End processing HTTP request after 290.4641ms - 200
[00:08:03 INF] System.Net.Http.HttpClient.IDeepSeekClient.LogicalHandler Start processing HTTP request POST https://api.deepseek.com/chat/completions
[00:08:03 INF] System.Net.Http.HttpClient.IDeepSeekClient.ClientHandler Sending HTTP request POST https://api.deepseek.com/chat/completions
[00:08:03 INF] System.Net.Http.HttpClient.IDeepSeekClient.ClientHandler Received HTTP response headers after 279.5048ms - 200
[00:08:03 INF] System.Net.Http.HttpClient.IDeepSeekClient.LogicalHandler End processing HTTP request after 279.8005ms - 200
[00:08:03 INF] System.Net.Http.HttpClient.IDeepSeekClient.LogicalHandler Start processing HTTP request POST https://api.deepseek.com/chat/completions
[00:08:03 INF] System.Net.Http.HttpClient.IDeepSeekClient.ClientHandler Sending HTTP request POST https://api.deepseek.com/chat/completions
[00:08:03 INF] System.Net.Http.HttpClient.IDeepSeekClient.LogicalHandler Start processing HTTP request POST https://api.deepseek.com/chat/completions
[00:08:03 INF] System.Net.Http.HttpClient.IDeepSeekClient.ClientHandler Sending HTTP request POST https://api.deepseek.com/chat/completions
[00:08:03 INF] System.Net.Http.HttpClient.IDeepSeekClient.LogicalHandler Start processing HTTP request POST https://api.deepseek.com/chat/completions
[00:08:03 INF] System.Net.Http.HttpClient.IDeepSeekClient.ClientHandler Sending HTTP request POST https://api.deepseek.com/chat/completions
[00:08:03 INF] System.Net.Http.HttpClient.IDeepSeekClient.LogicalHandler Start processing HTTP request POST https://api.deepseek.com/chat/completions
[00:08:03 INF] System.Net.Http.HttpClient.IDeepSeekClient.ClientHandler Sending HTTP request POST https://api.deepseek.com/chat/completions
[00:08:03 INF] System.Net.Http.HttpClient.IDeepSeekClient.LogicalHandler Start processing HTTP request POST https://api.deepseek.com/chat/completions
[00:08:03 INF] System.Net.Http.HttpClient.IDeepSeekClient.ClientHandler Sending HTTP request POST https://api.deepseek.com/chat/completions
[00:08:03 INF] System.Net.Http.HttpClient.IDeepSeekClient.ClientHandler Received HTTP response headers after 298.4696ms - 200
[00:08:03 INF] System.Net.Http.HttpClient.IDeepSeekClient.LogicalHandler End processing HTTP request after 298.7441ms - 200
[00:08:03 INF] System.Net.Http.HttpClient.IDeepSeekClient.LogicalHandler Start processing HTTP request POST https://api.deepseek.com/chat/completions
[00:08:03 INF] System.Net.Http.HttpClient.IDeepSeekClient.ClientHandler Sending HTTP request POST https://api.deepseek.com/chat/completions
[00:08:03 INF] System.Net.Http.HttpClient.IDeepSeekClient.LogicalHandler Start processing HTTP request POST https://api.deepseek.com/chat/completions
[00:08:03 INF] System.Net.Http.HttpClient.IDeepSeekClient.ClientHandler Sending HTTP request POST https://api.deepseek.com/chat/completions
[00:08:03 INF] System.Net.Http.HttpClient.IDeepSeekClient.LogicalHandler Start processing HTTP request POST https://api.deepseek.com/chat/completions
[00:08:03 INF] System.Net.Http.HttpClient.IDeepSeekClient.ClientHandler Sending HTTP request POST https://api.deepseek.com/chat/completions
[00:08:03 INF] System.Net.Http.HttpClient.IDeepSeekClient.LogicalHandler Start processing HTTP request POST https://api.deepseek.com/chat/completions
[00:08:03 INF] System.Net.Http.HttpClient.IDeepSeekClient.ClientHandler Sending HTTP request POST https://api.deepseek.com/chat/completions
[00:08:03 INF] System.Net.Http.HttpClient.IDeepSeekClient.ClientHandler Received HTTP response headers after 286.4319ms - 200
[00:08:03 INF] System.Net.Http.HttpClient.IDeepSeekClient.LogicalHandler End processing HTTP request after 287.1745ms - 200
[00:08:03 INF] System.Net.Http.HttpClient.IDeepSeekClient.ClientHandler Received HTTP response headers after 285.2454ms - 200
[00:08:03 INF] System.Net.Http.HttpClient.IDeepSeekClient.LogicalHandler End processing HTTP request after 286.2905ms - 200
[00:08:03 INF] System.Net.Http.HttpClient.IDeepSeekClient.ClientHandler Received HTTP response headers after 284.8423ms - 200
[00:08:03 INF] System.Net.Http.HttpClient.IDeepSeekClient.LogicalHandler End processing HTTP request after 285.5893ms - 200
[00:08:03 INF] System.Net.Http.HttpClient.IDeepSeekClient.LogicalHandler Start processing HTTP request POST https://api.deepseek.com/chat/completions
[00:08:03 INF] System.Net.Http.HttpClient.IDeepSeekClient.ClientHandler Sending HTTP request POST https://api.deepseek.com/chat/completions
[00:08:03 INF] System.Net.Http.HttpClient.IDeepSeekClient.LogicalHandler Start processing HTTP request POST https://api.deepseek.com/chat/completions
[00:08:03 INF] System.Net.Http.HttpClient.IDeepSeekClient.ClientHandler Sending HTTP request POST https://api.deepseek.com/chat/completions
[00:08:03 INF] System.Net.Http.HttpClient.IDeepSeekClient.ClientHandler Received HTTP response headers after 282.6126ms - 200
[00:08:03 INF] System.Net.Http.HttpClient.IDeepSeekClient.LogicalHandler End processing HTTP request after 282.9842ms - 200
[00:08:03 INF] System.Net.Http.HttpClient.IDeepSeekClient.LogicalHandler Start processing HTTP request POST https://api.deepseek.com/chat/completions
[00:08:03 INF] System.Net.Http.HttpClient.IDeepSeekClient.ClientHandler Sending HTTP request POST https://api.deepseek.com/chat/completions
[00:08:03 INF] System.Net.Http.HttpClient.IDeepSeekClient.ClientHandler Received HTTP response headers after 282.7651ms - 200
[00:08:03 INF] System.Net.Http.HttpClient.IDeepSeekClient.LogicalHandler End processing HTTP request after 283.1353ms - 200
[00:08:03 INF] System.Net.Http.HttpClient.IDeepSeekClient.ClientHandler Received HTTP response headers after 296.469ms - 200
[00:08:03 INF] System.Net.Http.HttpClient.IDeepSeekClient.LogicalHandler End processing HTTP request after 297.1223ms - 200
[00:08:03 INF] System.Net.Http.HttpClient.IDeepSeekClient.LogicalHandler Start processing HTTP request POST https://api.deepseek.com/chat/completions
[00:08:03 INF] System.Net.Http.HttpClient.IDeepSeekClient.ClientHandler Sending HTTP request POST https://api.deepseek.com/chat/completions
[00:08:03 INF] System.Net.Http.HttpClient.IDeepSeekClient.ClientHandler Received HTTP response headers after 285.8919ms - 200
[00:08:03 INF] System.Net.Http.HttpClient.IDeepSeekClient.LogicalHandler End processing HTTP request after 288.2623ms - 200
[00:08:03 INF] System.Net.Http.HttpClient.IDeepSeekClient.ClientHandler Received HTTP response headers after 285.1928ms - 200
[00:08:03 INF] System.Net.Http.HttpClient.IDeepSeekClient.LogicalHandler End processing HTTP request after 285.5635ms - 200
[00:08:03 INF] System.Net.Http.HttpClient.IDeepSeekClient.LogicalHandler Start processing HTTP request POST https://api.deepseek.com/chat/completions
[00:08:03 INF] System.Net.Http.HttpClient.IDeepSeekClient.ClientHandler Sending HTTP request POST https://api.deepseek.com/chat/completions
[00:08:03 INF] System.Net.Http.HttpClient.IDeepSeekClient.ClientHandler Received HTTP response headers after 296.6231ms - 200
[00:08:03 INF] System.Net.Http.HttpClient.IDeepSeekClient.LogicalHandler End processing HTTP request after 297.208ms - 200
[00:08:03 INF] System.Net.Http.HttpClient.IDeepSeekClient.LogicalHandler Start processing HTTP request POST https://api.deepseek.com/chat/completions
[00:08:03 INF] System.Net.Http.HttpClient.IDeepSeekClient.ClientHandler Sending HTTP request POST https://api.deepseek.com/chat/completions
[00:08:03 INF] System.Net.Http.HttpClient.IDeepSeekClient.ClientHandler Received HTTP response headers after 286.1183ms - 200
[00:08:03 INF] System.Net.Http.HttpClient.IDeepSeekClient.LogicalHandler End processing HTTP request after 286.526ms - 200
[00:08:03 INF] System.Net.Http.HttpClient.IDeepSeekClient.LogicalHandler Start processing HTTP request POST https://api.deepseek.com/chat/completions
[00:08:03 INF] System.Net.Http.HttpClient.IDeepSeekClient.ClientHandler Sending HTTP request POST https://api.deepseek.com/chat/completions
[00:08:03 INF] System.Net.Http.HttpClient.IDeepSeekClient.LogicalHandler Start processing HTTP request POST https://api.deepseek.com/chat/completions
[00:08:03 INF] System.Net.Http.HttpClient.IDeepSeekClient.ClientHandler Sending HTTP request POST https://api.deepseek.com/chat/completions
[00:08:03 INF] System.Net.Http.HttpClient.IDeepSeekClient.LogicalHandler Start processing HTTP request POST https://api.deepseek.com/chat/completions
[00:08:03 INF] System.Net.Http.HttpClient.IDeepSeekClient.ClientHandler Sending HTTP request POST https://api.deepseek.com/chat/completions
[00:08:03 INF] System.Net.Http.HttpClient.IDeepSeekClient.ClientHandler Received HTTP response headers after 284.5853ms - 200
[00:08:03 INF] System.Net.Http.HttpClient.IDeepSeekClient.LogicalHandler End processing HTTP request after 284.8851ms - 200
[00:08:03 INF] System.Net.Http.HttpClient.IDeepSeekClient.LogicalHandler Start processing HTTP request POST https://api.deepseek.com/chat/completions
[00:08:03 INF] System.Net.Http.HttpClient.IDeepSeekClient.ClientHandler Sending HTTP request POST https://api.deepseek.com/chat/completions
[00:08:03 INF] System.Net.Http.HttpClient.IDeepSeekClient.ClientHandler Received HTTP response headers after 296.5599ms - 200
[00:08:03 INF] System.Net.Http.HttpClient.IDeepSeekClient.LogicalHandler End processing HTTP request after 297.028ms - 200
[00:08:03 INF] System.Net.Http.HttpClient.IDeepSeekClient.ClientHandler Received HTTP response headers after 297.9458ms - 200
[00:08:03 INF] System.Net.Http.HttpClient.IDeepSeekClient.ClientHandler Received HTTP response headers after 284.43ms - 200
[00:08:03 INF] System.Net.Http.HttpClient.IDeepSeekClient.LogicalHandler End processing HTTP request after 298.204ms - 200
[00:08:03 INF] System.Net.Http.HttpClient.IDeepSeekClient.LogicalHandler End processing HTTP request after 284.6843ms - 200
[00:08:04 INF] System.Net.Http.HttpClient.IDeepSeekClient.LogicalHandler Start processing HTTP request POST https://api.deepseek.com/chat/completions
[00:08:04 INF] System.Net.Http.HttpClient.IDeepSeekClient.ClientHandler Sending HTTP request POST https://api.deepseek.com/chat/completions
[00:08:04 INF] System.Net.Http.HttpClient.IDeepSeekClient.ClientHandler Received HTTP response headers after 284.6734ms - 200
[00:08:04 INF] System.Net.Http.HttpClient.IDeepSeekClient.LogicalHandler End processing HTTP request after 284.9677ms - 200
[00:08:04 INF] System.Net.Http.HttpClient.IDeepSeekClient.LogicalHandler Start processing HTTP request POST https://api.deepseek.com/chat/completions
[00:08:04 INF] System.Net.Http.HttpClient.IDeepSeekClient.ClientHandler Sending HTTP request POST https://api.deepseek.com/chat/completions
[00:08:04 INF] System.Net.Http.HttpClient.IDeepSeekClient.ClientHandler Received HTTP response headers after 295.3502ms - 200
[00:08:04 INF] System.Net.Http.HttpClient.IDeepSeekClient.LogicalHandler End processing HTTP request after 295.6005ms - 200
[00:08:04 INF] System.Net.Http.HttpClient.IDeepSeekClient.LogicalHandler Start processing HTTP request POST https://api.deepseek.com/chat/completions
[00:08:04 INF] System.Net.Http.HttpClient.IDeepSeekClient.ClientHandler Sending HTTP request POST https://api.deepseek.com/chat/completions
[00:08:04 INF] System.Net.Http.HttpClient.IDeepSeekClient.ClientHandler Received HTTP response headers after 283.212ms - 200
[00:08:04 INF] System.Net.Http.HttpClient.IDeepSeekClient.LogicalHandler End processing HTTP request after 283.4621ms - 200
[00:08:04 INF] System.Net.Http.HttpClient.IDeepSeekClient.LogicalHandler Start processing HTTP request POST https://api.deepseek.com/chat/completions
[00:08:04 INF] System.Net.Http.HttpClient.IDeepSeekClient.ClientHandler Sending HTTP request POST https://api.deepseek.com/chat/completions
[00:08:04 INF] System.Net.Http.HttpClient.IDeepSeekClient.ClientHandler Received HTTP response headers after 334.9413ms - 200
[00:08:04 INF] System.Net.Http.HttpClient.IDeepSeekClient.LogicalHandler End processing HTTP request after 335.2012ms - 200
[00:08:04 INF] System.Net.Http.HttpClient.IDeepSeekClient.ClientHandler Received HTTP response headers after 374.375ms - 200
[00:08:04 INF] System.Net.Http.HttpClient.IDeepSeekClient.LogicalHandler End processing HTTP request after 374.9014ms - 200
[00:08:04 INF] System.Net.Http.HttpClient.IDeepSeekClient.ClientHandler Received HTTP response headers after 283.1994ms - 200
[00:08:04 INF] System.Net.Http.HttpClient.IDeepSeekClient.LogicalHandler End processing HTTP request after 283.9744ms - 200
[00:08:04 INF] System.Net.Http.HttpClient.IDeepSeekClient.LogicalHandler Start processing HTTP request POST https://api.deepseek.com/chat/completions
[00:08:04 INF] System.Net.Http.HttpClient.IDeepSeekClient.ClientHandler Sending HTTP request POST https://api.deepseek.com/chat/completions
[00:08:04 INF] System.Net.Http.HttpClient.IDeepSeekClient.ClientHandler Received HTTP response headers after 291.559ms - 200
[00:08:04 INF] System.Net.Http.HttpClient.IDeepSeekClient.LogicalHandler End processing HTTP request after 291.8769ms - 200
[00:08:04 INF] System.Net.Http.HttpClient.IDeepSeekClient.LogicalHandler Start processing HTTP request POST https://api.deepseek.com/chat/completions
[00:08:04 INF] System.Net.Http.HttpClient.IDeepSeekClient.ClientHandler Sending HTTP request POST https://api.deepseek.com/chat/completions
[00:08:04 INF] System.Net.Http.HttpClient.IDeepSeekClient.LogicalHandler Start processing HTTP request POST https://api.deepseek.com/chat/completions
[00:08:04 INF] System.Net.Http.HttpClient.IDeepSeekClient.ClientHandler Sending HTTP request POST https://api.deepseek.com/chat/completions
[00:08:04 INF] System.Net.Http.HttpClient.IDeepSeekClient.ClientHandler Received HTTP response headers after 294.3811ms - 200
[00:08:04 INF] System.Net.Http.HttpClient.IDeepSeekClient.LogicalHandler End processing HTTP request after 294.8419ms - 200
[00:08:04 INF] System.Net.Http.HttpClient.IDeepSeekClient.ClientHandler Received HTTP response headers after 289.3993ms - 200
[00:08:04 INF] System.Net.Http.HttpClient.IDeepSeekClient.LogicalHandler End processing HTTP request after 289.7383ms - 200
[00:08:04 INF] System.Net.Http.HttpClient.IDeepSeekClient.LogicalHandler Start processing HTTP request POST https://api.deepseek.com/chat/completions
[00:08:04 INF] System.Net.Http.HttpClient.IDeepSeekClient.ClientHandler Sending HTTP request POST https://api.deepseek.com/chat/completions
[00:08:04 INF] System.Net.Http.HttpClient.IDeepSeekClient.ClientHandler Received HTTP response headers after 279.9357ms - 200
[00:08:04 INF] System.Net.Http.HttpClient.IDeepSeekClient.LogicalHandler End processing HTTP request after 280.2629ms - 200
[00:08:04 INF] System.Net.Http.HttpClient.IDeepSeekClient.ClientHandler Received HTTP response headers after 287.8326ms - 200
[00:08:04 INF] System.Net.Http.HttpClient.IDeepSeekClient.LogicalHandler End processing HTTP request after 288.278ms - 200
[00:08:04 INF] System.Net.Http.HttpClient.IDeepSeekClient.LogicalHandler Start processing HTTP request POST https://api.deepseek.com/chat/completions
[00:08:04 INF] System.Net.Http.HttpClient.IDeepSeekClient.ClientHandler Sending HTTP request POST https://api.deepseek.com/chat/completions
[00:08:04 INF] System.Net.Http.HttpClient.IDeepSeekClient.LogicalHandler Start processing HTTP request POST https://api.deepseek.com/chat/completions
[00:08:04 INF] System.Net.Http.HttpClient.IDeepSeekClient.ClientHandler Sending HTTP request POST https://api.deepseek.com/chat/completions
[00:08:04 INF] System.Net.Http.HttpClient.IDeepSeekClient.ClientHandler Received HTTP response headers after 290.2241ms - 200
[00:08:04 INF] System.Net.Http.HttpClient.IDeepSeekClient.LogicalHandler End processing HTTP request after 290.756ms - 200
[00:08:04 INF] System.Net.Http.HttpClient.IDeepSeekClient.ClientHandler Received HTTP response headers after 291.5469ms - 200
[00:08:04 INF] System.Net.Http.HttpClient.IDeepSeekClient.LogicalHandler End processing HTTP request after 292.2839ms - 200
[00:08:04 INF] System.Net.Http.HttpClient.IDeepSeekClient.LogicalHandler Start processing HTTP request POST https://api.deepseek.com/chat/completions
[00:08:04 INF] System.Net.Http.HttpClient.IDeepSeekClient.ClientHandler Sending HTTP request POST https://api.deepseek.com/chat/completions
[00:08:04 INF] System.Net.Http.HttpClient.IDeepSeekClient.ClientHandler Received HTTP response headers after 287.4566ms - 200
[00:08:04 INF] System.Net.Http.HttpClient.IDeepSeekClient.LogicalHandler End processing HTTP request after 288.1405ms - 200
[00:08:04 INF] System.Net.Http.HttpClient.IDeepSeekClient.LogicalHandler Start processing HTTP request POST https://api.deepseek.com/chat/completions
[00:08:04 INF] System.Net.Http.HttpClient.IDeepSeekClient.ClientHandler Sending HTTP request POST https://api.deepseek.com/chat/completions
[00:08:04 INF] System.Net.Http.HttpClient.IDeepSeekClient.LogicalHandler Start processing HTTP request POST https://api.deepseek.com/chat/completions
[00:08:04 INF] System.Net.Http.HttpClient.IDeepSeekClient.ClientHandler Sending HTTP request POST https://api.deepseek.com/chat/completions
[00:08:04 INF] System.Net.Http.HttpClient.IDeepSeekClient.ClientHandler Received HTTP response headers after 282.8296ms - 200
[00:08:04 INF] System.Net.Http.HttpClient.IDeepSeekClient.LogicalHandler End processing HTTP request after 283.1489ms - 200
[00:08:04 INF] System.Net.Http.HttpClient.IDeepSeekClient.ClientHandler Received HTTP response headers after 281.3011ms - 200
[00:08:04 INF] System.Net.Http.HttpClient.IDeepSeekClient.LogicalHandler End processing HTTP request after 281.7999ms - 200
[00:08:04 INF] System.Net.Http.HttpClient.IDeepSeekClient.LogicalHandler Start processing HTTP request POST https://api.deepseek.com/chat/completions
[00:08:04 INF] System.Net.Http.HttpClient.IDeepSeekClient.ClientHandler Sending HTTP request POST https://api.deepseek.com/chat/completions
[00:08:04 INF] System.Net.Http.HttpClient.IDeepSeekClient.LogicalHandler Start processing HTTP request POST https://api.deepseek.com/chat/completions
[00:08:04 INF] System.Net.Http.HttpClient.IDeepSeekClient.ClientHandler Sending HTTP request POST https://api.deepseek.com/chat/completions
[00:08:05 INF] System.Net.Http.HttpClient.IDeepSeekClient.LogicalHandler Start processing HTTP request POST https://api.deepseek.com/chat/completions
[00:08:05 INF] System.Net.Http.HttpClient.IDeepSeekClient.ClientHandler Sending HTTP request POST https://api.deepseek.com/chat/completions
[00:08:05 INF] System.Net.Http.HttpClient.IDeepSeekClient.LogicalHandler Start processing HTTP request POST https://api.deepseek.com/chat/completions
[00:08:05 INF] System.Net.Http.HttpClient.IDeepSeekClient.ClientHandler Sending HTTP request POST https://api.deepseek.com/chat/completions
[00:08:05 INF] System.Net.Http.HttpClient.IDeepSeekClient.ClientHandler Received HTTP response headers after 291.5713ms - 200
[00:08:05 INF] System.Net.Http.HttpClient.IDeepSeekClient.LogicalHandler End processing HTTP request after 293.9337ms - 200
[00:08:05 INF] System.Net.Http.HttpClient.IDeepSeekClient.LogicalHandler Start processing HTTP request POST https://api.deepseek.com/chat/completions
[00:08:05 INF] System.Net.Http.HttpClient.IDeepSeekClient.ClientHandler Sending HTTP request POST https://api.deepseek.com/chat/completions
[00:08:05 INF] System.Net.Http.HttpClient.IDeepSeekClient.LogicalHandler Start processing HTTP request POST https://api.deepseek.com/chat/completions
[00:08:05 INF] System.Net.Http.HttpClient.IDeepSeekClient.ClientHandler Sending HTTP request POST https://api.deepseek.com/chat/completions
[00:08:05 INF] System.Net.Http.HttpClient.IDeepSeekClient.ClientHandler Received HTTP response headers after 289.9784ms - 200
[00:08:05 INF] System.Net.Http.HttpClient.IDeepSeekClient.LogicalHandler End processing HTTP request after 290.4352ms - 200
[00:08:05 INF] System.Net.Http.HttpClient.IDeepSeekClient.ClientHandler Received HTTP response headers after 296.7108ms - 200
[00:08:05 INF] System.Net.Http.HttpClient.IDeepSeekClient.LogicalHandler End processing HTTP request after 296.9808ms - 200
[00:08:05 INF] System.Net.Http.HttpClient.IDeepSeekClient.LogicalHandler Start processing HTTP request POST https://api.deepseek.com/chat/completions
[00:08:05 INF] System.Net.Http.HttpClient.IDeepSeekClient.ClientHandler Sending HTTP request POST https://api.deepseek.com/chat/completions
[00:08:05 INF] System.Net.Http.HttpClient.IDeepSeekClient.LogicalHandler Start processing HTTP request POST https://api.deepseek.com/chat/completions
[00:08:05 INF] System.Net.Http.HttpClient.IDeepSeekClient.ClientHandler Sending HTTP request POST https://api.deepseek.com/chat/completions
[00:08:05 INF] System.Net.Http.HttpClient.IDeepSeekClient.ClientHandler Received HTTP response headers after 287.0241ms - 200
[00:08:05 INF] System.Net.Http.HttpClient.IDeepSeekClient.LogicalHandler End processing HTTP request after 287.4269ms - 200
[00:08:05 INF] System.Net.Http.HttpClient.IDeepSeekClient.LogicalHandler Start processing HTTP request POST https://api.deepseek.com/chat/completions
[00:08:05 INF] System.Net.Http.HttpClient.IDeepSeekClient.ClientHandler Sending HTTP request POST https://api.deepseek.com/chat/completions
[00:08:05 INF] System.Net.Http.HttpClient.IDeepSeekClient.ClientHandler Received HTTP response headers after 285.508ms - 200
[00:08:05 INF] System.Net.Http.HttpClient.IDeepSeekClient.LogicalHandler End processing HTTP request after 285.8407ms - 200
[00:08:05 INF] System.Net.Http.HttpClient.IDeepSeekClient.LogicalHandler Start processing HTTP request POST https://api.deepseek.com/chat/completions
[00:08:05 INF] System.Net.Http.HttpClient.IDeepSeekClient.ClientHandler Sending HTTP request POST https://api.deepseek.com/chat/completions
[00:08:05 INF] System.Net.Http.HttpClient.IDeepSeekClient.LogicalHandler Start processing HTTP request POST https://api.deepseek.com/chat/completions
[00:08:05 INF] System.Net.Http.HttpClient.IDeepSeekClient.ClientHandler Sending HTTP request POST https://api.deepseek.com/chat/completions
[00:08:05 INF] System.Net.Http.HttpClient.IDeepSeekClient.ClientHandler Received HTTP response headers after 283.081ms - 200
[00:08:05 INF] System.Net.Http.HttpClient.IDeepSeekClient.LogicalHandler End processing HTTP request after 283.3666ms - 200
[00:08:05 INF] System.Net.Http.HttpClient.IDeepSeekClient.ClientHandler Received HTTP response headers after 284.5997ms - 200
[00:08:05 INF] System.Net.Http.HttpClient.IDeepSeekClient.LogicalHandler End processing HTTP request after 284.9631ms - 200
[00:08:05 INF] System.Net.Http.HttpClient.IDeepSeekClient.ClientHandler Received HTTP response headers after 287.2187ms - 200
[00:08:05 INF] System.Net.Http.HttpClient.IDeepSeekClient.LogicalHandler End processing HTTP request after 287.5845ms - 200
[00:08:05 INF] System.Net.Http.HttpClient.IDeepSeekClient.LogicalHandler Start processing HTTP request POST https://api.deepseek.com/chat/completions
[00:08:05 INF] System.Net.Http.HttpClient.IDeepSeekClient.ClientHandler Sending HTTP request POST https://api.deepseek.com/chat/completions
[00:08:05 INF] System.Net.Http.HttpClient.IDeepSeekClient.LogicalHandler Start processing HTTP request POST https://api.deepseek.com/chat/completions
[00:08:05 INF] System.Net.Http.HttpClient.IDeepSeekClient.ClientHandler Sending HTTP request POST https://api.deepseek.com/chat/completions
[00:08:05 INF] System.Net.Http.HttpClient.IDeepSeekClient.ClientHandler Received HTTP response headers after 304.2757ms - 200
[00:08:05 INF] System.Net.Http.HttpClient.IDeepSeekClient.LogicalHandler End processing HTTP request after 304.4486ms - 200
[00:08:05 INF] System.Net.Http.HttpClient.IDeepSeekClient.LogicalHandler Start processing HTTP request POST https://api.deepseek.com/chat/completions
[00:08:05 INF] System.Net.Http.HttpClient.IDeepSeekClient.ClientHandler Sending HTTP request POST https://api.deepseek.com/chat/completions
[00:08:05 INF] System.Net.Http.HttpClient.IDeepSeekClient.ClientHandler Received HTTP response headers after 291.0741ms - 200
[00:08:05 INF] System.Net.Http.HttpClient.IDeepSeekClient.LogicalHandler End processing HTTP request after 291.4045ms - 200
[00:08:05 INF] System.Net.Http.HttpClient.IDeepSeekClient.ClientHandler Received HTTP response headers after 281.4638ms - 200
[00:08:05 INF] System.Net.Http.HttpClient.IDeepSeekClient.LogicalHandler End processing HTTP request after 281.8091ms - 200
[00:08:05 INF] System.Net.Http.HttpClient.IDeepSeekClient.ClientHandler Received HTTP response headers after 282.4956ms - 200
[00:08:05 INF] System.Net.Http.HttpClient.IDeepSeekClient.LogicalHandler End processing HTTP request after 282.7719ms - 200
[00:08:05 INF] System.Net.Http.HttpClient.IDeepSeekClient.ClientHandler Received HTTP response headers after 279.2577ms - 200
[00:08:05 INF] System.Net.Http.HttpClient.IDeepSeekClient.LogicalHandler End processing HTTP request after 279.5505ms - 200
[00:08:05 INF] System.Net.Http.HttpClient.IDeepSeekClient.ClientHandler Received HTTP response headers after 287.0225ms - 200
[00:08:05 INF] System.Net.Http.HttpClient.IDeepSeekClient.LogicalHandler End processing HTTP request after 287.3957ms - 200
[00:08:05 INF] System.Net.Http.HttpClient.IDeepSeekClient.LogicalHandler Start processing HTTP request POST https://api.deepseek.com/chat/completions
[00:08:05 INF] System.Net.Http.HttpClient.IDeepSeekClient.ClientHandler Sending HTTP request POST https://api.deepseek.com/chat/completions
[00:08:05 INF] System.Net.Http.HttpClient.IDeepSeekClient.ClientHandler Received HTTP response headers after 303.7952ms - 200
[00:08:05 INF] System.Net.Http.HttpClient.IDeepSeekClient.LogicalHandler End processing HTTP request after 304.7146ms - 200
[00:08:05 INF] System.Net.Http.HttpClient.IDeepSeekClient.ClientHandler Received HTTP response headers after 284.5822ms - 200
[00:08:05 INF] System.Net.Http.HttpClient.IDeepSeekClient.LogicalHandler End processing HTTP request after 284.9091ms - 200
[00:08:05 INF] System.Net.Http.HttpClient.IDeepSeekClient.ClientHandler Received HTTP response headers after 289.5707ms - 200
[00:08:05 INF] System.Net.Http.HttpClient.IDeepSeekClient.LogicalHandler End processing HTTP request after 289.9361ms - 200
[00:08:05 INF] System.Net.Http.HttpClient.IDeepSeekClient.LogicalHandler Start processing HTTP request POST https://api.deepseek.com/chat/completions
[00:08:05 INF] System.Net.Http.HttpClient.IDeepSeekClient.ClientHandler Sending HTTP request POST https://api.deepseek.com/chat/completions
[00:08:05 INF] System.Net.Http.HttpClient.IDeepSeekClient.LogicalHandler Start processing HTTP request POST https://api.deepseek.com/chat/completions
[00:08:05 INF] System.Net.Http.HttpClient.IDeepSeekClient.ClientHandler Sending HTTP request POST https://api.deepseek.com/chat/completions
[00:08:05 INF] System.Net.Http.HttpClient.IDeepSeekClient.LogicalHandler Start processing HTTP request POST https://api.deepseek.com/chat/completions
[00:08:05 INF] System.Net.Http.HttpClient.IDeepSeekClient.ClientHandler Sending HTTP request POST https://api.deepseek.com/chat/completions
[00:08:05 INF] System.Net.Http.HttpClient.IDeepSeekClient.LogicalHandler Start processing HTTP request POST https://api.deepseek.com/chat/completions
[00:08:05 INF] System.Net.Http.HttpClient.IDeepSeekClient.ClientHandler Sending HTTP request POST https://api.deepseek.com/chat/completions
[00:08:05 INF] System.Net.Http.HttpClient.IDeepSeekClient.LogicalHandler Start processing HTTP request POST https://api.deepseek.com/chat/completions
[00:08:05 INF] System.Net.Http.HttpClient.IDeepSeekClient.ClientHandler Sending HTTP request POST https://api.deepseek.com/chat/completions
[00:08:05 INF] System.Net.Http.HttpClient.IDeepSeekClient.ClientHandler Received HTTP response headers after 287.0127ms - 200
[00:08:05 INF] System.Net.Http.HttpClient.IDeepSeekClient.LogicalHandler End processing HTTP request after 287.6307ms - 200
[00:08:05 INF] System.Net.Http.HttpClient.IDeepSeekClient.ClientHandler Received HTTP response headers after 297.8243ms - 200
[00:08:05 INF] System.Net.Http.HttpClient.IDeepSeekClient.LogicalHandler End processing HTTP request after 298.3209ms - 200
[00:08:06 INF] System.Net.Http.HttpClient.IDeepSeekClient.LogicalHandler Start processing HTTP request POST https://api.deepseek.com/chat/completions
[00:08:06 INF] System.Net.Http.HttpClient.IDeepSeekClient.ClientHandler Sending HTTP request POST https://api.deepseek.com/chat/completions
[00:08:06 INF] System.Net.Http.HttpClient.IDeepSeekClient.ClientHandler Received HTTP response headers after 284.3183ms - 200
[00:08:06 INF] System.Net.Http.HttpClient.IDeepSeekClient.LogicalHandler End processing HTTP request after 284.9335ms - 200
[00:08:06 INF] System.Net.Http.HttpClient.IDeepSeekClient.LogicalHandler Start processing HTTP request POST https://api.deepseek.com/chat/completions
[00:08:06 INF] System.Net.Http.HttpClient.IDeepSeekClient.ClientHandler Sending HTTP request POST https://api.deepseek.com/chat/completions
[00:08:06 INF] System.Net.Http.HttpClient.IDeepSeekClient.ClientHandler Received HTTP response headers after 284.0941ms - 200
[00:08:06 INF] System.Net.Http.HttpClient.IDeepSeekClient.LogicalHandler End processing HTTP request after 284.4747ms - 200
[00:08:06 INF] System.Net.Http.HttpClient.IDeepSeekClient.LogicalHandler Start processing HTTP request POST https://api.deepseek.com/chat/completions
[00:08:06 INF] System.Net.Http.HttpClient.IDeepSeekClient.ClientHandler Sending HTTP request POST https://api.deepseek.com/chat/completions
[00:08:06 INF] System.Net.Http.HttpClient.IDeepSeekClient.LogicalHandler Start processing HTTP request POST https://api.deepseek.com/chat/completions
[00:08:06 INF] System.Net.Http.HttpClient.IDeepSeekClient.ClientHandler Sending HTTP request POST https://api.deepseek.com/chat/completions
[00:08:06 INF] System.Net.Http.HttpClient.IDeepSeekClient.ClientHandler Received HTTP response headers after 314.8766ms - 200
[00:08:06 INF] System.Net.Http.HttpClient.IDeepSeekClient.LogicalHandler End processing HTTP request after 315.1753ms - 200
[00:08:06 INF] System.Net.Http.HttpClient.IDeepSeekClient.LogicalHandler Start processing HTTP request POST https://api.deepseek.com/chat/completions
[00:08:06 INF] System.Net.Http.HttpClient.IDeepSeekClient.ClientHandler Sending HTTP request POST https://api.deepseek.com/chat/completions
[00:08:06 INF] System.Net.Http.HttpClient.IDeepSeekClient.LogicalHandler Start processing HTTP request POST https://api.deepseek.com/chat/completions
[00:08:06 INF] System.Net.Http.HttpClient.IDeepSeekClient.ClientHandler Sending HTTP request POST https://api.deepseek.com/chat/completions
[00:08:06 INF] System.Net.Http.HttpClient.IDeepSeekClient.ClientHandler Received HTTP response headers after 285.1588ms - 200
[00:08:06 INF] System.Net.Http.HttpClient.IDeepSeekClient.LogicalHandler End processing HTTP request after 285.6827ms - 200
[00:08:06 INF] System.Net.Http.HttpClient.IDeepSeekClient.LogicalHandler Start processing HTTP request POST https://api.deepseek.com/chat/completions
[00:08:06 INF] System.Net.Http.HttpClient.IDeepSeekClient.ClientHandler Sending HTTP request POST https://api.deepseek.com/chat/completions
[00:08:06 INF] System.Net.Http.HttpClient.IDeepSeekClient.LogicalHandler Start processing HTTP request POST https://api.deepseek.com/chat/completions
[00:08:06 INF] System.Net.Http.HttpClient.IDeepSeekClient.ClientHandler Sending HTTP request POST https://api.deepseek.com/chat/completions
[00:08:06 INF] System.Net.Http.HttpClient.IDeepSeekClient.LogicalHandler Start processing HTTP request POST https://api.deepseek.com/chat/completions
[00:08:06 INF] System.Net.Http.HttpClient.IDeepSeekClient.ClientHandler Sending HTTP request POST https://api.deepseek.com/chat/completions
[00:08:06 INF] System.Net.Http.HttpClient.IDeepSeekClient.ClientHandler Received HTTP response headers after 297.3225ms - 200
[00:08:06 INF] System.Net.Http.HttpClient.IDeepSeekClient.LogicalHandler End processing HTTP request after 298.1993ms - 200
[00:08:06 INF] System.Net.Http.HttpClient.IDeepSeekClient.ClientHandler Received HTTP response headers after 288.1853ms - 200
[00:08:06 INF] System.Net.Http.HttpClient.IDeepSeekClient.LogicalHandler End processing HTTP request after 288.423ms - 200
[00:08:06 INF] System.Net.Http.HttpClient.IDeepSeekClient.LogicalHandler Start processing HTTP request POST https://api.deepseek.com/chat/completions
[00:08:06 INF] System.Net.Http.HttpClient.IDeepSeekClient.ClientHandler Sending HTTP request POST https://api.deepseek.com/chat/completions
[00:08:06 INF] System.Net.Http.HttpClient.IDeepSeekClient.LogicalHandler Start processing HTTP request POST https://api.deepseek.com/chat/completions
[00:08:06 INF] System.Net.Http.HttpClient.IDeepSeekClient.ClientHandler Sending HTTP request POST https://api.deepseek.com/chat/completions
[00:08:06 INF] System.Net.Http.HttpClient.IDeepSeekClient.ClientHandler Received HTTP response headers after 280.6483ms - 200
[00:08:06 INF] System.Net.Http.HttpClient.IDeepSeekClient.LogicalHandler End processing HTTP request after 280.8394ms - 200
[00:08:06 INF] System.Net.Http.HttpClient.IDeepSeekClient.LogicalHandler Start processing HTTP request POST https://api.deepseek.com/chat/completions
[00:08:06 INF] System.Net.Http.HttpClient.IDeepSeekClient.ClientHandler Sending HTTP request POST https://api.deepseek.com/chat/completions
[00:08:06 INF] System.Net.Http.HttpClient.IDeepSeekClient.ClientHandler Received HTTP response headers after 292.54ms - 200
[00:08:06 INF] System.Net.Http.HttpClient.IDeepSeekClient.LogicalHandler End processing HTTP request after 292.9194ms - 200
[00:08:06 INF] System.Net.Http.HttpClient.IDeepSeekClient.LogicalHandler Start processing HTTP request POST https://api.deepseek.com/chat/completions
[00:08:06 INF] System.Net.Http.HttpClient.IDeepSeekClient.ClientHandler Sending HTTP request POST https://api.deepseek.com/chat/completions
[00:08:06 INF] System.Net.Http.HttpClient.IDeepSeekClient.LogicalHandler Start processing HTTP request POST https://api.deepseek.com/chat/completions
[00:08:06 INF] System.Net.Http.HttpClient.IDeepSeekClient.ClientHandler Sending HTTP request POST https://api.deepseek.com/chat/completions
[00:08:06 INF] System.Net.Http.HttpClient.IDeepSeekClient.ClientHandler Received HTTP response headers after 285.6923ms - 200
[00:08:06 INF] System.Net.Http.HttpClient.IDeepSeekClient.LogicalHandler End processing HTTP request after 285.9032ms - 200
[00:08:06 INF] System.Net.Http.HttpClient.IDeepSeekClient.ClientHandler Received HTTP response headers after 280.7582ms - 200
[00:08:06 INF] System.Net.Http.HttpClient.IDeepSeekClient.LogicalHandler End processing HTTP request after 281.1251ms - 200
[00:08:06 INF] System.Net.Http.HttpClient.IDeepSeekClient.LogicalHandler Start processing HTTP request POST https://api.deepseek.com/chat/completions
[00:08:06 INF] System.Net.Http.HttpClient.IDeepSeekClient.ClientHandler Sending HTTP request POST https://api.deepseek.com/chat/completions
[00:08:06 INF] System.Net.Http.HttpClient.IDeepSeekClient.ClientHandler Received HTTP response headers after 289.6256ms - 200
[00:08:06 INF] System.Net.Http.HttpClient.IDeepSeekClient.LogicalHandler End processing HTTP request after 289.933ms - 200
[00:08:06 INF] System.Net.Http.HttpClient.IDeepSeekClient.ClientHandler Received HTTP response headers after 294.3238ms - 200
[00:08:06 INF] System.Net.Http.HttpClient.IDeepSeekClient.LogicalHandler End processing HTTP request after 294.5032ms - 200
[00:08:06 INF] System.Net.Http.HttpClient.IDeepSeekClient.ClientHandler Received HTTP response headers after 309.8981ms - 200
[00:08:06 INF] System.Net.Http.HttpClient.IDeepSeekClient.LogicalHandler End processing HTTP request after 310.0613ms - 200
[00:08:06 INF] System.Net.Http.HttpClient.IDeepSeekClient.LogicalHandler Start processing HTTP request POST https://api.deepseek.com/chat/completions
[00:08:06 INF] System.Net.Http.HttpClient.IDeepSeekClient.ClientHandler Sending HTTP request POST https://api.deepseek.com/chat/completions
[00:08:06 INF] System.Net.Http.HttpClient.IDeepSeekClient.ClientHandler Received HTTP response headers after 287.8857ms - 200
[00:08:06 INF] System.Net.Http.HttpClient.IDeepSeekClient.LogicalHandler End processing HTTP request after 288.1399ms - 200
[00:08:06 INF] System.Net.Http.HttpClient.IDeepSeekClient.LogicalHandler Start processing HTTP request POST https://api.deepseek.com/chat/completions
[00:08:06 INF] System.Net.Http.HttpClient.IDeepSeekClient.ClientHandler Sending HTTP request POST https://api.deepseek.com/chat/completions
[00:08:06 INF] System.Net.Http.HttpClient.IDeepSeekClient.ClientHandler Received HTTP response headers after 287.5101ms - 200
[00:08:06 INF] System.Net.Http.HttpClient.IDeepSeekClient.LogicalHandler End processing HTTP request after 287.7754ms - 200
[00:08:06 INF] System.Net.Http.HttpClient.IDeepSeekClient.ClientHandler Received HTTP response headers after 308.3822ms - 200
[00:08:06 INF] System.Net.Http.HttpClient.IDeepSeekClient.LogicalHandler End processing HTTP request after 308.7621ms - 200
[00:08:06 INF] System.Net.Http.HttpClient.IDeepSeekClient.LogicalHandler Start processing HTTP request POST https://api.deepseek.com/chat/completions
[00:08:06 INF] System.Net.Http.HttpClient.IDeepSeekClient.ClientHandler Sending HTTP request POST https://api.deepseek.com/chat/completions
[00:08:06 INF] System.Net.Http.HttpClient.IDeepSeekClient.ClientHandler Received HTTP response headers after 285.4788ms - 200
[00:08:06 INF] System.Net.Http.HttpClient.IDeepSeekClient.LogicalHandler End processing HTTP request after 285.8017ms - 200
[00:08:06 INF] System.Net.Http.HttpClient.IDeepSeekClient.ClientHandler Received HTTP response headers after 289.9597ms - 200
[00:08:06 INF] System.Net.Http.HttpClient.IDeepSeekClient.LogicalHandler End processing HTTP request after 290.4179ms - 200
[00:08:06 INF] System.Net.Http.HttpClient.IDeepSeekClient.ClientHandler Received HTTP response headers after 299.0248ms - 200
[00:08:06 INF] System.Net.Http.HttpClient.IDeepSeekClient.LogicalHandler End processing HTTP request after 299.5217ms - 200
[00:08:06 INF] System.Net.Http.HttpClient.IDeepSeekClient.LogicalHandler Start processing HTTP request POST https://api.deepseek.com/chat/completions
[00:08:06 INF] System.Net.Http.HttpClient.IDeepSeekClient.ClientHandler Sending HTTP request POST https://api.deepseek.com/chat/completions
[00:08:06 INF] System.Net.Http.HttpClient.IDeepSeekClient.LogicalHandler Start processing HTTP request POST https://api.deepseek.com/chat/completions
[00:08:06 INF] System.Net.Http.HttpClient.IDeepSeekClient.ClientHandler Sending HTTP request POST https://api.deepseek.com/chat/completions
[00:08:06 INF] System.Net.Http.HttpClient.IDeepSeekClient.ClientHandler Received HTTP response headers after 284.1129ms - 200
[00:08:06 INF] System.Net.Http.HttpClient.IDeepSeekClient.LogicalHandler End processing HTTP request after 284.749ms - 200
[00:08:06 INF] System.Net.Http.HttpClient.IDeepSeekClient.LogicalHandler Start processing HTTP request POST https://api.deepseek.com/chat/completions
[00:08:06 INF] System.Net.Http.HttpClient.IDeepSeekClient.ClientHandler Sending HTTP request POST https://api.deepseek.com/chat/completions
[00:08:06 INF] System.Net.Http.HttpClient.IDeepSeekClient.ClientHandler Received HTTP response headers after 292.5903ms - 200
[00:08:06 INF] System.Net.Http.HttpClient.IDeepSeekClient.LogicalHandler End processing HTTP request after 292.8284ms - 200
[00:08:06 INF] System.Net.Http.HttpClient.IDeepSeekClient.LogicalHandler Start processing HTTP request POST https://api.deepseek.com/chat/completions
[00:08:06 INF] System.Net.Http.HttpClient.IDeepSeekClient.ClientHandler Sending HTTP request POST https://api.deepseek.com/chat/completions
[00:08:06 INF] System.Net.Http.HttpClient.IDeepSeekClient.LogicalHandler Start processing HTTP request POST https://api.deepseek.com/chat/completions
[00:08:06 INF] System.Net.Http.HttpClient.IDeepSeekClient.ClientHandler Sending HTTP request POST https://api.deepseek.com/chat/completions
[00:08:06 INF] System.Net.Http.HttpClient.IDeepSeekClient.LogicalHandler Start processing HTTP request POST https://api.deepseek.com/chat/completions
[00:08:06 INF] System.Net.Http.HttpClient.IDeepSeekClient.ClientHandler Sending HTTP request POST https://api.deepseek.com/chat/completions
[00:08:06 INF] System.Net.Http.HttpClient.IDeepSeekClient.LogicalHandler Start processing HTTP request POST https://api.deepseek.com/chat/completions
[00:08:06 INF] System.Net.Http.HttpClient.IDeepSeekClient.ClientHandler Sending HTTP request POST https://api.deepseek.com/chat/completions
[00:08:06 INF] System.Net.Http.HttpClient.IDeepSeekClient.ClientHandler Received HTTP response headers after 292.4951ms - 200
[00:08:06 INF] System.Net.Http.HttpClient.IDeepSeekClient.LogicalHandler End processing HTTP request after 292.6974ms - 200
[00:08:06 INF] System.Net.Http.HttpClient.IDeepSeekClient.LogicalHandler Start processing HTTP request POST https://api.deepseek.com/chat/completions
[00:08:06 INF] System.Net.Http.HttpClient.IDeepSeekClient.ClientHandler Sending HTTP request POST https://api.deepseek.com/chat/completions
[00:08:07 INF] System.Net.Http.HttpClient.IDeepSeekClient.ClientHandler Received HTTP response headers after 286.9845ms - 200
[00:08:07 INF] System.Net.Http.HttpClient.IDeepSeekClient.LogicalHandler End processing HTTP request after 287.1803ms - 200
[00:08:07 INF] System.Net.Http.HttpClient.IDeepSeekClient.LogicalHandler Start processing HTTP request POST https://api.deepseek.com/chat/completions
[00:08:07 INF] System.Net.Http.HttpClient.IDeepSeekClient.ClientHandler Sending HTTP request POST https://api.deepseek.com/chat/completions
[00:08:07 INF] System.Net.Http.HttpClient.IDeepSeekClient.ClientHandler Received HTTP response headers after 300.2362ms - 200
[00:08:07 INF] System.Net.Http.HttpClient.IDeepSeekClient.LogicalHandler End processing HTTP request after 300.4663ms - 200
[00:08:07 INF] System.Net.Http.HttpClient.IDeepSeekClient.LogicalHandler Start processing HTTP request POST https://api.deepseek.com/chat/completions
[00:08:07 INF] System.Net.Http.HttpClient.IDeepSeekClient.ClientHandler Sending HTTP request POST https://api.deepseek.com/chat/completions
[00:08:07 INF] System.Net.Http.HttpClient.IDeepSeekClient.LogicalHandler Start processing HTTP request POST https://api.deepseek.com/chat/completions
[00:08:07 INF] System.Net.Http.HttpClient.IDeepSeekClient.ClientHandler Sending HTTP request POST https://api.deepseek.com/chat/completions
[00:08:07 INF] System.Net.Http.HttpClient.IDeepSeekClient.ClientHandler Received HTTP response headers after 302.2747ms - 200
[00:08:07 INF] System.Net.Http.HttpClient.IDeepSeekClient.LogicalHandler End processing HTTP request after 302.5199ms - 200
[00:08:07 INF] System.Net.Http.HttpClient.IDeepSeekClient.LogicalHandler Start processing HTTP request POST https://api.deepseek.com/chat/completions
[00:08:07 INF] System.Net.Http.HttpClient.IDeepSeekClient.ClientHandler Sending HTTP request POST https://api.deepseek.com/chat/completions
[00:08:07 INF] System.Net.Http.HttpClient.IDeepSeekClient.ClientHandler Received HTTP response headers after 289.8556ms - 200
[00:08:07 INF] System.Net.Http.HttpClient.IDeepSeekClient.LogicalHandler End processing HTTP request after 290.0357ms - 200
[00:08:07 INF] System.Net.Http.HttpClient.IDeepSeekClient.ClientHandler Received HTTP response headers after 292.2774ms - 200
[00:08:07 INF] System.Net.Http.HttpClient.IDeepSeekClient.LogicalHandler End processing HTTP request after 292.4737ms - 200
[00:08:07 INF] System.Net.Http.HttpClient.IDeepSeekClient.ClientHandler Received HTTP response headers after 281.7262ms - 200
[00:08:07 INF] System.Net.Http.HttpClient.IDeepSeekClient.ClientHandler Received HTTP response headers after 293.0572ms - 200
[00:08:07 INF] System.Net.Http.HttpClient.IDeepSeekClient.LogicalHandler End processing HTTP request after 281.831ms - 200
[00:08:07 INF] System.Net.Http.HttpClient.IDeepSeekClient.LogicalHandler End processing HTTP request after 293.1909ms - 200
[00:08:07 INF] System.Net.Http.HttpClient.IDeepSeekClient.ClientHandler Received HTTP response headers after 308.4498ms - 200
[00:08:07 INF] System.Net.Http.HttpClient.IDeepSeekClient.LogicalHandler End processing HTTP request after 308.6327ms - 200
[00:08:07 INF] System.Net.Http.HttpClient.IDeepSeekClient.LogicalHandler Start processing HTTP request POST https://api.deepseek.com/chat/completions
[00:08:07 INF] System.Net.Http.HttpClient.IDeepSeekClient.ClientHandler Sending HTTP request POST https://api.deepseek.com/chat/completions
[00:08:07 INF] System.Net.Http.HttpClient.IDeepSeekClient.LogicalHandler Start processing HTTP request POST https://api.deepseek.com/chat/completions
[00:08:07 INF] System.Net.Http.HttpClient.IDeepSeekClient.ClientHandler Sending HTTP request POST https://api.deepseek.com/chat/completions
[00:08:07 INF] System.Net.Http.HttpClient.IDeepSeekClient.ClientHandler Received HTTP response headers after 288.3654ms - 200
[00:08:07 INF] System.Net.Http.HttpClient.IDeepSeekClient.LogicalHandler End processing HTTP request after 288.8792ms - 200
[00:08:07 INF] System.Net.Http.HttpClient.IDeepSeekClient.ClientHandler Received HTTP response headers after 282.6317ms - 200
[00:08:07 INF] System.Net.Http.HttpClient.IDeepSeekClient.LogicalHandler End processing HTTP request after 283.0944ms - 200
[00:08:07 INF] System.Net.Http.HttpClient.IDeepSeekClient.ClientHandler Received HTTP response headers after 286.3542ms - 200
[00:08:07 INF] System.Net.Http.HttpClient.IDeepSeekClient.LogicalHandler End processing HTTP request after 286.8087ms - 200
[00:08:07 INF] System.Net.Http.HttpClient.IDeepSeekClient.LogicalHandler Start processing HTTP request POST https://api.deepseek.com/chat/completions
[00:08:07 INF] System.Net.Http.HttpClient.IDeepSeekClient.ClientHandler Sending HTTP request POST https://api.deepseek.com/chat/completions
[00:08:07 INF] System.Net.Http.HttpClient.IDeepSeekClient.LogicalHandler Start processing HTTP request POST https://api.deepseek.com/chat/completions
[00:08:07 INF] System.Net.Http.HttpClient.IDeepSeekClient.ClientHandler Sending HTTP request POST https://api.deepseek.com/chat/completions
[00:08:07 INF] System.Net.Http.HttpClient.IDeepSeekClient.LogicalHandler Start processing HTTP request POST https://api.deepseek.com/chat/completions
[00:08:07 INF] System.Net.Http.HttpClient.IDeepSeekClient.ClientHandler Sending HTTP request POST https://api.deepseek.com/chat/completions
[00:08:07 INF] System.Net.Http.HttpClient.IDeepSeekClient.ClientHandler Received HTTP response headers after 291.4737ms - 200
[00:08:07 INF] System.Net.Http.HttpClient.IDeepSeekClient.LogicalHandler End processing HTTP request after 291.647ms - 200
[00:08:07 INF] System.Net.Http.HttpClient.IDeepSeekClient.LogicalHandler Start processing HTTP request POST https://api.deepseek.com/chat/completions
[00:08:07 INF] System.Net.Http.HttpClient.IDeepSeekClient.ClientHandler Sending HTTP request POST https://api.deepseek.com/chat/completions
[00:08:07 INF] System.Net.Http.HttpClient.IDeepSeekClient.ClientHandler Received HTTP response headers after 296.0186ms - 200
[00:08:07 INF] System.Net.Http.HttpClient.IDeepSeekClient.LogicalHandler End processing HTTP request after 296.5077ms - 200
[00:08:07 INF] System.Net.Http.HttpClient.IDeepSeekClient.ClientHandler Received HTTP response headers after 286.7708ms - 200
[00:08:07 INF] System.Net.Http.HttpClient.IDeepSeekClient.LogicalHandler End processing HTTP request after 287.0768ms - 200
[00:08:07 INF] System.Net.Http.HttpClient.IDeepSeekClient.LogicalHandler Start processing HTTP request POST https://api.deepseek.com/chat/completions
[00:08:07 INF] System.Net.Http.HttpClient.IDeepSeekClient.ClientHandler Sending HTTP request POST https://api.deepseek.com/chat/completions
[00:08:07 INF] System.Net.Http.HttpClient.IDeepSeekClient.LogicalHandler Start processing HTTP request POST https://api.deepseek.com/chat/completions
[00:08:07 INF] System.Net.Http.HttpClient.IDeepSeekClient.ClientHandler Sending HTTP request POST https://api.deepseek.com/chat/completions
[00:08:07 INF] System.Net.Http.HttpClient.IDeepSeekClient.ClientHandler Received HTTP response headers after 286.6255ms - 200
[00:08:07 INF] System.Net.Http.HttpClient.IDeepSeekClient.LogicalHandler End processing HTTP request after 287.576ms - 200
[00:08:07 INF] System.Net.Http.HttpClient.IDeepSeekClient.LogicalHandler Start processing HTTP request POST https://api.deepseek.com/chat/completions
[00:08:07 INF] System.Net.Http.HttpClient.IDeepSeekClient.ClientHandler Sending HTTP request POST https://api.deepseek.com/chat/completions
[00:08:07 INF] System.Net.Http.HttpClient.IDeepSeekClient.ClientHandler Received HTTP response headers after 290.3652ms - 200
[00:08:07 INF] System.Net.Http.HttpClient.IDeepSeekClient.LogicalHandler End processing HTTP request after 291.1782ms - 200
[00:08:07 INF] System.Net.Http.HttpClient.IDeepSeekClient.ClientHandler Received HTTP response headers after 286.3896ms - 200
[00:08:07 INF] System.Net.Http.HttpClient.IDeepSeekClient.LogicalHandler End processing HTTP request after 286.8476ms - 200
[00:08:07 INF] System.Net.Http.HttpClient.IDeepSeekClient.LogicalHandler Start processing HTTP request POST https://api.deepseek.com/chat/completions
[00:08:07 INF] System.Net.Http.HttpClient.IDeepSeekClient.ClientHandler Sending HTTP request POST https://api.deepseek.com/chat/completions
[00:08:07 INF] System.Net.Http.HttpClient.IDeepSeekClient.LogicalHandler Start processing HTTP request POST https://api.deepseek.com/chat/completions
[00:08:07 INF] System.Net.Http.HttpClient.IDeepSeekClient.ClientHandler Sending HTTP request POST https://api.deepseek.com/chat/completions
[00:08:07 INF] System.Net.Http.HttpClient.IDeepSeekClient.ClientHandler Received HTTP response headers after 290.3242ms - 200
[00:08:07 INF] System.Net.Http.HttpClient.IDeepSeekClient.LogicalHandler End processing HTTP request after 291.5899ms - 200
[00:08:07 INF] System.Net.Http.HttpClient.IDeepSeekClient.LogicalHandler Start processing HTTP request POST https://api.deepseek.com/chat/completions
[00:08:07 INF] System.Net.Http.HttpClient.IDeepSeekClient.ClientHandler Sending HTTP request POST https://api.deepseek.com/chat/completions
[00:08:07 INF] System.Net.Http.HttpClient.IDeepSeekClient.LogicalHandler Start processing HTTP request POST https://api.deepseek.com/chat/completions
[00:08:07 INF] System.Net.Http.HttpClient.IDeepSeekClient.ClientHandler Sending HTTP request POST https://api.deepseek.com/chat/completions
[00:08:07 INF] System.Net.Http.HttpClient.IDeepSeekClient.ClientHandler Received HTTP response headers after 285.3537ms - 200
[00:08:07 INF] System.Net.Http.HttpClient.IDeepSeekClient.LogicalHandler End processing HTTP request after 286.1337ms - 200
[00:08:07 INF] System.Net.Http.HttpClient.IDeepSeekClient.LogicalHandler Start processing HTTP request POST https://api.deepseek.com/chat/completions
[00:08:07 INF] System.Net.Http.HttpClient.IDeepSeekClient.ClientHandler Sending HTTP request POST https://api.deepseek.com/chat/completions
[00:08:07 INF] System.Net.Http.HttpClient.IDeepSeekClient.ClientHandler Received HTTP response headers after 286.6373ms - 200
[00:08:07 INF] System.Net.Http.HttpClient.IDeepSeekClient.LogicalHandler End processing HTTP request after 287.9747ms - 200
[00:08:07 INF] System.Net.Http.HttpClient.IDeepSeekClient.LogicalHandler Start processing HTTP request POST https://api.deepseek.com/chat/completions
[00:08:07 INF] System.Net.Http.HttpClient.IDeepSeekClient.ClientHandler Sending HTTP request POST https://api.deepseek.com/chat/completions
[00:08:08 INF] System.Net.Http.HttpClient.IDeepSeekClient.ClientHandler Received HTTP response headers after 307.9257ms - 200
[00:08:08 INF] System.Net.Http.HttpClient.IDeepSeekClient.LogicalHandler End processing HTTP request after 308.3223ms - 200
[00:08:08 INF] System.Net.Http.HttpClient.IDeepSeekClient.ClientHandler Received HTTP response headers after 284.4147ms - 200
[00:08:08 INF] System.Net.Http.HttpClient.IDeepSeekClient.LogicalHandler End processing HTTP request after 284.8221ms - 200
[00:08:08 INF] System.Net.Http.HttpClient.IDeepSeekClient.ClientHandler Received HTTP response headers after 284.7655ms - 200
[00:08:08 INF] System.Net.Http.HttpClient.IDeepSeekClient.LogicalHandler End processing HTTP request after 285.0083ms - 200
[00:08:08 INF] System.Net.Http.HttpClient.IDeepSeekClient.LogicalHandler Start processing HTTP request POST https://api.deepseek.com/chat/completions
[00:08:08 INF] System.Net.Http.HttpClient.IDeepSeekClient.ClientHandler Sending HTTP request POST https://api.deepseek.com/chat/completions
[00:08:08 INF] System.Net.Http.HttpClient.IDeepSeekClient.ClientHandler Received HTTP response headers after 286.8326ms - 200
[00:08:08 INF] System.Net.Http.HttpClient.IDeepSeekClient.LogicalHandler End processing HTTP request after 287.1147ms - 200
[00:08:08 INF] System.Net.Http.HttpClient.IDeepSeekClient.ClientHandler Received HTTP response headers after 276.4494ms - 200
[00:08:08 INF] System.Net.Http.HttpClient.IDeepSeekClient.LogicalHandler End processing HTTP request after 276.8094ms - 200
[00:08:08 INF] System.Net.Http.HttpClient.IDeepSeekClient.ClientHandler Received HTTP response headers after 287.5777ms - 200
[00:08:08 INF] System.Net.Http.HttpClient.IDeepSeekClient.LogicalHandler End processing HTTP request after 287.9165ms - 200
[00:08:08 INF] System.Net.Http.HttpClient.IDeepSeekClient.ClientHandler Received HTTP response headers after 289.244ms - 200
[00:08:08 INF] System.Net.Http.HttpClient.IDeepSeekClient.LogicalHandler End processing HTTP request after 289.4671ms - 200
[00:08:08 INF] System.Net.Http.HttpClient.IDeepSeekClient.LogicalHandler Start processing HTTP request POST https://api.deepseek.com/chat/completions
[00:08:08 INF] System.Net.Http.HttpClient.IDeepSeekClient.ClientHandler Sending HTTP request POST https://api.deepseek.com/chat/completions
[00:08:08 INF] System.Net.Http.HttpClient.IDeepSeekClient.LogicalHandler Start processing HTTP request POST https://api.deepseek.com/chat/completions
[00:08:08 INF] System.Net.Http.HttpClient.IDeepSeekClient.ClientHandler Sending HTTP request POST https://api.deepseek.com/chat/completions
[00:08:08 INF] System.Net.Http.HttpClient.IDeepSeekClient.LogicalHandler Start processing HTTP request POST https://api.deepseek.com/chat/completions
[00:08:08 INF] System.Net.Http.HttpClient.IDeepSeekClient.ClientHandler Sending HTTP request POST https://api.deepseek.com/chat/completions
[00:08:08 INF] System.Net.Http.HttpClient.IDeepSeekClient.LogicalHandler Start processing HTTP request POST https://api.deepseek.com/chat/completions
[00:08:08 INF] System.Net.Http.HttpClient.IDeepSeekClient.ClientHandler Sending HTTP request POST https://api.deepseek.com/chat/completions
[00:08:08 INF] System.Net.Http.HttpClient.IDeepSeekClient.LogicalHandler Start processing HTTP request POST https://api.deepseek.com/chat/completions
[00:08:08 INF] System.Net.Http.HttpClient.IDeepSeekClient.LogicalHandler Start processing HTTP request POST https://api.deepseek.com/chat/completions
[00:08:08 INF] System.Net.Http.HttpClient.IDeepSeekClient.ClientHandler Sending HTTP request POST https://api.deepseek.com/chat/completions
[00:08:08 INF] System.Net.Http.HttpClient.IDeepSeekClient.ClientHandler Sending HTTP request POST https://api.deepseek.com/chat/completions
[00:08:08 INF] System.Net.Http.HttpClient.IDeepSeekClient.ClientHandler Received HTTP response headers after 293.6268ms - 200
[00:08:08 INF] System.Net.Http.HttpClient.IDeepSeekClient.LogicalHandler End processing HTTP request after 293.8482ms - 200
[00:08:08 INF] System.Net.Http.HttpClient.IDeepSeekClient.LogicalHandler Start processing HTTP request POST https://api.deepseek.com/chat/completions
[00:08:08 INF] System.Net.Http.HttpClient.IDeepSeekClient.ClientHandler Sending HTTP request POST https://api.deepseek.com/chat/completions
[00:08:08 INF] System.Net.Http.HttpClient.IDeepSeekClient.LogicalHandler Start processing HTTP request POST https://api.deepseek.com/chat/completions
[00:08:08 INF] System.Net.Http.HttpClient.IDeepSeekClient.ClientHandler Sending HTTP request POST https://api.deepseek.com/chat/completions
[00:08:08 INF] System.Net.Http.HttpClient.IDeepSeekClient.LogicalHandler Start processing HTTP request POST https://api.deepseek.com/chat/completions
[00:08:08 INF] System.Net.Http.HttpClient.IDeepSeekClient.ClientHandler Sending HTTP request POST https://api.deepseek.com/chat/completions
[00:08:08 INF] System.Net.Http.HttpClient.IDeepSeekClient.LogicalHandler Start processing HTTP request POST https://api.deepseek.com/chat/completions
[00:08:08 INF] System.Net.Http.HttpClient.IDeepSeekClient.ClientHandler Sending HTTP request POST https://api.deepseek.com/chat/completions
[00:08:08 INF] System.Net.Http.HttpClient.IDeepSeekClient.LogicalHandler Start processing HTTP request POST https://api.deepseek.com/chat/completions
[00:08:08 INF] System.Net.Http.HttpClient.IDeepSeekClient.ClientHandler Sending HTTP request POST https://api.deepseek.com/chat/completions
[00:08:08 INF] System.Net.Http.HttpClient.IDeepSeekClient.ClientHandler Received HTTP response headers after 293.9335ms - 200
[00:08:08 INF] System.Net.Http.HttpClient.IDeepSeekClient.LogicalHandler End processing HTTP request after 294.5877ms - 200
[00:08:08 INF] System.Net.Http.HttpClient.IDeepSeekClient.LogicalHandler Start processing HTTP request POST https://api.deepseek.com/chat/completions
[00:08:08 INF] System.Net.Http.HttpClient.IDeepSeekClient.ClientHandler Sending HTTP request POST https://api.deepseek.com/chat/completions
[00:08:08 INF] System.Net.Http.HttpClient.IDeepSeekClient.LogicalHandler Start processing HTTP request POST https://api.deepseek.com/chat/completions
[00:08:08 INF] System.Net.Http.HttpClient.IDeepSeekClient.ClientHandler Sending HTTP request POST https://api.deepseek.com/chat/completions
[00:08:08 INF] System.Net.Http.HttpClient.IDeepSeekClient.ClientHandler Received HTTP response headers after 278.2951ms - 200
[00:08:08 INF] System.Net.Http.HttpClient.IDeepSeekClient.LogicalHandler End processing HTTP request after 279.5952ms - 200
[00:08:08 INF] System.Net.Http.HttpClient.IDeepSeekClient.ClientHandler Received HTTP response headers after 280.2215ms - 200
[00:08:08 INF] System.Net.Http.HttpClient.IDeepSeekClient.LogicalHandler End processing HTTP request after 281.2418ms - 200
[00:08:08 INF] System.Net.Http.HttpClient.IDeepSeekClient.ClientHandler Received HTTP response headers after 287.9977ms - 200
[00:08:08 INF] System.Net.Http.HttpClient.IDeepSeekClient.LogicalHandler End processing HTTP request after 288.34ms - 200
[00:08:08 INF] System.Net.Http.HttpClient.IDeepSeekClient.LogicalHandler Start processing HTTP request POST https://api.deepseek.com/chat/completions
[00:08:08 INF] System.Net.Http.HttpClient.IDeepSeekClient.ClientHandler Sending HTTP request POST https://api.deepseek.com/chat/completions
[00:08:08 INF] System.Net.Http.HttpClient.IDeepSeekClient.ClientHandler Received HTTP response headers after 287.4358ms - 200
[00:08:08 INF] System.Net.Http.HttpClient.IDeepSeekClient.LogicalHandler End processing HTTP request after 287.8462ms - 200
[00:08:08 INF] System.Net.Http.HttpClient.IDeepSeekClient.ClientHandler Received HTTP response headers after 303.4538ms - 200
[00:08:08 INF] System.Net.Http.HttpClient.IDeepSeekClient.LogicalHandler End processing HTTP request after 304.2058ms - 200
[00:08:08 INF] System.Net.Http.HttpClient.IDeepSeekClient.LogicalHandler Start processing HTTP request POST https://api.deepseek.com/chat/completions
[00:08:08 INF] System.Net.Http.HttpClient.IDeepSeekClient.ClientHandler Sending HTTP request POST https://api.deepseek.com/chat/completions
[00:08:08 INF] System.Net.Http.HttpClient.IDeepSeekClient.LogicalHandler Start processing HTTP request POST https://api.deepseek.com/chat/completions
[00:08:08 INF] System.Net.Http.HttpClient.IDeepSeekClient.ClientHandler Sending HTTP request POST https://api.deepseek.com/chat/completions
[00:08:08 INF] System.Net.Http.HttpClient.IDeepSeekClient.ClientHandler Received HTTP response headers after 310.8337ms - 200
[00:08:08 INF] System.Net.Http.HttpClient.IDeepSeekClient.LogicalHandler End processing HTTP request after 311.3532ms - 200
[00:08:08 INF] System.Net.Http.HttpClient.IDeepSeekClient.ClientHandler Received HTTP response headers after 287.1771ms - 200
[00:08:08 INF] System.Net.Http.HttpClient.IDeepSeekClient.LogicalHandler End processing HTTP request after 287.7555ms - 200
[00:08:08 INF] System.Net.Http.HttpClient.IDeepSeekClient.ClientHandler Received HTTP response headers after 276.1234ms - 200
[00:08:08 INF] System.Net.Http.HttpClient.IDeepSeekClient.LogicalHandler End processing HTTP request after 276.5288ms - 200
[00:08:08 INF] System.Net.Http.HttpClient.IDeepSeekClient.ClientHandler Received HTTP response headers after 289.8645ms - 200
[00:08:08 INF] System.Net.Http.HttpClient.IDeepSeekClient.LogicalHandler End processing HTTP request after 290.2326ms - 200
[00:08:08 INF] System.Net.Http.HttpClient.IDeepSeekClient.LogicalHandler Start processing HTTP request POST https://api.deepseek.com/chat/completions
[00:08:08 INF] System.Net.Http.HttpClient.IDeepSeekClient.ClientHandler Sending HTTP request POST https://api.deepseek.com/chat/completions
[00:08:08 INF] System.Net.Http.HttpClient.IDeepSeekClient.LogicalHandler Start processing HTTP request POST https://api.deepseek.com/chat/completions
[00:08:08 INF] System.Net.Http.HttpClient.IDeepSeekClient.ClientHandler Sending HTTP request POST https://api.deepseek.com/chat/completions
[00:08:08 INF] System.Net.Http.HttpClient.IDeepSeekClient.ClientHandler Received HTTP response headers after 338.9475ms - 200
[00:08:08 INF] System.Net.Http.HttpClient.IDeepSeekClient.LogicalHandler End processing HTTP request after 339.3108ms - 200
[00:08:08 INF] System.Net.Http.HttpClient.IDeepSeekClient.LogicalHandler Start processing HTTP request POST https://api.deepseek.com/chat/completions
[00:08:08 INF] System.Net.Http.HttpClient.IDeepSeekClient.ClientHandler Sending HTTP request POST https://api.deepseek.com/chat/completions
[00:08:08 INF] System.Net.Http.HttpClient.IDeepSeekClient.ClientHandler Received HTTP response headers after 295.5499ms - 200
[00:08:08 INF] System.Net.Http.HttpClient.IDeepSeekClient.LogicalHandler End processing HTTP request after 296.177ms - 200
[00:08:08 INF] System.Net.Http.HttpClient.IDeepSeekClient.LogicalHandler Start processing HTTP request POST https://api.deepseek.com/chat/completions
[00:08:08 INF] System.Net.Http.HttpClient.IDeepSeekClient.ClientHandler Sending HTTP request POST https://api.deepseek.com/chat/completions
[00:08:08 INF] System.Net.Http.HttpClient.IDeepSeekClient.ClientHandler Received HTTP response headers after 296.6737ms - 200
[00:08:08 INF] System.Net.Http.HttpClient.IDeepSeekClient.LogicalHandler End processing HTTP request after 297.5949ms - 200
[00:08:09 INF] System.Net.Http.HttpClient.IDeepSeekClient.ClientHandler Received HTTP response headers after 312.3025ms - 200
[00:08:09 INF] System.Net.Http.HttpClient.IDeepSeekClient.LogicalHandler End processing HTTP request after 312.7677ms - 200
[00:08:09 INF] System.Net.Http.HttpClient.IDeepSeekClient.ClientHandler Received HTTP response headers after 286.8023ms - 200
[00:08:09 INF] System.Net.Http.HttpClient.IDeepSeekClient.LogicalHandler End processing HTTP request after 287.5183ms - 200
[00:08:09 INF] System.Net.Http.HttpClient.IDeepSeekClient.ClientHandler Received HTTP response headers after 315.8588ms - 200
[00:08:09 INF] System.Net.Http.HttpClient.IDeepSeekClient.LogicalHandler End processing HTTP request after 316.3375ms - 200
[00:08:09 INF] System.Net.Http.HttpClient.IDeepSeekClient.LogicalHandler Start processing HTTP request POST https://api.deepseek.com/chat/completions
[00:08:09 INF] System.Net.Http.HttpClient.IDeepSeekClient.ClientHandler Sending HTTP request POST https://api.deepseek.com/chat/completions
[00:08:09 INF] System.Net.Http.HttpClient.IDeepSeekClient.LogicalHandler Start processing HTTP request POST https://api.deepseek.com/chat/completions
[00:08:09 INF] System.Net.Http.HttpClient.IDeepSeekClient.ClientHandler Sending HTTP request POST https://api.deepseek.com/chat/completions
[00:08:09 INF] System.Net.Http.HttpClient.IDeepSeekClient.LogicalHandler Start processing HTTP request POST https://api.deepseek.com/chat/completions
[00:08:09 INF] System.Net.Http.HttpClient.IDeepSeekClient.ClientHandler Sending HTTP request POST https://api.deepseek.com/chat/completions
[00:08:09 INF] System.Net.Http.HttpClient.IDeepSeekClient.ClientHandler Received HTTP response headers after 292.2692ms - 200
[00:08:09 INF] System.Net.Http.HttpClient.IDeepSeekClient.LogicalHandler End processing HTTP request after 292.5264ms - 200
[00:08:09 INF] System.Net.Http.HttpClient.IDeepSeekClient.ClientHandler Received HTTP response headers after 299.8236ms - 200
[00:08:09 INF] System.Net.Http.HttpClient.IDeepSeekClient.LogicalHandler End processing HTTP request after 300.4058ms - 200
[00:08:09 INF] System.Net.Http.HttpClient.IDeepSeekClient.ClientHandler Received HTTP response headers after 281.0477ms - 200
[00:08:09 INF] System.Net.Http.HttpClient.IDeepSeekClient.LogicalHandler End processing HTTP request after 281.2806ms - 200
[00:08:09 INF] System.Net.Http.HttpClient.IDeepSeekClient.ClientHandler Received HTTP response headers after 284.2757ms - 200
[00:08:09 INF] System.Net.Http.HttpClient.IDeepSeekClient.LogicalHandler End processing HTTP request after 284.674ms - 200
[00:08:09 INF] System.Net.Http.HttpClient.IDeepSeekClient.LogicalHandler Start processing HTTP request POST https://api.deepseek.com/chat/completions
[00:08:09 INF] System.Net.Http.HttpClient.IDeepSeekClient.ClientHandler Sending HTTP request POST https://api.deepseek.com/chat/completions
[00:08:09 INF] System.Net.Http.HttpClient.IDeepSeekClient.LogicalHandler Start processing HTTP request POST https://api.deepseek.com/chat/completions
[00:08:09 INF] System.Net.Http.HttpClient.IDeepSeekClient.ClientHandler Sending HTTP request POST https://api.deepseek.com/chat/completions
[00:08:09 INF] System.Net.Http.HttpClient.IDeepSeekClient.ClientHandler Received HTTP response headers after 295.6712ms - 200
[00:08:09 INF] System.Net.Http.HttpClient.IDeepSeekClient.LogicalHandler End processing HTTP request after 295.9516ms - 200
[00:08:09 INF] System.Net.Http.HttpClient.IDeepSeekClient.ClientHandler Received HTTP response headers after 282.5922ms - 200
[00:08:09 INF] System.Net.Http.HttpClient.IDeepSeekClient.LogicalHandler End processing HTTP request after 282.9085ms - 200
[00:08:09 INF] System.Net.Http.HttpClient.IDeepSeekClient.LogicalHandler Start processing HTTP request POST https://api.deepseek.com/chat/completions
[00:08:09 INF] System.Net.Http.HttpClient.IDeepSeekClient.ClientHandler Sending HTTP request POST https://api.deepseek.com/chat/completions
[00:08:09 INF] System.Net.Http.HttpClient.IDeepSeekClient.ClientHandler Received HTTP response headers after 307.647ms - 200
[00:08:09 INF] System.Net.Http.HttpClient.IDeepSeekClient.LogicalHandler End processing HTTP request after 307.9321ms - 200
[00:08:09 INF] System.Net.Http.HttpClient.IDeepSeekClient.LogicalHandler Start processing HTTP request POST https://api.deepseek.com/chat/completions
[00:08:09 INF] System.Net.Http.HttpClient.IDeepSeekClient.ClientHandler Sending HTTP request POST https://api.deepseek.com/chat/completions
[00:08:09 INF] System.Net.Http.HttpClient.IDeepSeekClient.LogicalHandler Start processing HTTP request POST https://api.deepseek.com/chat/completions
[00:08:09 INF] System.Net.Http.HttpClient.IDeepSeekClient.ClientHandler Sending HTTP request POST https://api.deepseek.com/chat/completions
[00:08:09 INF] System.Net.Http.HttpClient.IDeepSeekClient.ClientHandler Received HTTP response headers after 276.168ms - 200
[00:08:09 INF] System.Net.Http.HttpClient.IDeepSeekClient.LogicalHandler End processing HTTP request after 276.362ms - 200
[00:08:09 INF] System.Net.Http.HttpClient.IDeepSeekClient.LogicalHandler Start processing HTTP request POST https://api.deepseek.com/chat/completions
[00:08:09 INF] System.Net.Http.HttpClient.IDeepSeekClient.ClientHandler Sending HTTP request POST https://api.deepseek.com/chat/completions
[00:08:09 INF] System.Net.Http.HttpClient.IDeepSeekClient.LogicalHandler Start processing HTTP request POST https://api.deepseek.com/chat/completions
[00:08:09 INF] System.Net.Http.HttpClient.IDeepSeekClient.ClientHandler Sending HTTP request POST https://api.deepseek.com/chat/completions
[00:08:09 INF] System.Net.Http.HttpClient.IDeepSeekClient.ClientHandler Received HTTP response headers after 289.5493ms - 200
[00:08:09 INF] System.Net.Http.HttpClient.IDeepSeekClient.LogicalHandler End processing HTTP request after 289.7905ms - 200
[00:08:09 INF] System.Net.Http.HttpClient.IDeepSeekClient.ClientHandler Received HTTP response headers after 289.2979ms - 200
[00:08:09 INF] System.Net.Http.HttpClient.IDeepSeekClient.LogicalHandler End processing HTTP request after 290.0406ms - 200
[00:08:09 INF] System.Net.Http.HttpClient.IDeepSeekClient.LogicalHandler Start processing HTTP request POST https://api.deepseek.com/chat/completions
[00:08:09 INF] System.Net.Http.HttpClient.IDeepSeekClient.ClientHandler Sending HTTP request POST https://api.deepseek.com/chat/completions
[00:08:09 INF] System.Net.Http.HttpClient.IDeepSeekClient.LogicalHandler Start processing HTTP request POST https://api.deepseek.com/chat/completions
[00:08:09 INF] System.Net.Http.HttpClient.IDeepSeekClient.ClientHandler Sending HTTP request POST https://api.deepseek.com/chat/completions
[00:08:09 INF] System.Net.Http.HttpClient.IDeepSeekClient.ClientHandler Received HTTP response headers after 282.3925ms - 200
[00:08:09 INF] System.Net.Http.HttpClient.IDeepSeekClient.LogicalHandler End processing HTTP request after 282.9843ms - 200
[00:08:09 INF] System.Net.Http.HttpClient.IDeepSeekClient.ClientHandler Received HTTP response headers after 283.1179ms - 200
[00:08:09 INF] System.Net.Http.HttpClient.IDeepSeekClient.LogicalHandler End processing HTTP request after 283.3098ms - 200
[00:08:09 INF] System.Net.Http.HttpClient.IDeepSeekClient.ClientHandler Received HTTP response headers after 291.0015ms - 200
[00:08:09 INF] System.Net.Http.HttpClient.IDeepSeekClient.LogicalHandler End processing HTTP request after 291.2066ms - 200
[00:08:09 INF] System.Net.Http.HttpClient.IDeepSeekClient.LogicalHandler Start processing HTTP request POST https://api.deepseek.com/chat/completions
[00:08:09 INF] System.Net.Http.HttpClient.IDeepSeekClient.ClientHandler Sending HTTP request POST https://api.deepseek.com/chat/completions
[00:08:09 INF] System.Net.Http.HttpClient.IDeepSeekClient.LogicalHandler Start processing HTTP request POST https://api.deepseek.com/chat/completions
[00:08:09 INF] System.Net.Http.HttpClient.IDeepSeekClient.ClientHandler Sending HTTP request POST https://api.deepseek.com/chat/completions
[00:08:09 INF] System.Net.Http.HttpClient.IDeepSeekClient.ClientHandler Received HTTP response headers after 283.1861ms - 200
[00:08:09 INF] System.Net.Http.HttpClient.IDeepSeekClient.LogicalHandler End processing HTTP request after 283.405ms - 200
[00:08:09 INF] System.Net.Http.HttpClient.IDeepSeekClient.LogicalHandler Start processing HTTP request POST https://api.deepseek.com/chat/completions
[00:08:09 INF] System.Net.Http.HttpClient.IDeepSeekClient.ClientHandler Sending HTTP request POST https://api.deepseek.com/chat/completions
[00:08:10 INF] System.Net.Http.HttpClient.IDeepSeekClient.LogicalHandler Start processing HTTP request POST https://api.deepseek.com/chat/completions
[00:08:10 INF] System.Net.Http.HttpClient.IDeepSeekClient.ClientHandler Sending HTTP request POST https://api.deepseek.com/chat/completions
[00:08:10 INF] System.Net.Http.HttpClient.IDeepSeekClient.ClientHandler Received HTTP response headers after 326.0223ms - 200
[00:08:10 INF] System.Net.Http.HttpClient.IDeepSeekClient.LogicalHandler End processing HTTP request after 326.4007ms - 200
[00:08:10 INF] System.Net.Http.HttpClient.IDeepSeekClient.ClientHandler Received HTTP response headers after 294.2469ms - 200
[00:08:10 INF] System.Net.Http.HttpClient.IDeepSeekClient.LogicalHandler End processing HTTP request after 294.5141ms - 200
[00:08:10 INF] System.Net.Http.HttpClient.IDeepSeekClient.LogicalHandler Start processing HTTP request POST https://api.deepseek.com/chat/completions
[00:08:10 INF] System.Net.Http.HttpClient.IDeepSeekClient.ClientHandler Sending HTTP request POST https://api.deepseek.com/chat/completions
[00:08:10 INF] System.Net.Http.HttpClient.IDeepSeekClient.LogicalHandler Start processing HTTP request POST https://api.deepseek.com/chat/completions
[00:08:10 INF] System.Net.Http.HttpClient.IDeepSeekClient.ClientHandler Sending HTTP request POST https://api.deepseek.com/chat/completions
[00:08:10 INF] System.Net.Http.HttpClient.IDeepSeekClient.ClientHandler Received HTTP response headers after 305.4867ms - 200
[00:08:10 INF] System.Net.Http.HttpClient.IDeepSeekClient.LogicalHandler End processing HTTP request after 305.6389ms - 200
[00:08:10 INF] System.Net.Http.HttpClient.IDeepSeekClient.ClientHandler Received HTTP response headers after 286.0666ms - 200
[00:08:10 INF] System.Net.Http.HttpClient.IDeepSeekClient.LogicalHandler End processing HTTP request after 286.2065ms - 200
[00:08:10 INF] System.Net.Http.HttpClient.IDeepSeekClient.ClientHandler Received HTTP response headers after 281.6745ms - 200
[00:08:10 INF] System.Net.Http.HttpClient.IDeepSeekClient.LogicalHandler Start processing HTTP request POST https://api.deepseek.com/chat/completions
[00:08:10 INF] System.Net.Http.HttpClient.IDeepSeekClient.LogicalHandler End processing HTTP request after 281.8788ms - 200
[00:08:10 INF] System.Net.Http.HttpClient.IDeepSeekClient.ClientHandler Sending HTTP request POST https://api.deepseek.com/chat/completions
[00:08:10 INF] System.Net.Http.HttpClient.IDeepSeekClient.LogicalHandler Start processing HTTP request POST https://api.deepseek.com/chat/completions
[00:08:10 INF] System.Net.Http.HttpClient.IDeepSeekClient.ClientHandler Sending HTTP request POST https://api.deepseek.com/chat/completions
[00:08:10 INF] System.Net.Http.HttpClient.IDeepSeekClient.LogicalHandler Start processing HTTP request POST https://api.deepseek.com/chat/completions
[00:08:10 INF] System.Net.Http.HttpClient.IDeepSeekClient.ClientHandler Sending HTTP request POST https://api.deepseek.com/chat/completions
[00:08:10 INF] System.Net.Http.HttpClient.IDeepSeekClient.LogicalHandler Start processing HTTP request POST https://api.deepseek.com/chat/completions
[00:08:10 INF] System.Net.Http.HttpClient.IDeepSeekClient.ClientHandler Sending HTTP request POST https://api.deepseek.com/chat/completions
[00:08:10 INF] System.Net.Http.HttpClient.IDeepSeekClient.LogicalHandler Start processing HTTP request POST https://api.deepseek.com/chat/completions
[00:08:10 INF] System.Net.Http.HttpClient.IDeepSeekClient.ClientHandler Sending HTTP request POST https://api.deepseek.com/chat/completions
[00:08:10 INF] System.Net.Http.HttpClient.IDeepSeekClient.LogicalHandler Start processing HTTP request POST https://api.deepseek.com/chat/completions
[00:08:10 INF] System.Net.Http.HttpClient.IDeepSeekClient.ClientHandler Sending HTTP request POST https://api.deepseek.com/chat/completions
[00:08:10 INF] System.Net.Http.HttpClient.IDeepSeekClient.ClientHandler Received HTTP response headers after 303.717ms - 200
[00:08:10 INF] System.Net.Http.HttpClient.IDeepSeekClient.LogicalHandler End processing HTTP request after 303.9719ms - 200
[00:08:10 INF] System.Net.Http.HttpClient.IDeepSeekClient.LogicalHandler Start processing HTTP request POST https://api.deepseek.com/chat/completions
[00:08:10 INF] System.Net.Http.HttpClient.IDeepSeekClient.ClientHandler Sending HTTP request POST https://api.deepseek.com/chat/completions
[00:08:10 INF] System.Net.Http.HttpClient.IDeepSeekClient.ClientHandler Received HTTP response headers after 282.6843ms - 200
[00:08:10 INF] System.Net.Http.HttpClient.IDeepSeekClient.LogicalHandler End processing HTTP request after 282.8161ms - 200
[00:08:10 INF] System.Net.Http.HttpClient.IDeepSeekClient.ClientHandler Received HTTP response headers after 343.5679ms - 200
[00:08:10 INF] System.Net.Http.HttpClient.IDeepSeekClient.LogicalHandler End processing HTTP request after 343.7627ms - 200
[00:08:10 INF] System.Net.Http.HttpClient.IDeepSeekClient.ClientHandler Received HTTP response headers after 283.985ms - 200
[00:08:10 INF] System.Net.Http.HttpClient.IDeepSeekClient.LogicalHandler End processing HTTP request after 284.2705ms - 200
[00:08:10 INF] System.Net.Http.HttpClient.IDeepSeekClient.ClientHandler Received HTTP response headers after 280.0006ms - 200
[00:08:10 INF] System.Net.Http.HttpClient.IDeepSeekClient.LogicalHandler End processing HTTP request after 280.1558ms - 200
[00:08:10 INF] System.Net.Http.HttpClient.IDeepSeekClient.ClientHandler Received HTTP response headers after 290.9978ms - 200
[00:08:10 INF] System.Net.Http.HttpClient.IDeepSeekClient.LogicalHandler End processing HTTP request after 291.2605ms - 200
[00:08:10 INF] System.Net.Http.HttpClient.IDeepSeekClient.ClientHandler Received HTTP response headers after 285.3317ms - 200
[00:08:10 INF] System.Net.Http.HttpClient.IDeepSeekClient.LogicalHandler End processing HTTP request after 285.6352ms - 200
[00:08:10 INF] System.Net.Http.HttpClient.IDeepSeekClient.ClientHandler Received HTTP response headers after 294.3861ms - 200
[00:08:10 INF] System.Net.Http.HttpClient.IDeepSeekClient.LogicalHandler End processing HTTP request after 294.7145ms - 200
[00:08:10 INF] System.Net.Http.HttpClient.IDeepSeekClient.ClientHandler Received HTTP response headers after 308.5688ms - 200
[00:08:10 INF] System.Net.Http.HttpClient.IDeepSeekClient.LogicalHandler End processing HTTP request after 308.7942ms - 200
[00:08:10 INF] System.Net.Http.HttpClient.IDeepSeekClient.LogicalHandler Start processing HTTP request POST https://api.deepseek.com/chat/completions
[00:08:10 INF] System.Net.Http.HttpClient.IDeepSeekClient.ClientHandler Sending HTTP request POST https://api.deepseek.com/chat/completions
[00:08:10 INF] System.Net.Http.HttpClient.IDeepSeekClient.LogicalHandler Start processing HTTP request POST https://api.deepseek.com/chat/completions
[00:08:10 INF] System.Net.Http.HttpClient.IDeepSeekClient.ClientHandler Sending HTTP request POST https://api.deepseek.com/chat/completions
[00:08:10 INF] System.Net.Http.HttpClient.IDeepSeekClient.ClientHandler Received HTTP response headers after 310.093ms - 200
[00:08:10 INF] System.Net.Http.HttpClient.IDeepSeekClient.LogicalHandler End processing HTTP request after 311.3645ms - 200
[00:08:10 INF] System.Net.Http.HttpClient.IStockApiClient.LogicalHandler Start processing HTTP request GET https://data.sec.gov/api/xbrl/companyfacts/CIK0001375365.json
[00:08:10 INF] System.Net.Http.HttpClient.IStockApiClient.ClientHandler Sending HTTP request GET https://data.sec.gov/api/xbrl/companyfacts/CIK0001375365.json
[00:08:10 INF] System.Net.Http.HttpClient.IDeepSeekClient.ClientHandler Received HTTP response headers after 292.5029ms - 200
[00:08:10 INF] System.Net.Http.HttpClient.IDeepSeekClient.LogicalHandler End processing HTTP request after 293.0314ms - 200
[00:08:10 INF] System.Net.Http.HttpClient.IDeepSeekClient.ClientHandler Received HTTP response headers after 297.6582ms - 200
[00:08:10 INF] System.Net.Http.HttpClient.IDeepSeekClient.LogicalHandler End processing HTTP request after 298.2369ms - 200
[00:08:11 INF] System.Net.Http.HttpClient.IDeepSeekClient.LogicalHandler Start processing HTTP request POST https://api.deepseek.com/chat/completions
[00:08:11 INF] System.Net.Http.HttpClient.IDeepSeekClient.ClientHandler Sending HTTP request POST https://api.deepseek.com/chat/completions
[00:08:11 INF] System.Net.Http.HttpClient.IStockApiClient.ClientHandler Received HTTP response headers after 251.8041ms - 200
[00:08:11 INF] System.Net.Http.HttpClient.IStockApiClient.LogicalHandler End processing HTTP request after 252.3262ms - 200
[00:08:11 INF] System.Net.Http.HttpClient.IDeepSeekClient.LogicalHandler Start processing HTTP request POST https://api.deepseek.com/chat/completions
[00:08:11 INF] System.Net.Http.HttpClient.IDeepSeekClient.ClientHandler Sending HTTP request POST https://api.deepseek.com/chat/completions
[00:08:11 INF] System.Net.Http.HttpClient.IStockApiClient.LogicalHandler Start processing HTTP request GET https://data.sec.gov/submissions/CIK0001375365.json
[00:08:11 INF] System.Net.Http.HttpClient.IStockApiClient.ClientHandler Sending HTTP request GET https://data.sec.gov/submissions/CIK0001375365.json
[00:08:11 INF] System.Net.Http.HttpClient.IDeepSeekClient.LogicalHandler Start processing HTTP request POST https://api.deepseek.com/chat/completions
[00:08:11 INF] System.Net.Http.HttpClient.IDeepSeekClient.ClientHandler Sending HTTP request POST https://api.deepseek.com/chat/completions
[00:08:11 INF] System.Net.Http.HttpClient.IDeepSeekClient.LogicalHandler Start processing HTTP request POST https://api.deepseek.com/chat/completions
[00:08:11 INF] System.Net.Http.HttpClient.IDeepSeekClient.ClientHandler Sending HTTP request POST https://api.deepseek.com/chat/completions
[00:08:11 INF] System.Net.Http.HttpClient.IStockApiClient.ClientHandler Received HTTP response headers after 26.8738ms - 200
[00:08:11 INF] System.Net.Http.HttpClient.IStockApiClient.LogicalHandler End processing HTTP request after 27.4352ms - 200
[00:08:11 INF] System.Net.Http.HttpClient.IStockApiClient.LogicalHandler Start processing HTTP request GET https://www.sec.gov/Archives/edgar/data/1375365/000137536525000027/index.json
[00:08:11 INF] System.Net.Http.HttpClient.IStockApiClient.ClientHandler Sending HTTP request GET https://www.sec.gov/Archives/edgar/data/1375365/000137536525000027/index.json
[00:08:11 INF] System.Net.Http.HttpClient.IStockApiClient.ClientHandler Received HTTP response headers after 26.7259ms - 200
[00:08:11 INF] System.Net.Http.HttpClient.IStockApiClient.LogicalHandler End processing HTTP request after 26.9612ms - 200
[00:08:11 INF] System.Net.Http.HttpClient.IStockApiClient.LogicalHandler Start processing HTTP request GET https://www.sec.gov/Archives/edgar/data/1375365/000137536525000027/smci-20250630_htm.xml
[00:08:11 INF] System.Net.Http.HttpClient.IStockApiClient.ClientHandler Sending HTTP request GET https://www.sec.gov/Archives/edgar/data/1375365/000137536525000027/smci-20250630_htm.xml
[00:08:11 INF] System.Net.Http.HttpClient.IStockApiClient.ClientHandler Received HTTP response headers after 31.6381ms - 200
[00:08:11 INF] System.Net.Http.HttpClient.IStockApiClient.LogicalHandler End processing HTTP request after 31.7854ms - 200
[00:08:11 INF] System.Net.Http.HttpClient.IDeepSeekClient.ClientHandler Received HTTP response headers after 284.7501ms - 200
[00:08:11 INF] System.Net.Http.HttpClient.IDeepSeekClient.ClientHandler Received HTTP response headers after 295.3999ms - 200
[00:08:11 INF] System.Net.Http.HttpClient.IDeepSeekClient.LogicalHandler End processing HTTP request after 286.3078ms - 200
[00:08:11 INF] System.Net.Http.HttpClient.IDeepSeekClient.LogicalHandler End processing HTTP request after 296.4577ms - 200
[00:08:11 INF] System.Net.Http.HttpClient.IDeepSeekClient.LogicalHandler Start processing HTTP request POST https://api.deepseek.com/chat/completions
[00:08:11 INF] System.Net.Http.HttpClient.IDeepSeekClient.ClientHandler Sending HTTP request POST https://api.deepseek.com/chat/completions
[00:08:11 INF] System.Net.Http.HttpClient.IDeepSeekClient.LogicalHandler Start processing HTTP request POST https://api.deepseek.com/chat/completions
[00:08:11 INF] System.Net.Http.HttpClient.IDeepSeekClient.ClientHandler Sending HTTP request POST https://api.deepseek.com/chat/completions
[00:08:11 INF] System.Net.Http.HttpClient.IDeepSeekClient.ClientHandler Received HTTP response headers after 285.716ms - 200
[00:08:11 INF] System.Net.Http.HttpClient.IDeepSeekClient.LogicalHandler End processing HTTP request after 285.9505ms - 200
[00:08:11 INF] System.Net.Http.HttpClient.IDeepSeekClient.ClientHandler Received HTTP response headers after 300.4302ms - 200
[00:08:11 INF] System.Net.Http.HttpClient.IDeepSeekClient.LogicalHandler End processing HTTP request after 300.6164ms - 200
[00:08:11 INF] System.Net.Http.HttpClient.IDeepSeekClient.LogicalHandler Start processing HTTP request POST https://api.deepseek.com/chat/completions
[00:08:11 INF] System.Net.Http.HttpClient.IDeepSeekClient.ClientHandler Sending HTTP request POST https://api.deepseek.com/chat/completions
[00:08:11 INF] System.Net.Http.HttpClient.IDeepSeekClient.ClientHandler Received HTTP response headers after 290.6766ms - 200
[00:08:11 INF] System.Net.Http.HttpClient.IDeepSeekClient.LogicalHandler End processing HTTP request after 290.91ms - 200
[00:08:11 INF] System.Net.Http.HttpClient.IDeepSeekClient.ClientHandler Received HTTP response headers after 301.7857ms - 200
[00:08:11 INF] System.Net.Http.HttpClient.IDeepSeekClient.LogicalHandler End processing HTTP request after 301.9995ms - 200
[00:08:11 INF] System.Net.Http.HttpClient.IDeepSeekClient.ClientHandler Received HTTP response headers after 307.7717ms - 200
[00:08:11 INF] System.Net.Http.HttpClient.IDeepSeekClient.LogicalHandler End processing HTTP request after 308.2228ms - 200
[00:08:12 INF] System.Net.Http.HttpClient.IDeepSeekClient.LogicalHandler Start processing HTTP request POST https://api.deepseek.com/chat/completions
[00:08:12 INF] System.Net.Http.HttpClient.IDeepSeekClient.ClientHandler Sending HTTP request POST https://api.deepseek.com/chat/completions
[00:08:12 INF] System.Net.Http.HttpClient.IDeepSeekClient.LogicalHandler Start processing HTTP request POST https://api.deepseek.com/chat/completions
[00:08:12 INF] System.Net.Http.HttpClient.IDeepSeekClient.ClientHandler Sending HTTP request POST https://api.deepseek.com/chat/completions
[00:08:12 INF] System.Net.Http.HttpClient.IDeepSeekClient.ClientHandler Received HTTP response headers after 290.1002ms - 200
[00:08:12 INF] System.Net.Http.HttpClient.IDeepSeekClient.LogicalHandler End processing HTTP request after 291.179ms - 200
[00:08:12 INF] System.Net.Http.HttpClient.IDeepSeekClient.LogicalHandler Start processing HTTP request POST https://api.deepseek.com/chat/completions
[00:08:12 INF] System.Net.Http.HttpClient.IDeepSeekClient.ClientHandler Sending HTTP request POST https://api.deepseek.com/chat/completions
[00:08:13 INF] System.Net.Http.HttpClient.IDeepSeekClient.ClientHandler Received HTTP response headers after 285.5114ms - 200
[00:08:13 INF] System.Net.Http.HttpClient.IDeepSeekClient.LogicalHandler End processing HTTP request after 286.2004ms - 200
[00:08:13 INF] System.Net.Http.HttpClient.IDeepSeekClient.ClientHandler Received HTTP response headers after 284.5717ms - 200
[00:08:13 INF] System.Net.Http.HttpClient.IDeepSeekClient.LogicalHandler End processing HTTP request after 285.1235ms - 200
[00:08:17 INF] System.Net.Http.HttpClient.IDeepSeekClient.LogicalHandler Start processing HTTP request POST https://api.deepseek.com/chat/completions
[00:08:17 INF] System.Net.Http.HttpClient.IDeepSeekClient.ClientHandler Sending HTTP request POST https://api.deepseek.com/chat/completions
[00:08:17 INF] System.Net.Http.HttpClient.IDeepSeekClient.ClientHandler Received HTTP response headers after 292.7212ms - 200
[00:08:17 INF] System.Net.Http.HttpClient.IDeepSeekClient.LogicalHandler End processing HTTP request after 293.1999ms - 200
[00:08:23 INF] System.Net.Http.HttpClient.IDeepSeekClient.LogicalHandler Start processing HTTP request POST https://api.deepseek.com/chat/completions
[00:08:23 INF] System.Net.Http.HttpClient.IDeepSeekClient.ClientHandler Sending HTTP request POST https://api.deepseek.com/chat/completions
[00:08:23 INF] System.Net.Http.HttpClient.IDeepSeekClient.ClientHandler Received HTTP response headers after 288.999ms - 200
[00:08:23 INF] System.Net.Http.HttpClient.IDeepSeekClient.LogicalHandler End processing HTTP request after 290.435ms - 200
[00:08:24 INF] System.Net.Http.HttpClient.IDeepSeekClient.LogicalHandler Start processing HTTP request POST https://api.deepseek.com/chat/completions
[00:08:24 INF] System.Net.Http.HttpClient.IDeepSeekClient.ClientHandler Sending HTTP request POST https://api.deepseek.com/chat/completions
[00:08:25 INF] System.Net.Http.HttpClient.IDeepSeekClient.ClientHandler Received HTTP response headers after 333.1616ms - 200
[00:08:25 INF] System.Net.Http.HttpClient.IDeepSeekClient.LogicalHandler End processing HTTP request after 333.939ms - 200
[00:08:26 INF] System.Net.Http.HttpClient.IDeepSeekClient.LogicalHandler Start processing HTTP request POST https://api.deepseek.com/chat/completions
[00:08:26 INF] System.Net.Http.HttpClient.IDeepSeekClient.ClientHandler Sending HTTP request POST https://api.deepseek.com/chat/completions
[00:08:27 INF] System.Net.Http.HttpClient.IDeepSeekClient.ClientHandler Received HTTP response headers after 355.273ms - 200
[00:08:27 INF] System.Net.Http.HttpClient.IDeepSeekClient.LogicalHandler End processing HTTP request after 355.7818ms - 200
[00:08:40 INF] System.Net.Http.HttpClient.IDeepSeekClient.LogicalHandler Start processing HTTP request POST https://api.deepseek.com/chat/completions
[00:08:40 INF] System.Net.Http.HttpClient.IDeepSeekClient.ClientHandler Sending HTTP request POST https://api.deepseek.com/chat/completions
[00:08:40 INF] System.Net.Http.HttpClient.IDeepSeekClient.ClientHandler Received HTTP response headers after 289.9487ms - 200
[00:08:40 INF] System.Net.Http.HttpClient.IDeepSeekClient.LogicalHandler End processing HTTP request after 291.1414ms - 200
[00:11:57 INF] Microsoft.Hosting.Lifetime Application is shutting down...
[00:12:00 INF] Microsoft.Hosting.Lifetime Now listening on: http://localhost:5213
[00:12:00 INF] Microsoft.Hosting.Lifetime Application started. Press Ctrl+C to shut down.
[00:12:00 INF] Microsoft.Hosting.Lifetime Hosting environment: Development
[00:12:00 INF] Microsoft.Hosting.Lifetime Content root path: /Users/lukaosojnik/Documents/Coding/simple-bloomberg-terminal/simple-bloomberg-terminal
[00:12:05 WRN] Microsoft.EntityFrameworkCore.Query Compiling a query which loads related collections for more than one collection navigation, either via 'Include' or through projection, but no 'QuerySplittingBehavior' has been configured. By default, Entity Framework will use 'QuerySplittingBehavior.SingleQuery', which can potentially result in slow query performance. See https://go.microsoft.com/fwlink/?linkid=2134277 for more information. To identify the query that's triggering this warning call 'ConfigureWarnings(w => w.Throw(RelationalEventId.MultipleCollectionIncludeWarning))'.
[00:12:19 INF] Microsoft.Hosting.Lifetime Application is shutting down...
[00:12:29 INF] Microsoft.Hosting.Lifetime Now listening on: http://localhost:5213
[00:12:29 INF] Microsoft.Hosting.Lifetime Application started. Press Ctrl+C to shut down.
[00:12:29 INF] Microsoft.Hosting.Lifetime Hosting environment: Development
[00:12:29 INF] Microsoft.Hosting.Lifetime Content root path: /Users/lukaosojnik/Documents/Coding/simple-bloomberg-terminal/simple-bloomberg-terminal
[00:12:31 WRN] Microsoft.EntityFrameworkCore.Query Compiling a query which loads related collections for more than one collection navigation, either via 'Include' or through projection, but no 'QuerySplittingBehavior' has been configured. By default, Entity Framework will use 'QuerySplittingBehavior.SingleQuery', which can potentially result in slow query performance. See https://go.microsoft.com/fwlink/?linkid=2134277 for more information. To identify the query that's triggering this warning call 'ConfigureWarnings(w => w.Throw(RelationalEventId.MultipleCollectionIncludeWarning))'.
[00:12:41 WRN] LuckyPennySoftware.AutoMapper.License You do not have a valid license key for the Lucky Penny software AutoMapper. This is allowed for development and testing scenarios. If you are running in production you are required to have a licensed version. Please visit https://luckypennysoftware.com to obtain a valid license.
[00:12:42 INF] System.Net.Http.HttpClient.IStockApiClient.LogicalHandler Start processing HTTP request GET https://data.sec.gov/submissions/CIK0001375365.json
[00:12:42 INF] System.Net.Http.HttpClient.IStockApiClient.ClientHandler Sending HTTP request GET https://data.sec.gov/submissions/CIK0001375365.json
[00:12:42 INF] System.Net.Http.HttpClient.IStockApiClient.ClientHandler Received HTTP response headers after 398.2854ms - 200
[00:12:42 INF] System.Net.Http.HttpClient.IStockApiClient.LogicalHandler End processing HTTP request after 404.5836ms - 200
[00:12:49 INF] System.Net.Http.HttpClient.IStockApiClient.LogicalHandler Start processing HTTP request GET https://www.sec.gov/Archives/edgar/data/1375365/000137536525000027/smci-20250630.htm
[00:12:49 INF] System.Net.Http.HttpClient.IStockApiClient.ClientHandler Sending HTTP request GET https://www.sec.gov/Archives/edgar/data/1375365/000137536525000027/smci-20250630.htm
[00:12:49 INF] System.Net.Http.HttpClient.IStockApiClient.ClientHandler Received HTTP response headers after 225.5698ms - 200
[00:12:49 INF] System.Net.Http.HttpClient.IStockApiClient.LogicalHandler End processing HTTP request after 226.4518ms - 200
[00:12:50 INF] System.Net.Http.HttpClient.IStockApiClient.LogicalHandler Start processing HTTP request GET https://www.sec.gov/Archives/edgar/data/1375365/000137536525000027/FilingSummary.xml
[00:12:50 INF] System.Net.Http.HttpClient.IStockApiClient.ClientHandler Sending HTTP request GET https://www.sec.gov/Archives/edgar/data/1375365/000137536525000027/FilingSummary.xml
[00:12:50 INF] System.Net.Http.HttpClient.IStockApiClient.ClientHandler Received HTTP response headers after 36.2089ms - 200
[00:12:50 INF] System.Net.Http.HttpClient.IStockApiClient.LogicalHandler End processing HTTP request after 36.5551ms - 200
[00:12:50 INF] System.Net.Http.HttpClient.IStockApiClient.LogicalHandler Start processing HTTP request GET https://www.sec.gov/Archives/edgar/data/1375365/000137536525000027/R5.htm
[00:12:50 INF] System.Net.Http.HttpClient.IStockApiClient.ClientHandler Sending HTTP request GET https://www.sec.gov/Archives/edgar/data/1375365/000137536525000027/R5.htm
[00:12:50 INF] System.Net.Http.HttpClient.IStockApiClient.ClientHandler Received HTTP response headers after 35.7197ms - 200
[00:12:50 INF] System.Net.Http.HttpClient.IStockApiClient.LogicalHandler End processing HTTP request after 35.9209ms - 200
[00:12:50 INF] System.Net.Http.HttpClient.IStockApiClient.LogicalHandler Start processing HTTP request GET https://www.sec.gov/Archives/edgar/data/1375365/000137536525000027/R48.htm
[00:12:50 INF] System.Net.Http.HttpClient.IStockApiClient.ClientHandler Sending HTTP request GET https://www.sec.gov/Archives/edgar/data/1375365/000137536525000027/R48.htm
[00:12:50 INF] System.Net.Http.HttpClient.IStockApiClient.ClientHandler Received HTTP response headers after 49.5255ms - 200
[00:12:50 INF] System.Net.Http.HttpClient.IStockApiClient.LogicalHandler End processing HTTP request after 49.8476ms - 200
[00:12:50 INF] System.Net.Http.HttpClient.IStockApiClient.LogicalHandler Start processing HTTP request GET https://www.sec.gov/Archives/edgar/data/1375365/000137536525000027/R81.htm
[00:12:50 INF] System.Net.Http.HttpClient.IStockApiClient.ClientHandler Sending HTTP request GET https://www.sec.gov/Archives/edgar/data/1375365/000137536525000027/R81.htm
[00:12:50 INF] System.Net.Http.HttpClient.IStockApiClient.ClientHandler Received HTTP response headers after 80.4208ms - 200
[00:12:50 INF] System.Net.Http.HttpClient.IStockApiClient.LogicalHandler End processing HTTP request after 80.8392ms - 200
[00:12:50 INF] System.Net.Http.HttpClient.IStockApiClient.LogicalHandler Start processing HTTP request GET https://www.sec.gov/Archives/edgar/data/1375365/000137536525000027/R92.htm
[00:12:50 INF] System.Net.Http.HttpClient.IStockApiClient.ClientHandler Sending HTTP request GET https://www.sec.gov/Archives/edgar/data/1375365/000137536525000027/R92.htm
[00:12:50 INF] System.Net.Http.HttpClient.IStockApiClient.ClientHandler Received HTTP response headers after 53.8685ms - 200
[00:12:50 INF] System.Net.Http.HttpClient.IStockApiClient.LogicalHandler End processing HTTP request after 54.8306ms - 200
[00:12:50 INF] System.Net.Http.HttpClient.IStockApiClient.LogicalHandler Start processing HTTP request GET https://www.sec.gov/Archives/edgar/data/1375365/000137536525000027/R107.htm
[00:12:50 INF] System.Net.Http.HttpClient.IStockApiClient.ClientHandler Sending HTTP request GET https://www.sec.gov/Archives/edgar/data/1375365/000137536525000027/R107.htm
[00:12:50 INF] System.Net.Http.HttpClient.IStockApiClient.ClientHandler Received HTTP response headers after 29.0018ms - 200
[00:12:50 INF] System.Net.Http.HttpClient.IStockApiClient.LogicalHandler End processing HTTP request after 29.3929ms - 200
[00:12:50 INF] System.Net.Http.HttpClient.IStockApiClient.LogicalHandler Start processing HTTP request GET https://www.sec.gov/Archives/edgar/data/1375365/000137536525000027/R108.htm
[00:12:50 INF] System.Net.Http.HttpClient.IStockApiClient.ClientHandler Sending HTTP request GET https://www.sec.gov/Archives/edgar/data/1375365/000137536525000027/R108.htm
[00:12:50 INF] System.Net.Http.HttpClient.IStockApiClient.ClientHandler Received HTTP response headers after 29.5362ms - 200
[00:12:50 INF] System.Net.Http.HttpClient.IStockApiClient.LogicalHandler End processing HTTP request after 29.9305ms - 200
[00:12:50 INF] System.Net.Http.HttpClient.IDeepSeekClient.LogicalHandler Start processing HTTP request POST https://api.deepseek.com/chat/completions
[00:12:50 INF] System.Net.Http.HttpClient.IDeepSeekClient.ClientHandler Sending HTTP request POST https://api.deepseek.com/chat/completions
[00:12:50 INF] System.Net.Http.HttpClient.IDeepSeekClient.LogicalHandler Start processing HTTP request POST https://api.deepseek.com/chat/completions
[00:12:50 INF] System.Net.Http.HttpClient.IDeepSeekClient.ClientHandler Sending HTTP request POST https://api.deepseek.com/chat/completions
[00:12:50 INF] System.Net.Http.HttpClient.IDeepSeekClient.LogicalHandler Start processing HTTP request POST https://api.deepseek.com/chat/completions
[00:12:50 INF] System.Net.Http.HttpClient.IDeepSeekClient.ClientHandler Sending HTTP request POST https://api.deepseek.com/chat/completions
[00:12:50 INF] System.Net.Http.HttpClient.IDeepSeekClient.LogicalHandler Start processing HTTP request POST https://api.deepseek.com/chat/completions
[00:12:50 INF] System.Net.Http.HttpClient.IDeepSeekClient.ClientHandler Sending HTTP request POST https://api.deepseek.com/chat/completions
[00:12:50 INF] System.Net.Http.HttpClient.IDeepSeekClient.LogicalHandler Start processing HTTP request POST https://api.deepseek.com/chat/completions
[00:12:50 INF] System.Net.Http.HttpClient.IDeepSeekClient.ClientHandler Sending HTTP request POST https://api.deepseek.com/chat/completions
[00:12:50 INF] System.Net.Http.HttpClient.IDeepSeekClient.LogicalHandler Start processing HTTP request POST https://api.deepseek.com/chat/completions
[00:12:50 INF] System.Net.Http.HttpClient.IDeepSeekClient.ClientHandler Sending HTTP request POST https://api.deepseek.com/chat/completions
[00:12:50 INF] System.Net.Http.HttpClient.IDeepSeekClient.ClientHandler Received HTTP response headers after 395.6622ms - 200
[00:12:50 INF] System.Net.Http.HttpClient.IDeepSeekClient.LogicalHandler End processing HTTP request after 395.9169ms - 200
[00:12:50 INF] System.Net.Http.HttpClient.IDeepSeekClient.ClientHandler Received HTTP response headers after 397.6938ms - 200
[00:12:50 INF] System.Net.Http.HttpClient.IDeepSeekClient.LogicalHandler End processing HTTP request after 397.9776ms - 200
[00:12:50 INF] System.Net.Http.HttpClient.IDeepSeekClient.ClientHandler Received HTTP response headers after 404.4407ms - 200
[00:12:50 INF] System.Net.Http.HttpClient.IDeepSeekClient.LogicalHandler End processing HTTP request after 404.5621ms - 200
[00:12:50 INF] System.Net.Http.HttpClient.IDeepSeekClient.ClientHandler Received HTTP response headers after 406.3579ms - 200
[00:12:50 INF] System.Net.Http.HttpClient.IDeepSeekClient.LogicalHandler End processing HTTP request after 406.5245ms - 200
[00:12:50 INF] System.Net.Http.HttpClient.IDeepSeekClient.ClientHandler Received HTTP response headers after 408.9855ms - 200
[00:12:50 INF] System.Net.Http.HttpClient.IDeepSeekClient.LogicalHandler End processing HTTP request after 409.1922ms - 200
[00:12:50 INF] System.Net.Http.HttpClient.IDeepSeekClient.ClientHandler Received HTTP response headers after 422.1076ms - 200
[00:12:50 INF] System.Net.Http.HttpClient.IDeepSeekClient.LogicalHandler End processing HTTP request after 422.276ms - 200
[00:12:52 INF] System.Net.Http.HttpClient.IDeepSeekClient.LogicalHandler Start processing HTTP request POST https://api.deepseek.com/chat/completions
[00:12:52 INF] System.Net.Http.HttpClient.IDeepSeekClient.ClientHandler Sending HTTP request POST https://api.deepseek.com/chat/completions
[00:12:52 INF] System.Net.Http.HttpClient.IDeepSeekClient.LogicalHandler Start processing HTTP request POST https://api.deepseek.com/chat/completions
[00:12:52 INF] System.Net.Http.HttpClient.IDeepSeekClient.ClientHandler Sending HTTP request POST https://api.deepseek.com/chat/completions
[00:12:52 INF] System.Net.Http.HttpClient.IDeepSeekClient.ClientHandler Received HTTP response headers after 280.5808ms - 200
[00:12:52 INF] System.Net.Http.HttpClient.IDeepSeekClient.LogicalHandler End processing HTTP request after 281.3714ms - 200
[00:12:52 INF] System.Net.Http.HttpClient.IDeepSeekClient.ClientHandler Received HTTP response headers after 297.5185ms - 200
[00:12:52 INF] System.Net.Http.HttpClient.IDeepSeekClient.LogicalHandler End processing HTTP request after 298.0152ms - 200
[00:12:53 INF] System.Net.Http.HttpClient.IDeepSeekClient.LogicalHandler Start processing HTTP request POST https://api.deepseek.com/chat/completions
[00:12:53 INF] System.Net.Http.HttpClient.IDeepSeekClient.ClientHandler Sending HTTP request POST https://api.deepseek.com/chat/completions
[00:12:53 INF] System.Net.Http.HttpClient.IDeepSeekClient.ClientHandler Received HTTP response headers after 282.9111ms - 200
[00:12:53 INF] System.Net.Http.HttpClient.IDeepSeekClient.LogicalHandler End processing HTTP request after 284.711ms - 200
[00:12:53 INF] System.Net.Http.HttpClient.IDeepSeekClient.LogicalHandler Start processing HTTP request POST https://api.deepseek.com/chat/completions
[00:12:53 INF] System.Net.Http.HttpClient.IDeepSeekClient.ClientHandler Sending HTTP request POST https://api.deepseek.com/chat/completions
[00:12:53 INF] System.Net.Http.HttpClient.IDeepSeekClient.ClientHandler Received HTTP response headers after 340.7926ms - 200
[00:12:53 INF] System.Net.Http.HttpClient.IDeepSeekClient.LogicalHandler End processing HTTP request after 341.8492ms - 200
[00:12:53 INF] System.Net.Http.HttpClient.IDeepSeekClient.LogicalHandler Start processing HTTP request POST https://api.deepseek.com/chat/completions
[00:12:53 INF] System.Net.Http.HttpClient.IDeepSeekClient.ClientHandler Sending HTTP request POST https://api.deepseek.com/chat/completions
[00:12:54 INF] System.Net.Http.HttpClient.IDeepSeekClient.ClientHandler Received HTTP response headers after 361.9157ms - 200
[00:12:54 INF] System.Net.Http.HttpClient.IDeepSeekClient.LogicalHandler End processing HTTP request after 362.4649ms - 200
[00:12:54 INF] System.Net.Http.HttpClient.IDeepSeekClient.LogicalHandler Start processing HTTP request POST https://api.deepseek.com/chat/completions
[00:12:54 INF] System.Net.Http.HttpClient.IDeepSeekClient.ClientHandler Sending HTTP request POST https://api.deepseek.com/chat/completions
[00:12:54 INF] System.Net.Http.HttpClient.IDeepSeekClient.ClientHandler Received HTTP response headers after 289.7619ms - 200
[00:12:54 INF] System.Net.Http.HttpClient.IDeepSeekClient.LogicalHandler End processing HTTP request after 290.4941ms - 200
[00:12:55 INF] System.Net.Http.HttpClient.IDeepSeekClient.LogicalHandler Start processing HTTP request POST https://api.deepseek.com/chat/completions
[00:12:55 INF] System.Net.Http.HttpClient.IDeepSeekClient.ClientHandler Sending HTTP request POST https://api.deepseek.com/chat/completions
[00:12:55 INF] System.Net.Http.HttpClient.IDeepSeekClient.ClientHandler Received HTTP response headers after 328.4939ms - 200
[00:12:55 INF] System.Net.Http.HttpClient.IDeepSeekClient.LogicalHandler End processing HTTP request after 329.4153ms - 200
[00:12:55 INF] System.Net.Http.HttpClient.IDeepSeekClient.LogicalHandler Start processing HTTP request POST https://api.deepseek.com/chat/completions
[00:12:55 INF] System.Net.Http.HttpClient.IDeepSeekClient.ClientHandler Sending HTTP request POST https://api.deepseek.com/chat/completions
[00:12:56 INF] System.Net.Http.HttpClient.IDeepSeekClient.ClientHandler Received HTTP response headers after 284.7525ms - 200
[00:12:56 INF] System.Net.Http.HttpClient.IDeepSeekClient.LogicalHandler End processing HTTP request after 289.1007ms - 200
[00:12:56 INF] System.Net.Http.HttpClient.IDeepSeekClient.LogicalHandler Start processing HTTP request POST https://api.deepseek.com/chat/completions
[00:12:56 INF] System.Net.Http.HttpClient.IDeepSeekClient.ClientHandler Sending HTTP request POST https://api.deepseek.com/chat/completions
[00:12:56 INF] System.Net.Http.HttpClient.IDeepSeekClient.ClientHandler Received HTTP response headers after 356.6675ms - 200
[00:12:56 INF] System.Net.Http.HttpClient.IDeepSeekClient.LogicalHandler End processing HTTP request after 357.3325ms - 200
[00:12:56 INF] System.Net.Http.HttpClient.IDeepSeekClient.LogicalHandler Start processing HTTP request POST https://api.deepseek.com/chat/completions
[00:12:56 INF] System.Net.Http.HttpClient.IDeepSeekClient.ClientHandler Sending HTTP request POST https://api.deepseek.com/chat/completions
[00:12:56 INF] System.Net.Http.HttpClient.IDeepSeekClient.LogicalHandler Start processing HTTP request POST https://api.deepseek.com/chat/completions
[00:12:56 INF] System.Net.Http.HttpClient.IDeepSeekClient.ClientHandler Sending HTTP request POST https://api.deepseek.com/chat/completions
[00:12:56 INF] System.Net.Http.HttpClient.IDeepSeekClient.LogicalHandler Start processing HTTP request POST https://api.deepseek.com/chat/completions
[00:12:56 INF] System.Net.Http.HttpClient.IDeepSeekClient.ClientHandler Sending HTTP request POST https://api.deepseek.com/chat/completions
[00:12:56 INF] System.Net.Http.HttpClient.IDeepSeekClient.ClientHandler Received HTTP response headers after 290.3092ms - 200
[00:12:56 INF] System.Net.Http.HttpClient.IDeepSeekClient.LogicalHandler End processing HTTP request after 290.8524ms - 200
[00:12:56 INF] System.Net.Http.HttpClient.IDeepSeekClient.ClientHandler Received HTTP response headers after 283.4589ms - 200
[00:12:56 INF] System.Net.Http.HttpClient.IDeepSeekClient.LogicalHandler End processing HTTP request after 283.9322ms - 200
[00:12:57 INF] System.Net.Http.HttpClient.IDeepSeekClient.ClientHandler Received HTTP response headers after 299.7112ms - 200
[00:12:57 INF] System.Net.Http.HttpClient.IDeepSeekClient.LogicalHandler End processing HTTP request after 300.0795ms - 200
[00:12:57 INF] System.Net.Http.HttpClient.IDeepSeekClient.LogicalHandler Start processing HTTP request POST https://api.deepseek.com/chat/completions
[00:12:57 INF] System.Net.Http.HttpClient.IDeepSeekClient.ClientHandler Sending HTTP request POST https://api.deepseek.com/chat/completions
[00:12:57 INF] System.Net.Http.HttpClient.IDeepSeekClient.ClientHandler Received HTTP response headers after 301.0527ms - 200
[00:12:57 INF] System.Net.Http.HttpClient.IDeepSeekClient.LogicalHandler End processing HTTP request after 304.2276ms - 200
[00:12:57 INF] System.Net.Http.HttpClient.IDeepSeekClient.LogicalHandler Start processing HTTP request POST https://api.deepseek.com/chat/completions
[00:12:57 INF] System.Net.Http.HttpClient.IDeepSeekClient.ClientHandler Sending HTTP request POST https://api.deepseek.com/chat/completions
[00:12:58 INF] System.Net.Http.HttpClient.IDeepSeekClient.LogicalHandler Start processing HTTP request POST https://api.deepseek.com/chat/completions
[00:12:58 INF] System.Net.Http.HttpClient.IDeepSeekClient.ClientHandler Sending HTTP request POST https://api.deepseek.com/chat/completions
[00:12:58 INF] System.Net.Http.HttpClient.IDeepSeekClient.LogicalHandler Start processing HTTP request POST https://api.deepseek.com/chat/completions
[00:12:58 INF] System.Net.Http.HttpClient.IDeepSeekClient.ClientHandler Sending HTTP request POST https://api.deepseek.com/chat/completions
[00:12:58 INF] System.Net.Http.HttpClient.IDeepSeekClient.ClientHandler Received HTTP response headers after 280.8897ms - 200
[00:12:58 INF] System.Net.Http.HttpClient.IDeepSeekClient.LogicalHandler End processing HTTP request after 281.1788ms - 200
[00:12:58 INF] System.Net.Http.HttpClient.IDeepSeekClient.ClientHandler Received HTTP response headers after 292.6291ms - 200
[00:12:58 INF] System.Net.Http.HttpClient.IDeepSeekClient.LogicalHandler End processing HTTP request after 293.0728ms - 200
[00:12:58 INF] System.Net.Http.HttpClient.IDeepSeekClient.ClientHandler Received HTTP response headers after 288.2187ms - 200
[00:12:58 INF] System.Net.Http.HttpClient.IDeepSeekClient.LogicalHandler End processing HTTP request after 288.7401ms - 200
[00:12:58 INF] System.Net.Http.HttpClient.IDeepSeekClient.LogicalHandler Start processing HTTP request POST https://api.deepseek.com/chat/completions
[00:12:58 INF] System.Net.Http.HttpClient.IDeepSeekClient.ClientHandler Sending HTTP request POST https://api.deepseek.com/chat/completions
[00:12:59 INF] System.Net.Http.HttpClient.IDeepSeekClient.ClientHandler Received HTTP response headers after 296.4831ms - 200
[00:12:59 INF] System.Net.Http.HttpClient.IDeepSeekClient.LogicalHandler End processing HTTP request after 296.9732ms - 200
[00:12:59 INF] System.Net.Http.HttpClient.IDeepSeekClient.LogicalHandler Start processing HTTP request POST https://api.deepseek.com/chat/completions
[00:12:59 INF] System.Net.Http.HttpClient.IDeepSeekClient.ClientHandler Sending HTTP request POST https://api.deepseek.com/chat/completions
[00:13:00 INF] System.Net.Http.HttpClient.IDeepSeekClient.ClientHandler Received HTTP response headers after 343.2103ms - 200
[00:13:00 INF] System.Net.Http.HttpClient.IDeepSeekClient.LogicalHandler End processing HTTP request after 343.7199ms - 200
[00:13:00 INF] System.Net.Http.HttpClient.IDeepSeekClient.LogicalHandler Start processing HTTP request POST https://api.deepseek.com/chat/completions
[00:13:00 INF] System.Net.Http.HttpClient.IDeepSeekClient.ClientHandler Sending HTTP request POST https://api.deepseek.com/chat/completions
[00:13:00 INF] System.Net.Http.HttpClient.IDeepSeekClient.LogicalHandler Start processing HTTP request POST https://api.deepseek.com/chat/completions
[00:13:00 INF] System.Net.Http.HttpClient.IDeepSeekClient.ClientHandler Sending HTTP request POST https://api.deepseek.com/chat/completions
[00:13:00 INF] System.Net.Http.HttpClient.IDeepSeekClient.LogicalHandler Start processing HTTP request POST https://api.deepseek.com/chat/completions
[00:13:00 INF] System.Net.Http.HttpClient.IDeepSeekClient.ClientHandler Sending HTTP request POST https://api.deepseek.com/chat/completions
[00:13:00 INF] System.Net.Http.HttpClient.IDeepSeekClient.LogicalHandler Start processing HTTP request POST https://api.deepseek.com/chat/completions
[00:13:00 INF] System.Net.Http.HttpClient.IDeepSeekClient.ClientHandler Sending HTTP request POST https://api.deepseek.com/chat/completions
[00:13:00 INF] System.Net.Http.HttpClient.IDeepSeekClient.ClientHandler Received HTTP response headers after 288.9376ms - 200
[00:13:00 INF] System.Net.Http.HttpClient.IDeepSeekClient.LogicalHandler End processing HTTP request after 289.6606ms - 200
[00:13:00 INF] System.Net.Http.HttpClient.IDeepSeekClient.ClientHandler Received HTTP response headers after 296.4297ms - 200
[00:13:00 INF] System.Net.Http.HttpClient.IDeepSeekClient.LogicalHandler End processing HTTP request after 297.8043ms - 200
[00:13:00 INF] System.Net.Http.HttpClient.IDeepSeekClient.ClientHandler Received HTTP response headers after 302.8885ms - 200
[00:13:00 INF] System.Net.Http.HttpClient.IDeepSeekClient.LogicalHandler End processing HTTP request after 303.5689ms - 200
[00:13:00 INF] System.Net.Http.HttpClient.IDeepSeekClient.ClientHandler Received HTTP response headers after 286.3222ms - 200
[00:13:00 INF] System.Net.Http.HttpClient.IDeepSeekClient.LogicalHandler End processing HTTP request after 286.9435ms - 200
[00:13:01 INF] System.Net.Http.HttpClient.IDeepSeekClient.LogicalHandler Start processing HTTP request POST https://api.deepseek.com/chat/completions
[00:13:01 INF] System.Net.Http.HttpClient.IDeepSeekClient.ClientHandler Sending HTTP request POST https://api.deepseek.com/chat/completions
[00:13:01 INF] System.Net.Http.HttpClient.IDeepSeekClient.ClientHandler Received HTTP response headers after 408.3381ms - 200
[00:13:01 INF] System.Net.Http.HttpClient.IDeepSeekClient.LogicalHandler End processing HTTP request after 409.3528ms - 200
[00:13:01 INF] System.Net.Http.HttpClient.IDeepSeekClient.LogicalHandler Start processing HTTP request POST https://api.deepseek.com/chat/completions
[00:13:01 INF] System.Net.Http.HttpClient.IDeepSeekClient.ClientHandler Sending HTTP request POST https://api.deepseek.com/chat/completions
[00:13:01 INF] System.Net.Http.HttpClient.IDeepSeekClient.LogicalHandler Start processing HTTP request POST https://api.deepseek.com/chat/completions
[00:13:01 INF] System.Net.Http.HttpClient.IDeepSeekClient.ClientHandler Sending HTTP request POST https://api.deepseek.com/chat/completions
[00:13:01 INF] System.Net.Http.HttpClient.IDeepSeekClient.ClientHandler Received HTTP response headers after 284.966ms - 200
[00:13:01 INF] System.Net.Http.HttpClient.IDeepSeekClient.LogicalHandler End processing HTTP request after 286.0775ms - 200
[00:13:02 INF] System.Net.Http.HttpClient.IDeepSeekClient.ClientHandler Received HTTP response headers after 329.9884ms - 200
[00:13:02 INF] System.Net.Http.HttpClient.IDeepSeekClient.LogicalHandler End processing HTTP request after 330.5038ms - 200
[00:13:02 INF] System.Net.Http.HttpClient.IDeepSeekClient.LogicalHandler Start processing HTTP request POST https://api.deepseek.com/chat/completions
[00:13:02 INF] System.Net.Http.HttpClient.IDeepSeekClient.ClientHandler Sending HTTP request POST https://api.deepseek.com/chat/completions
[00:13:02 INF] System.Net.Http.HttpClient.IDeepSeekClient.ClientHandler Received HTTP response headers after 379.7437ms - 200
[00:13:02 INF] System.Net.Http.HttpClient.IDeepSeekClient.LogicalHandler End processing HTTP request after 380.4334ms - 200
[00:13:02 INF] System.Net.Http.HttpClient.IDeepSeekClient.LogicalHandler Start processing HTTP request POST https://api.deepseek.com/chat/completions
[00:13:02 INF] System.Net.Http.HttpClient.IDeepSeekClient.ClientHandler Sending HTTP request POST https://api.deepseek.com/chat/completions
[00:13:02 INF] System.Net.Http.HttpClient.IDeepSeekClient.LogicalHandler Start processing HTTP request POST https://api.deepseek.com/chat/completions
[00:13:02 INF] System.Net.Http.HttpClient.IDeepSeekClient.ClientHandler Sending HTTP request POST https://api.deepseek.com/chat/completions
[00:13:03 INF] System.Net.Http.HttpClient.IDeepSeekClient.ClientHandler Received HTTP response headers after 304.4117ms - 200
[00:13:03 INF] System.Net.Http.HttpClient.IDeepSeekClient.LogicalHandler End processing HTTP request after 305.6415ms - 200
[00:13:03 INF] System.Net.Http.HttpClient.IDeepSeekClient.ClientHandler Received HTTP response headers after 288.8161ms - 200
[00:13:03 INF] System.Net.Http.HttpClient.IDeepSeekClient.LogicalHandler End processing HTTP request after 289.2248ms - 200
[00:13:04 INF] System.Net.Http.HttpClient.IStockApiClient.LogicalHandler Start processing HTTP request GET https://data.sec.gov/api/xbrl/companyfacts/CIK0001375365.json
[00:13:04 INF] System.Net.Http.HttpClient.IStockApiClient.ClientHandler Sending HTTP request GET https://data.sec.gov/api/xbrl/companyfacts/CIK0001375365.json
[00:13:05 INF] System.Net.Http.HttpClient.IStockApiClient.ClientHandler Received HTTP response headers after 345.0455ms - 200
[00:13:05 INF] System.Net.Http.HttpClient.IStockApiClient.LogicalHandler End processing HTTP request after 345.5283ms - 200
[00:13:05 INF] System.Net.Http.HttpClient.IStockApiClient.LogicalHandler Start processing HTTP request GET https://data.sec.gov/submissions/CIK0001375365.json
[00:13:05 INF] System.Net.Http.HttpClient.IStockApiClient.ClientHandler Sending HTTP request GET https://data.sec.gov/submissions/CIK0001375365.json
[00:13:05 INF] System.Net.Http.HttpClient.IStockApiClient.ClientHandler Received HTTP response headers after 26.9848ms - 200
[00:13:05 INF] System.Net.Http.HttpClient.IStockApiClient.LogicalHandler End processing HTTP request after 27.2614ms - 200
[00:13:05 INF] System.Net.Http.HttpClient.IStockApiClient.LogicalHandler Start processing HTTP request GET https://www.sec.gov/Archives/edgar/data/1375365/000137536525000027/index.json
[00:13:05 INF] System.Net.Http.HttpClient.IStockApiClient.ClientHandler Sending HTTP request GET https://www.sec.gov/Archives/edgar/data/1375365/000137536525000027/index.json
[00:13:05 INF] System.Net.Http.HttpClient.IStockApiClient.ClientHandler Received HTTP response headers after 35.2011ms - 200
[00:13:05 INF] System.Net.Http.HttpClient.IStockApiClient.LogicalHandler End processing HTTP request after 35.3889ms - 200
[00:13:05 INF] System.Net.Http.HttpClient.IStockApiClient.LogicalHandler Start processing HTTP request GET https://www.sec.gov/Archives/edgar/data/1375365/000137536525000027/smci-20250630_htm.xml
[00:13:05 INF] System.Net.Http.HttpClient.IStockApiClient.ClientHandler Sending HTTP request GET https://www.sec.gov/Archives/edgar/data/1375365/000137536525000027/smci-20250630_htm.xml
[00:13:05 INF] System.Net.Http.HttpClient.IStockApiClient.ClientHandler Received HTTP response headers after 36.9733ms - 200
[00:13:05 INF] System.Net.Http.HttpClient.IStockApiClient.LogicalHandler End processing HTTP request after 37.1804ms - 200
[00:13:05 INF] System.Net.Http.HttpClient.IDeepSeekClient.LogicalHandler Start processing HTTP request POST https://api.deepseek.com/chat/completions
[00:13:05 INF] System.Net.Http.HttpClient.IDeepSeekClient.ClientHandler Sending HTTP request POST https://api.deepseek.com/chat/completions
[00:13:05 INF] System.Net.Http.HttpClient.IDeepSeekClient.ClientHandler Received HTTP response headers after 351.4455ms - 200
[00:13:05 INF] System.Net.Http.HttpClient.IDeepSeekClient.LogicalHandler End processing HTTP request after 351.8031ms - 200
[00:13:33 INF] System.Net.Http.HttpClient.IDeepSeekClient.LogicalHandler Start processing HTTP request POST https://api.deepseek.com/chat/completions
[00:13:33 INF] System.Net.Http.HttpClient.IDeepSeekClient.ClientHandler Sending HTTP request POST https://api.deepseek.com/chat/completions
[00:13:33 INF] System.Net.Http.HttpClient.IDeepSeekClient.LogicalHandler Start processing HTTP request POST https://api.deepseek.com/chat/completions
[00:13:33 INF] System.Net.Http.HttpClient.IDeepSeekClient.ClientHandler Sending HTTP request POST https://api.deepseek.com/chat/completions
[00:13:33 INF] System.Net.Http.HttpClient.IDeepSeekClient.LogicalHandler Start processing HTTP request POST https://api.deepseek.com/chat/completions
[00:13:33 INF] System.Net.Http.HttpClient.IDeepSeekClient.ClientHandler Sending HTTP request POST https://api.deepseek.com/chat/completions
[00:13:33 INF] System.Net.Http.HttpClient.IDeepSeekClient.LogicalHandler Start processing HTTP request POST https://api.deepseek.com/chat/completions
[00:13:33 INF] System.Net.Http.HttpClient.IDeepSeekClient.ClientHandler Sending HTTP request POST https://api.deepseek.com/chat/completions
[00:13:33 INF] System.Net.Http.HttpClient.IDeepSeekClient.LogicalHandler Start processing HTTP request POST https://api.deepseek.com/chat/completions
[00:13:33 INF] System.Net.Http.HttpClient.IDeepSeekClient.ClientHandler Sending HTTP request POST https://api.deepseek.com/chat/completions
[00:13:33 INF] System.Net.Http.HttpClient.IDeepSeekClient.LogicalHandler Start processing HTTP request POST https://api.deepseek.com/chat/completions
[00:13:33 INF] System.Net.Http.HttpClient.IDeepSeekClient.ClientHandler Sending HTTP request POST https://api.deepseek.com/chat/completions
[00:13:33 INF] System.Net.Http.HttpClient.IDeepSeekClient.LogicalHandler Start processing HTTP request POST https://api.deepseek.com/chat/completions
[00:13:33 INF] System.Net.Http.HttpClient.IDeepSeekClient.ClientHandler Sending HTTP request POST https://api.deepseek.com/chat/completions
[00:13:33 INF] System.Net.Http.HttpClient.IDeepSeekClient.LogicalHandler Start processing HTTP request POST https://api.deepseek.com/chat/completions
[00:13:33 INF] System.Net.Http.HttpClient.IDeepSeekClient.ClientHandler Sending HTTP request POST https://api.deepseek.com/chat/completions
[00:13:33 INF] System.Net.Http.HttpClient.IDeepSeekClient.LogicalHandler Start processing HTTP request POST https://api.deepseek.com/chat/completions
[00:13:33 INF] System.Net.Http.HttpClient.IDeepSeekClient.ClientHandler Sending HTTP request POST https://api.deepseek.com/chat/completions
[00:13:33 INF] System.Net.Http.HttpClient.IDeepSeekClient.LogicalHandler Start processing HTTP request POST https://api.deepseek.com/chat/completions
[00:13:33 INF] System.Net.Http.HttpClient.IDeepSeekClient.ClientHandler Sending HTTP request POST https://api.deepseek.com/chat/completions
[00:13:33 INF] System.Net.Http.HttpClient.IDeepSeekClient.LogicalHandler Start processing HTTP request POST https://api.deepseek.com/chat/completions
[00:13:33 INF] System.Net.Http.HttpClient.IDeepSeekClient.ClientHandler Sending HTTP request POST https://api.deepseek.com/chat/completions
[00:13:33 INF] System.Net.Http.HttpClient.IDeepSeekClient.LogicalHandler Start processing HTTP request POST https://api.deepseek.com/chat/completions
[00:13:33 INF] System.Net.Http.HttpClient.IDeepSeekClient.ClientHandler Sending HTTP request POST https://api.deepseek.com/chat/completions
[00:13:33 INF] System.Net.Http.HttpClient.IDeepSeekClient.LogicalHandler Start processing HTTP request POST https://api.deepseek.com/chat/completions
[00:13:33 INF] System.Net.Http.HttpClient.IDeepSeekClient.ClientHandler Sending HTTP request POST https://api.deepseek.com/chat/completions
[00:13:33 INF] System.Net.Http.HttpClient.IDeepSeekClient.LogicalHandler Start processing HTTP request POST https://api.deepseek.com/chat/completions
[00:13:33 INF] System.Net.Http.HttpClient.IDeepSeekClient.ClientHandler Sending HTTP request POST https://api.deepseek.com/chat/completions
[00:13:33 INF] System.Net.Http.HttpClient.IDeepSeekClient.LogicalHandler Start processing HTTP request POST https://api.deepseek.com/chat/completions
[00:13:33 INF] System.Net.Http.HttpClient.IDeepSeekClient.ClientHandler Sending HTTP request POST https://api.deepseek.com/chat/completions
[00:13:33 INF] System.Net.Http.HttpClient.IDeepSeekClient.LogicalHandler Start processing HTTP request POST https://api.deepseek.com/chat/completions
[00:13:33 INF] System.Net.Http.HttpClient.IDeepSeekClient.ClientHandler Sending HTTP request POST https://api.deepseek.com/chat/completions
[00:13:33 INF] System.Net.Http.HttpClient.IDeepSeekClient.LogicalHandler Start processing HTTP request POST https://api.deepseek.com/chat/completions
[00:13:33 INF] System.Net.Http.HttpClient.IDeepSeekClient.ClientHandler Sending HTTP request POST https://api.deepseek.com/chat/completions
[00:13:33 INF] System.Net.Http.HttpClient.IDeepSeekClient.LogicalHandler Start processing HTTP request POST https://api.deepseek.com/chat/completions
[00:13:33 INF] System.Net.Http.HttpClient.IDeepSeekClient.ClientHandler Sending HTTP request POST https://api.deepseek.com/chat/completions
[00:13:33 INF] System.Net.Http.HttpClient.IDeepSeekClient.LogicalHandler Start processing HTTP request POST https://api.deepseek.com/chat/completions
[00:13:33 INF] System.Net.Http.HttpClient.IDeepSeekClient.ClientHandler Sending HTTP request POST https://api.deepseek.com/chat/completions
[00:13:33 INF] System.Net.Http.HttpClient.IDeepSeekClient.LogicalHandler Start processing HTTP request POST https://api.deepseek.com/chat/completions
[00:13:33 INF] System.Net.Http.HttpClient.IDeepSeekClient.ClientHandler Sending HTTP request POST https://api.deepseek.com/chat/completions
[00:13:33 INF] System.Net.Http.HttpClient.IDeepSeekClient.LogicalHandler Start processing HTTP request POST https://api.deepseek.com/chat/completions
[00:13:33 INF] System.Net.Http.HttpClient.IDeepSeekClient.ClientHandler Sending HTTP request POST https://api.deepseek.com/chat/completions
[00:13:33 INF] System.Net.Http.HttpClient.IDeepSeekClient.LogicalHandler Start processing HTTP request POST https://api.deepseek.com/chat/completions
[00:13:33 INF] System.Net.Http.HttpClient.IDeepSeekClient.ClientHandler Sending HTTP request POST https://api.deepseek.com/chat/completions
[00:13:33 INF] System.Net.Http.HttpClient.IDeepSeekClient.LogicalHandler Start processing HTTP request POST https://api.deepseek.com/chat/completions
[00:13:33 INF] System.Net.Http.HttpClient.IDeepSeekClient.ClientHandler Sending HTTP request POST https://api.deepseek.com/chat/completions
[00:13:33 INF] System.Net.Http.HttpClient.IDeepSeekClient.LogicalHandler Start processing HTTP request POST https://api.deepseek.com/chat/completions
[00:13:33 INF] System.Net.Http.HttpClient.IDeepSeekClient.ClientHandler Sending HTTP request POST https://api.deepseek.com/chat/completions
[00:13:33 INF] System.Net.Http.HttpClient.IDeepSeekClient.ClientHandler Received HTTP response headers after 287.4088ms - 200
[00:13:33 INF] System.Net.Http.HttpClient.IDeepSeekClient.LogicalHandler End processing HTTP request after 287.6795ms - 200
[00:13:33 INF] System.Net.Http.HttpClient.IDeepSeekClient.ClientHandler Received HTTP response headers after 291.3813ms - 200
[00:13:33 INF] System.Net.Http.HttpClient.IDeepSeekClient.LogicalHandler End processing HTTP request after 293.3412ms - 200
[00:13:33 INF] System.Net.Http.HttpClient.IDeepSeekClient.ClientHandler Received HTTP response headers after 290.5569ms - 200
[00:13:33 INF] System.Net.Http.HttpClient.IDeepSeekClient.LogicalHandler End processing HTTP request after 290.7402ms - 200
[00:13:33 INF] System.Net.Http.HttpClient.IDeepSeekClient.ClientHandler Received HTTP response headers after 293.1211ms - 200
[00:13:33 INF] System.Net.Http.HttpClient.IDeepSeekClient.LogicalHandler End processing HTTP request after 293.335ms - 200
[00:13:33 INF] System.Net.Http.HttpClient.IDeepSeekClient.ClientHandler Received HTTP response headers after 296.0717ms - 200
[00:13:33 INF] System.Net.Http.HttpClient.IDeepSeekClient.LogicalHandler End processing HTTP request after 296.2479ms - 200
[00:13:33 INF] System.Net.Http.HttpClient.IDeepSeekClient.ClientHandler Received HTTP response headers after 300.2837ms - 200
[00:13:33 INF] System.Net.Http.HttpClient.IDeepSeekClient.LogicalHandler End processing HTTP request after 300.5395ms - 200
[00:13:33 INF] System.Net.Http.HttpClient.IDeepSeekClient.ClientHandler Received HTTP response headers after 362.2995ms - 200
[00:13:33 INF] System.Net.Http.HttpClient.IDeepSeekClient.ClientHandler Received HTTP response headers after 361.8754ms - 200
[00:13:33 INF] System.Net.Http.HttpClient.IDeepSeekClient.LogicalHandler End processing HTTP request after 362.5346ms - 200
[00:13:33 INF] System.Net.Http.HttpClient.IDeepSeekClient.LogicalHandler End processing HTTP request after 362.0975ms - 200
[00:13:33 INF] System.Net.Http.HttpClient.IDeepSeekClient.ClientHandler Received HTTP response headers after 363.0542ms - 200
[00:13:33 INF] System.Net.Http.HttpClient.IDeepSeekClient.LogicalHandler End processing HTTP request after 363.2077ms - 200
[00:13:33 INF] System.Net.Http.HttpClient.IDeepSeekClient.ClientHandler Received HTTP response headers after 366.6257ms - 200
[00:13:33 INF] System.Net.Http.HttpClient.IDeepSeekClient.LogicalHandler End processing HTTP request after 366.7743ms - 200
[00:13:33 INF] System.Net.Http.HttpClient.IDeepSeekClient.ClientHandler Received HTTP response headers after 368.0636ms - 200
[00:13:33 INF] System.Net.Http.HttpClient.IDeepSeekClient.ClientHandler Received HTTP response headers after 364.2647ms - 200
[00:13:33 INF] System.Net.Http.HttpClient.IDeepSeekClient.LogicalHandler End processing HTTP request after 368.2206ms - 200
[00:13:33 INF] System.Net.Http.HttpClient.IDeepSeekClient.LogicalHandler End processing HTTP request after 365.617ms - 200
[00:13:33 INF] System.Net.Http.HttpClient.IDeepSeekClient.ClientHandler Received HTTP response headers after 369.3758ms - 200
[00:13:33 INF] System.Net.Http.HttpClient.IDeepSeekClient.LogicalHandler End processing HTTP request after 369.523ms - 200
[00:13:33 INF] System.Net.Http.HttpClient.IDeepSeekClient.ClientHandler Received HTTP response headers after 370.7101ms - 200
[00:13:33 INF] System.Net.Http.HttpClient.IDeepSeekClient.LogicalHandler End processing HTTP request after 370.9132ms - 200
[00:13:33 INF] System.Net.Http.HttpClient.IDeepSeekClient.ClientHandler Received HTTP response headers after 372.4254ms - 200
[00:13:33 INF] System.Net.Http.HttpClient.IDeepSeekClient.LogicalHandler End processing HTTP request after 372.5581ms - 200
[00:13:33 INF] System.Net.Http.HttpClient.IDeepSeekClient.ClientHandler Received HTTP response headers after 379.9772ms - 200
[00:13:33 INF] System.Net.Http.HttpClient.IDeepSeekClient.LogicalHandler End processing HTTP request after 380.1699ms - 200
[00:13:33 INF] System.Net.Http.HttpClient.IDeepSeekClient.ClientHandler Received HTTP response headers after 380.9797ms - 200
[00:13:33 INF] System.Net.Http.HttpClient.IDeepSeekClient.LogicalHandler End processing HTTP request after 381.181ms - 200
[00:13:33 INF] System.Net.Http.HttpClient.IDeepSeekClient.ClientHandler Received HTTP response headers after 385.3357ms - 200
[00:13:33 INF] System.Net.Http.HttpClient.IDeepSeekClient.LogicalHandler End processing HTTP request after 385.4617ms - 200
[00:13:33 INF] System.Net.Http.HttpClient.IDeepSeekClient.ClientHandler Received HTTP response headers after 386.567ms - 200
[00:13:33 INF] System.Net.Http.HttpClient.IDeepSeekClient.LogicalHandler End processing HTTP request after 386.7199ms - 200
[00:13:33 INF] System.Net.Http.HttpClient.IDeepSeekClient.ClientHandler Received HTTP response headers after 386.3256ms - 200
[00:13:33 INF] System.Net.Http.HttpClient.IDeepSeekClient.LogicalHandler End processing HTTP request after 386.4559ms - 200
[00:13:33 INF] System.Net.Http.HttpClient.IDeepSeekClient.ClientHandler Received HTTP response headers after 390.827ms - 200
[00:13:33 INF] System.Net.Http.HttpClient.IDeepSeekClient.LogicalHandler End processing HTTP request after 391.0017ms - 200
[00:13:33 INF] System.Net.Http.HttpClient.IDeepSeekClient.ClientHandler Received HTTP response headers after 394.8515ms - 200
[00:13:33 INF] System.Net.Http.HttpClient.IDeepSeekClient.LogicalHandler End processing HTTP request after 394.9802ms - 200
[00:13:33 INF] System.Net.Http.HttpClient.IDeepSeekClient.ClientHandler Received HTTP response headers after 402.4663ms - 200
[00:13:33 INF] System.Net.Http.HttpClient.IDeepSeekClient.LogicalHandler End processing HTTP request after 402.6113ms - 200
[00:13:33 INF] System.Net.Http.HttpClient.IDeepSeekClient.ClientHandler Received HTTP response headers after 412.044ms - 200
[00:13:33 INF] System.Net.Http.HttpClient.IDeepSeekClient.LogicalHandler End processing HTTP request after 412.251ms - 200
[00:13:34 INF] System.Net.Http.HttpClient.IDeepSeekClient.LogicalHandler Start processing HTTP request POST https://api.deepseek.com/chat/completions
[00:13:34 INF] System.Net.Http.HttpClient.IDeepSeekClient.ClientHandler Sending HTTP request POST https://api.deepseek.com/chat/completions
[00:13:34 INF] System.Net.Http.HttpClient.IDeepSeekClient.LogicalHandler Start processing HTTP request POST https://api.deepseek.com/chat/completions
[00:13:34 INF] System.Net.Http.HttpClient.IDeepSeekClient.ClientHandler Sending HTTP request POST https://api.deepseek.com/chat/completions
[00:13:34 INF] System.Net.Http.HttpClient.IDeepSeekClient.LogicalHandler Start processing HTTP request POST https://api.deepseek.com/chat/completions
[00:13:34 INF] System.Net.Http.HttpClient.IDeepSeekClient.ClientHandler Sending HTTP request POST https://api.deepseek.com/chat/completions
[00:13:34 INF] System.Net.Http.HttpClient.IDeepSeekClient.LogicalHandler Start processing HTTP request POST https://api.deepseek.com/chat/completions
[00:13:34 INF] System.Net.Http.HttpClient.IDeepSeekClient.ClientHandler Sending HTTP request POST https://api.deepseek.com/chat/completions
[00:13:34 INF] System.Net.Http.HttpClient.IDeepSeekClient.LogicalHandler Start processing HTTP request POST https://api.deepseek.com/chat/completions
[00:13:34 INF] System.Net.Http.HttpClient.IDeepSeekClient.ClientHandler Sending HTTP request POST https://api.deepseek.com/chat/completions
[00:13:35 INF] System.Net.Http.HttpClient.IDeepSeekClient.ClientHandler Received HTTP response headers after 302.6165ms - 200
[00:13:35 INF] System.Net.Http.HttpClient.IDeepSeekClient.LogicalHandler End processing HTTP request after 305.0235ms - 200
[00:13:35 INF] System.Net.Http.HttpClient.IDeepSeekClient.LogicalHandler Start processing HTTP request POST https://api.deepseek.com/chat/completions
[00:13:35 INF] System.Net.Http.HttpClient.IDeepSeekClient.ClientHandler Sending HTTP request POST https://api.deepseek.com/chat/completions
[00:13:35 INF] System.Net.Http.HttpClient.IDeepSeekClient.LogicalHandler Start processing HTTP request POST https://api.deepseek.com/chat/completions
[00:13:35 INF] System.Net.Http.HttpClient.IDeepSeekClient.ClientHandler Sending HTTP request POST https://api.deepseek.com/chat/completions
[00:13:35 INF] System.Net.Http.HttpClient.IDeepSeekClient.ClientHandler Received HTTP response headers after 293.7778ms - 200
[00:13:35 INF] System.Net.Http.HttpClient.IDeepSeekClient.LogicalHandler End processing HTTP request after 294.0954ms - 200
[00:13:35 INF] System.Net.Http.HttpClient.IDeepSeekClient.ClientHandler Received HTTP response headers after 291.0032ms - 200
[00:13:35 INF] System.Net.Http.HttpClient.IDeepSeekClient.LogicalHandler End processing HTTP request after 291.2552ms - 200
[00:13:35 INF] System.Net.Http.HttpClient.IDeepSeekClient.ClientHandler Received HTTP response headers after 299.2384ms - 200
[00:13:35 INF] System.Net.Http.HttpClient.IDeepSeekClient.LogicalHandler End processing HTTP request after 300.0457ms - 200
[00:13:35 INF] System.Net.Http.HttpClient.IDeepSeekClient.ClientHandler Received HTTP response headers after 280.3413ms - 200
[00:13:35 INF] System.Net.Http.HttpClient.IDeepSeekClient.LogicalHandler End processing HTTP request after 281.1763ms - 200
[00:13:35 INF] System.Net.Http.HttpClient.IDeepSeekClient.LogicalHandler Start processing HTTP request POST https://api.deepseek.com/chat/completions
[00:13:35 INF] System.Net.Http.HttpClient.IDeepSeekClient.ClientHandler Sending HTTP request POST https://api.deepseek.com/chat/completions
[00:13:35 INF] System.Net.Http.HttpClient.IDeepSeekClient.ClientHandler Received HTTP response headers after 281.2813ms - 200
[00:13:35 INF] System.Net.Http.HttpClient.IDeepSeekClient.LogicalHandler End processing HTTP request after 281.7835ms - 200
[00:13:35 INF] System.Net.Http.HttpClient.IDeepSeekClient.ClientHandler Received HTTP response headers after 291.6756ms - 200
[00:13:35 INF] System.Net.Http.HttpClient.IDeepSeekClient.LogicalHandler End processing HTTP request after 292.1906ms - 200
[00:13:35 INF] System.Net.Http.HttpClient.IDeepSeekClient.ClientHandler Received HTTP response headers after 285.7998ms - 200
[00:13:35 INF] System.Net.Http.HttpClient.IDeepSeekClient.LogicalHandler End processing HTTP request after 286.4685ms - 200
[00:13:36 INF] System.Net.Http.HttpClient.IDeepSeekClient.LogicalHandler Start processing HTTP request POST https://api.deepseek.com/chat/completions
[00:13:36 INF] System.Net.Http.HttpClient.IDeepSeekClient.ClientHandler Sending HTTP request POST https://api.deepseek.com/chat/completions
[00:13:36 INF] System.Net.Http.HttpClient.IDeepSeekClient.LogicalHandler Start processing HTTP request POST https://api.deepseek.com/chat/completions
[00:13:36 INF] System.Net.Http.HttpClient.IDeepSeekClient.ClientHandler Sending HTTP request POST https://api.deepseek.com/chat/completions
[00:13:36 INF] System.Net.Http.HttpClient.IDeepSeekClient.LogicalHandler Start processing HTTP request POST https://api.deepseek.com/chat/completions
[00:13:36 INF] System.Net.Http.HttpClient.IDeepSeekClient.ClientHandler Sending HTTP request POST https://api.deepseek.com/chat/completions
[00:13:36 INF] System.Net.Http.HttpClient.IDeepSeekClient.LogicalHandler Start processing HTTP request POST https://api.deepseek.com/chat/completions
[00:13:36 INF] System.Net.Http.HttpClient.IDeepSeekClient.ClientHandler Sending HTTP request POST https://api.deepseek.com/chat/completions
[00:13:36 INF] System.Net.Http.HttpClient.IDeepSeekClient.ClientHandler Received HTTP response headers after 369.7892ms - 200
[00:13:36 INF] System.Net.Http.HttpClient.IDeepSeekClient.LogicalHandler End processing HTTP request after 370.4953ms - 200
[00:13:36 INF] System.Net.Http.HttpClient.IDeepSeekClient.ClientHandler Received HTTP response headers after 284.4392ms - 200
[00:13:36 INF] System.Net.Http.HttpClient.IDeepSeekClient.LogicalHandler End processing HTTP request after 285.5985ms - 200
[00:13:36 INF] System.Net.Http.HttpClient.IDeepSeekClient.LogicalHandler Start processing HTTP request POST https://api.deepseek.com/chat/completions
[00:13:36 INF] System.Net.Http.HttpClient.IDeepSeekClient.ClientHandler Sending HTTP request POST https://api.deepseek.com/chat/completions
[00:13:36 INF] System.Net.Http.HttpClient.IDeepSeekClient.ClientHandler Received HTTP response headers after 379.4716ms - 200
[00:13:36 INF] System.Net.Http.HttpClient.IDeepSeekClient.LogicalHandler End processing HTTP request after 380.044ms - 200
[00:13:36 INF] System.Net.Http.HttpClient.IDeepSeekClient.LogicalHandler Start processing HTTP request POST https://api.deepseek.com/chat/completions
[00:13:36 INF] System.Net.Http.HttpClient.IDeepSeekClient.ClientHandler Sending HTTP request POST https://api.deepseek.com/chat/completions
[00:13:36 INF] System.Net.Http.HttpClient.IDeepSeekClient.ClientHandler Received HTTP response headers after 308.9367ms - 200
[00:13:36 INF] System.Net.Http.HttpClient.IDeepSeekClient.LogicalHandler End processing HTTP request after 309.8572ms - 200
[00:13:36 INF] System.Net.Http.HttpClient.IDeepSeekClient.LogicalHandler Start processing HTTP request POST https://api.deepseek.com/chat/completions
[00:13:36 INF] System.Net.Http.HttpClient.IDeepSeekClient.ClientHandler Sending HTTP request POST https://api.deepseek.com/chat/completions
[00:13:36 INF] System.Net.Http.HttpClient.IDeepSeekClient.LogicalHandler Start processing HTTP request POST https://api.deepseek.com/chat/completions
[00:13:36 INF] System.Net.Http.HttpClient.IDeepSeekClient.ClientHandler Sending HTTP request POST https://api.deepseek.com/chat/completions
[00:13:36 INF] System.Net.Http.HttpClient.IDeepSeekClient.ClientHandler Received HTTP response headers after 300.801ms - 200
[00:13:36 INF] System.Net.Http.HttpClient.IDeepSeekClient.LogicalHandler End processing HTTP request after 301.3636ms - 200
[00:13:36 INF] System.Net.Http.HttpClient.IDeepSeekClient.ClientHandler Received HTTP response headers after 302.979ms - 200
[00:13:36 INF] System.Net.Http.HttpClient.IDeepSeekClient.LogicalHandler End processing HTTP request after 303.5721ms - 200
[00:13:37 INF] System.Net.Http.HttpClient.IDeepSeekClient.ClientHandler Received HTTP response headers after 288.1197ms - 200
[00:13:37 INF] System.Net.Http.HttpClient.IDeepSeekClient.LogicalHandler End processing HTTP request after 288.698ms - 200
[00:13:37 INF] System.Net.Http.HttpClient.IDeepSeekClient.ClientHandler Received HTTP response headers after 286.106ms - 200
[00:13:37 INF] System.Net.Http.HttpClient.IDeepSeekClient.LogicalHandler End processing HTTP request after 286.5517ms - 200
[00:13:37 INF] System.Net.Http.HttpClient.IDeepSeekClient.LogicalHandler Start processing HTTP request POST https://api.deepseek.com/chat/completions
[00:13:37 INF] System.Net.Http.HttpClient.IDeepSeekClient.ClientHandler Sending HTTP request POST https://api.deepseek.com/chat/completions
[00:13:37 INF] System.Net.Http.HttpClient.IDeepSeekClient.LogicalHandler Start processing HTTP request POST https://api.deepseek.com/chat/completions
[00:13:37 INF] System.Net.Http.HttpClient.IDeepSeekClient.ClientHandler Sending HTTP request POST https://api.deepseek.com/chat/completions
[00:13:37 INF] System.Net.Http.HttpClient.IDeepSeekClient.LogicalHandler Start processing HTTP request POST https://api.deepseek.com/chat/completions
[00:13:37 INF] System.Net.Http.HttpClient.IDeepSeekClient.ClientHandler Sending HTTP request POST https://api.deepseek.com/chat/completions
[00:13:37 INF] System.Net.Http.HttpClient.IDeepSeekClient.LogicalHandler Start processing HTTP request POST https://api.deepseek.com/chat/completions
[00:13:37 INF] System.Net.Http.HttpClient.IDeepSeekClient.ClientHandler Sending HTTP request POST https://api.deepseek.com/chat/completions
[00:13:37 INF] System.Net.Http.HttpClient.IDeepSeekClient.ClientHandler Received HTTP response headers after 288.9782ms - 200
[00:13:37 INF] System.Net.Http.HttpClient.IDeepSeekClient.LogicalHandler End processing HTTP request after 289.643ms - 200
[00:13:37 INF] System.Net.Http.HttpClient.IDeepSeekClient.LogicalHandler Start processing HTTP request POST https://api.deepseek.com/chat/completions
[00:13:37 INF] System.Net.Http.HttpClient.IDeepSeekClient.ClientHandler Sending HTTP request POST https://api.deepseek.com/chat/completions
[00:13:37 INF] System.Net.Http.HttpClient.IDeepSeekClient.ClientHandler Received HTTP response headers after 278.9502ms - 200
[00:13:37 INF] System.Net.Http.HttpClient.IDeepSeekClient.LogicalHandler End processing HTTP request after 279.5648ms - 200
[00:13:38 INF] System.Net.Http.HttpClient.IDeepSeekClient.ClientHandler Received HTTP response headers after 288.5869ms - 200
[00:13:38 INF] System.Net.Http.HttpClient.IDeepSeekClient.LogicalHandler End processing HTTP request after 289.4011ms - 200
[00:13:38 INF] System.Net.Http.HttpClient.IDeepSeekClient.LogicalHandler Start processing HTTP request POST https://api.deepseek.com/chat/completions
[00:13:38 INF] System.Net.Http.HttpClient.IDeepSeekClient.ClientHandler Sending HTTP request POST https://api.deepseek.com/chat/completions
[00:13:38 INF] System.Net.Http.HttpClient.IDeepSeekClient.ClientHandler Received HTTP response headers after 281.7935ms - 200
[00:13:38 INF] System.Net.Http.HttpClient.IDeepSeekClient.LogicalHandler End processing HTTP request after 282.7618ms - 200
[00:13:38 INF] System.Net.Http.HttpClient.IDeepSeekClient.ClientHandler Received HTTP response headers after 282.4521ms - 200
[00:13:38 INF] System.Net.Http.HttpClient.IDeepSeekClient.LogicalHandler End processing HTTP request after 282.6998ms - 200
[00:13:38 INF] System.Net.Http.HttpClient.IDeepSeekClient.LogicalHandler Start processing HTTP request POST https://api.deepseek.com/chat/completions
[00:13:38 INF] System.Net.Http.HttpClient.IDeepSeekClient.ClientHandler Sending HTTP request POST https://api.deepseek.com/chat/completions
[00:13:38 INF] System.Net.Http.HttpClient.IDeepSeekClient.ClientHandler Received HTTP response headers after 286.7021ms - 200
[00:13:38 INF] System.Net.Http.HttpClient.IDeepSeekClient.LogicalHandler End processing HTTP request after 287.3211ms - 200
[00:13:38 INF] System.Net.Http.HttpClient.IDeepSeekClient.LogicalHandler Start processing HTTP request POST https://api.deepseek.com/chat/completions
[00:13:38 INF] System.Net.Http.HttpClient.IDeepSeekClient.ClientHandler Sending HTTP request POST https://api.deepseek.com/chat/completions
[00:13:38 INF] System.Net.Http.HttpClient.IDeepSeekClient.ClientHandler Received HTTP response headers after 293.2551ms - 200
[00:13:38 INF] System.Net.Http.HttpClient.IDeepSeekClient.LogicalHandler End processing HTTP request after 293.4827ms - 200
[00:13:38 INF] System.Net.Http.HttpClient.IDeepSeekClient.LogicalHandler Start processing HTTP request POST https://api.deepseek.com/chat/completions
[00:13:38 INF] System.Net.Http.HttpClient.IDeepSeekClient.ClientHandler Sending HTTP request POST https://api.deepseek.com/chat/completions
[00:13:38 INF] System.Net.Http.HttpClient.IDeepSeekClient.ClientHandler Received HTTP response headers after 282.836ms - 200
[00:13:38 INF] System.Net.Http.HttpClient.IDeepSeekClient.LogicalHandler End processing HTTP request after 284.1688ms - 200
[00:13:38 INF] System.Net.Http.HttpClient.IDeepSeekClient.ClientHandler Received HTTP response headers after 280.0627ms - 200
[00:13:38 INF] System.Net.Http.HttpClient.IDeepSeekClient.LogicalHandler End processing HTTP request after 282.6753ms - 200
[00:13:38 INF] System.Net.Http.HttpClient.IDeepSeekClient.LogicalHandler Start processing HTTP request POST https://api.deepseek.com/chat/completions
[00:13:38 INF] System.Net.Http.HttpClient.IDeepSeekClient.ClientHandler Sending HTTP request POST https://api.deepseek.com/chat/completions
[00:13:38 INF] System.Net.Http.HttpClient.IDeepSeekClient.LogicalHandler Start processing HTTP request POST https://api.deepseek.com/chat/completions
[00:13:38 INF] System.Net.Http.HttpClient.IDeepSeekClient.ClientHandler Sending HTTP request POST https://api.deepseek.com/chat/completions
[00:13:38 INF] System.Net.Http.HttpClient.IDeepSeekClient.LogicalHandler Start processing HTTP request POST https://api.deepseek.com/chat/completions
[00:13:38 INF] System.Net.Http.HttpClient.IDeepSeekClient.ClientHandler Sending HTTP request POST https://api.deepseek.com/chat/completions
[00:13:38 INF] System.Net.Http.HttpClient.IDeepSeekClient.LogicalHandler Start processing HTTP request POST https://api.deepseek.com/chat/completions
[00:13:38 INF] System.Net.Http.HttpClient.IDeepSeekClient.ClientHandler Sending HTTP request POST https://api.deepseek.com/chat/completions
[00:13:39 INF] System.Net.Http.HttpClient.IDeepSeekClient.LogicalHandler Start processing HTTP request POST https://api.deepseek.com/chat/completions
[00:13:39 INF] System.Net.Http.HttpClient.IDeepSeekClient.ClientHandler Sending HTTP request POST https://api.deepseek.com/chat/completions
[00:13:39 INF] System.Net.Http.HttpClient.IDeepSeekClient.ClientHandler Received HTTP response headers after 283.5962ms - 200
[00:13:39 INF] System.Net.Http.HttpClient.IDeepSeekClient.LogicalHandler End processing HTTP request after 286.3222ms - 200
[00:13:39 INF] System.Net.Http.HttpClient.IDeepSeekClient.ClientHandler Received HTTP response headers after 295.9717ms - 200
[00:13:39 INF] System.Net.Http.HttpClient.IDeepSeekClient.LogicalHandler End processing HTTP request after 296.3305ms - 200
[00:13:39 INF] System.Net.Http.HttpClient.IDeepSeekClient.ClientHandler Received HTTP response headers after 301.7806ms - 200
[00:13:39 INF] System.Net.Http.HttpClient.IDeepSeekClient.LogicalHandler End processing HTTP request after 302.0896ms - 200
[00:13:39 INF] System.Net.Http.HttpClient.IDeepSeekClient.LogicalHandler Start processing HTTP request POST https://api.deepseek.com/chat/completions
[00:13:39 INF] System.Net.Http.HttpClient.IDeepSeekClient.ClientHandler Sending HTTP request POST https://api.deepseek.com/chat/completions
[00:13:39 INF] System.Net.Http.HttpClient.IDeepSeekClient.LogicalHandler Start processing HTTP request POST https://api.deepseek.com/chat/completions
[00:13:39 INF] System.Net.Http.HttpClient.IDeepSeekClient.ClientHandler Sending HTTP request POST https://api.deepseek.com/chat/completions
[00:13:39 INF] System.Net.Http.HttpClient.IDeepSeekClient.ClientHandler Received HTTP response headers after 288.5305ms - 200
[00:13:39 INF] System.Net.Http.HttpClient.IDeepSeekClient.LogicalHandler End processing HTTP request after 289.0282ms - 200
[00:13:39 INF] System.Net.Http.HttpClient.IDeepSeekClient.ClientHandler Received HTTP response headers after 285.4083ms - 200
[00:13:39 INF] System.Net.Http.HttpClient.IDeepSeekClient.LogicalHandler End processing HTTP request after 286.0761ms - 200
[00:13:39 INF] System.Net.Http.HttpClient.IDeepSeekClient.LogicalHandler Start processing HTTP request POST https://api.deepseek.com/chat/completions
[00:13:39 INF] System.Net.Http.HttpClient.IDeepSeekClient.ClientHandler Sending HTTP request POST https://api.deepseek.com/chat/completions
[00:13:39 INF] System.Net.Http.HttpClient.IDeepSeekClient.LogicalHandler Start processing HTTP request POST https://api.deepseek.com/chat/completions
[00:13:39 INF] System.Net.Http.HttpClient.IDeepSeekClient.ClientHandler Sending HTTP request POST https://api.deepseek.com/chat/completions
[00:13:39 INF] System.Net.Http.HttpClient.IDeepSeekClient.LogicalHandler Start processing HTTP request POST https://api.deepseek.com/chat/completions
[00:13:39 INF] System.Net.Http.HttpClient.IDeepSeekClient.ClientHandler Sending HTTP request POST https://api.deepseek.com/chat/completions
[00:13:39 INF] System.Net.Http.HttpClient.IDeepSeekClient.ClientHandler Received HTTP response headers after 295.6745ms - 200
[00:13:39 INF] System.Net.Http.HttpClient.IDeepSeekClient.LogicalHandler End processing HTTP request after 296.5203ms - 200
[00:13:39 INF] System.Net.Http.HttpClient.IDeepSeekClient.ClientHandler Received HTTP response headers after 287.8842ms - 200
[00:13:39 INF] System.Net.Http.HttpClient.IDeepSeekClient.LogicalHandler End processing HTTP request after 288.7375ms - 200
[00:13:39 INF] System.Net.Http.HttpClient.IDeepSeekClient.LogicalHandler Start processing HTTP request POST https://api.deepseek.com/chat/completions
[00:13:39 INF] System.Net.Http.HttpClient.IDeepSeekClient.ClientHandler Sending HTTP request POST https://api.deepseek.com/chat/completions
[00:13:39 INF] System.Net.Http.HttpClient.IDeepSeekClient.LogicalHandler Start processing HTTP request POST https://api.deepseek.com/chat/completions
[00:13:39 INF] System.Net.Http.HttpClient.IDeepSeekClient.ClientHandler Sending HTTP request POST https://api.deepseek.com/chat/completions
[00:13:39 INF] System.Net.Http.HttpClient.IDeepSeekClient.LogicalHandler Start processing HTTP request POST https://api.deepseek.com/chat/completions
[00:13:39 INF] System.Net.Http.HttpClient.IDeepSeekClient.ClientHandler Sending HTTP request POST https://api.deepseek.com/chat/completions
[00:13:39 INF] System.Net.Http.HttpClient.IDeepSeekClient.ClientHandler Received HTTP response headers after 292.289ms - 200
[00:13:39 INF] System.Net.Http.HttpClient.IDeepSeekClient.LogicalHandler End processing HTTP request after 293.4195ms - 200
[00:13:39 INF] System.Net.Http.HttpClient.IDeepSeekClient.ClientHandler Received HTTP response headers after 279.6871ms - 200
[00:13:39 INF] System.Net.Http.HttpClient.IDeepSeekClient.LogicalHandler End processing HTTP request after 280.6329ms - 200
[00:13:39 INF] System.Net.Http.HttpClient.IDeepSeekClient.ClientHandler Received HTTP response headers after 300.9125ms - 200
[00:13:39 INF] System.Net.Http.HttpClient.IDeepSeekClient.LogicalHandler End processing HTTP request after 301.717ms - 200
[00:13:39 INF] System.Net.Http.HttpClient.IDeepSeekClient.ClientHandler Received HTTP response headers after 283.7227ms - 200
[00:13:39 INF] System.Net.Http.HttpClient.IDeepSeekClient.LogicalHandler End processing HTTP request after 285.1982ms - 200
[00:13:39 INF] System.Net.Http.HttpClient.IDeepSeekClient.ClientHandler Received HTTP response headers after 305.724ms - 200
[00:13:39 INF] System.Net.Http.HttpClient.IDeepSeekClient.LogicalHandler End processing HTTP request after 307.3113ms - 200
[00:13:39 INF] System.Net.Http.HttpClient.IDeepSeekClient.ClientHandler Received HTTP response headers after 285.4252ms - 200
[00:13:39 INF] System.Net.Http.HttpClient.IDeepSeekClient.LogicalHandler End processing HTTP request after 286.0567ms - 200
[00:13:40 INF] System.Net.Http.HttpClient.IDeepSeekClient.LogicalHandler Start processing HTTP request POST https://api.deepseek.com/chat/completions
[00:13:40 INF] System.Net.Http.HttpClient.IDeepSeekClient.ClientHandler Sending HTTP request POST https://api.deepseek.com/chat/completions
[00:13:40 INF] System.Net.Http.HttpClient.IDeepSeekClient.LogicalHandler Start processing HTTP request POST https://api.deepseek.com/chat/completions
[00:13:40 INF] System.Net.Http.HttpClient.IDeepSeekClient.ClientHandler Sending HTTP request POST https://api.deepseek.com/chat/completions
[00:13:40 INF] System.Net.Http.HttpClient.IDeepSeekClient.LogicalHandler Start processing HTTP request POST https://api.deepseek.com/chat/completions
[00:13:40 INF] System.Net.Http.HttpClient.IDeepSeekClient.ClientHandler Sending HTTP request POST https://api.deepseek.com/chat/completions
[00:13:40 INF] System.Net.Http.HttpClient.IDeepSeekClient.LogicalHandler Start processing HTTP request POST https://api.deepseek.com/chat/completions
[00:13:40 INF] System.Net.Http.HttpClient.IDeepSeekClient.ClientHandler Sending HTTP request POST https://api.deepseek.com/chat/completions
[00:13:40 INF] System.Net.Http.HttpClient.IDeepSeekClient.LogicalHandler Start processing HTTP request POST https://api.deepseek.com/chat/completions
[00:13:40 INF] System.Net.Http.HttpClient.IDeepSeekClient.ClientHandler Sending HTTP request POST https://api.deepseek.com/chat/completions
[00:13:40 INF] System.Net.Http.HttpClient.IDeepSeekClient.ClientHandler Received HTTP response headers after 290.6466ms - 200
[00:13:40 INF] System.Net.Http.HttpClient.IDeepSeekClient.LogicalHandler End processing HTTP request after 292.7166ms - 200
[00:13:40 INF] System.Net.Http.HttpClient.IDeepSeekClient.ClientHandler Received HTTP response headers after 303.0696ms - 200
[00:13:40 INF] System.Net.Http.HttpClient.IDeepSeekClient.LogicalHandler End processing HTTP request after 303.8337ms - 200
[00:13:40 INF] System.Net.Http.HttpClient.IDeepSeekClient.ClientHandler Received HTTP response headers after 306.4064ms - 200
[00:13:40 INF] System.Net.Http.HttpClient.IDeepSeekClient.LogicalHandler End processing HTTP request after 306.9729ms - 200
[00:13:40 INF] System.Net.Http.HttpClient.IDeepSeekClient.LogicalHandler Start processing HTTP request POST https://api.deepseek.com/chat/completions
[00:13:40 INF] System.Net.Http.HttpClient.IDeepSeekClient.ClientHandler Sending HTTP request POST https://api.deepseek.com/chat/completions
[00:13:40 INF] System.Net.Http.HttpClient.IDeepSeekClient.LogicalHandler Start processing HTTP request POST https://api.deepseek.com/chat/completions
[00:13:40 INF] System.Net.Http.HttpClient.IDeepSeekClient.ClientHandler Sending HTTP request POST https://api.deepseek.com/chat/completions
[00:13:40 INF] System.Net.Http.HttpClient.IDeepSeekClient.ClientHandler Received HTTP response headers after 286.8399ms - 200
[00:13:40 INF] System.Net.Http.HttpClient.IDeepSeekClient.LogicalHandler End processing HTTP request after 287.7715ms - 200
[00:13:40 INF] System.Net.Http.HttpClient.IDeepSeekClient.ClientHandler Received HTTP response headers after 286.5735ms - 200
[00:13:40 INF] System.Net.Http.HttpClient.IDeepSeekClient.LogicalHandler End processing HTTP request after 288.6225ms - 200
[00:13:40 INF] System.Net.Http.HttpClient.IDeepSeekClient.ClientHandler Received HTTP response headers after 300.6167ms - 200
[00:13:40 INF] System.Net.Http.HttpClient.IDeepSeekClient.LogicalHandler End processing HTTP request after 301.0839ms - 200
[00:13:40 INF] System.Net.Http.HttpClient.IDeepSeekClient.ClientHandler Received HTTP response headers after 293.1878ms - 200
[00:13:40 INF] System.Net.Http.HttpClient.IDeepSeekClient.LogicalHandler End processing HTTP request after 293.6893ms - 200
[00:13:41 INF] System.Net.Http.HttpClient.IDeepSeekClient.LogicalHandler Start processing HTTP request POST https://api.deepseek.com/chat/completions
[00:13:41 INF] System.Net.Http.HttpClient.IDeepSeekClient.ClientHandler Sending HTTP request POST https://api.deepseek.com/chat/completions
[00:13:41 INF] System.Net.Http.HttpClient.IDeepSeekClient.LogicalHandler Start processing HTTP request POST https://api.deepseek.com/chat/completions
[00:13:41 INF] System.Net.Http.HttpClient.IDeepSeekClient.ClientHandler Sending HTTP request POST https://api.deepseek.com/chat/completions
[00:13:41 INF] System.Net.Http.HttpClient.IDeepSeekClient.LogicalHandler Start processing HTTP request POST https://api.deepseek.com/chat/completions
[00:13:41 INF] System.Net.Http.HttpClient.IDeepSeekClient.ClientHandler Sending HTTP request POST https://api.deepseek.com/chat/completions
[00:13:41 INF] System.Net.Http.HttpClient.IDeepSeekClient.LogicalHandler Start processing HTTP request POST https://api.deepseek.com/chat/completions
[00:13:41 INF] System.Net.Http.HttpClient.IDeepSeekClient.ClientHandler Sending HTTP request POST https://api.deepseek.com/chat/completions
[00:13:41 INF] System.Net.Http.HttpClient.IDeepSeekClient.ClientHandler Received HTTP response headers after 281.9405ms - 200
[00:13:41 INF] System.Net.Http.HttpClient.IDeepSeekClient.LogicalHandler End processing HTTP request after 282.2272ms - 200
[00:13:41 INF] System.Net.Http.HttpClient.IDeepSeekClient.ClientHandler Received HTTP response headers after 289.2292ms - 200
[00:13:41 INF] System.Net.Http.HttpClient.IDeepSeekClient.LogicalHandler End processing HTTP request after 289.5591ms - 200
[00:13:41 INF] System.Net.Http.HttpClient.IDeepSeekClient.ClientHandler Received HTTP response headers after 286.6905ms - 200
[00:13:41 INF] System.Net.Http.HttpClient.IDeepSeekClient.LogicalHandler End processing HTTP request after 286.9197ms - 200
[00:13:41 INF] System.Net.Http.HttpClient.IDeepSeekClient.ClientHandler Received HTTP response headers after 285.3578ms - 200
[00:13:41 INF] System.Net.Http.HttpClient.IDeepSeekClient.LogicalHandler End processing HTTP request after 285.7436ms - 200
[00:13:41 INF] System.Net.Http.HttpClient.IDeepSeekClient.LogicalHandler Start processing HTTP request POST https://api.deepseek.com/chat/completions
[00:13:41 INF] System.Net.Http.HttpClient.IDeepSeekClient.ClientHandler Sending HTTP request POST https://api.deepseek.com/chat/completions
[00:13:41 INF] System.Net.Http.HttpClient.IDeepSeekClient.LogicalHandler Start processing HTTP request POST https://api.deepseek.com/chat/completions
[00:13:41 INF] System.Net.Http.HttpClient.IDeepSeekClient.ClientHandler Sending HTTP request POST https://api.deepseek.com/chat/completions
[00:13:41 INF] System.Net.Http.HttpClient.IDeepSeekClient.LogicalHandler Start processing HTTP request POST https://api.deepseek.com/chat/completions
[00:13:41 INF] System.Net.Http.HttpClient.IDeepSeekClient.ClientHandler Sending HTTP request POST https://api.deepseek.com/chat/completions
[00:13:41 INF] System.Net.Http.HttpClient.IDeepSeekClient.LogicalHandler Start processing HTTP request POST https://api.deepseek.com/chat/completions
[00:13:41 INF] System.Net.Http.HttpClient.IDeepSeekClient.ClientHandler Sending HTTP request POST https://api.deepseek.com/chat/completions
[00:13:41 INF] System.Net.Http.HttpClient.IDeepSeekClient.LogicalHandler Start processing HTTP request POST https://api.deepseek.com/chat/completions
[00:13:41 INF] System.Net.Http.HttpClient.IDeepSeekClient.ClientHandler Sending HTTP request POST https://api.deepseek.com/chat/completions
[00:13:41 INF] System.Net.Http.HttpClient.IDeepSeekClient.ClientHandler Received HTTP response headers after 291.44ms - 200
[00:13:41 INF] System.Net.Http.HttpClient.IDeepSeekClient.LogicalHandler End processing HTTP request after 292.1354ms - 200
[00:13:41 INF] System.Net.Http.HttpClient.IDeepSeekClient.ClientHandler Received HTTP response headers after 286.5389ms - 200
[00:13:41 INF] System.Net.Http.HttpClient.IDeepSeekClient.LogicalHandler End processing HTTP request after 288.3332ms - 200
[00:13:41 INF] System.Net.Http.HttpClient.IDeepSeekClient.ClientHandler Received HTTP response headers after 284.1875ms - 200
[00:13:41 INF] System.Net.Http.HttpClient.IDeepSeekClient.LogicalHandler Start processing HTTP request POST https://api.deepseek.com/chat/completions
[00:13:41 INF] System.Net.Http.HttpClient.IDeepSeekClient.LogicalHandler End processing HTTP request after 284.7738ms - 200
[00:13:41 INF] System.Net.Http.HttpClient.IDeepSeekClient.ClientHandler Sending HTTP request POST https://api.deepseek.com/chat/completions
[00:13:42 INF] System.Net.Http.HttpClient.IDeepSeekClient.LogicalHandler Start processing HTTP request POST https://api.deepseek.com/chat/completions
[00:13:42 INF] System.Net.Http.HttpClient.IDeepSeekClient.ClientHandler Sending HTTP request POST https://api.deepseek.com/chat/completions
[00:13:42 INF] System.Net.Http.HttpClient.IDeepSeekClient.ClientHandler Received HTTP response headers after 321.0033ms - 200
[00:13:42 INF] System.Net.Http.HttpClient.IDeepSeekClient.LogicalHandler End processing HTTP request after 321.5061ms - 200
[00:13:42 INF] System.Net.Http.HttpClient.IDeepSeekClient.LogicalHandler Start processing HTTP request POST https://api.deepseek.com/chat/completions
[00:13:42 INF] System.Net.Http.HttpClient.IDeepSeekClient.ClientHandler Sending HTTP request POST https://api.deepseek.com/chat/completions
[00:13:42 INF] System.Net.Http.HttpClient.IDeepSeekClient.ClientHandler Received HTTP response headers after 293.6732ms - 200
[00:13:42 INF] System.Net.Http.HttpClient.IDeepSeekClient.LogicalHandler End processing HTTP request after 293.8727ms - 200
[00:13:42 INF] System.Net.Http.HttpClient.IDeepSeekClient.ClientHandler Received HTTP response headers after 298.0594ms - 200
[00:13:42 INF] System.Net.Http.HttpClient.IDeepSeekClient.LogicalHandler End processing HTTP request after 298.3548ms - 200
[00:13:42 INF] System.Net.Http.HttpClient.IDeepSeekClient.LogicalHandler Start processing HTTP request POST https://api.deepseek.com/chat/completions
[00:13:42 INF] System.Net.Http.HttpClient.IDeepSeekClient.ClientHandler Sending HTTP request POST https://api.deepseek.com/chat/completions
[00:13:42 INF] System.Net.Http.HttpClient.IDeepSeekClient.LogicalHandler Start processing HTTP request POST https://api.deepseek.com/chat/completions
[00:13:42 INF] System.Net.Http.HttpClient.IDeepSeekClient.ClientHandler Sending HTTP request POST https://api.deepseek.com/chat/completions
[00:13:42 INF] System.Net.Http.HttpClient.IDeepSeekClient.LogicalHandler Start processing HTTP request POST https://api.deepseek.com/chat/completions
[00:13:42 INF] System.Net.Http.HttpClient.IDeepSeekClient.ClientHandler Sending HTTP request POST https://api.deepseek.com/chat/completions
[00:13:42 INF] System.Net.Http.HttpClient.IDeepSeekClient.ClientHandler Received HTTP response headers after 656.1087ms - 200
[00:13:42 INF] System.Net.Http.HttpClient.IDeepSeekClient.LogicalHandler End processing HTTP request after 656.6832ms - 200
[00:13:42 INF] System.Net.Http.HttpClient.IDeepSeekClient.ClientHandler Received HTTP response headers after 279.9288ms - 200
[00:13:42 INF] System.Net.Http.HttpClient.IDeepSeekClient.LogicalHandler End processing HTTP request after 280.3554ms - 200
[00:13:42 INF] System.Net.Http.HttpClient.IDeepSeekClient.LogicalHandler Start processing HTTP request POST https://api.deepseek.com/chat/completions
[00:13:42 INF] System.Net.Http.HttpClient.IDeepSeekClient.ClientHandler Sending HTTP request POST https://api.deepseek.com/chat/completions
[00:13:42 INF] System.Net.Http.HttpClient.IDeepSeekClient.ClientHandler Received HTTP response headers after 285.6701ms - 200
[00:13:42 INF] System.Net.Http.HttpClient.IDeepSeekClient.LogicalHandler End processing HTTP request after 286.1449ms - 200
[00:13:42 INF] System.Net.Http.HttpClient.IDeepSeekClient.ClientHandler Received HTTP response headers after 292.5453ms - 200
[00:13:42 INF] System.Net.Http.HttpClient.IDeepSeekClient.LogicalHandler End processing HTTP request after 293.0388ms - 200
[00:13:42 INF] System.Net.Http.HttpClient.IDeepSeekClient.ClientHandler Received HTTP response headers after 285.3195ms - 200
[00:13:42 INF] System.Net.Http.HttpClient.IDeepSeekClient.LogicalHandler End processing HTTP request after 285.6976ms - 200
[00:13:42 INF] System.Net.Http.HttpClient.IDeepSeekClient.LogicalHandler Start processing HTTP request POST https://api.deepseek.com/chat/completions
[00:13:42 INF] System.Net.Http.HttpClient.IDeepSeekClient.ClientHandler Sending HTTP request POST https://api.deepseek.com/chat/completions
[00:13:42 INF] System.Net.Http.HttpClient.IDeepSeekClient.ClientHandler Received HTTP response headers after 276.8675ms - 200
[00:13:42 INF] System.Net.Http.HttpClient.IDeepSeekClient.LogicalHandler End processing HTTP request after 279.2541ms - 200
[00:13:42 INF] System.Net.Http.HttpClient.IDeepSeekClient.LogicalHandler Start processing HTTP request POST https://api.deepseek.com/chat/completions
[00:13:42 INF] System.Net.Http.HttpClient.IDeepSeekClient.ClientHandler Sending HTTP request POST https://api.deepseek.com/chat/completions
[00:13:43 INF] System.Net.Http.HttpClient.IDeepSeekClient.ClientHandler Received HTTP response headers after 283.4126ms - 200
[00:13:43 INF] System.Net.Http.HttpClient.IDeepSeekClient.LogicalHandler End processing HTTP request after 283.6453ms - 200
[00:13:43 INF] System.Net.Http.HttpClient.IDeepSeekClient.ClientHandler Received HTTP response headers after 296.8187ms - 200
[00:13:43 INF] System.Net.Http.HttpClient.IDeepSeekClient.LogicalHandler End processing HTTP request after 297.106ms - 200
[00:13:43 INF] System.Net.Http.HttpClient.IDeepSeekClient.LogicalHandler Start processing HTTP request POST https://api.deepseek.com/chat/completions
[00:13:43 INF] System.Net.Http.HttpClient.IDeepSeekClient.ClientHandler Sending HTTP request POST https://api.deepseek.com/chat/completions
[00:13:43 INF] System.Net.Http.HttpClient.IDeepSeekClient.LogicalHandler Start processing HTTP request POST https://api.deepseek.com/chat/completions
[00:13:43 INF] System.Net.Http.HttpClient.IDeepSeekClient.ClientHandler Sending HTTP request POST https://api.deepseek.com/chat/completions
[00:13:43 INF] System.Net.Http.HttpClient.IDeepSeekClient.LogicalHandler Start processing HTTP request POST https://api.deepseek.com/chat/completions
[00:13:43 INF] System.Net.Http.HttpClient.IDeepSeekClient.ClientHandler Sending HTTP request POST https://api.deepseek.com/chat/completions
[00:13:43 INF] System.Net.Http.HttpClient.IDeepSeekClient.ClientHandler Received HTTP response headers after 289.5619ms - 200
[00:13:43 INF] System.Net.Http.HttpClient.IDeepSeekClient.LogicalHandler End processing HTTP request after 289.9705ms - 200
[00:13:43 INF] System.Net.Http.HttpClient.IDeepSeekClient.LogicalHandler Start processing HTTP request POST https://api.deepseek.com/chat/completions
[00:13:43 INF] System.Net.Http.HttpClient.IDeepSeekClient.ClientHandler Sending HTTP request POST https://api.deepseek.com/chat/completions
[00:13:43 INF] System.Net.Http.HttpClient.IDeepSeekClient.ClientHandler Received HTTP response headers after 286.6449ms - 200
[00:13:43 INF] System.Net.Http.HttpClient.IDeepSeekClient.LogicalHandler End processing HTTP request after 286.9354ms - 200
[00:13:43 INF] System.Net.Http.HttpClient.IDeepSeekClient.LogicalHandler Start processing HTTP request POST https://api.deepseek.com/chat/completions
[00:13:43 INF] System.Net.Http.HttpClient.IDeepSeekClient.ClientHandler Sending HTTP request POST https://api.deepseek.com/chat/completions
[00:13:43 INF] System.Net.Http.HttpClient.IDeepSeekClient.LogicalHandler Start processing HTTP request POST https://api.deepseek.com/chat/completions
[00:13:43 INF] System.Net.Http.HttpClient.IDeepSeekClient.ClientHandler Sending HTTP request POST https://api.deepseek.com/chat/completions
[00:13:43 INF] System.Net.Http.HttpClient.IDeepSeekClient.ClientHandler Received HTTP response headers after 290.2157ms - 200
[00:13:43 INF] System.Net.Http.HttpClient.IDeepSeekClient.LogicalHandler End processing HTTP request after 290.8588ms - 200
[00:13:43 INF] System.Net.Http.HttpClient.IDeepSeekClient.ClientHandler Received HTTP response headers after 287.8459ms - 200
[00:13:43 INF] System.Net.Http.HttpClient.IDeepSeekClient.LogicalHandler End processing HTTP request after 288.2034ms - 200
[00:13:43 INF] System.Net.Http.HttpClient.IDeepSeekClient.LogicalHandler Start processing HTTP request POST https://api.deepseek.com/chat/completions
[00:13:43 INF] System.Net.Http.HttpClient.IDeepSeekClient.ClientHandler Sending HTTP request POST https://api.deepseek.com/chat/completions
[00:13:43 INF] System.Net.Http.HttpClient.IDeepSeekClient.ClientHandler Received HTTP response headers after 287.6016ms - 200
[00:13:43 INF] System.Net.Http.HttpClient.IDeepSeekClient.LogicalHandler End processing HTTP request after 287.8315ms - 200
[00:13:43 INF] System.Net.Http.HttpClient.IDeepSeekClient.LogicalHandler Start processing HTTP request POST https://api.deepseek.com/chat/completions
[00:13:43 INF] System.Net.Http.HttpClient.IDeepSeekClient.ClientHandler Sending HTTP request POST https://api.deepseek.com/chat/completions
[00:13:43 INF] System.Net.Http.HttpClient.IDeepSeekClient.ClientHandler Received HTTP response headers after 287.5095ms - 200
[00:13:43 INF] System.Net.Http.HttpClient.IDeepSeekClient.LogicalHandler End processing HTTP request after 287.7357ms - 200
[00:13:43 INF] System.Net.Http.HttpClient.IDeepSeekClient.LogicalHandler Start processing HTTP request POST https://api.deepseek.com/chat/completions
[00:13:43 INF] System.Net.Http.HttpClient.IDeepSeekClient.ClientHandler Sending HTTP request POST https://api.deepseek.com/chat/completions
[00:13:44 INF] System.Net.Http.HttpClient.IDeepSeekClient.LogicalHandler Start processing HTTP request POST https://api.deepseek.com/chat/completions
[00:13:44 INF] System.Net.Http.HttpClient.IDeepSeekClient.ClientHandler Sending HTTP request POST https://api.deepseek.com/chat/completions
[00:13:44 INF] System.Net.Http.HttpClient.IDeepSeekClient.LogicalHandler Start processing HTTP request POST https://api.deepseek.com/chat/completions
[00:13:44 INF] System.Net.Http.HttpClient.IDeepSeekClient.ClientHandler Sending HTTP request POST https://api.deepseek.com/chat/completions
[00:13:44 INF] System.Net.Http.HttpClient.IDeepSeekClient.ClientHandler Received HTTP response headers after 287.8257ms - 200
[00:13:44 INF] System.Net.Http.HttpClient.IDeepSeekClient.LogicalHandler End processing HTTP request after 288.1415ms - 200
[00:13:44 INF] System.Net.Http.HttpClient.IDeepSeekClient.ClientHandler Received HTTP response headers after 286.8731ms - 200
[00:13:44 INF] System.Net.Http.HttpClient.IDeepSeekClient.LogicalHandler End processing HTTP request after 287.2178ms - 200
[00:13:44 INF] System.Net.Http.HttpClient.IDeepSeekClient.ClientHandler Received HTTP response headers after 287.0471ms - 200
[00:13:44 INF] System.Net.Http.HttpClient.IDeepSeekClient.LogicalHandler End processing HTTP request after 287.2693ms - 200
[00:13:44 INF] System.Net.Http.HttpClient.IDeepSeekClient.ClientHandler Received HTTP response headers after 278.4721ms - 200
[00:13:44 INF] System.Net.Http.HttpClient.IDeepSeekClient.LogicalHandler End processing HTTP request after 278.7727ms - 200
[00:13:44 INF] System.Net.Http.HttpClient.IDeepSeekClient.ClientHandler Received HTTP response headers after 281.6444ms - 200
[00:13:44 INF] System.Net.Http.HttpClient.IDeepSeekClient.LogicalHandler End processing HTTP request after 281.9277ms - 200
[00:13:44 INF] System.Net.Http.HttpClient.IDeepSeekClient.LogicalHandler Start processing HTTP request POST https://api.deepseek.com/chat/completions
[00:13:44 INF] System.Net.Http.HttpClient.IDeepSeekClient.ClientHandler Sending HTTP request POST https://api.deepseek.com/chat/completions
[00:13:44 INF] System.Net.Http.HttpClient.IDeepSeekClient.LogicalHandler Start processing HTTP request POST https://api.deepseek.com/chat/completions
[00:13:44 INF] System.Net.Http.HttpClient.IDeepSeekClient.ClientHandler Sending HTTP request POST https://api.deepseek.com/chat/completions
[00:13:44 INF] System.Net.Http.HttpClient.IDeepSeekClient.LogicalHandler Start processing HTTP request POST https://api.deepseek.com/chat/completions
[00:13:44 INF] System.Net.Http.HttpClient.IDeepSeekClient.ClientHandler Sending HTTP request POST https://api.deepseek.com/chat/completions
[00:13:44 INF] System.Net.Http.HttpClient.IDeepSeekClient.ClientHandler Received HTTP response headers after 284.1689ms - 200
[00:13:44 INF] System.Net.Http.HttpClient.IDeepSeekClient.LogicalHandler End processing HTTP request after 284.4357ms - 200
[00:13:45 INF] System.Net.Http.HttpClient.IDeepSeekClient.LogicalHandler Start processing HTTP request POST https://api.deepseek.com/chat/completions
[00:13:45 INF] System.Net.Http.HttpClient.IDeepSeekClient.ClientHandler Sending HTTP request POST https://api.deepseek.com/chat/completions
[00:13:45 INF] System.Net.Http.HttpClient.IDeepSeekClient.ClientHandler Received HTTP response headers after 282.7192ms - 200
[00:13:45 INF] System.Net.Http.HttpClient.IDeepSeekClient.LogicalHandler End processing HTTP request after 283.4757ms - 200
[00:13:45 INF] System.Net.Http.HttpClient.IDeepSeekClient.LogicalHandler Start processing HTTP request POST https://api.deepseek.com/chat/completions
[00:13:45 INF] System.Net.Http.HttpClient.IDeepSeekClient.ClientHandler Sending HTTP request POST https://api.deepseek.com/chat/completions
[00:13:45 INF] System.Net.Http.HttpClient.IDeepSeekClient.ClientHandler Received HTTP response headers after 285.8006ms - 200
[00:13:45 INF] System.Net.Http.HttpClient.IDeepSeekClient.LogicalHandler End processing HTTP request after 286.2105ms - 200
[00:13:45 INF] System.Net.Http.HttpClient.IDeepSeekClient.LogicalHandler Start processing HTTP request POST https://api.deepseek.com/chat/completions
[00:13:45 INF] System.Net.Http.HttpClient.IDeepSeekClient.ClientHandler Sending HTTP request POST https://api.deepseek.com/chat/completions
[00:13:45 INF] System.Net.Http.HttpClient.IDeepSeekClient.ClientHandler Received HTTP response headers after 281.4003ms - 200
[00:13:45 INF] System.Net.Http.HttpClient.IDeepSeekClient.LogicalHandler End processing HTTP request after 281.966ms - 200
[00:13:45 INF] System.Net.Http.HttpClient.IDeepSeekClient.LogicalHandler Start processing HTTP request POST https://api.deepseek.com/chat/completions
[00:13:45 INF] System.Net.Http.HttpClient.IDeepSeekClient.ClientHandler Sending HTTP request POST https://api.deepseek.com/chat/completions
[00:13:45 INF] System.Net.Http.HttpClient.IDeepSeekClient.LogicalHandler Start processing HTTP request POST https://api.deepseek.com/chat/completions
[00:13:45 INF] System.Net.Http.HttpClient.IDeepSeekClient.ClientHandler Sending HTTP request POST https://api.deepseek.com/chat/completions
[00:13:45 INF] System.Net.Http.HttpClient.IDeepSeekClient.LogicalHandler Start processing HTTP request POST https://api.deepseek.com/chat/completions
[00:13:45 INF] System.Net.Http.HttpClient.IDeepSeekClient.ClientHandler Sending HTTP request POST https://api.deepseek.com/chat/completions
[00:13:45 INF] System.Net.Http.HttpClient.IDeepSeekClient.ClientHandler Received HTTP response headers after 287.8254ms - 200
[00:13:45 INF] System.Net.Http.HttpClient.IDeepSeekClient.LogicalHandler End processing HTTP request after 288.2276ms - 200
[00:13:45 INF] System.Net.Http.HttpClient.IDeepSeekClient.LogicalHandler Start processing HTTP request POST https://api.deepseek.com/chat/completions
[00:13:45 INF] System.Net.Http.HttpClient.IDeepSeekClient.ClientHandler Sending HTTP request POST https://api.deepseek.com/chat/completions
[00:13:45 INF] System.Net.Http.HttpClient.IDeepSeekClient.ClientHandler Received HTTP response headers after 279.3154ms - 200
[00:13:45 INF] System.Net.Http.HttpClient.IDeepSeekClient.LogicalHandler End processing HTTP request after 279.7638ms - 200
[00:13:45 INF] System.Net.Http.HttpClient.IDeepSeekClient.ClientHandler Received HTTP response headers after 297.4834ms - 200
[00:13:45 INF] System.Net.Http.HttpClient.IDeepSeekClient.LogicalHandler End processing HTTP request after 297.9947ms - 200
[00:13:45 INF] System.Net.Http.HttpClient.IDeepSeekClient.ClientHandler Received HTTP response headers after 291.5911ms - 200
[00:13:45 INF] System.Net.Http.HttpClient.IDeepSeekClient.LogicalHandler End processing HTTP request after 292.0882ms - 200
[00:13:45 INF] System.Net.Http.HttpClient.IDeepSeekClient.ClientHandler Received HTTP response headers after 300.2068ms - 200
[00:13:45 INF] System.Net.Http.HttpClient.IDeepSeekClient.LogicalHandler End processing HTTP request after 300.724ms - 200
[00:13:45 INF] System.Net.Http.HttpClient.IDeepSeekClient.ClientHandler Received HTTP response headers after 305.605ms - 200
[00:13:45 INF] System.Net.Http.HttpClient.IDeepSeekClient.LogicalHandler End processing HTTP request after 306.2618ms - 200
[00:13:46 INF] System.Net.Http.HttpClient.IDeepSeekClient.LogicalHandler Start processing HTTP request POST https://api.deepseek.com/chat/completions
[00:13:46 INF] System.Net.Http.HttpClient.IDeepSeekClient.ClientHandler Sending HTTP request POST https://api.deepseek.com/chat/completions
[00:13:46 INF] System.Net.Http.HttpClient.IDeepSeekClient.LogicalHandler Start processing HTTP request POST https://api.deepseek.com/chat/completions
[00:13:46 INF] System.Net.Http.HttpClient.IDeepSeekClient.ClientHandler Sending HTTP request POST https://api.deepseek.com/chat/completions
[00:13:46 INF] System.Net.Http.HttpClient.IDeepSeekClient.LogicalHandler Start processing HTTP request POST https://api.deepseek.com/chat/completions
[00:13:46 INF] System.Net.Http.HttpClient.IDeepSeekClient.ClientHandler Sending HTTP request POST https://api.deepseek.com/chat/completions
[00:13:46 INF] System.Net.Http.HttpClient.IDeepSeekClient.LogicalHandler Start processing HTTP request POST https://api.deepseek.com/chat/completions
[00:13:46 INF] System.Net.Http.HttpClient.IDeepSeekClient.ClientHandler Sending HTTP request POST https://api.deepseek.com/chat/completions
[00:13:46 INF] System.Net.Http.HttpClient.IDeepSeekClient.ClientHandler Received HTTP response headers after 299.9184ms - 200
[00:13:46 INF] System.Net.Http.HttpClient.IDeepSeekClient.LogicalHandler End processing HTTP request after 300.4703ms - 200
[00:13:46 INF] System.Net.Http.HttpClient.IDeepSeekClient.ClientHandler Received HTTP response headers after 283.9141ms - 200
[00:13:46 INF] System.Net.Http.HttpClient.IDeepSeekClient.LogicalHandler End processing HTTP request after 284.5047ms - 200
[00:13:46 INF] System.Net.Http.HttpClient.IDeepSeekClient.ClientHandler Received HTTP response headers after 283.8474ms - 200
[00:13:46 INF] System.Net.Http.HttpClient.IDeepSeekClient.LogicalHandler End processing HTTP request after 284.3166ms - 200
[00:13:46 INF] System.Net.Http.HttpClient.IDeepSeekClient.ClientHandler Received HTTP response headers after 295.0818ms - 200
[00:13:46 INF] System.Net.Http.HttpClient.IDeepSeekClient.LogicalHandler End processing HTTP request after 295.4765ms - 200
[00:13:46 INF] System.Net.Http.HttpClient.IDeepSeekClient.LogicalHandler Start processing HTTP request POST https://api.deepseek.com/chat/completions
[00:13:46 INF] System.Net.Http.HttpClient.IDeepSeekClient.ClientHandler Sending HTTP request POST https://api.deepseek.com/chat/completions
[00:13:46 INF] System.Net.Http.HttpClient.IDeepSeekClient.LogicalHandler Start processing HTTP request POST https://api.deepseek.com/chat/completions
[00:13:46 INF] System.Net.Http.HttpClient.IDeepSeekClient.ClientHandler Sending HTTP request POST https://api.deepseek.com/chat/completions
[00:13:46 INF] System.Net.Http.HttpClient.IDeepSeekClient.LogicalHandler Start processing HTTP request POST https://api.deepseek.com/chat/completions
[00:13:46 INF] System.Net.Http.HttpClient.IDeepSeekClient.ClientHandler Sending HTTP request POST https://api.deepseek.com/chat/completions
[00:13:46 INF] System.Net.Http.HttpClient.IDeepSeekClient.LogicalHandler Start processing HTTP request POST https://api.deepseek.com/chat/completions
[00:13:46 INF] System.Net.Http.HttpClient.IDeepSeekClient.ClientHandler Sending HTTP request POST https://api.deepseek.com/chat/completions
[00:13:46 INF] System.Net.Http.HttpClient.IDeepSeekClient.ClientHandler Received HTTP response headers after 286.8952ms - 200
[00:13:46 INF] System.Net.Http.HttpClient.IDeepSeekClient.LogicalHandler Start processing HTTP request POST https://api.deepseek.com/chat/completions
[00:13:46 INF] System.Net.Http.HttpClient.IDeepSeekClient.LogicalHandler End processing HTTP request after 287.8177ms - 200
[00:13:46 INF] System.Net.Http.HttpClient.IDeepSeekClient.ClientHandler Sending HTTP request POST https://api.deepseek.com/chat/completions
[00:13:46 INF] System.Net.Http.HttpClient.IDeepSeekClient.LogicalHandler Start processing HTTP request POST https://api.deepseek.com/chat/completions
[00:13:46 INF] System.Net.Http.HttpClient.IDeepSeekClient.ClientHandler Sending HTTP request POST https://api.deepseek.com/chat/completions
[00:13:47 INF] System.Net.Http.HttpClient.IDeepSeekClient.LogicalHandler Start processing HTTP request POST https://api.deepseek.com/chat/completions
[00:13:47 INF] System.Net.Http.HttpClient.IDeepSeekClient.ClientHandler Sending HTTP request POST https://api.deepseek.com/chat/completions
[00:13:47 INF] System.Net.Http.HttpClient.IDeepSeekClient.ClientHandler Received HTTP response headers after 289.7112ms - 200
[00:13:47 INF] System.Net.Http.HttpClient.IDeepSeekClient.LogicalHandler End processing HTTP request after 290.2794ms - 200
[00:13:47 INF] System.Net.Http.HttpClient.IDeepSeekClient.LogicalHandler Start processing HTTP request POST https://api.deepseek.com/chat/completions
[00:13:47 INF] System.Net.Http.HttpClient.IDeepSeekClient.ClientHandler Sending HTTP request POST https://api.deepseek.com/chat/completions
[00:13:47 INF] System.Net.Http.HttpClient.IDeepSeekClient.ClientHandler Received HTTP response headers after 311.8781ms - 200
[00:13:47 INF] System.Net.Http.HttpClient.IDeepSeekClient.LogicalHandler End processing HTTP request after 312.6192ms - 200
[00:13:47 INF] System.Net.Http.HttpClient.IDeepSeekClient.ClientHandler Received HTTP response headers after 282.3241ms - 200
[00:13:47 INF] System.Net.Http.HttpClient.IDeepSeekClient.LogicalHandler End processing HTTP request after 282.6192ms - 200
[00:13:47 INF] System.Net.Http.HttpClient.IDeepSeekClient.ClientHandler Received HTTP response headers after 369.4208ms - 200
[00:13:47 INF] System.Net.Http.HttpClient.IDeepSeekClient.LogicalHandler End processing HTTP request after 370.0193ms - 200
[00:13:47 INF] System.Net.Http.HttpClient.IDeepSeekClient.LogicalHandler Start processing HTTP request POST https://api.deepseek.com/chat/completions
[00:13:47 INF] System.Net.Http.HttpClient.IDeepSeekClient.ClientHandler Sending HTTP request POST https://api.deepseek.com/chat/completions
[00:13:47 INF] System.Net.Http.HttpClient.IDeepSeekClient.ClientHandler Received HTTP response headers after 300.3059ms - 200
[00:13:47 INF] System.Net.Http.HttpClient.IDeepSeekClient.LogicalHandler End processing HTTP request after 300.9242ms - 200
[00:13:47 INF] System.Net.Http.HttpClient.IDeepSeekClient.ClientHandler Received HTTP response headers after 334.496ms - 200
[00:13:47 INF] System.Net.Http.HttpClient.IDeepSeekClient.LogicalHandler End processing HTTP request after 335.5152ms - 200
[00:13:47 INF] System.Net.Http.HttpClient.IDeepSeekClient.LogicalHandler Start processing HTTP request POST https://api.deepseek.com/chat/completions
[00:13:47 INF] System.Net.Http.HttpClient.IDeepSeekClient.ClientHandler Sending HTTP request POST https://api.deepseek.com/chat/completions
[00:13:47 INF] System.Net.Http.HttpClient.IDeepSeekClient.ClientHandler Received HTTP response headers after 324.8328ms - 200
[00:13:47 INF] System.Net.Http.HttpClient.IDeepSeekClient.LogicalHandler End processing HTTP request after 325.4125ms - 200
[00:13:47 INF] System.Net.Http.HttpClient.IDeepSeekClient.ClientHandler Received HTTP response headers after 285.007ms - 200
[00:13:47 INF] System.Net.Http.HttpClient.IDeepSeekClient.LogicalHandler End processing HTTP request after 285.6615ms - 200
[00:13:47 INF] System.Net.Http.HttpClient.IDeepSeekClient.ClientHandler Received HTTP response headers after 291.5519ms - 200
[00:13:47 INF] System.Net.Http.HttpClient.IDeepSeekClient.LogicalHandler End processing HTTP request after 292.2057ms - 200
[00:13:47 INF] System.Net.Http.HttpClient.IDeepSeekClient.LogicalHandler Start processing HTTP request POST https://api.deepseek.com/chat/completions
[00:13:47 INF] System.Net.Http.HttpClient.IDeepSeekClient.ClientHandler Sending HTTP request POST https://api.deepseek.com/chat/completions
[00:13:47 INF] System.Net.Http.HttpClient.IDeepSeekClient.LogicalHandler Start processing HTTP request POST https://api.deepseek.com/chat/completions
[00:13:47 INF] System.Net.Http.HttpClient.IDeepSeekClient.ClientHandler Sending HTTP request POST https://api.deepseek.com/chat/completions
[00:13:47 INF] System.Net.Http.HttpClient.IDeepSeekClient.LogicalHandler Start processing HTTP request POST https://api.deepseek.com/chat/completions
[00:13:47 INF] System.Net.Http.HttpClient.IDeepSeekClient.ClientHandler Sending HTTP request POST https://api.deepseek.com/chat/completions
[00:13:48 INF] System.Net.Http.HttpClient.IDeepSeekClient.ClientHandler Received HTTP response headers after 289.2422ms - 200
[00:13:48 INF] System.Net.Http.HttpClient.IDeepSeekClient.LogicalHandler End processing HTTP request after 289.9115ms - 200
[00:13:48 INF] System.Net.Http.HttpClient.IDeepSeekClient.ClientHandler Received HTTP response headers after 300.2472ms - 200
[00:13:48 INF] System.Net.Http.HttpClient.IDeepSeekClient.LogicalHandler End processing HTTP request after 300.6497ms - 200
[00:13:48 INF] System.Net.Http.HttpClient.IDeepSeekClient.ClientHandler Received HTTP response headers after 283.8873ms - 200
[00:13:48 INF] System.Net.Http.HttpClient.IDeepSeekClient.LogicalHandler End processing HTTP request after 284.6484ms - 200
[00:13:48 INF] System.Net.Http.HttpClient.IDeepSeekClient.LogicalHandler Start processing HTTP request POST https://api.deepseek.com/chat/completions
[00:13:48 INF] System.Net.Http.HttpClient.IDeepSeekClient.ClientHandler Sending HTTP request POST https://api.deepseek.com/chat/completions
[00:13:48 INF] System.Net.Http.HttpClient.IDeepSeekClient.LogicalHandler Start processing HTTP request POST https://api.deepseek.com/chat/completions
[00:13:48 INF] System.Net.Http.HttpClient.IDeepSeekClient.ClientHandler Sending HTTP request POST https://api.deepseek.com/chat/completions
[00:13:48 INF] System.Net.Http.HttpClient.IDeepSeekClient.ClientHandler Received HTTP response headers after 295.1807ms - 200
[00:13:48 INF] System.Net.Http.HttpClient.IDeepSeekClient.LogicalHandler End processing HTTP request after 296.3051ms - 200
[00:13:49 INF] System.Net.Http.HttpClient.IDeepSeekClient.LogicalHandler Start processing HTTP request POST https://api.deepseek.com/chat/completions
[00:13:49 INF] System.Net.Http.HttpClient.IDeepSeekClient.ClientHandler Sending HTTP request POST https://api.deepseek.com/chat/completions
[00:13:49 INF] System.Net.Http.HttpClient.IDeepSeekClient.ClientHandler Received HTTP response headers after 285.438ms - 200
[00:13:49 INF] System.Net.Http.HttpClient.IDeepSeekClient.LogicalHandler End processing HTTP request after 286.2485ms - 200
[00:13:49 INF] System.Net.Http.HttpClient.IDeepSeekClient.LogicalHandler Start processing HTTP request POST https://api.deepseek.com/chat/completions
[00:13:49 INF] System.Net.Http.HttpClient.IDeepSeekClient.ClientHandler Sending HTTP request POST https://api.deepseek.com/chat/completions
[00:13:49 INF] System.Net.Http.HttpClient.IDeepSeekClient.LogicalHandler Start processing HTTP request POST https://api.deepseek.com/chat/completions
[00:13:49 INF] System.Net.Http.HttpClient.IDeepSeekClient.ClientHandler Sending HTTP request POST https://api.deepseek.com/chat/completions
[00:13:49 INF] System.Net.Http.HttpClient.IDeepSeekClient.ClientHandler Received HTTP response headers after 302.1459ms - 200
[00:13:49 INF] System.Net.Http.HttpClient.IDeepSeekClient.LogicalHandler End processing HTTP request after 302.6826ms - 200
[00:13:49 INF] System.Net.Http.HttpClient.IDeepSeekClient.ClientHandler Received HTTP response headers after 288.8468ms - 200
[00:13:49 INF] System.Net.Http.HttpClient.IDeepSeekClient.LogicalHandler End processing HTTP request after 289.2277ms - 200
[00:13:49 INF] System.Net.Http.HttpClient.IDeepSeekClient.LogicalHandler Start processing HTTP request POST https://api.deepseek.com/chat/completions
[00:13:49 INF] System.Net.Http.HttpClient.IDeepSeekClient.ClientHandler Sending HTTP request POST https://api.deepseek.com/chat/completions
[00:13:49 INF] System.Net.Http.HttpClient.IDeepSeekClient.ClientHandler Received HTTP response headers after 287.3361ms - 200
[00:13:49 INF] System.Net.Http.HttpClient.IDeepSeekClient.LogicalHandler End processing HTTP request after 288.2197ms - 200
[00:13:49 INF] System.Net.Http.HttpClient.IDeepSeekClient.LogicalHandler Start processing HTTP request POST https://api.deepseek.com/chat/completions
[00:13:49 INF] System.Net.Http.HttpClient.IDeepSeekClient.ClientHandler Sending HTTP request POST https://api.deepseek.com/chat/completions
[00:13:49 INF] System.Net.Http.HttpClient.IDeepSeekClient.ClientHandler Received HTTP response headers after 294.0226ms - 200
[00:13:49 INF] System.Net.Http.HttpClient.IDeepSeekClient.LogicalHandler End processing HTTP request after 295.1182ms - 200
[00:13:49 INF] System.Net.Http.HttpClient.IDeepSeekClient.ClientHandler Received HTTP response headers after 288.3542ms - 200
[00:13:49 INF] System.Net.Http.HttpClient.IDeepSeekClient.LogicalHandler End processing HTTP request after 288.9426ms - 200
[00:13:50 INF] System.Net.Http.HttpClient.IDeepSeekClient.LogicalHandler Start processing HTTP request POST https://api.deepseek.com/chat/completions
[00:13:50 INF] System.Net.Http.HttpClient.IDeepSeekClient.ClientHandler Sending HTTP request POST https://api.deepseek.com/chat/completions
[00:13:50 INF] System.Net.Http.HttpClient.IDeepSeekClient.LogicalHandler Start processing HTTP request POST https://api.deepseek.com/chat/completions
[00:13:50 INF] System.Net.Http.HttpClient.IDeepSeekClient.ClientHandler Sending HTTP request POST https://api.deepseek.com/chat/completions
[00:13:51 INF] System.Net.Http.HttpClient.IDeepSeekClient.ClientHandler Received HTTP response headers after 296.4229ms - 200
[00:13:51 INF] System.Net.Http.HttpClient.IDeepSeekClient.LogicalHandler End processing HTTP request after 296.9518ms - 200
[00:13:51 INF] System.Net.Http.HttpClient.IDeepSeekClient.ClientHandler Received HTTP response headers after 288.7491ms - 200
[00:13:51 INF] System.Net.Http.HttpClient.IDeepSeekClient.LogicalHandler End processing HTTP request after 290.1764ms - 200
[00:13:51 INF] System.Net.Http.HttpClient.IDeepSeekClient.LogicalHandler Start processing HTTP request POST https://api.deepseek.com/chat/completions
[00:13:51 INF] System.Net.Http.HttpClient.IDeepSeekClient.ClientHandler Sending HTTP request POST https://api.deepseek.com/chat/completions
[00:13:51 INF] System.Net.Http.HttpClient.IDeepSeekClient.LogicalHandler Start processing HTTP request POST https://api.deepseek.com/chat/completions
[00:13:51 INF] System.Net.Http.HttpClient.IDeepSeekClient.ClientHandler Sending HTTP request POST https://api.deepseek.com/chat/completions
[00:13:51 INF] System.Net.Http.HttpClient.IDeepSeekClient.ClientHandler Received HTTP response headers after 291.038ms - 200
[00:13:51 INF] System.Net.Http.HttpClient.IDeepSeekClient.LogicalHandler End processing HTTP request after 291.7401ms - 200
[00:13:51 INF] System.Net.Http.HttpClient.IDeepSeekClient.ClientHandler Received HTTP response headers after 277.5847ms - 200
[00:13:51 INF] System.Net.Http.HttpClient.IDeepSeekClient.LogicalHandler End processing HTTP request after 278.3174ms - 200
[00:13:54 INF] System.Net.Http.HttpClient.IDeepSeekClient.LogicalHandler Start processing HTTP request POST https://api.deepseek.com/chat/completions
[00:13:54 INF] System.Net.Http.HttpClient.IDeepSeekClient.ClientHandler Sending HTTP request POST https://api.deepseek.com/chat/completions
[00:13:54 INF] System.Net.Http.HttpClient.IDeepSeekClient.ClientHandler Received HTTP response headers after 295.3627ms - 200
[00:13:54 INF] System.Net.Http.HttpClient.IDeepSeekClient.LogicalHandler End processing HTTP request after 297.3452ms - 200
[00:14:00 INF] System.Net.Http.HttpClient.IDeepSeekClient.LogicalHandler Start processing HTTP request POST https://api.deepseek.com/chat/completions
[00:14:00 INF] System.Net.Http.HttpClient.IDeepSeekClient.ClientHandler Sending HTTP request POST https://api.deepseek.com/chat/completions
[00:14:00 INF] System.Net.Http.HttpClient.IDeepSeekClient.ClientHandler Received HTTP response headers after 288.0379ms - 200
[00:14:00 INF] System.Net.Http.HttpClient.IDeepSeekClient.LogicalHandler End processing HTTP request after 288.8802ms - 200
[00:14:00 INF] System.Net.Http.HttpClient.IDeepSeekClient.LogicalHandler Start processing HTTP request POST https://api.deepseek.com/chat/completions
[00:14:00 INF] System.Net.Http.HttpClient.IDeepSeekClient.ClientHandler Sending HTTP request POST https://api.deepseek.com/chat/completions
[00:14:01 INF] System.Net.Http.HttpClient.IDeepSeekClient.ClientHandler Received HTTP response headers after 307.8104ms - 200
[00:14:01 INF] System.Net.Http.HttpClient.IDeepSeekClient.LogicalHandler End processing HTTP request after 308.6036ms - 200
[00:14:13 INF] System.Net.Http.HttpClient.IDeepSeekClient.LogicalHandler Start processing HTTP request POST https://api.deepseek.com/chat/completions
[00:14:13 INF] System.Net.Http.HttpClient.IDeepSeekClient.ClientHandler Sending HTTP request POST https://api.deepseek.com/chat/completions
[00:14:14 INF] System.Net.Http.HttpClient.IDeepSeekClient.ClientHandler Received HTTP response headers after 288.128ms - 200
[00:14:14 INF] System.Net.Http.HttpClient.IDeepSeekClient.LogicalHandler End processing HTTP request after 289.9528ms - 200
[00:19:07 INF] Microsoft.Hosting.Lifetime Application is shutting down...
