[09:25:36 INF] Microsoft.Hosting.Lifetime Now listening on: http://localhost:5213
[09:25:36 INF] Microsoft.Hosting.Lifetime Application started. Press Ctrl+C to shut down.
[09:25:36 INF] Microsoft.Hosting.Lifetime Hosting environment: Development
[09:25:36 INF] Microsoft.Hosting.Lifetime Content root path: C:\Users\luka.osojnik\Documents\Coding\simple-bloomberg-terminal\simple-bloomberg-terminal
[09:25:36 INF] simple_bloomberg_terminal.Services.Provisioning.WeeklyVolumeRefreshService Weekly volume refresh: 5 companies with stale volume
[09:25:37 INF] System.Net.Http.HttpClient.IStockApiClient.LogicalHandler Start processing HTTP request GET https://www.sec.gov/files/company_tickers.json
[09:25:37 INF] System.Net.Http.HttpClient.IStockApiClient.ClientHandler Sending HTTP request GET https://www.sec.gov/files/company_tickers.json
[09:25:37 INF] System.Net.Http.HttpClient.IStockApiClient.ClientHandler Received HTTP response headers after 459.1134ms - 200
[09:25:37 INF] System.Net.Http.HttpClient.IStockApiClient.LogicalHandler End processing HTTP request after 491.0888ms - 200
[09:25:37 INF] System.Net.Http.HttpClient.IYahooFinanceClient.LogicalHandler Start processing HTTP request GET https://query1.finance.yahoo.com/v8/finance/chart/ABBV?*
[09:25:37 INF] System.Net.Http.HttpClient.IYahooFinanceClient.ClientHandler Sending HTTP request GET https://query1.finance.yahoo.com/v8/finance/chart/ABBV?*
[09:25:38 INF] System.Net.Http.HttpClient.IYahooFinanceClient.ClientHandler Received HTTP response headers after 315.7984ms - 200
[09:25:38 INF] System.Net.Http.HttpClient.IYahooFinanceClient.LogicalHandler End processing HTTP request after 328.9849ms - 200
[09:25:38 WRN] Microsoft.EntityFrameworkCore.Query Compiling a query which loads related collections for more than one collection navigation, either via 'Include' or through projection, but no 'QuerySplittingBehavior' has been configured. By default, Entity Framework will use 'QuerySplittingBehavior.SingleQuery', which can potentially result in slow query performance. See https://go.microsoft.com/fwlink/?linkid=2134277 for more information. To identify the query that's triggering this warning call 'ConfigureWarnings(w => w.Throw(RelationalEventId.MultipleCollectionIncludeWarning))'.
[09:25:38 INF] simple_bloomberg_terminal.Services.Provisioning.WeeklyVolumeRefreshService Company 157: appended 1 new weekly bars
[09:25:38 INF] System.Net.Http.HttpClient.IStockApiClient.LogicalHandler Start processing HTTP request GET https://www.sec.gov/files/company_tickers.json
[09:25:38 INF] System.Net.Http.HttpClient.IStockApiClient.ClientHandler Sending HTTP request GET https://www.sec.gov/files/company_tickers.json
[09:25:38 INF] System.Net.Http.HttpClient.IStockApiClient.ClientHandler Received HTTP response headers after 45.1735ms - 200
[09:25:38 INF] System.Net.Http.HttpClient.IStockApiClient.LogicalHandler End processing HTTP request after 57.2152ms - 200
[09:25:38 INF] System.Net.Http.HttpClient.IYahooFinanceClient.LogicalHandler Start processing HTTP request GET https://query1.finance.yahoo.com/v8/finance/chart/ABT?*
[09:25:38 INF] System.Net.Http.HttpClient.IYahooFinanceClient.ClientHandler Sending HTTP request GET https://query1.finance.yahoo.com/v8/finance/chart/ABT?*
[09:25:38 INF] System.Net.Http.HttpClient.IYahooFinanceClient.ClientHandler Received HTTP response headers after 164.4703ms - 200
[09:25:38 INF] System.Net.Http.HttpClient.IYahooFinanceClient.LogicalHandler End processing HTTP request after 176.0694ms - 200
[09:25:39 INF] simple_bloomberg_terminal.Services.Provisioning.WeeklyVolumeRefreshService Company 189: appended 2 new weekly bars
[09:25:39 INF] System.Net.Http.HttpClient.IStockApiClient.LogicalHandler Start processing HTTP request GET https://www.sec.gov/files/company_tickers.json
[09:25:39 INF] System.Net.Http.HttpClient.IStockApiClient.ClientHandler Sending HTTP request GET https://www.sec.gov/files/company_tickers.json
[09:25:39 INF] System.Net.Http.HttpClient.IStockApiClient.ClientHandler Received HTTP response headers after 31.4191ms - 200
[09:25:39 INF] System.Net.Http.HttpClient.IStockApiClient.LogicalHandler End processing HTTP request after 42.2749ms - 200
[09:25:39 INF] System.Net.Http.HttpClient.IYahooFinanceClient.LogicalHandler Start processing HTTP request GET https://query1.finance.yahoo.com/v8/finance/chart/FANG?*
[09:25:39 INF] System.Net.Http.HttpClient.IYahooFinanceClient.ClientHandler Sending HTTP request GET https://query1.finance.yahoo.com/v8/finance/chart/FANG?*
[09:25:39 INF] System.Net.Http.HttpClient.IYahooFinanceClient.ClientHandler Received HTTP response headers after 83.7709ms - 200
[09:25:39 INF] System.Net.Http.HttpClient.IYahooFinanceClient.LogicalHandler End processing HTTP request after 94.7481ms - 200
[09:25:39 INF] simple_bloomberg_terminal.Services.Provisioning.WeeklyVolumeRefreshService Company 379: appended 2 new weekly bars
[09:25:39 INF] System.Net.Http.HttpClient.IStockApiClient.LogicalHandler Start processing HTTP request GET https://www.sec.gov/files/company_tickers.json
[09:25:39 INF] System.Net.Http.HttpClient.IStockApiClient.ClientHandler Sending HTTP request GET https://www.sec.gov/files/company_tickers.json
[09:25:39 INF] System.Net.Http.HttpClient.IStockApiClient.ClientHandler Received HTTP response headers after 25.8388ms - 200
[09:25:39 INF] System.Net.Http.HttpClient.IStockApiClient.LogicalHandler End processing HTTP request after 36.532ms - 200
[09:25:39 INF] System.Net.Http.HttpClient.IYahooFinanceClient.LogicalHandler Start processing HTTP request GET https://query1.finance.yahoo.com/v8/finance/chart/GME?*
[09:25:39 INF] System.Net.Http.HttpClient.IYahooFinanceClient.ClientHandler Sending HTTP request GET https://query1.finance.yahoo.com/v8/finance/chart/GME?*
[09:25:39 INF] System.Net.Http.HttpClient.IYahooFinanceClient.ClientHandler Received HTTP response headers after 81.9059ms - 200
[09:25:39 INF] System.Net.Http.HttpClient.IYahooFinanceClient.LogicalHandler End processing HTTP request after 92.7418ms - 200
[09:25:39 INF] simple_bloomberg_terminal.Services.Provisioning.WeeklyVolumeRefreshService Company 486: appended 2 new weekly bars
[09:25:39 INF] System.Net.Http.HttpClient.IStockApiClient.LogicalHandler Start processing HTTP request GET https://www.sec.gov/files/company_tickers.json
[09:25:39 INF] System.Net.Http.HttpClient.IStockApiClient.ClientHandler Sending HTTP request GET https://www.sec.gov/files/company_tickers.json
[09:25:39 INF] System.Net.Http.HttpClient.IStockApiClient.ClientHandler Received HTTP response headers after 92.4291ms - 200
[09:25:39 INF] System.Net.Http.HttpClient.IStockApiClient.LogicalHandler End processing HTTP request after 102.3323ms - 200
[09:25:39 INF] System.Net.Http.HttpClient.IYahooFinanceClient.LogicalHandler Start processing HTTP request GET https://query1.finance.yahoo.com/v8/finance/chart/WEN?*
[09:25:39 INF] System.Net.Http.HttpClient.IYahooFinanceClient.ClientHandler Sending HTTP request GET https://query1.finance.yahoo.com/v8/finance/chart/WEN?*
[09:25:39 INF] System.Net.Http.HttpClient.IYahooFinanceClient.ClientHandler Received HTTP response headers after 192.8777ms - 200
[09:25:39 INF] System.Net.Http.HttpClient.IYahooFinanceClient.LogicalHandler End processing HTTP request after 203.8737ms - 200
[09:25:40 INF] simple_bloomberg_terminal.Services.Provisioning.WeeklyVolumeRefreshService Company 487: appended 2 new weekly bars
[09:25:55 INF] simple_bloomberg_terminal.Areas.Identity.Pages.Account.ExternalLoginModel Luka Osojnik signed in with Google.
[09:26:19 WRN] LuckyPennySoftware.AutoMapper.License You do not have a valid license key for the Lucky Penny software AutoMapper. This is allowed for development and testing scenarios. If you are running in production you are required to have a licensed version. Please visit https://luckypennysoftware.com to obtain a valid license.
[09:26:19 INF] System.Net.Http.HttpClient.IStockApiClient.LogicalHandler Start processing HTTP request GET https://data.sec.gov/submissions/CIK0001375365.json
[09:26:19 INF] System.Net.Http.HttpClient.IStockApiClient.ClientHandler Sending HTTP request GET https://data.sec.gov/submissions/CIK0001375365.json
[09:26:19 INF] System.Net.Http.HttpClient.IStockApiClient.ClientHandler Received HTTP response headers after 465.7555ms - 200
[09:26:19 INF] System.Net.Http.HttpClient.IStockApiClient.LogicalHandler End processing HTTP request after 475.3808ms - 200
[09:26:33 INF] System.Net.Http.HttpClient.IStockApiClient.LogicalHandler Start processing HTTP request GET https://www.sec.gov/Archives/edgar/data/1375365/000137536525000027/smci-20250630.htm
[09:26:33 INF] System.Net.Http.HttpClient.IStockApiClient.ClientHandler Sending HTTP request GET https://www.sec.gov/Archives/edgar/data/1375365/000137536525000027/smci-20250630.htm
[09:26:33 INF] System.Net.Http.HttpClient.IStockApiClient.ClientHandler Received HTTP response headers after 29.2066ms - 200
[09:26:33 INF] System.Net.Http.HttpClient.IStockApiClient.LogicalHandler End processing HTTP request after 38.9183ms - 200
[09:26:33 INF] System.Net.Http.HttpClient.IStockApiClient.LogicalHandler Start processing HTTP request GET https://www.sec.gov/Archives/edgar/data/1375365/000137536525000027/FilingSummary.xml
[09:26:33 INF] System.Net.Http.HttpClient.IStockApiClient.ClientHandler Sending HTTP request GET https://www.sec.gov/Archives/edgar/data/1375365/000137536525000027/FilingSummary.xml
[09:26:34 INF] System.Net.Http.HttpClient.IStockApiClient.ClientHandler Received HTTP response headers after 105.8086ms - 200
[09:26:34 INF] System.Net.Http.HttpClient.IStockApiClient.LogicalHandler End processing HTTP request after 115.1209ms - 200
[09:26:34 INF] System.Net.Http.HttpClient.IStockApiClient.LogicalHandler Start processing HTTP request GET https://www.sec.gov/Archives/edgar/data/1375365/000137536525000027/R5.htm
[09:26:34 INF] System.Net.Http.HttpClient.IStockApiClient.ClientHandler Sending HTTP request GET https://www.sec.gov/Archives/edgar/data/1375365/000137536525000027/R5.htm
[09:26:34 INF] System.Net.Http.HttpClient.IStockApiClient.ClientHandler Received HTTP response headers after 24.7848ms - 200
[09:26:34 INF] System.Net.Http.HttpClient.IStockApiClient.LogicalHandler End processing HTTP request after 35.0174ms - 200
[09:26:34 INF] System.Net.Http.HttpClient.IStockApiClient.LogicalHandler Start processing HTTP request GET https://www.sec.gov/Archives/edgar/data/1375365/000137536525000027/R48.htm
[09:26:34 INF] System.Net.Http.HttpClient.IStockApiClient.ClientHandler Sending HTTP request GET https://www.sec.gov/Archives/edgar/data/1375365/000137536525000027/R48.htm
[09:26:34 INF] System.Net.Http.HttpClient.IStockApiClient.ClientHandler Received HTTP response headers after 81.8231ms - 200
[09:26:34 INF] System.Net.Http.HttpClient.IStockApiClient.LogicalHandler End processing HTTP request after 91.1337ms - 200
[09:26:34 INF] System.Net.Http.HttpClient.IStockApiClient.LogicalHandler Start processing HTTP request GET https://www.sec.gov/Archives/edgar/data/1375365/000137536525000027/R81.htm
[09:26:34 INF] System.Net.Http.HttpClient.IStockApiClient.ClientHandler Sending HTTP request GET https://www.sec.gov/Archives/edgar/data/1375365/000137536525000027/R81.htm
[09:26:34 INF] System.Net.Http.HttpClient.IStockApiClient.ClientHandler Received HTTP response headers after 24.3711ms - 200
[09:26:34 INF] System.Net.Http.HttpClient.IStockApiClient.LogicalHandler End processing HTTP request after 34.0144ms - 200
[09:26:34 INF] System.Net.Http.HttpClient.IStockApiClient.LogicalHandler Start processing HTTP request GET https://www.sec.gov/Archives/edgar/data/1375365/000137536525000027/R92.htm
[09:26:34 INF] System.Net.Http.HttpClient.IStockApiClient.ClientHandler Sending HTTP request GET https://www.sec.gov/Archives/edgar/data/1375365/000137536525000027/R92.htm
[09:26:34 INF] System.Net.Http.HttpClient.IStockApiClient.ClientHandler Received HTTP response headers after 24.8305ms - 200
[09:26:34 INF] System.Net.Http.HttpClient.IStockApiClient.LogicalHandler End processing HTTP request after 33.8261ms - 200
[09:26:34 INF] System.Net.Http.HttpClient.IStockApiClient.LogicalHandler Start processing HTTP request GET https://www.sec.gov/Archives/edgar/data/1375365/000137536525000027/R107.htm
[09:26:34 INF] System.Net.Http.HttpClient.IStockApiClient.ClientHandler Sending HTTP request GET https://www.sec.gov/Archives/edgar/data/1375365/000137536525000027/R107.htm
[09:26:34 INF] System.Net.Http.HttpClient.IStockApiClient.ClientHandler Received HTTP response headers after 37.8785ms - 200
[09:26:34 INF] System.Net.Http.HttpClient.IStockApiClient.LogicalHandler End processing HTTP request after 46.8739ms - 200
[09:26:34 INF] System.Net.Http.HttpClient.IStockApiClient.LogicalHandler Start processing HTTP request GET https://www.sec.gov/Archives/edgar/data/1375365/000137536525000027/R108.htm
[09:26:34 INF] System.Net.Http.HttpClient.IStockApiClient.ClientHandler Sending HTTP request GET https://www.sec.gov/Archives/edgar/data/1375365/000137536525000027/R108.htm
[09:26:34 INF] System.Net.Http.HttpClient.IStockApiClient.ClientHandler Received HTTP response headers after 46.3235ms - 200
[09:26:34 INF] System.Net.Http.HttpClient.IStockApiClient.LogicalHandler End processing HTTP request after 55.9946ms - 200
[09:26:34 INF] System.Net.Http.HttpClient.DeepSeek.LogicalHandler Start processing HTTP request POST https://api.deepseek.com/chat/completions
[09:26:34 INF] System.Net.Http.HttpClient.DeepSeek.ClientHandler Sending HTTP request POST https://api.deepseek.com/chat/completions
[09:26:34 INF] System.Net.Http.HttpClient.DeepSeek.LogicalHandler Start processing HTTP request POST https://api.deepseek.com/chat/completions
[09:26:34 INF] System.Net.Http.HttpClient.DeepSeek.ClientHandler Sending HTTP request POST https://api.deepseek.com/chat/completions
[09:26:34 INF] System.Net.Http.HttpClient.DeepSeek.LogicalHandler Start processing HTTP request POST https://api.deepseek.com/chat/completions
[09:26:34 INF] System.Net.Http.HttpClient.DeepSeek.ClientHandler Sending HTTP request POST https://api.deepseek.com/chat/completions
[09:26:34 INF] System.Net.Http.HttpClient.DeepSeek.LogicalHandler Start processing HTTP request POST https://api.deepseek.com/chat/completions
[09:26:34 INF] System.Net.Http.HttpClient.DeepSeek.ClientHandler Sending HTTP request POST https://api.deepseek.com/chat/completions
[09:26:34 INF] System.Net.Http.HttpClient.DeepSeek.LogicalHandler Start processing HTTP request POST https://api.deepseek.com/chat/completions
[09:26:34 INF] System.Net.Http.HttpClient.DeepSeek.ClientHandler Sending HTTP request POST https://api.deepseek.com/chat/completions
[09:26:34 INF] System.Net.Http.HttpClient.DeepSeek.LogicalHandler Start processing HTTP request POST https://api.deepseek.com/chat/completions
[09:26:34 INF] System.Net.Http.HttpClient.DeepSeek.ClientHandler Sending HTTP request POST https://api.deepseek.com/chat/completions
[09:26:35 INF] System.Net.Http.HttpClient.DeepSeek.ClientHandler Received HTTP response headers after 511.806ms - 200
[09:26:35 INF] System.Net.Http.HttpClient.DeepSeek.LogicalHandler End processing HTTP request after 521.4207ms - 200
[09:26:35 INF] System.Net.Http.HttpClient.DeepSeek.ClientHandler Received HTTP response headers after 600.0761ms - 200
[09:26:35 INF] System.Net.Http.HttpClient.DeepSeek.ClientHandler Received HTTP response headers after 567.303ms - 200
[09:26:35 INF] System.Net.Http.HttpClient.DeepSeek.LogicalHandler End processing HTTP request after 577.9334ms - 200
[09:26:35 INF] System.Net.Http.HttpClient.DeepSeek.ClientHandler Received HTTP response headers after 583.3393ms - 200
[09:26:35 INF] System.Net.Http.HttpClient.DeepSeek.ClientHandler Received HTTP response headers after 577.3532ms - 200
[09:26:35 INF] System.Net.Http.HttpClient.DeepSeek.LogicalHandler End processing HTTP request after 609.7669ms - 200
[09:26:35 INF] System.Net.Http.HttpClient.DeepSeek.ClientHandler Received HTTP response headers after 599.3385ms - 200
[09:26:35 INF] System.Net.Http.HttpClient.DeepSeek.LogicalHandler End processing HTTP request after 597.162ms - 200
[09:26:35 INF] System.Net.Http.HttpClient.DeepSeek.LogicalHandler End processing HTTP request after 593.116ms - 200
[09:26:35 INF] System.Net.Http.HttpClient.DeepSeek.LogicalHandler End processing HTTP request after 619.4219ms - 200
[09:26:36 INF] System.Net.Http.HttpClient.DeepSeek.LogicalHandler Start processing HTTP request POST https://api.deepseek.com/chat/completions
[09:26:36 INF] System.Net.Http.HttpClient.DeepSeek.ClientHandler Sending HTTP request POST https://api.deepseek.com/chat/completions
[09:26:36 INF] System.Net.Http.HttpClient.DeepSeek.ClientHandler Received HTTP response headers after 279.8634ms - 200
[09:26:36 INF] System.Net.Http.HttpClient.DeepSeek.LogicalHandler End processing HTTP request after 288.6198ms - 200
[09:26:36 INF] System.Net.Http.HttpClient.DeepSeek.LogicalHandler Start processing HTTP request POST https://api.deepseek.com/chat/completions
[09:26:36 INF] System.Net.Http.HttpClient.DeepSeek.ClientHandler Sending HTTP request POST https://api.deepseek.com/chat/completions
[09:26:36 INF] System.Net.Http.HttpClient.DeepSeek.ClientHandler Received HTTP response headers after 285.3301ms - 200
[09:26:36 INF] System.Net.Http.HttpClient.DeepSeek.LogicalHandler End processing HTTP request after 294.196ms - 200
[09:26:37 INF] System.Net.Http.HttpClient.DeepSeek.LogicalHandler Start processing HTTP request POST https://api.deepseek.com/chat/completions
[09:26:37 INF] System.Net.Http.HttpClient.DeepSeek.ClientHandler Sending HTTP request POST https://api.deepseek.com/chat/completions
[09:26:37 INF] System.Net.Http.HttpClient.DeepSeek.ClientHandler Received HTTP response headers after 305.9122ms - 200
[09:26:37 INF] System.Net.Http.HttpClient.DeepSeek.LogicalHandler End processing HTTP request after 314.215ms - 200
[09:26:38 INF] System.Net.Http.HttpClient.DeepSeek.LogicalHandler Start processing HTTP request POST https://api.deepseek.com/chat/completions
[09:26:38 INF] System.Net.Http.HttpClient.DeepSeek.ClientHandler Sending HTTP request POST https://api.deepseek.com/chat/completions
[09:26:38 INF] System.Net.Http.HttpClient.DeepSeek.ClientHandler Received HTTP response headers after 272.4414ms - 200
[09:26:38 INF] System.Net.Http.HttpClient.DeepSeek.LogicalHandler End processing HTTP request after 280.6019ms - 200
[09:26:39 INF] System.Net.Http.HttpClient.DeepSeek.LogicalHandler Start processing HTTP request POST https://api.deepseek.com/chat/completions
[09:26:39 INF] System.Net.Http.HttpClient.DeepSeek.ClientHandler Sending HTTP request POST https://api.deepseek.com/chat/completions
[09:26:40 INF] System.Net.Http.HttpClient.DeepSeek.ClientHandler Received HTTP response headers after 304.5068ms - 200
[09:26:40 INF] System.Net.Http.HttpClient.DeepSeek.LogicalHandler End processing HTTP request after 312.6036ms - 200
[09:26:41 INF] System.Net.Http.HttpClient.DeepSeek.LogicalHandler Start processing HTTP request POST https://api.deepseek.com/chat/completions
[09:26:41 INF] System.Net.Http.HttpClient.DeepSeek.ClientHandler Sending HTTP request POST https://api.deepseek.com/chat/completions
[09:26:41 INF] System.Net.Http.HttpClient.DeepSeek.ClientHandler Received HTTP response headers after 280.4815ms - 200
[09:26:41 INF] System.Net.Http.HttpClient.DeepSeek.LogicalHandler End processing HTTP request after 289.56ms - 200
[09:26:41 INF] System.Net.Http.HttpClient.DeepSeek.LogicalHandler Start processing HTTP request POST https://api.deepseek.com/chat/completions
[09:26:41 INF] System.Net.Http.HttpClient.DeepSeek.ClientHandler Sending HTTP request POST https://api.deepseek.com/chat/completions
[09:26:41 INF] System.Net.Http.HttpClient.DeepSeek.ClientHandler Received HTTP response headers after 321.5035ms - 200
[09:26:41 INF] System.Net.Http.HttpClient.DeepSeek.LogicalHandler End processing HTTP request after 329.611ms - 200
[09:26:43 INF] System.Net.Http.HttpClient.DeepSeek.LogicalHandler Start processing HTTP request POST https://api.deepseek.com/chat/completions
[09:26:43 INF] System.Net.Http.HttpClient.DeepSeek.ClientHandler Sending HTTP request POST https://api.deepseek.com/chat/completions
[09:26:43 INF] System.Net.Http.HttpClient.DeepSeek.LogicalHandler Start processing HTTP request POST https://api.deepseek.com/chat/completions
[09:26:43 INF] System.Net.Http.HttpClient.DeepSeek.ClientHandler Sending HTTP request POST https://api.deepseek.com/chat/completions
[09:26:43 INF] System.Net.Http.HttpClient.DeepSeek.ClientHandler Received HTTP response headers after 289.4132ms - 200
[09:26:43 INF] System.Net.Http.HttpClient.DeepSeek.LogicalHandler End processing HTTP request after 297.4813ms - 200
[09:26:43 INF] System.Net.Http.HttpClient.DeepSeek.ClientHandler Received HTTP response headers after 293.4032ms - 200
[09:26:43 INF] System.Net.Http.HttpClient.DeepSeek.LogicalHandler End processing HTTP request after 301.5288ms - 200
[09:26:44 INF] System.Net.Http.HttpClient.DeepSeek.LogicalHandler Start processing HTTP request POST https://api.deepseek.com/chat/completions
[09:26:44 INF] System.Net.Http.HttpClient.DeepSeek.ClientHandler Sending HTTP request POST https://api.deepseek.com/chat/completions
[09:26:44 INF] System.Net.Http.HttpClient.DeepSeek.ClientHandler Received HTTP response headers after 289.6808ms - 200
[09:26:44 INF] System.Net.Http.HttpClient.DeepSeek.LogicalHandler End processing HTTP request after 297.6392ms - 200
[09:26:46 INF] System.Net.Http.HttpClient.DeepSeek.LogicalHandler Start processing HTTP request POST https://api.deepseek.com/chat/completions
[09:26:46 INF] System.Net.Http.HttpClient.DeepSeek.ClientHandler Sending HTTP request POST https://api.deepseek.com/chat/completions
[09:26:46 INF] System.Net.Http.HttpClient.DeepSeek.ClientHandler Received HTTP response headers after 289.9448ms - 200
[09:26:46 INF] System.Net.Http.HttpClient.DeepSeek.LogicalHandler End processing HTTP request after 297.2701ms - 200
[09:26:47 INF] System.Net.Http.HttpClient.DeepSeek.LogicalHandler Start processing HTTP request POST https://api.deepseek.com/chat/completions
[09:26:47 INF] System.Net.Http.HttpClient.DeepSeek.ClientHandler Sending HTTP request POST https://api.deepseek.com/chat/completions
[09:26:47 INF] System.Net.Http.HttpClient.DeepSeek.ClientHandler Received HTTP response headers after 289.5789ms - 200
[09:26:47 INF] System.Net.Http.HttpClient.DeepSeek.LogicalHandler End processing HTTP request after 299.6103ms - 200
[09:26:47 INF] System.Net.Http.HttpClient.DeepSeek.LogicalHandler Start processing HTTP request POST https://api.deepseek.com/chat/completions
[09:26:47 INF] System.Net.Http.HttpClient.DeepSeek.ClientHandler Sending HTTP request POST https://api.deepseek.com/chat/completions
[09:26:48 INF] System.Net.Http.HttpClient.DeepSeek.ClientHandler Received HTTP response headers after 272.6321ms - 200
[09:26:48 INF] System.Net.Http.HttpClient.DeepSeek.LogicalHandler End processing HTTP request after 284.8425ms - 200
[09:26:49 INF] System.Net.Http.HttpClient.DeepSeek.LogicalHandler Start processing HTTP request POST https://api.deepseek.com/chat/completions
[09:26:49 INF] System.Net.Http.HttpClient.DeepSeek.ClientHandler Sending HTTP request POST https://api.deepseek.com/chat/completions
[09:26:49 INF] System.Net.Http.HttpClient.DeepSeek.LogicalHandler Start processing HTTP request POST https://api.deepseek.com/chat/completions
[09:26:49 INF] System.Net.Http.HttpClient.DeepSeek.ClientHandler Sending HTTP request POST https://api.deepseek.com/chat/completions
[09:26:49 INF] System.Net.Http.HttpClient.DeepSeek.ClientHandler Received HTTP response headers after 293.2404ms - 200
[09:26:49 INF] System.Net.Http.HttpClient.DeepSeek.LogicalHandler End processing HTTP request after 301.0513ms - 200
[09:26:49 INF] System.Net.Http.HttpClient.DeepSeek.ClientHandler Received HTTP response headers after 290.4714ms - 200
[09:26:49 INF] System.Net.Http.HttpClient.DeepSeek.LogicalHandler End processing HTTP request after 305.8541ms - 200
[09:26:49 INF] System.Net.Http.HttpClient.DeepSeek.LogicalHandler Start processing HTTP request POST https://api.deepseek.com/chat/completions
[09:26:49 INF] System.Net.Http.HttpClient.DeepSeek.ClientHandler Sending HTTP request POST https://api.deepseek.com/chat/completions
[09:26:50 INF] System.Net.Http.HttpClient.DeepSeek.LogicalHandler Start processing HTTP request POST https://api.deepseek.com/chat/completions
[09:26:50 INF] System.Net.Http.HttpClient.DeepSeek.ClientHandler Sending HTTP request POST https://api.deepseek.com/chat/completions
[09:26:50 INF] System.Net.Http.HttpClient.DeepSeek.ClientHandler Received HTTP response headers after 280.1177ms - 200
[09:26:50 INF] System.Net.Http.HttpClient.DeepSeek.LogicalHandler End processing HTTP request after 290.0984ms - 200
[09:26:50 INF] System.Net.Http.HttpClient.DeepSeek.ClientHandler Received HTTP response headers after 299.0183ms - 200
[09:26:50 INF] System.Net.Http.HttpClient.DeepSeek.LogicalHandler End processing HTTP request after 308.4174ms - 200
[09:26:50 INF] System.Net.Http.HttpClient.DeepSeek.LogicalHandler Start processing HTTP request POST https://api.deepseek.com/chat/completions
[09:26:50 INF] System.Net.Http.HttpClient.DeepSeek.ClientHandler Sending HTTP request POST https://api.deepseek.com/chat/completions
[09:26:51 INF] System.Net.Http.HttpClient.DeepSeek.ClientHandler Received HTTP response headers after 282.7825ms - 200
[09:26:51 INF] System.Net.Http.HttpClient.DeepSeek.LogicalHandler End processing HTTP request after 290.8245ms - 200
[09:26:51 INF] System.Net.Http.HttpClient.DeepSeek.LogicalHandler Start processing HTTP request POST https://api.deepseek.com/chat/completions
[09:26:51 INF] System.Net.Http.HttpClient.DeepSeek.ClientHandler Sending HTTP request POST https://api.deepseek.com/chat/completions
[09:26:51 INF] System.Net.Http.HttpClient.DeepSeek.ClientHandler Received HTTP response headers after 281.1841ms - 200
[09:26:51 INF] System.Net.Http.HttpClient.DeepSeek.LogicalHandler End processing HTTP request after 288.7248ms - 200
[09:26:52 INF] System.Net.Http.HttpClient.DeepSeek.LogicalHandler Start processing HTTP request POST https://api.deepseek.com/chat/completions
[09:26:52 INF] System.Net.Http.HttpClient.DeepSeek.ClientHandler Sending HTTP request POST https://api.deepseek.com/chat/completions
[09:26:52 INF] System.Net.Http.HttpClient.DeepSeek.ClientHandler Received HTTP response headers after 285.2517ms - 200
[09:26:52 INF] System.Net.Http.HttpClient.DeepSeek.LogicalHandler End processing HTTP request after 293.8758ms - 200
[09:26:52 INF] System.Net.Http.HttpClient.DeepSeek.LogicalHandler Start processing HTTP request POST https://api.deepseek.com/chat/completions
[09:26:52 INF] System.Net.Http.HttpClient.DeepSeek.ClientHandler Sending HTTP request POST https://api.deepseek.com/chat/completions
[09:26:53 INF] System.Net.Http.HttpClient.DeepSeek.ClientHandler Received HTTP response headers after 317.0936ms - 200
[09:26:53 INF] System.Net.Http.HttpClient.DeepSeek.LogicalHandler End processing HTTP request after 325.4148ms - 200
[09:26:53 INF] System.Net.Http.HttpClient.DeepSeek.LogicalHandler Start processing HTTP request POST https://api.deepseek.com/chat/completions
[09:26:53 INF] System.Net.Http.HttpClient.DeepSeek.ClientHandler Sending HTTP request POST https://api.deepseek.com/chat/completions
[09:26:53 INF] System.Net.Http.HttpClient.DeepSeek.LogicalHandler Start processing HTTP request POST https://api.deepseek.com/chat/completions
[09:26:53 INF] System.Net.Http.HttpClient.DeepSeek.ClientHandler Sending HTTP request POST https://api.deepseek.com/chat/completions
[09:26:53 INF] System.Net.Http.HttpClient.DeepSeek.LogicalHandler Start processing HTTP request POST https://api.deepseek.com/chat/completions
[09:26:53 INF] System.Net.Http.HttpClient.DeepSeek.ClientHandler Sending HTTP request POST https://api.deepseek.com/chat/completions
[09:26:53 INF] System.Net.Http.HttpClient.DeepSeek.ClientHandler Received HTTP response headers after 323.2838ms - 200
[09:26:53 INF] System.Net.Http.HttpClient.DeepSeek.LogicalHandler End processing HTTP request after 331.1656ms - 200
[09:26:53 INF] System.Net.Http.HttpClient.DeepSeek.LogicalHandler Start processing HTTP request POST https://api.deepseek.com/chat/completions
[09:26:53 INF] System.Net.Http.HttpClient.DeepSeek.ClientHandler Sending HTTP request POST https://api.deepseek.com/chat/completions
[09:26:53 INF] System.Net.Http.HttpClient.DeepSeek.ClientHandler Received HTTP response headers after 301.2934ms - 200
[09:26:53 INF] System.Net.Http.HttpClient.DeepSeek.LogicalHandler End processing HTTP request after 309.7649ms - 200
[09:26:53 INF] System.Net.Http.HttpClient.DeepSeek.ClientHandler Received HTTP response headers after 308.5095ms - 200
[09:26:53 INF] System.Net.Http.HttpClient.DeepSeek.LogicalHandler End processing HTTP request after 317.2971ms - 200
[09:26:54 INF] System.Net.Http.HttpClient.DeepSeek.ClientHandler Received HTTP response headers after 381.4201ms - 200
[09:26:54 INF] System.Net.Http.HttpClient.DeepSeek.LogicalHandler End processing HTTP request after 389.0426ms - 200
[09:26:54 INF] System.Net.Http.HttpClient.DeepSeek.LogicalHandler Start processing HTTP request POST https://api.deepseek.com/chat/completions
[09:26:54 INF] System.Net.Http.HttpClient.DeepSeek.ClientHandler Sending HTTP request POST https://api.deepseek.com/chat/completions
[09:26:54 INF] System.Net.Http.HttpClient.DeepSeek.ClientHandler Received HTTP response headers after 305.7422ms - 200
[09:26:54 INF] System.Net.Http.HttpClient.DeepSeek.LogicalHandler End processing HTTP request after 313.4525ms - 200
[09:26:54 INF] System.Net.Http.HttpClient.DeepSeek.LogicalHandler Start processing HTTP request POST https://api.deepseek.com/chat/completions
[09:26:54 INF] System.Net.Http.HttpClient.DeepSeek.ClientHandler Sending HTTP request POST https://api.deepseek.com/chat/completions
[09:26:54 INF] System.Net.Http.HttpClient.DeepSeek.LogicalHandler Start processing HTTP request POST https://api.deepseek.com/chat/completions
[09:26:54 INF] System.Net.Http.HttpClient.DeepSeek.ClientHandler Sending HTTP request POST https://api.deepseek.com/chat/completions
[09:26:55 INF] System.Net.Http.HttpClient.DeepSeek.ClientHandler Received HTTP response headers after 342.3628ms - 200
[09:26:55 INF] System.Net.Http.HttpClient.DeepSeek.LogicalHandler End processing HTTP request after 350.6977ms - 200
[09:26:55 INF] System.Net.Http.HttpClient.DeepSeek.ClientHandler Received HTTP response headers after 306.9ms - 200
[09:26:55 INF] System.Net.Http.HttpClient.DeepSeek.LogicalHandler End processing HTTP request after 315.1808ms - 200
[09:27:17 INF] System.Net.Http.HttpClient.IStockApiClient.LogicalHandler Start processing HTTP request GET https://data.sec.gov/api/xbrl/companyfacts/CIK0001375365.json
[09:27:17 INF] System.Net.Http.HttpClient.IStockApiClient.ClientHandler Sending HTTP request GET https://data.sec.gov/api/xbrl/companyfacts/CIK0001375365.json
[09:27:17 INF] System.Net.Http.HttpClient.IStockApiClient.ClientHandler Received HTTP response headers after 260.3186ms - 200
[09:27:17 INF] System.Net.Http.HttpClient.IStockApiClient.LogicalHandler End processing HTTP request after 269.3785ms - 200
[09:27:18 INF] System.Net.Http.HttpClient.IStockApiClient.LogicalHandler Start processing HTTP request GET https://data.sec.gov/submissions/CIK0001375365.json
[09:27:18 INF] System.Net.Http.HttpClient.IStockApiClient.ClientHandler Sending HTTP request GET https://data.sec.gov/submissions/CIK0001375365.json
[09:27:18 INF] System.Net.Http.HttpClient.IStockApiClient.ClientHandler Received HTTP response headers after 149.0353ms - 200
[09:27:18 INF] System.Net.Http.HttpClient.IStockApiClient.LogicalHandler End processing HTTP request after 157.6748ms - 200
[09:27:18 INF] System.Net.Http.HttpClient.IStockApiClient.LogicalHandler Start processing HTTP request GET https://www.sec.gov/Archives/edgar/data/1375365/000137536525000027/index.json
[09:27:18 INF] System.Net.Http.HttpClient.IStockApiClient.ClientHandler Sending HTTP request GET https://www.sec.gov/Archives/edgar/data/1375365/000137536525000027/index.json
[09:27:18 INF] System.Net.Http.HttpClient.IStockApiClient.ClientHandler Received HTTP response headers after 29.8405ms - 200
[09:27:18 INF] System.Net.Http.HttpClient.IStockApiClient.LogicalHandler End processing HTTP request after 42.0502ms - 200
[09:27:18 INF] System.Net.Http.HttpClient.IStockApiClient.LogicalHandler Start processing HTTP request GET https://www.sec.gov/Archives/edgar/data/1375365/000137536525000027/smci-20250630_htm.xml
[09:27:18 INF] System.Net.Http.HttpClient.IStockApiClient.ClientHandler Sending HTTP request GET https://www.sec.gov/Archives/edgar/data/1375365/000137536525000027/smci-20250630_htm.xml
[09:27:18 INF] System.Net.Http.HttpClient.IStockApiClient.ClientHandler Received HTTP response headers after 29.0557ms - 200
[09:27:18 INF] System.Net.Http.HttpClient.IStockApiClient.LogicalHandler End processing HTTP request after 37.9563ms - 200
[09:27:19 INF] System.Net.Http.HttpClient.DeepSeek.LogicalHandler Start processing HTTP request POST https://api.deepseek.com/chat/completions
[09:27:19 INF] System.Net.Http.HttpClient.DeepSeek.ClientHandler Sending HTTP request POST https://api.deepseek.com/chat/completions
[09:27:19 INF] System.Net.Http.HttpClient.DeepSeek.ClientHandler Received HTTP response headers after 303.3499ms - 200
[09:27:19 INF] System.Net.Http.HttpClient.DeepSeek.LogicalHandler End processing HTTP request after 312.1611ms - 200
[09:28:13 INF] System.Net.Http.HttpClient.DeepSeek.LogicalHandler Start processing HTTP request POST https://api.deepseek.com/chat/completions
[09:28:13 INF] System.Net.Http.HttpClient.DeepSeek.ClientHandler Sending HTTP request POST https://api.deepseek.com/chat/completions
[09:28:13 INF] System.Net.Http.HttpClient.DeepSeek.LogicalHandler Start processing HTTP request POST https://api.deepseek.com/chat/completions
[09:28:13 INF] System.Net.Http.HttpClient.DeepSeek.ClientHandler Sending HTTP request POST https://api.deepseek.com/chat/completions
[09:28:13 INF] System.Net.Http.HttpClient.DeepSeek.LogicalHandler Start processing HTTP request POST https://api.deepseek.com/chat/completions
[09:28:13 INF] System.Net.Http.HttpClient.DeepSeek.ClientHandler Sending HTTP request POST https://api.deepseek.com/chat/completions
[09:28:13 INF] System.Net.Http.HttpClient.DeepSeek.LogicalHandler Start processing HTTP request POST https://api.deepseek.com/chat/completions
[09:28:13 INF] System.Net.Http.HttpClient.DeepSeek.ClientHandler Sending HTTP request POST https://api.deepseek.com/chat/completions
[09:28:13 INF] System.Net.Http.HttpClient.DeepSeek.LogicalHandler Start processing HTTP request POST https://api.deepseek.com/chat/completions
[09:28:13 INF] System.Net.Http.HttpClient.DeepSeek.ClientHandler Sending HTTP request POST https://api.deepseek.com/chat/completions
[09:28:13 INF] System.Net.Http.HttpClient.DeepSeek.LogicalHandler Start processing HTTP request POST https://api.deepseek.com/chat/completions
[09:28:13 INF] System.Net.Http.HttpClient.DeepSeek.ClientHandler Sending HTTP request POST https://api.deepseek.com/chat/completions
[09:28:13 INF] System.Net.Http.HttpClient.DeepSeek.LogicalHandler Start processing HTTP request POST https://api.deepseek.com/chat/completions
[09:28:13 INF] System.Net.Http.HttpClient.DeepSeek.ClientHandler Sending HTTP request POST https://api.deepseek.com/chat/completions
[09:28:13 INF] System.Net.Http.HttpClient.DeepSeek.LogicalHandler Start processing HTTP request POST https://api.deepseek.com/chat/completions
[09:28:13 INF] System.Net.Http.HttpClient.DeepSeek.ClientHandler Sending HTTP request POST https://api.deepseek.com/chat/completions
[09:28:13 INF] System.Net.Http.HttpClient.DeepSeek.LogicalHandler Start processing HTTP request POST https://api.deepseek.com/chat/completions
[09:28:13 INF] System.Net.Http.HttpClient.DeepSeek.ClientHandler Sending HTTP request POST https://api.deepseek.com/chat/completions
[09:28:13 INF] System.Net.Http.HttpClient.DeepSeek.LogicalHandler Start processing HTTP request POST https://api.deepseek.com/chat/completions
[09:28:13 INF] System.Net.Http.HttpClient.DeepSeek.ClientHandler Sending HTTP request POST https://api.deepseek.com/chat/completions
[09:28:13 INF] System.Net.Http.HttpClient.DeepSeek.LogicalHandler Start processing HTTP request POST https://api.deepseek.com/chat/completions
[09:28:13 INF] System.Net.Http.HttpClient.DeepSeek.ClientHandler Sending HTTP request POST https://api.deepseek.com/chat/completions
[09:28:13 INF] System.Net.Http.HttpClient.DeepSeek.LogicalHandler Start processing HTTP request POST https://api.deepseek.com/chat/completions
[09:28:13 INF] System.Net.Http.HttpClient.DeepSeek.ClientHandler Sending HTTP request POST https://api.deepseek.com/chat/completions
[09:28:13 INF] System.Net.Http.HttpClient.DeepSeek.LogicalHandler Start processing HTTP request POST https://api.deepseek.com/chat/completions
[09:28:13 INF] System.Net.Http.HttpClient.DeepSeek.ClientHandler Sending HTTP request POST https://api.deepseek.com/chat/completions
[09:28:13 INF] System.Net.Http.HttpClient.DeepSeek.LogicalHandler Start processing HTTP request POST https://api.deepseek.com/chat/completions
[09:28:13 INF] System.Net.Http.HttpClient.DeepSeek.ClientHandler Sending HTTP request POST https://api.deepseek.com/chat/completions
[09:28:13 INF] System.Net.Http.HttpClient.DeepSeek.LogicalHandler Start processing HTTP request POST https://api.deepseek.com/chat/completions
[09:28:13 INF] System.Net.Http.HttpClient.DeepSeek.ClientHandler Sending HTTP request POST https://api.deepseek.com/chat/completions
[09:28:13 INF] System.Net.Http.HttpClient.DeepSeek.LogicalHandler Start processing HTTP request POST https://api.deepseek.com/chat/completions
[09:28:13 INF] System.Net.Http.HttpClient.DeepSeek.ClientHandler Sending HTTP request POST https://api.deepseek.com/chat/completions
[09:28:13 INF] System.Net.Http.HttpClient.DeepSeek.LogicalHandler Start processing HTTP request POST https://api.deepseek.com/chat/completions
[09:28:13 INF] System.Net.Http.HttpClient.DeepSeek.ClientHandler Sending HTTP request POST https://api.deepseek.com/chat/completions
[09:28:13 INF] System.Net.Http.HttpClient.DeepSeek.LogicalHandler Start processing HTTP request POST https://api.deepseek.com/chat/completions
[09:28:13 INF] System.Net.Http.HttpClient.DeepSeek.ClientHandler Sending HTTP request POST https://api.deepseek.com/chat/completions
[09:28:13 INF] System.Net.Http.HttpClient.DeepSeek.LogicalHandler Start processing HTTP request POST https://api.deepseek.com/chat/completions
[09:28:13 INF] System.Net.Http.HttpClient.DeepSeek.ClientHandler Sending HTTP request POST https://api.deepseek.com/chat/completions
[09:28:13 INF] System.Net.Http.HttpClient.DeepSeek.LogicalHandler Start processing HTTP request POST https://api.deepseek.com/chat/completions
[09:28:13 INF] System.Net.Http.HttpClient.DeepSeek.ClientHandler Sending HTTP request POST https://api.deepseek.com/chat/completions
[09:28:13 INF] System.Net.Http.HttpClient.DeepSeek.LogicalHandler Start processing HTTP request POST https://api.deepseek.com/chat/completions
[09:28:13 INF] System.Net.Http.HttpClient.DeepSeek.ClientHandler Sending HTTP request POST https://api.deepseek.com/chat/completions
[09:28:13 INF] System.Net.Http.HttpClient.DeepSeek.LogicalHandler Start processing HTTP request POST https://api.deepseek.com/chat/completions
[09:28:13 INF] System.Net.Http.HttpClient.DeepSeek.ClientHandler Sending HTTP request POST https://api.deepseek.com/chat/completions
[09:28:13 INF] System.Net.Http.HttpClient.DeepSeek.LogicalHandler Start processing HTTP request POST https://api.deepseek.com/chat/completions
[09:28:13 INF] System.Net.Http.HttpClient.DeepSeek.ClientHandler Sending HTTP request POST https://api.deepseek.com/chat/completions
[09:28:13 INF] System.Net.Http.HttpClient.DeepSeek.LogicalHandler Start processing HTTP request POST https://api.deepseek.com/chat/completions
[09:28:13 INF] System.Net.Http.HttpClient.DeepSeek.ClientHandler Sending HTTP request POST https://api.deepseek.com/chat/completions
[09:28:13 INF] System.Net.Http.HttpClient.DeepSeek.ClientHandler Received HTTP response headers after 306.2663ms - 200
[09:28:13 INF] System.Net.Http.HttpClient.DeepSeek.LogicalHandler End processing HTTP request after 315.1214ms - 200
[09:28:13 INF] System.Net.Http.HttpClient.DeepSeek.ClientHandler Received HTTP response headers after 329.3469ms - 200
[09:28:13 INF] System.Net.Http.HttpClient.DeepSeek.ClientHandler Received HTTP response headers after 307.4527ms - 200
[09:28:13 INF] System.Net.Http.HttpClient.DeepSeek.LogicalHandler End processing HTTP request after 339.3538ms - 200
[09:28:13 INF] System.Net.Http.HttpClient.DeepSeek.ClientHandler Received HTTP response headers after 303.5158ms - 200
[09:28:13 INF] System.Net.Http.HttpClient.DeepSeek.LogicalHandler End processing HTTP request after 317.0275ms - 200
[09:28:13 INF] System.Net.Http.HttpClient.DeepSeek.ClientHandler Received HTTP response headers after 327.1607ms - 200
[09:28:13 INF] System.Net.Http.HttpClient.DeepSeek.LogicalHandler End processing HTTP request after 316.7944ms - 200
[09:28:13 INF] System.Net.Http.HttpClient.DeepSeek.ClientHandler Received HTTP response headers after 303.0786ms - 200
[09:28:13 INF] System.Net.Http.HttpClient.DeepSeek.LogicalHandler End processing HTTP request after 340.9857ms - 200
[09:28:13 INF] System.Net.Http.HttpClient.DeepSeek.LogicalHandler End processing HTTP request after 317.4636ms - 200
[09:28:13 INF] System.Net.Http.HttpClient.DeepSeek.ClientHandler Received HTTP response headers after 362.3703ms - 200
[09:28:13 INF] System.Net.Http.HttpClient.DeepSeek.ClientHandler Received HTTP response headers after 319.2236ms - 200
[09:28:13 INF] System.Net.Http.HttpClient.DeepSeek.LogicalHandler End processing HTTP request after 371.7975ms - 200
[09:28:13 INF] System.Net.Http.HttpClient.DeepSeek.LogicalHandler End processing HTTP request after 332.004ms - 200
[09:28:13 INF] System.Net.Http.HttpClient.DeepSeek.ClientHandler Received HTTP response headers after 317.7547ms - 200
[09:28:14 INF] System.Net.Http.HttpClient.DeepSeek.ClientHandler Received HTTP response headers after 304.3527ms - 200
[09:28:14 INF] System.Net.Http.HttpClient.DeepSeek.LogicalHandler End processing HTTP request after 327.6027ms - 200
[09:28:14 INF] System.Net.Http.HttpClient.DeepSeek.LogicalHandler End processing HTTP request after 315.4209ms - 200
[09:28:14 INF] System.Net.Http.HttpClient.DeepSeek.ClientHandler Received HTTP response headers after 308.3726ms - 200
[09:28:14 INF] System.Net.Http.HttpClient.DeepSeek.LogicalHandler End processing HTTP request after 318.1046ms - 200
[09:28:14 INF] System.Net.Http.HttpClient.DeepSeek.ClientHandler Received HTTP response headers after 317.8303ms - 200
[09:28:14 INF] System.Net.Http.HttpClient.DeepSeek.LogicalHandler End processing HTTP request after 327.8993ms - 200
[09:28:14 INF] System.Net.Http.HttpClient.DeepSeek.ClientHandler Received HTTP response headers after 309.0663ms - 200
[09:28:14 INF] System.Net.Http.HttpClient.DeepSeek.LogicalHandler End processing HTTP request after 319.6924ms - 200
[09:28:14 INF] System.Net.Http.HttpClient.DeepSeek.ClientHandler Received HTTP response headers after 372.0905ms - 200
[09:28:14 INF] System.Net.Http.HttpClient.DeepSeek.ClientHandler Received HTTP response headers after 357.2015ms - 200
[09:28:14 INF] System.Net.Http.HttpClient.DeepSeek.LogicalHandler End processing HTTP request after 381.8946ms - 200
[09:28:14 INF] System.Net.Http.HttpClient.DeepSeek.ClientHandler Received HTTP response headers after 308.1354ms - 200
[09:28:14 INF] System.Net.Http.HttpClient.DeepSeek.LogicalHandler End processing HTTP request after 370.5749ms - 200
[09:28:14 INF] System.Net.Http.HttpClient.DeepSeek.ClientHandler Received HTTP response headers after 322.6713ms - 200
[09:28:14 INF] System.Net.Http.HttpClient.DeepSeek.LogicalHandler End processing HTTP request after 324.2634ms - 200
[09:28:14 INF] System.Net.Http.HttpClient.DeepSeek.LogicalHandler End processing HTTP request after 337.3853ms - 200
[09:28:14 INF] System.Net.Http.HttpClient.DeepSeek.ClientHandler Received HTTP response headers after 317.3172ms - 200
[09:28:14 INF] System.Net.Http.HttpClient.DeepSeek.ClientHandler Received HTTP response headers after 351.4532ms - 200
[09:28:14 INF] System.Net.Http.HttpClient.DeepSeek.LogicalHandler End processing HTTP request after 330.4032ms - 200
[09:28:14 INF] System.Net.Http.HttpClient.DeepSeek.ClientHandler Received HTTP response headers after 317.4278ms - 200
[09:28:14 INF] System.Net.Http.HttpClient.DeepSeek.LogicalHandler End processing HTTP request after 364.0075ms - 200
[09:28:14 INF] System.Net.Http.HttpClient.DeepSeek.LogicalHandler End processing HTTP request after 332.9256ms - 200
[09:28:14 INF] System.Net.Http.HttpClient.DeepSeek.ClientHandler Received HTTP response headers after 321.8907ms - 200
[09:28:14 INF] System.Net.Http.HttpClient.DeepSeek.ClientHandler Received HTTP response headers after 312.5807ms - 200
[09:28:14 INF] System.Net.Http.HttpClient.DeepSeek.LogicalHandler End processing HTTP request after 335.6335ms - 200
[09:28:14 INF] System.Net.Http.HttpClient.DeepSeek.LogicalHandler End processing HTTP request after 323.9548ms - 200
[09:28:14 INF] System.Net.Http.HttpClient.DeepSeek.ClientHandler Received HTTP response headers after 315.8754ms - 200
[09:28:14 INF] System.Net.Http.HttpClient.DeepSeek.LogicalHandler End processing HTTP request after 326.0762ms - 200
[09:28:14 INF] System.Net.Http.HttpClient.DeepSeek.ClientHandler Received HTTP response headers after 341.7258ms - 200
[09:28:14 INF] System.Net.Http.HttpClient.DeepSeek.LogicalHandler End processing HTTP request after 352.2724ms - 200
[09:28:14 INF] System.Net.Http.HttpClient.DeepSeek.LogicalHandler Start processing HTTP request POST https://api.deepseek.com/chat/completions
[09:28:14 INF] System.Net.Http.HttpClient.DeepSeek.ClientHandler Sending HTTP request POST https://api.deepseek.com/chat/completions
[09:28:15 INF] System.Net.Http.HttpClient.DeepSeek.LogicalHandler Start processing HTTP request POST https://api.deepseek.com/chat/completions
[09:28:15 INF] System.Net.Http.HttpClient.DeepSeek.ClientHandler Sending HTTP request POST https://api.deepseek.com/chat/completions
[09:28:15 INF] System.Net.Http.HttpClient.DeepSeek.ClientHandler Received HTTP response headers after 280.6684ms - 200
[09:28:15 INF] System.Net.Http.HttpClient.DeepSeek.LogicalHandler End processing HTTP request after 288.5496ms - 200
[09:28:15 INF] System.Net.Http.HttpClient.DeepSeek.LogicalHandler Start processing HTTP request POST https://api.deepseek.com/chat/completions
[09:28:15 INF] System.Net.Http.HttpClient.DeepSeek.ClientHandler Sending HTTP request POST https://api.deepseek.com/chat/completions
[09:28:15 INF] System.Net.Http.HttpClient.DeepSeek.LogicalHandler Start processing HTTP request POST https://api.deepseek.com/chat/completions
[09:28:15 INF] System.Net.Http.HttpClient.DeepSeek.ClientHandler Sending HTTP request POST https://api.deepseek.com/chat/completions
[09:28:15 INF] System.Net.Http.HttpClient.DeepSeek.LogicalHandler Start processing HTTP request POST https://api.deepseek.com/chat/completions
[09:28:15 INF] System.Net.Http.HttpClient.DeepSeek.ClientHandler Sending HTTP request POST https://api.deepseek.com/chat/completions
[09:28:15 INF] System.Net.Http.HttpClient.DeepSeek.ClientHandler Received HTTP response headers after 284.9104ms - 200
[09:28:15 INF] System.Net.Http.HttpClient.DeepSeek.LogicalHandler End processing HTTP request after 294.0117ms - 200
[09:28:15 INF] System.Net.Http.HttpClient.DeepSeek.LogicalHandler Start processing HTTP request POST https://api.deepseek.com/chat/completions
[09:28:15 INF] System.Net.Http.HttpClient.DeepSeek.ClientHandler Sending HTTP request POST https://api.deepseek.com/chat/completions
[09:28:15 INF] System.Net.Http.HttpClient.DeepSeek.LogicalHandler Start processing HTTP request POST https://api.deepseek.com/chat/completions
[09:28:15 INF] System.Net.Http.HttpClient.DeepSeek.ClientHandler Sending HTTP request POST https://api.deepseek.com/chat/completions
[09:28:15 INF] System.Net.Http.HttpClient.DeepSeek.ClientHandler Received HTTP response headers after 278.1973ms - 200
[09:28:15 INF] System.Net.Http.HttpClient.DeepSeek.LogicalHandler End processing HTTP request after 285.9852ms - 200
[09:28:15 INF] System.Net.Http.HttpClient.DeepSeek.LogicalHandler Start processing HTTP request POST https://api.deepseek.com/chat/completions
[09:28:15 INF] System.Net.Http.HttpClient.DeepSeek.ClientHandler Sending HTTP request POST https://api.deepseek.com/chat/completions
[09:28:15 INF] System.Net.Http.HttpClient.DeepSeek.ClientHandler Received HTTP response headers after 303.1925ms - 200
[09:28:15 INF] System.Net.Http.HttpClient.DeepSeek.LogicalHandler End processing HTTP request after 310.7344ms - 200
[09:28:15 INF] System.Net.Http.HttpClient.DeepSeek.LogicalHandler Start processing HTTP request POST https://api.deepseek.com/chat/completions
[09:28:15 INF] System.Net.Http.HttpClient.DeepSeek.ClientHandler Sending HTTP request POST https://api.deepseek.com/chat/completions
[09:28:15 INF] System.Net.Http.HttpClient.DeepSeek.ClientHandler Received HTTP response headers after 282.3186ms - 200
[09:28:15 INF] System.Net.Http.HttpClient.DeepSeek.LogicalHandler End processing HTTP request after 290.0692ms - 200
[09:28:15 INF] System.Net.Http.HttpClient.DeepSeek.ClientHandler Received HTTP response headers after 277.8083ms - 200
[09:28:15 INF] System.Net.Http.HttpClient.DeepSeek.LogicalHandler End processing HTTP request after 285.0379ms - 200
[09:28:15 INF] System.Net.Http.HttpClient.DeepSeek.LogicalHandler Start processing HTTP request POST https://api.deepseek.com/chat/completions
[09:28:15 INF] System.Net.Http.HttpClient.DeepSeek.ClientHandler Received HTTP response headers after 276.1451ms - 200
[09:28:15 INF] System.Net.Http.HttpClient.DeepSeek.ClientHandler Sending HTTP request POST https://api.deepseek.com/chat/completions
[09:28:15 INF] System.Net.Http.HttpClient.DeepSeek.LogicalHandler End processing HTTP request after 285.9551ms - 200
[09:28:15 INF] System.Net.Http.HttpClient.DeepSeek.ClientHandler Received HTTP response headers after 285.3897ms - 200
[09:28:15 INF] System.Net.Http.HttpClient.DeepSeek.LogicalHandler End processing HTTP request after 293.405ms - 200
[09:28:15 INF] System.Net.Http.HttpClient.DeepSeek.ClientHandler Received HTTP response headers after 297.7168ms - 200
[09:28:15 INF] System.Net.Http.HttpClient.DeepSeek.LogicalHandler End processing HTTP request after 305.2631ms - 200
[09:28:15 INF] System.Net.Http.HttpClient.DeepSeek.ClientHandler Received HTTP response headers after 273.955ms - 200
[09:28:15 INF] System.Net.Http.HttpClient.DeepSeek.LogicalHandler End processing HTTP request after 284.3068ms - 200
[09:28:16 INF] System.Net.Http.HttpClient.DeepSeek.LogicalHandler Start processing HTTP request POST https://api.deepseek.com/chat/completions
[09:28:16 INF] System.Net.Http.HttpClient.DeepSeek.ClientHandler Sending HTTP request POST https://api.deepseek.com/chat/completions
[09:28:16 INF] System.Net.Http.HttpClient.DeepSeek.LogicalHandler Start processing HTTP request POST https://api.deepseek.com/chat/completions
[09:28:16 INF] System.Net.Http.HttpClient.DeepSeek.ClientHandler Sending HTTP request POST https://api.deepseek.com/chat/completions
[09:28:16 INF] System.Net.Http.HttpClient.DeepSeek.ClientHandler Received HTTP response headers after 314.4564ms - 200
[09:28:16 INF] System.Net.Http.HttpClient.DeepSeek.LogicalHandler End processing HTTP request after 322.1633ms - 200
[09:28:16 INF] System.Net.Http.HttpClient.DeepSeek.ClientHandler Received HTTP response headers after 284.7402ms - 200
[09:28:16 INF] System.Net.Http.HttpClient.DeepSeek.LogicalHandler End processing HTTP request after 292.1149ms - 200
[09:28:16 INF] System.Net.Http.HttpClient.DeepSeek.LogicalHandler Start processing HTTP request POST https://api.deepseek.com/chat/completions
[09:28:16 INF] System.Net.Http.HttpClient.DeepSeek.ClientHandler Sending HTTP request POST https://api.deepseek.com/chat/completions
[09:28:16 INF] System.Net.Http.HttpClient.DeepSeek.LogicalHandler Start processing HTTP request POST https://api.deepseek.com/chat/completions
[09:28:16 INF] System.Net.Http.HttpClient.DeepSeek.ClientHandler Sending HTTP request POST https://api.deepseek.com/chat/completions
[09:28:17 INF] System.Net.Http.HttpClient.DeepSeek.LogicalHandler Start processing HTTP request POST https://api.deepseek.com/chat/completions
[09:28:17 INF] System.Net.Http.HttpClient.DeepSeek.ClientHandler Sending HTTP request POST https://api.deepseek.com/chat/completions
[09:28:17 INF] System.Net.Http.HttpClient.DeepSeek.LogicalHandler Start processing HTTP request POST https://api.deepseek.com/chat/completions
[09:28:17 INF] System.Net.Http.HttpClient.DeepSeek.ClientHandler Sending HTTP request POST https://api.deepseek.com/chat/completions
[09:28:17 INF] System.Net.Http.HttpClient.DeepSeek.LogicalHandler Start processing HTTP request POST https://api.deepseek.com/chat/completions
[09:28:17 INF] System.Net.Http.HttpClient.DeepSeek.ClientHandler Sending HTTP request POST https://api.deepseek.com/chat/completions
[09:28:17 INF] System.Net.Http.HttpClient.DeepSeek.ClientHandler Received HTTP response headers after 292.0632ms - 200
[09:28:17 INF] System.Net.Http.HttpClient.DeepSeek.LogicalHandler End processing HTTP request after 299.4571ms - 200
[09:28:17 INF] System.Net.Http.HttpClient.DeepSeek.ClientHandler Received HTTP response headers after 310.688ms - 200
[09:28:17 INF] System.Net.Http.HttpClient.DeepSeek.LogicalHandler End processing HTTP request after 318.558ms - 200
[09:28:17 INF] System.Net.Http.HttpClient.DeepSeek.ClientHandler Received HTTP response headers after 319.7208ms - 200
[09:28:17 INF] System.Net.Http.HttpClient.DeepSeek.LogicalHandler End processing HTTP request after 327.516ms - 200
[09:28:17 INF] System.Net.Http.HttpClient.DeepSeek.ClientHandler Received HTTP response headers after 294.8741ms - 200
[09:28:17 INF] System.Net.Http.HttpClient.DeepSeek.ClientHandler Received HTTP response headers after 313.3887ms - 200
[09:28:17 INF] System.Net.Http.HttpClient.DeepSeek.LogicalHandler End processing HTTP request after 303.3723ms - 200
[09:28:17 INF] System.Net.Http.HttpClient.DeepSeek.LogicalHandler End processing HTTP request after 322.1015ms - 200
[09:28:17 INF] System.Net.Http.HttpClient.DeepSeek.LogicalHandler Start processing HTTP request POST https://api.deepseek.com/chat/completions
[09:28:17 INF] System.Net.Http.HttpClient.DeepSeek.ClientHandler Sending HTTP request POST https://api.deepseek.com/chat/completions
[09:28:17 INF] System.Net.Http.HttpClient.DeepSeek.LogicalHandler Start processing HTTP request POST https://api.deepseek.com/chat/completions
[09:28:17 INF] System.Net.Http.HttpClient.DeepSeek.ClientHandler Sending HTTP request POST https://api.deepseek.com/chat/completions
[09:28:17 INF] System.Net.Http.HttpClient.DeepSeek.LogicalHandler Start processing HTTP request POST https://api.deepseek.com/chat/completions
[09:28:17 INF] System.Net.Http.HttpClient.DeepSeek.ClientHandler Sending HTTP request POST https://api.deepseek.com/chat/completions
[09:28:18 INF] System.Net.Http.HttpClient.DeepSeek.ClientHandler Received HTTP response headers after 272.6166ms - 200
[09:28:18 INF] System.Net.Http.HttpClient.DeepSeek.LogicalHandler End processing HTTP request after 280.7507ms - 200
[09:28:18 INF] System.Net.Http.HttpClient.DeepSeek.LogicalHandler Start processing HTTP request POST https://api.deepseek.com/chat/completions
[09:28:18 INF] System.Net.Http.HttpClient.DeepSeek.ClientHandler Sending HTTP request POST https://api.deepseek.com/chat/completions
[09:28:18 INF] System.Net.Http.HttpClient.DeepSeek.ClientHandler Received HTTP response headers after 284.7305ms - 200
[09:28:18 INF] System.Net.Http.HttpClient.DeepSeek.LogicalHandler End processing HTTP request after 292.6311ms - 200
[09:28:18 INF] System.Net.Http.HttpClient.DeepSeek.LogicalHandler Start processing HTTP request POST https://api.deepseek.com/chat/completions
[09:28:18 INF] System.Net.Http.HttpClient.DeepSeek.ClientHandler Sending HTTP request POST https://api.deepseek.com/chat/completions
[09:28:18 INF] System.Net.Http.HttpClient.DeepSeek.ClientHandler Received HTTP response headers after 288.2816ms - 200
[09:28:18 INF] System.Net.Http.HttpClient.DeepSeek.LogicalHandler End processing HTTP request after 299.0243ms - 200
[09:28:18 INF] System.Net.Http.HttpClient.DeepSeek.ClientHandler Received HTTP response headers after 273.3051ms - 200
[09:28:18 INF] System.Net.Http.HttpClient.DeepSeek.LogicalHandler End processing HTTP request after 282.2116ms - 200
[09:28:18 INF] System.Net.Http.HttpClient.DeepSeek.ClientHandler Received HTTP response headers after 278.0877ms - 200
[09:28:18 INF] System.Net.Http.HttpClient.DeepSeek.LogicalHandler End processing HTTP request after 286.6393ms - 200
[09:28:18 INF] System.Net.Http.HttpClient.DeepSeek.LogicalHandler Start processing HTTP request POST https://api.deepseek.com/chat/completions
[09:28:18 INF] System.Net.Http.HttpClient.DeepSeek.ClientHandler Sending HTTP request POST https://api.deepseek.com/chat/completions
[09:28:18 INF] System.Net.Http.HttpClient.DeepSeek.LogicalHandler Start processing HTTP request POST https://api.deepseek.com/chat/completions
[09:28:18 INF] System.Net.Http.HttpClient.DeepSeek.ClientHandler Sending HTTP request POST https://api.deepseek.com/chat/completions
[09:28:18 INF] System.Net.Http.HttpClient.DeepSeek.LogicalHandler Start processing HTTP request POST https://api.deepseek.com/chat/completions
[09:28:18 INF] System.Net.Http.HttpClient.DeepSeek.ClientHandler Sending HTTP request POST https://api.deepseek.com/chat/completions
[09:28:18 INF] System.Net.Http.HttpClient.DeepSeek.ClientHandler Received HTTP response headers after 284.8173ms - 200
[09:28:18 INF] System.Net.Http.HttpClient.DeepSeek.LogicalHandler End processing HTTP request after 292.3825ms - 200
[09:28:18 INF] System.Net.Http.HttpClient.DeepSeek.ClientHandler Received HTTP response headers after 289.7191ms - 200
[09:28:18 INF] System.Net.Http.HttpClient.DeepSeek.LogicalHandler End processing HTTP request after 298.2121ms - 200
[09:28:19 INF] System.Net.Http.HttpClient.DeepSeek.LogicalHandler Start processing HTTP request POST https://api.deepseek.com/chat/completions
[09:28:19 INF] System.Net.Http.HttpClient.DeepSeek.ClientHandler Sending HTTP request POST https://api.deepseek.com/chat/completions
[09:28:19 INF] System.Net.Http.HttpClient.DeepSeek.ClientHandler Received HTTP response headers after 311.449ms - 200
[09:28:19 INF] System.Net.Http.HttpClient.DeepSeek.LogicalHandler End processing HTTP request after 319.9759ms - 200
[09:28:19 INF] System.Net.Http.HttpClient.DeepSeek.LogicalHandler Start processing HTTP request POST https://api.deepseek.com/chat/completions
[09:28:19 INF] System.Net.Http.HttpClient.DeepSeek.ClientHandler Sending HTTP request POST https://api.deepseek.com/chat/completions
[09:28:19 INF] System.Net.Http.HttpClient.DeepSeek.LogicalHandler Start processing HTTP request POST https://api.deepseek.com/chat/completions
[09:28:19 INF] System.Net.Http.HttpClient.DeepSeek.ClientHandler Sending HTTP request POST https://api.deepseek.com/chat/completions
[09:28:19 INF] System.Net.Http.HttpClient.DeepSeek.LogicalHandler Start processing HTTP request POST https://api.deepseek.com/chat/completions
[09:28:19 INF] System.Net.Http.HttpClient.DeepSeek.ClientHandler Sending HTTP request POST https://api.deepseek.com/chat/completions
[09:28:19 INF] System.Net.Http.HttpClient.DeepSeek.ClientHandler Received HTTP response headers after 300.1923ms - 200
[09:28:19 INF] System.Net.Http.HttpClient.DeepSeek.LogicalHandler End processing HTTP request after 310.9013ms - 200
[09:28:19 INF] System.Net.Http.HttpClient.DeepSeek.LogicalHandler Start processing HTTP request POST https://api.deepseek.com/chat/completions
[09:28:19 INF] System.Net.Http.HttpClient.DeepSeek.ClientHandler Sending HTTP request POST https://api.deepseek.com/chat/completions
[09:28:19 INF] System.Net.Http.HttpClient.DeepSeek.ClientHandler Received HTTP response headers after 288.2758ms - 200
[09:28:19 INF] System.Net.Http.HttpClient.DeepSeek.LogicalHandler End processing HTTP request after 296.4486ms - 200
[09:28:19 INF] System.Net.Http.HttpClient.DeepSeek.ClientHandler Received HTTP response headers after 286.4751ms - 200
[09:28:19 INF] System.Net.Http.HttpClient.DeepSeek.LogicalHandler End processing HTTP request after 294.9112ms - 200
[09:28:19 INF] System.Net.Http.HttpClient.DeepSeek.LogicalHandler Start processing HTTP request POST https://api.deepseek.com/chat/completions
[09:28:19 INF] System.Net.Http.HttpClient.DeepSeek.ClientHandler Sending HTTP request POST https://api.deepseek.com/chat/completions
[09:28:19 INF] System.Net.Http.HttpClient.DeepSeek.ClientHandler Received HTTP response headers after 305.9782ms - 200
[09:28:19 INF] System.Net.Http.HttpClient.DeepSeek.LogicalHandler End processing HTTP request after 314.4552ms - 200
[09:28:19 INF] System.Net.Http.HttpClient.DeepSeek.ClientHandler Received HTTP response headers after 302.0778ms - 200
[09:28:19 INF] System.Net.Http.HttpClient.DeepSeek.LogicalHandler End processing HTTP request after 310.1105ms - 200
[09:28:19 INF] System.Net.Http.HttpClient.DeepSeek.LogicalHandler Start processing HTTP request POST https://api.deepseek.com/chat/completions
[09:28:19 INF] System.Net.Http.HttpClient.DeepSeek.ClientHandler Sending HTTP request POST https://api.deepseek.com/chat/completions
[09:28:19 INF] System.Net.Http.HttpClient.DeepSeek.ClientHandler Received HTTP response headers after 283.2408ms - 200
[09:28:19 INF] System.Net.Http.HttpClient.DeepSeek.LogicalHandler End processing HTTP request after 291.6143ms - 200
[09:28:20 INF] System.Net.Http.HttpClient.DeepSeek.LogicalHandler Start processing HTTP request POST https://api.deepseek.com/chat/completions
[09:28:20 INF] System.Net.Http.HttpClient.DeepSeek.ClientHandler Sending HTTP request POST https://api.deepseek.com/chat/completions
[09:28:20 INF] System.Net.Http.HttpClient.DeepSeek.LogicalHandler Start processing HTTP request POST https://api.deepseek.com/chat/completions
[09:28:20 INF] System.Net.Http.HttpClient.DeepSeek.ClientHandler Sending HTTP request POST https://api.deepseek.com/chat/completions
[09:28:20 INF] System.Net.Http.HttpClient.DeepSeek.LogicalHandler Start processing HTTP request POST https://api.deepseek.com/chat/completions
[09:28:20 INF] System.Net.Http.HttpClient.DeepSeek.ClientHandler Sending HTTP request POST https://api.deepseek.com/chat/completions
[09:28:20 INF] System.Net.Http.HttpClient.DeepSeek.LogicalHandler Start processing HTTP request POST https://api.deepseek.com/chat/completions
[09:28:20 INF] System.Net.Http.HttpClient.DeepSeek.ClientHandler Received HTTP response headers after 367.7468ms - 200
[09:28:20 INF] System.Net.Http.HttpClient.DeepSeek.ClientHandler Sending HTTP request POST https://api.deepseek.com/chat/completions
[09:28:20 INF] System.Net.Http.HttpClient.DeepSeek.LogicalHandler End processing HTTP request after 377.1665ms - 200
[09:28:20 INF] System.Net.Http.HttpClient.DeepSeek.ClientHandler Received HTTP response headers after 276.684ms - 200
[09:28:20 INF] System.Net.Http.HttpClient.DeepSeek.LogicalHandler End processing HTTP request after 285.1937ms - 200
[09:28:20 INF] System.Net.Http.HttpClient.DeepSeek.LogicalHandler Start processing HTTP request POST https://api.deepseek.com/chat/completions
[09:28:20 INF] System.Net.Http.HttpClient.DeepSeek.ClientHandler Sending HTTP request POST https://api.deepseek.com/chat/completions
[09:28:20 INF] System.Net.Http.HttpClient.DeepSeek.ClientHandler Received HTTP response headers after 288.2077ms - 200
[09:28:20 INF] System.Net.Http.HttpClient.DeepSeek.LogicalHandler End processing HTTP request after 295.9241ms - 200
[09:28:20 INF] System.Net.Http.HttpClient.DeepSeek.ClientHandler Received HTTP response headers after 286.99ms - 200
[09:28:20 INF] System.Net.Http.HttpClient.DeepSeek.LogicalHandler End processing HTTP request after 294.9664ms - 200
[09:28:20 INF] System.Net.Http.HttpClient.DeepSeek.ClientHandler Received HTTP response headers after 278.3928ms - 200
[09:28:20 INF] System.Net.Http.HttpClient.DeepSeek.LogicalHandler End processing HTTP request after 289.3431ms - 200
[09:28:20 INF] System.Net.Http.HttpClient.DeepSeek.LogicalHandler Start processing HTTP request POST https://api.deepseek.com/chat/completions
[09:28:20 INF] System.Net.Http.HttpClient.DeepSeek.ClientHandler Sending HTTP request POST https://api.deepseek.com/chat/completions
[09:28:20 INF] System.Net.Http.HttpClient.DeepSeek.LogicalHandler Start processing HTTP request POST https://api.deepseek.com/chat/completions
[09:28:20 INF] System.Net.Http.HttpClient.DeepSeek.ClientHandler Sending HTTP request POST https://api.deepseek.com/chat/completions
[09:28:20 INF] System.Net.Http.HttpClient.DeepSeek.ClientHandler Received HTTP response headers after 289.5579ms - 200
[09:28:20 INF] System.Net.Http.HttpClient.DeepSeek.LogicalHandler End processing HTTP request after 297.4982ms - 200
[09:28:20 INF] System.Net.Http.HttpClient.DeepSeek.LogicalHandler Start processing HTTP request POST https://api.deepseek.com/chat/completions
[09:28:20 INF] System.Net.Http.HttpClient.DeepSeek.ClientHandler Sending HTTP request POST https://api.deepseek.com/chat/completions
[09:28:20 INF] System.Net.Http.HttpClient.DeepSeek.LogicalHandler Start processing HTTP request POST https://api.deepseek.com/chat/completions
[09:28:20 INF] System.Net.Http.HttpClient.DeepSeek.ClientHandler Sending HTTP request POST https://api.deepseek.com/chat/completions
[09:28:20 INF] System.Net.Http.HttpClient.DeepSeek.LogicalHandler Start processing HTTP request POST https://api.deepseek.com/chat/completions
[09:28:20 INF] System.Net.Http.HttpClient.DeepSeek.ClientHandler Sending HTTP request POST https://api.deepseek.com/chat/completions
[09:28:20 INF] System.Net.Http.HttpClient.DeepSeek.ClientHandler Received HTTP response headers after 281.6637ms - 200
[09:28:20 INF] System.Net.Http.HttpClient.DeepSeek.LogicalHandler End processing HTTP request after 289.9779ms - 200
[09:28:20 INF] System.Net.Http.HttpClient.DeepSeek.ClientHandler Received HTTP response headers after 282.9306ms - 200
[09:28:20 INF] System.Net.Http.HttpClient.DeepSeek.LogicalHandler End processing HTTP request after 290.9393ms - 200
[09:28:20 INF] System.Net.Http.HttpClient.DeepSeek.LogicalHandler Start processing HTTP request POST https://api.deepseek.com/chat/completions
[09:28:20 INF] System.Net.Http.HttpClient.DeepSeek.ClientHandler Sending HTTP request POST https://api.deepseek.com/chat/completions
[09:28:20 INF] System.Net.Http.HttpClient.DeepSeek.ClientHandler Received HTTP response headers after 277.6678ms - 200
[09:28:20 INF] System.Net.Http.HttpClient.DeepSeek.LogicalHandler End processing HTTP request after 285.6576ms - 200
[09:28:20 INF] System.Net.Http.HttpClient.DeepSeek.ClientHandler Received HTTP response headers after 290.0397ms - 200
[09:28:20 INF] System.Net.Http.HttpClient.DeepSeek.LogicalHandler End processing HTTP request after 298.5271ms - 200
[09:28:20 INF] System.Net.Http.HttpClient.DeepSeek.ClientHandler Received HTTP response headers after 283.1924ms - 200
[09:28:20 INF] System.Net.Http.HttpClient.DeepSeek.LogicalHandler End processing HTTP request after 291.3522ms - 200
[09:28:21 INF] System.Net.Http.HttpClient.DeepSeek.LogicalHandler Start processing HTTP request POST https://api.deepseek.com/chat/completions
[09:28:21 INF] System.Net.Http.HttpClient.DeepSeek.ClientHandler Sending HTTP request POST https://api.deepseek.com/chat/completions
[09:28:21 INF] System.Net.Http.HttpClient.DeepSeek.ClientHandler Received HTTP response headers after 296.7236ms - 200
[09:28:21 INF] System.Net.Http.HttpClient.DeepSeek.LogicalHandler End processing HTTP request after 304.8089ms - 200
[09:28:21 INF] System.Net.Http.HttpClient.DeepSeek.ClientHandler Received HTTP response headers after 350.7252ms - 200
[09:28:21 INF] System.Net.Http.HttpClient.DeepSeek.LogicalHandler End processing HTTP request after 358.6603ms - 200
[09:28:21 INF] System.Net.Http.HttpClient.DeepSeek.LogicalHandler Start processing HTTP request POST https://api.deepseek.com/chat/completions
[09:28:21 INF] System.Net.Http.HttpClient.DeepSeek.ClientHandler Sending HTTP request POST https://api.deepseek.com/chat/completions
[09:28:21 INF] System.Net.Http.HttpClient.DeepSeek.LogicalHandler Start processing HTTP request POST https://api.deepseek.com/chat/completions
[09:28:21 INF] System.Net.Http.HttpClient.DeepSeek.ClientHandler Sending HTTP request POST https://api.deepseek.com/chat/completions
[09:28:21 INF] System.Net.Http.HttpClient.DeepSeek.ClientHandler Received HTTP response headers after 291.8495ms - 200
[09:28:21 INF] System.Net.Http.HttpClient.DeepSeek.LogicalHandler End processing HTTP request after 300.0214ms - 200
[09:28:21 INF] System.Net.Http.HttpClient.DeepSeek.ClientHandler Received HTTP response headers after 288.1965ms - 200
[09:28:21 INF] System.Net.Http.HttpClient.DeepSeek.LogicalHandler End processing HTTP request after 296.1449ms - 200
[09:28:21 INF] System.Net.Http.HttpClient.DeepSeek.LogicalHandler Start processing HTTP request POST https://api.deepseek.com/chat/completions
[09:28:21 INF] System.Net.Http.HttpClient.DeepSeek.ClientHandler Sending HTTP request POST https://api.deepseek.com/chat/completions
[09:28:21 INF] System.Net.Http.HttpClient.DeepSeek.LogicalHandler Start processing HTTP request POST https://api.deepseek.com/chat/completions
[09:28:21 INF] System.Net.Http.HttpClient.DeepSeek.ClientHandler Sending HTTP request POST https://api.deepseek.com/chat/completions
[09:28:21 INF] System.Net.Http.HttpClient.DeepSeek.LogicalHandler Start processing HTTP request POST https://api.deepseek.com/chat/completions
[09:28:21 INF] System.Net.Http.HttpClient.DeepSeek.ClientHandler Sending HTTP request POST https://api.deepseek.com/chat/completions
[09:28:22 INF] System.Net.Http.HttpClient.DeepSeek.LogicalHandler Start processing HTTP request POST https://api.deepseek.com/chat/completions
[09:28:22 INF] System.Net.Http.HttpClient.DeepSeek.ClientHandler Sending HTTP request POST https://api.deepseek.com/chat/completions
[09:28:22 INF] System.Net.Http.HttpClient.DeepSeek.ClientHandler Received HTTP response headers after 284.8089ms - 200
[09:28:22 INF] System.Net.Http.HttpClient.DeepSeek.LogicalHandler End processing HTTP request after 293.2845ms - 200
[09:28:22 INF] System.Net.Http.HttpClient.DeepSeek.LogicalHandler Start processing HTTP request POST https://api.deepseek.com/chat/completions
[09:28:22 INF] System.Net.Http.HttpClient.DeepSeek.ClientHandler Sending HTTP request POST https://api.deepseek.com/chat/completions
[09:28:22 INF] System.Net.Http.HttpClient.DeepSeek.ClientHandler Received HTTP response headers after 317.8757ms - 200
[09:28:22 INF] System.Net.Http.HttpClient.DeepSeek.LogicalHandler End processing HTTP request after 326.9227ms - 200
[09:28:22 INF] System.Net.Http.HttpClient.DeepSeek.LogicalHandler Start processing HTTP request POST https://api.deepseek.com/chat/completions
[09:28:22 INF] System.Net.Http.HttpClient.DeepSeek.ClientHandler Sending HTTP request POST https://api.deepseek.com/chat/completions
[09:28:22 INF] System.Net.Http.HttpClient.DeepSeek.LogicalHandler Start processing HTTP request POST https://api.deepseek.com/chat/completions
[09:28:22 INF] System.Net.Http.HttpClient.DeepSeek.ClientHandler Sending HTTP request POST https://api.deepseek.com/chat/completions
[09:28:22 INF] System.Net.Http.HttpClient.DeepSeek.ClientHandler Received HTTP response headers after 356.3437ms - 200
[09:28:22 INF] System.Net.Http.HttpClient.DeepSeek.LogicalHandler End processing HTTP request after 364.3637ms - 200
[09:28:22 INF] System.Net.Http.HttpClient.DeepSeek.ClientHandler Received HTTP response headers after 278.4148ms - 200
[09:28:22 INF] System.Net.Http.HttpClient.DeepSeek.LogicalHandler End processing HTTP request after 286.4531ms - 200
[09:28:22 INF] System.Net.Http.HttpClient.DeepSeek.ClientHandler Received HTTP response headers after 316.0193ms - 200
[09:28:22 INF] System.Net.Http.HttpClient.DeepSeek.LogicalHandler End processing HTTP request after 324.7705ms - 200
[09:28:22 INF] System.Net.Http.HttpClient.DeepSeek.ClientHandler Received HTTP response headers after 278.6096ms - 200
[09:28:22 INF] System.Net.Http.HttpClient.DeepSeek.LogicalHandler End processing HTTP request after 286.7754ms - 200
[09:28:22 INF] System.Net.Http.HttpClient.DeepSeek.ClientHandler Received HTTP response headers after 299.4296ms - 200
[09:28:22 INF] System.Net.Http.HttpClient.DeepSeek.LogicalHandler End processing HTTP request after 308.2101ms - 200
[09:28:22 INF] System.Net.Http.HttpClient.DeepSeek.LogicalHandler Start processing HTTP request POST https://api.deepseek.com/chat/completions
[09:28:22 INF] System.Net.Http.HttpClient.DeepSeek.ClientHandler Sending HTTP request POST https://api.deepseek.com/chat/completions
[09:28:22 INF] System.Net.Http.HttpClient.DeepSeek.LogicalHandler Start processing HTTP request POST https://api.deepseek.com/chat/completions
[09:28:22 INF] System.Net.Http.HttpClient.DeepSeek.ClientHandler Sending HTTP request POST https://api.deepseek.com/chat/completions
[09:28:22 INF] System.Net.Http.HttpClient.DeepSeek.LogicalHandler Start processing HTTP request POST https://api.deepseek.com/chat/completions
[09:28:22 INF] System.Net.Http.HttpClient.DeepSeek.ClientHandler Sending HTTP request POST https://api.deepseek.com/chat/completions
[09:28:22 INF] System.Net.Http.HttpClient.DeepSeek.LogicalHandler Start processing HTTP request POST https://api.deepseek.com/chat/completions
[09:28:22 INF] System.Net.Http.HttpClient.DeepSeek.ClientHandler Sending HTTP request POST https://api.deepseek.com/chat/completions
[09:28:23 INF] System.Net.Http.HttpClient.DeepSeek.ClientHandler Received HTTP response headers after 284.4609ms - 200
[09:28:23 INF] System.Net.Http.HttpClient.DeepSeek.LogicalHandler End processing HTTP request after 293.8242ms - 200
[09:28:23 INF] System.Net.Http.HttpClient.DeepSeek.ClientHandler Received HTTP response headers after 301.6241ms - 200
[09:28:23 INF] System.Net.Http.HttpClient.DeepSeek.LogicalHandler End processing HTTP request after 309.7585ms - 200
[09:28:23 INF] System.Net.Http.HttpClient.DeepSeek.LogicalHandler Start processing HTTP request POST https://api.deepseek.com/chat/completions
[09:28:23 INF] System.Net.Http.HttpClient.DeepSeek.ClientHandler Sending HTTP request POST https://api.deepseek.com/chat/completions
[09:28:23 INF] System.Net.Http.HttpClient.DeepSeek.LogicalHandler Start processing HTTP request POST https://api.deepseek.com/chat/completions
[09:28:23 INF] System.Net.Http.HttpClient.DeepSeek.ClientHandler Sending HTTP request POST https://api.deepseek.com/chat/completions
[09:28:23 INF] System.Net.Http.HttpClient.DeepSeek.ClientHandler Received HTTP response headers after 285.0672ms - 200
[09:28:23 INF] System.Net.Http.HttpClient.DeepSeek.LogicalHandler End processing HTTP request after 292.8992ms - 200
[09:28:23 INF] System.Net.Http.HttpClient.DeepSeek.LogicalHandler Start processing HTTP request POST https://api.deepseek.com/chat/completions
[09:28:23 INF] System.Net.Http.HttpClient.DeepSeek.ClientHandler Sending HTTP request POST https://api.deepseek.com/chat/completions
[09:28:23 INF] System.Net.Http.HttpClient.DeepSeek.LogicalHandler Start processing HTTP request POST https://api.deepseek.com/chat/completions
[09:28:23 INF] System.Net.Http.HttpClient.DeepSeek.ClientHandler Received HTTP response headers after 279.534ms - 200
[09:28:23 INF] System.Net.Http.HttpClient.DeepSeek.ClientHandler Sending HTTP request POST https://api.deepseek.com/chat/completions
[09:28:23 INF] System.Net.Http.HttpClient.DeepSeek.LogicalHandler End processing HTTP request after 289.8099ms - 200
[09:28:23 INF] System.Net.Http.HttpClient.DeepSeek.LogicalHandler Start processing HTTP request POST https://api.deepseek.com/chat/completions
[09:28:23 INF] System.Net.Http.HttpClient.DeepSeek.ClientHandler Sending HTTP request POST https://api.deepseek.com/chat/completions
[09:28:23 INF] System.Net.Http.HttpClient.DeepSeek.LogicalHandler Start processing HTTP request POST https://api.deepseek.com/chat/completions
[09:28:23 INF] System.Net.Http.HttpClient.DeepSeek.ClientHandler Sending HTTP request POST https://api.deepseek.com/chat/completions
[09:28:23 INF] System.Net.Http.HttpClient.DeepSeek.ClientHandler Received HTTP response headers after 285.9912ms - 200
[09:28:23 INF] System.Net.Http.HttpClient.DeepSeek.LogicalHandler End processing HTTP request after 294.2665ms - 200
[09:28:23 INF] System.Net.Http.HttpClient.DeepSeek.ClientHandler Received HTTP response headers after 287.1268ms - 200
[09:28:23 INF] System.Net.Http.HttpClient.DeepSeek.LogicalHandler End processing HTTP request after 295.448ms - 200
[09:28:23 INF] System.Net.Http.HttpClient.DeepSeek.ClientHandler Received HTTP response headers after 279.2376ms - 200
[09:28:23 INF] System.Net.Http.HttpClient.DeepSeek.LogicalHandler End processing HTTP request after 287.8258ms - 200
[09:28:23 INF] System.Net.Http.HttpClient.DeepSeek.ClientHandler Received HTTP response headers after 285.7417ms - 200
[09:28:23 INF] System.Net.Http.HttpClient.DeepSeek.LogicalHandler End processing HTTP request after 296.9878ms - 200
[09:28:23 INF] System.Net.Http.HttpClient.DeepSeek.ClientHandler Received HTTP response headers after 295.5646ms - 200
[09:28:23 INF] System.Net.Http.HttpClient.DeepSeek.LogicalHandler End processing HTTP request after 303.4098ms - 200
[09:28:23 INF] System.Net.Http.HttpClient.DeepSeek.ClientHandler Received HTTP response headers after 283.7186ms - 200
[09:28:23 INF] System.Net.Http.HttpClient.DeepSeek.LogicalHandler End processing HTTP request after 291.9877ms - 200
[09:28:23 INF] System.Net.Http.HttpClient.DeepSeek.LogicalHandler Start processing HTTP request POST https://api.deepseek.com/chat/completions
[09:28:23 INF] System.Net.Http.HttpClient.DeepSeek.ClientHandler Sending HTTP request POST https://api.deepseek.com/chat/completions
[09:28:24 INF] System.Net.Http.HttpClient.DeepSeek.LogicalHandler Start processing HTTP request POST https://api.deepseek.com/chat/completions
[09:28:24 INF] System.Net.Http.HttpClient.DeepSeek.ClientHandler Sending HTTP request POST https://api.deepseek.com/chat/completions
[09:28:24 INF] System.Net.Http.HttpClient.DeepSeek.ClientHandler Received HTTP response headers after 284.2971ms - 200
[09:28:24 INF] System.Net.Http.HttpClient.DeepSeek.LogicalHandler End processing HTTP request after 292.6722ms - 200
[09:28:24 INF] System.Net.Http.HttpClient.DeepSeek.LogicalHandler Start processing HTTP request POST https://api.deepseek.com/chat/completions
[09:28:24 INF] System.Net.Http.HttpClient.DeepSeek.ClientHandler Sending HTTP request POST https://api.deepseek.com/chat/completions
[09:28:24 INF] System.Net.Http.HttpClient.DeepSeek.LogicalHandler Start processing HTTP request POST https://api.deepseek.com/chat/completions
[09:28:24 INF] System.Net.Http.HttpClient.DeepSeek.ClientHandler Sending HTTP request POST https://api.deepseek.com/chat/completions
[09:28:24 INF] System.Net.Http.HttpClient.DeepSeek.ClientHandler Received HTTP response headers after 285.4357ms - 200
[09:28:24 INF] System.Net.Http.HttpClient.DeepSeek.LogicalHandler Start processing HTTP request POST https://api.deepseek.com/chat/completions
[09:28:24 INF] System.Net.Http.HttpClient.DeepSeek.LogicalHandler End processing HTTP request after 293.7632ms - 200
[09:28:24 INF] System.Net.Http.HttpClient.DeepSeek.ClientHandler Sending HTTP request POST https://api.deepseek.com/chat/completions
[09:28:24 INF] System.Net.Http.HttpClient.DeepSeek.ClientHandler Received HTTP response headers after 280.9058ms - 200
[09:28:24 INF] System.Net.Http.HttpClient.DeepSeek.LogicalHandler End processing HTTP request after 288.4155ms - 200
[09:28:24 INF] System.Net.Http.HttpClient.DeepSeek.LogicalHandler Start processing HTTP request POST https://api.deepseek.com/chat/completions
[09:28:24 INF] System.Net.Http.HttpClient.DeepSeek.ClientHandler Sending HTTP request POST https://api.deepseek.com/chat/completions
[09:28:24 INF] System.Net.Http.HttpClient.DeepSeek.ClientHandler Received HTTP response headers after 279.0721ms - 200
[09:28:24 INF] System.Net.Http.HttpClient.DeepSeek.LogicalHandler End processing HTTP request after 286.9086ms - 200
[09:28:24 INF] System.Net.Http.HttpClient.DeepSeek.LogicalHandler Start processing HTTP request POST https://api.deepseek.com/chat/completions
[09:28:24 INF] System.Net.Http.HttpClient.DeepSeek.ClientHandler Sending HTTP request POST https://api.deepseek.com/chat/completions
[09:28:24 INF] System.Net.Http.HttpClient.DeepSeek.ClientHandler Received HTTP response headers after 294.1542ms - 200
[09:28:24 INF] System.Net.Http.HttpClient.DeepSeek.LogicalHandler End processing HTTP request after 305.4664ms - 200
[09:28:24 INF] System.Net.Http.HttpClient.DeepSeek.LogicalHandler Start processing HTTP request POST https://api.deepseek.com/chat/completions
[09:28:24 INF] System.Net.Http.HttpClient.DeepSeek.ClientHandler Sending HTTP request POST https://api.deepseek.com/chat/completions
[09:28:24 INF] System.Net.Http.HttpClient.DeepSeek.LogicalHandler Start processing HTTP request POST https://api.deepseek.com/chat/completions
[09:28:24 INF] System.Net.Http.HttpClient.DeepSeek.ClientHandler Sending HTTP request POST https://api.deepseek.com/chat/completions
[09:28:24 INF] System.Net.Http.HttpClient.DeepSeek.ClientHandler Received HTTP response headers after 288.1442ms - 200
[09:28:24 INF] System.Net.Http.HttpClient.DeepSeek.LogicalHandler End processing HTTP request after 295.447ms - 200
[09:28:24 INF] System.Net.Http.HttpClient.DeepSeek.LogicalHandler Start processing HTTP request POST https://api.deepseek.com/chat/completions
[09:28:24 INF] System.Net.Http.HttpClient.DeepSeek.ClientHandler Sending HTTP request POST https://api.deepseek.com/chat/completions
[09:28:24 INF] System.Net.Http.HttpClient.DeepSeek.ClientHandler Received HTTP response headers after 278.6367ms - 200
[09:28:24 INF] System.Net.Http.HttpClient.DeepSeek.LogicalHandler End processing HTTP request after 287.1109ms - 200
[09:28:24 INF] System.Net.Http.HttpClient.DeepSeek.LogicalHandler Start processing HTTP request POST https://api.deepseek.com/chat/completions
[09:28:24 INF] System.Net.Http.HttpClient.DeepSeek.ClientHandler Sending HTTP request POST https://api.deepseek.com/chat/completions
[09:28:24 INF] System.Net.Http.HttpClient.DeepSeek.ClientHandler Received HTTP response headers after 288.6989ms - 200
[09:28:24 INF] System.Net.Http.HttpClient.DeepSeek.LogicalHandler End processing HTTP request after 296.5214ms - 200
[09:28:24 INF] System.Net.Http.HttpClient.DeepSeek.ClientHandler Received HTTP response headers after 282.0512ms - 200
[09:28:24 INF] System.Net.Http.HttpClient.DeepSeek.LogicalHandler End processing HTTP request after 290.408ms - 200
[09:28:25 INF] System.Net.Http.HttpClient.DeepSeek.ClientHandler Received HTTP response headers after 324.9746ms - 200
[09:28:25 INF] System.Net.Http.HttpClient.DeepSeek.LogicalHandler End processing HTTP request after 332.778ms - 200
[09:28:25 INF] System.Net.Http.HttpClient.DeepSeek.LogicalHandler Start processing HTTP request POST https://api.deepseek.com/chat/completions
[09:28:25 INF] System.Net.Http.HttpClient.DeepSeek.ClientHandler Sending HTTP request POST https://api.deepseek.com/chat/completions
[09:28:25 INF] System.Net.Http.HttpClient.DeepSeek.ClientHandler Received HTTP response headers after 278.1326ms - 200
[09:28:25 INF] System.Net.Http.HttpClient.DeepSeek.LogicalHandler End processing HTTP request after 286.1403ms - 200
[09:28:25 INF] System.Net.Http.HttpClient.DeepSeek.LogicalHandler Start processing HTTP request POST https://api.deepseek.com/chat/completions
[09:28:25 INF] System.Net.Http.HttpClient.DeepSeek.ClientHandler Sending HTTP request POST https://api.deepseek.com/chat/completions
[09:28:25 INF] System.Net.Http.HttpClient.DeepSeek.ClientHandler Received HTTP response headers after 311.337ms - 200
[09:28:25 INF] System.Net.Http.HttpClient.DeepSeek.LogicalHandler End processing HTTP request after 319.2569ms - 200
[09:28:25 INF] System.Net.Http.HttpClient.DeepSeek.LogicalHandler Start processing HTTP request POST https://api.deepseek.com/chat/completions
[09:28:25 INF] System.Net.Http.HttpClient.DeepSeek.ClientHandler Sending HTTP request POST https://api.deepseek.com/chat/completions
[09:28:25 INF] System.Net.Http.HttpClient.DeepSeek.LogicalHandler Start processing HTTP request POST https://api.deepseek.com/chat/completions
[09:28:25 INF] System.Net.Http.HttpClient.DeepSeek.ClientHandler Sending HTTP request POST https://api.deepseek.com/chat/completions
[09:28:25 INF] System.Net.Http.HttpClient.DeepSeek.LogicalHandler Start processing HTTP request POST https://api.deepseek.com/chat/completions
[09:28:25 INF] System.Net.Http.HttpClient.DeepSeek.ClientHandler Sending HTTP request POST https://api.deepseek.com/chat/completions
[09:28:25 INF] System.Net.Http.HttpClient.DeepSeek.LogicalHandler Start processing HTTP request POST https://api.deepseek.com/chat/completions
[09:28:25 INF] System.Net.Http.HttpClient.DeepSeek.ClientHandler Sending HTTP request POST https://api.deepseek.com/chat/completions
[09:28:25 INF] System.Net.Http.HttpClient.DeepSeek.ClientHandler Received HTTP response headers after 300.7925ms - 200
[09:28:25 INF] System.Net.Http.HttpClient.DeepSeek.LogicalHandler End processing HTTP request after 309.2533ms - 200
[09:28:25 INF] System.Net.Http.HttpClient.DeepSeek.LogicalHandler Start processing HTTP request POST https://api.deepseek.com/chat/completions
[09:28:25 INF] System.Net.Http.HttpClient.DeepSeek.ClientHandler Received HTTP response headers after 321.4067ms - 200
[09:28:25 INF] System.Net.Http.HttpClient.DeepSeek.ClientHandler Sending HTTP request POST https://api.deepseek.com/chat/completions
[09:28:25 INF] System.Net.Http.HttpClient.DeepSeek.LogicalHandler End processing HTTP request after 332.47ms - 200
[09:28:25 INF] System.Net.Http.HttpClient.DeepSeek.ClientHandler Received HTTP response headers after 301.3986ms - 200
[09:28:25 INF] System.Net.Http.HttpClient.DeepSeek.LogicalHandler End processing HTTP request after 308.9622ms - 200
[09:28:25 INF] System.Net.Http.HttpClient.DeepSeek.LogicalHandler Start processing HTTP request POST https://api.deepseek.com/chat/completions
[09:28:25 INF] System.Net.Http.HttpClient.DeepSeek.ClientHandler Sending HTTP request POST https://api.deepseek.com/chat/completions
[09:28:25 INF] System.Net.Http.HttpClient.DeepSeek.ClientHandler Received HTTP response headers after 302.2503ms - 200
[09:28:25 INF] System.Net.Http.HttpClient.DeepSeek.LogicalHandler End processing HTTP request after 310.6301ms - 200
[09:28:25 INF] System.Net.Http.HttpClient.DeepSeek.ClientHandler Received HTTP response headers after 298.2667ms - 200
[09:28:25 INF] System.Net.Http.HttpClient.DeepSeek.LogicalHandler End processing HTTP request after 306.2631ms - 200
[09:28:26 INF] System.Net.Http.HttpClient.DeepSeek.LogicalHandler Start processing HTTP request POST https://api.deepseek.com/chat/completions
[09:28:26 INF] System.Net.Http.HttpClient.DeepSeek.ClientHandler Sending HTTP request POST https://api.deepseek.com/chat/completions
[09:28:26 INF] System.Net.Http.HttpClient.DeepSeek.LogicalHandler Start processing HTTP request POST https://api.deepseek.com/chat/completions
[09:28:26 INF] System.Net.Http.HttpClient.DeepSeek.ClientHandler Sending HTTP request POST https://api.deepseek.com/chat/completions
[09:28:26 INF] System.Net.Http.HttpClient.DeepSeek.ClientHandler Received HTTP response headers after 345.6471ms - 200
[09:28:26 INF] System.Net.Http.HttpClient.DeepSeek.LogicalHandler End processing HTTP request after 357.289ms - 200
[09:28:26 INF] System.Net.Http.HttpClient.DeepSeek.LogicalHandler Start processing HTTP request POST https://api.deepseek.com/chat/completions
[09:28:26 INF] System.Net.Http.HttpClient.DeepSeek.ClientHandler Sending HTTP request POST https://api.deepseek.com/chat/completions
[09:28:26 INF] System.Net.Http.HttpClient.DeepSeek.ClientHandler Received HTTP response headers after 316.9802ms - 200
[09:28:26 INF] System.Net.Http.HttpClient.DeepSeek.LogicalHandler End processing HTTP request after 326.2795ms - 200
[09:28:26 INF] System.Net.Http.HttpClient.DeepSeek.ClientHandler Received HTTP response headers after 273.6303ms - 200
[09:28:26 INF] System.Net.Http.HttpClient.DeepSeek.LogicalHandler End processing HTTP request after 282.0352ms - 200
[09:28:26 INF] System.Net.Http.HttpClient.DeepSeek.LogicalHandler Start processing HTTP request POST https://api.deepseek.com/chat/completions
[09:28:26 INF] System.Net.Http.HttpClient.DeepSeek.ClientHandler Sending HTTP request POST https://api.deepseek.com/chat/completions
[09:28:26 INF] System.Net.Http.HttpClient.DeepSeek.ClientHandler Received HTTP response headers after 361.0957ms - 200
[09:28:26 INF] System.Net.Http.HttpClient.DeepSeek.LogicalHandler Start processing HTTP request POST https://api.deepseek.com/chat/completions
[09:28:26 INF] System.Net.Http.HttpClient.DeepSeek.LogicalHandler End processing HTTP request after 368.8175ms - 200
[09:28:26 INF] System.Net.Http.HttpClient.DeepSeek.ClientHandler Sending HTTP request POST https://api.deepseek.com/chat/completions
[09:28:26 INF] System.Net.Http.HttpClient.DeepSeek.ClientHandler Received HTTP response headers after 342.5273ms - 200
[09:28:26 INF] System.Net.Http.HttpClient.DeepSeek.LogicalHandler End processing HTTP request after 350.6599ms - 200
[09:28:26 INF] System.Net.Http.HttpClient.DeepSeek.ClientHandler Received HTTP response headers after 291.2302ms - 200
[09:28:26 INF] System.Net.Http.HttpClient.DeepSeek.LogicalHandler End processing HTTP request after 299.8759ms - 200
[09:28:26 INF] System.Net.Http.HttpClient.DeepSeek.ClientHandler Received HTTP response headers after 315.6036ms - 200
[09:28:26 INF] System.Net.Http.HttpClient.DeepSeek.LogicalHandler End processing HTTP request after 328.4121ms - 200
[09:28:26 INF] System.Net.Http.HttpClient.DeepSeek.LogicalHandler Start processing HTTP request POST https://api.deepseek.com/chat/completions
[09:28:26 INF] System.Net.Http.HttpClient.DeepSeek.ClientHandler Sending HTTP request POST https://api.deepseek.com/chat/completions
[09:28:26 INF] System.Net.Http.HttpClient.DeepSeek.LogicalHandler Start processing HTTP request POST https://api.deepseek.com/chat/completions
[09:28:26 INF] System.Net.Http.HttpClient.DeepSeek.ClientHandler Sending HTTP request POST https://api.deepseek.com/chat/completions
[09:28:26 INF] System.Net.Http.HttpClient.DeepSeek.LogicalHandler Start processing HTTP request POST https://api.deepseek.com/chat/completions
[09:28:26 INF] System.Net.Http.HttpClient.DeepSeek.ClientHandler Sending HTTP request POST https://api.deepseek.com/chat/completions
[09:28:27 INF] System.Net.Http.HttpClient.DeepSeek.LogicalHandler Start processing HTTP request POST https://api.deepseek.com/chat/completions
[09:28:27 INF] System.Net.Http.HttpClient.DeepSeek.ClientHandler Sending HTTP request POST https://api.deepseek.com/chat/completions
[09:28:27 INF] System.Net.Http.HttpClient.DeepSeek.ClientHandler Received HTTP response headers after 284.9882ms - 200
[09:28:27 INF] System.Net.Http.HttpClient.DeepSeek.LogicalHandler End processing HTTP request after 293.5917ms - 200
[09:28:27 INF] System.Net.Http.HttpClient.DeepSeek.ClientHandler Received HTTP response headers after 286.8732ms - 200
[09:28:27 INF] System.Net.Http.HttpClient.DeepSeek.LogicalHandler End processing HTTP request after 295.6803ms - 200
[09:28:27 INF] System.Net.Http.HttpClient.DeepSeek.ClientHandler Received HTTP response headers after 278.7795ms - 200
[09:28:27 INF] System.Net.Http.HttpClient.DeepSeek.LogicalHandler End processing HTTP request after 289.2594ms - 200
[09:28:27 INF] System.Net.Http.HttpClient.DeepSeek.ClientHandler Received HTTP response headers after 317.4006ms - 200
[09:28:27 INF] System.Net.Http.HttpClient.DeepSeek.LogicalHandler End processing HTTP request after 325.9885ms - 200
[09:28:27 INF] System.Net.Http.HttpClient.DeepSeek.LogicalHandler Start processing HTTP request POST https://api.deepseek.com/chat/completions
[09:28:27 INF] System.Net.Http.HttpClient.DeepSeek.ClientHandler Sending HTTP request POST https://api.deepseek.com/chat/completions
[09:28:27 INF] System.Net.Http.HttpClient.DeepSeek.LogicalHandler Start processing HTTP request POST https://api.deepseek.com/chat/completions
[09:28:27 INF] System.Net.Http.HttpClient.DeepSeek.ClientHandler Sending HTTP request POST https://api.deepseek.com/chat/completions
[09:28:27 INF] System.Net.Http.HttpClient.DeepSeek.LogicalHandler Start processing HTTP request POST https://api.deepseek.com/chat/completions
[09:28:27 INF] System.Net.Http.HttpClient.DeepSeek.ClientHandler Sending HTTP request POST https://api.deepseek.com/chat/completions
[09:28:27 INF] System.Net.Http.HttpClient.DeepSeek.LogicalHandler Start processing HTTP request POST https://api.deepseek.com/chat/completions
[09:28:27 INF] System.Net.Http.HttpClient.DeepSeek.ClientHandler Sending HTTP request POST https://api.deepseek.com/chat/completions
[09:28:27 INF] System.Net.Http.HttpClient.DeepSeek.ClientHandler Received HTTP response headers after 280.0632ms - 200
[09:28:27 INF] System.Net.Http.HttpClient.DeepSeek.LogicalHandler End processing HTTP request after 289.439ms - 200
[09:28:27 INF] System.Net.Http.HttpClient.DeepSeek.ClientHandler Received HTTP response headers after 277.5943ms - 200
[09:28:27 INF] System.Net.Http.HttpClient.DeepSeek.LogicalHandler End processing HTTP request after 289.6038ms - 200
[09:28:27 INF] System.Net.Http.HttpClient.DeepSeek.LogicalHandler Start processing HTTP request POST https://api.deepseek.com/chat/completions
[09:28:27 INF] System.Net.Http.HttpClient.DeepSeek.ClientHandler Sending HTTP request POST https://api.deepseek.com/chat/completions
[09:28:27 INF] System.Net.Http.HttpClient.DeepSeek.ClientHandler Received HTTP response headers after 292.0865ms - 200
[09:28:27 INF] System.Net.Http.HttpClient.DeepSeek.LogicalHandler End processing HTTP request after 301.3263ms - 200
[09:28:27 INF] System.Net.Http.HttpClient.DeepSeek.LogicalHandler Start processing HTTP request POST https://api.deepseek.com/chat/completions
[09:28:27 INF] System.Net.Http.HttpClient.DeepSeek.ClientHandler Sending HTTP request POST https://api.deepseek.com/chat/completions
[09:28:27 INF] System.Net.Http.HttpClient.DeepSeek.LogicalHandler Start processing HTTP request POST https://api.deepseek.com/chat/completions
[09:28:27 INF] System.Net.Http.HttpClient.DeepSeek.ClientHandler Received HTTP response headers after 350.3979ms - 200
[09:28:27 INF] System.Net.Http.HttpClient.DeepSeek.ClientHandler Sending HTTP request POST https://api.deepseek.com/chat/completions
[09:28:27 INF] System.Net.Http.HttpClient.DeepSeek.LogicalHandler End processing HTTP request after 360.28ms - 200
[09:28:28 INF] System.Net.Http.HttpClient.DeepSeek.LogicalHandler Start processing HTTP request POST https://api.deepseek.com/chat/completions
[09:28:28 INF] System.Net.Http.HttpClient.DeepSeek.ClientHandler Sending HTTP request POST https://api.deepseek.com/chat/completions
[09:28:28 INF] System.Net.Http.HttpClient.DeepSeek.ClientHandler Received HTTP response headers after 284.8927ms - 200
[09:28:28 INF] System.Net.Http.HttpClient.DeepSeek.LogicalHandler End processing HTTP request after 293.5684ms - 200
[09:28:28 INF] System.Net.Http.HttpClient.DeepSeek.ClientHandler Received HTTP response headers after 280.7399ms - 200
[09:28:28 INF] System.Net.Http.HttpClient.DeepSeek.LogicalHandler End processing HTTP request after 292.8595ms - 200
[09:28:28 INF] System.Net.Http.HttpClient.DeepSeek.ClientHandler Received HTTP response headers after 283.0761ms - 200
[09:28:28 INF] System.Net.Http.HttpClient.DeepSeek.LogicalHandler End processing HTTP request after 297.2138ms - 200
[09:28:28 INF] System.Net.Http.HttpClient.DeepSeek.LogicalHandler Start processing HTTP request POST https://api.deepseek.com/chat/completions
[09:28:28 INF] System.Net.Http.HttpClient.DeepSeek.ClientHandler Sending HTTP request POST https://api.deepseek.com/chat/completions
[09:28:28 INF] System.Net.Http.HttpClient.DeepSeek.LogicalHandler Start processing HTTP request POST https://api.deepseek.com/chat/completions
[09:28:28 INF] System.Net.Http.HttpClient.DeepSeek.ClientHandler Sending HTTP request POST https://api.deepseek.com/chat/completions
[09:28:28 INF] System.Net.Http.HttpClient.DeepSeek.LogicalHandler Start processing HTTP request POST https://api.deepseek.com/chat/completions
[09:28:28 INF] System.Net.Http.HttpClient.DeepSeek.ClientHandler Sending HTTP request POST https://api.deepseek.com/chat/completions
[09:28:28 INF] System.Net.Http.HttpClient.DeepSeek.ClientHandler Received HTTP response headers after 283.3587ms - 200
[09:28:28 INF] System.Net.Http.HttpClient.DeepSeek.LogicalHandler End processing HTTP request after 292.5498ms - 200
[09:28:28 INF] System.Net.Http.HttpClient.DeepSeek.ClientHandler Received HTTP response headers after 285.3851ms - 200
[09:28:28 INF] System.Net.Http.HttpClient.DeepSeek.LogicalHandler End processing HTTP request after 295.1906ms - 200
[09:28:28 INF] System.Net.Http.HttpClient.DeepSeek.ClientHandler Received HTTP response headers after 281.5053ms - 200
[09:28:28 INF] System.Net.Http.HttpClient.DeepSeek.LogicalHandler End processing HTTP request after 290.3211ms - 200
[09:28:28 INF] System.Net.Http.HttpClient.DeepSeek.ClientHandler Received HTTP response headers after 292.1867ms - 200
[09:28:28 INF] System.Net.Http.HttpClient.DeepSeek.LogicalHandler End processing HTTP request after 300.3197ms - 200
[09:28:29 INF] System.Net.Http.HttpClient.DeepSeek.LogicalHandler Start processing HTTP request POST https://api.deepseek.com/chat/completions
[09:28:29 INF] System.Net.Http.HttpClient.DeepSeek.ClientHandler Sending HTTP request POST https://api.deepseek.com/chat/completions
[09:28:29 INF] System.Net.Http.HttpClient.DeepSeek.LogicalHandler Start processing HTTP request POST https://api.deepseek.com/chat/completions
[09:28:29 INF] System.Net.Http.HttpClient.DeepSeek.ClientHandler Sending HTTP request POST https://api.deepseek.com/chat/completions
[09:28:29 INF] System.Net.Http.HttpClient.DeepSeek.LogicalHandler Start processing HTTP request POST https://api.deepseek.com/chat/completions
[09:28:29 INF] System.Net.Http.HttpClient.DeepSeek.ClientHandler Sending HTTP request POST https://api.deepseek.com/chat/completions
[09:28:29 INF] System.Net.Http.HttpClient.DeepSeek.LogicalHandler Start processing HTTP request POST https://api.deepseek.com/chat/completions
[09:28:29 INF] System.Net.Http.HttpClient.DeepSeek.ClientHandler Sending HTTP request POST https://api.deepseek.com/chat/completions
[09:28:29 INF] System.Net.Http.HttpClient.DeepSeek.LogicalHandler Start processing HTTP request POST https://api.deepseek.com/chat/completions
[09:28:29 INF] System.Net.Http.HttpClient.DeepSeek.ClientHandler Sending HTTP request POST https://api.deepseek.com/chat/completions
[09:28:29 INF] System.Net.Http.HttpClient.DeepSeek.ClientHandler Received HTTP response headers after 278.9152ms - 200
[09:28:29 INF] System.Net.Http.HttpClient.DeepSeek.LogicalHandler End processing HTTP request after 287.4531ms - 200
[09:28:29 INF] System.Net.Http.HttpClient.DeepSeek.ClientHandler Received HTTP response headers after 280.4727ms - 200
[09:28:29 INF] System.Net.Http.HttpClient.DeepSeek.LogicalHandler End processing HTTP request after 288.623ms - 200
[09:28:29 INF] System.Net.Http.HttpClient.DeepSeek.LogicalHandler Start processing HTTP request POST https://api.deepseek.com/chat/completions
[09:28:29 INF] System.Net.Http.HttpClient.DeepSeek.ClientHandler Sending HTTP request POST https://api.deepseek.com/chat/completions
[09:28:29 INF] System.Net.Http.HttpClient.DeepSeek.ClientHandler Received HTTP response headers after 276.6317ms - 200
[09:28:29 INF] System.Net.Http.HttpClient.DeepSeek.LogicalHandler End processing HTTP request after 284.1939ms - 200
[09:28:29 INF] System.Net.Http.HttpClient.DeepSeek.ClientHandler Received HTTP response headers after 310.461ms - 200
[09:28:29 INF] System.Net.Http.HttpClient.DeepSeek.LogicalHandler End processing HTTP request after 318.6497ms - 200
[09:28:29 INF] System.Net.Http.HttpClient.DeepSeek.LogicalHandler Start processing HTTP request POST https://api.deepseek.com/chat/completions
[09:28:29 INF] System.Net.Http.HttpClient.DeepSeek.ClientHandler Sending HTTP request POST https://api.deepseek.com/chat/completions
[09:28:29 INF] System.Net.Http.HttpClient.DeepSeek.ClientHandler Received HTTP response headers after 286.4221ms - 200
[09:28:29 INF] System.Net.Http.HttpClient.DeepSeek.LogicalHandler End processing HTTP request after 295.8253ms - 200
[09:28:29 INF] System.Net.Http.HttpClient.DeepSeek.LogicalHandler Start processing HTTP request POST https://api.deepseek.com/chat/completions
[09:28:29 INF] System.Net.Http.HttpClient.DeepSeek.ClientHandler Sending HTTP request POST https://api.deepseek.com/chat/completions
[09:28:29 INF] System.Net.Http.HttpClient.DeepSeek.ClientHandler Received HTTP response headers after 273.9149ms - 200
[09:28:29 INF] System.Net.Http.HttpClient.DeepSeek.LogicalHandler End processing HTTP request after 282.3513ms - 200
[09:28:29 INF] System.Net.Http.HttpClient.DeepSeek.ClientHandler Received HTTP response headers after 318.3172ms - 200
[09:28:29 INF] System.Net.Http.HttpClient.DeepSeek.LogicalHandler End processing HTTP request after 327.7853ms - 200
[09:28:29 INF] System.Net.Http.HttpClient.DeepSeek.ClientHandler Received HTTP response headers after 281.3136ms - 200
[09:28:29 INF] System.Net.Http.HttpClient.DeepSeek.LogicalHandler End processing HTTP request after 289.9138ms - 200
[09:28:30 INF] System.Net.Http.HttpClient.DeepSeek.LogicalHandler Start processing HTTP request POST https://api.deepseek.com/chat/completions
[09:28:30 INF] System.Net.Http.HttpClient.DeepSeek.ClientHandler Sending HTTP request POST https://api.deepseek.com/chat/completions
[09:28:30 INF] System.Net.Http.HttpClient.DeepSeek.ClientHandler Received HTTP response headers after 341.1172ms - 200
[09:28:30 INF] System.Net.Http.HttpClient.DeepSeek.LogicalHandler End processing HTTP request after 349.4311ms - 200
[09:28:30 INF] System.Net.Http.HttpClient.DeepSeek.LogicalHandler Start processing HTTP request POST https://api.deepseek.com/chat/completions
[09:28:30 INF] System.Net.Http.HttpClient.DeepSeek.ClientHandler Sending HTTP request POST https://api.deepseek.com/chat/completions
[09:28:31 INF] System.Net.Http.HttpClient.DeepSeek.LogicalHandler Start processing HTTP request POST https://api.deepseek.com/chat/completions
[09:28:31 INF] System.Net.Http.HttpClient.DeepSeek.ClientHandler Sending HTTP request POST https://api.deepseek.com/chat/completions
[09:28:31 INF] System.Net.Http.HttpClient.DeepSeek.ClientHandler Received HTTP response headers after 313.2185ms - 200
[09:28:31 INF] System.Net.Http.HttpClient.DeepSeek.LogicalHandler End processing HTTP request after 320.9449ms - 200
[09:28:31 INF] System.Net.Http.HttpClient.DeepSeek.ClientHandler Received HTTP response headers after 285.9614ms - 200
[09:28:31 INF] System.Net.Http.HttpClient.DeepSeek.LogicalHandler End processing HTTP request after 294.5856ms - 200
[09:28:33 INF] System.Net.Http.HttpClient.DeepSeek.LogicalHandler Start processing HTTP request POST https://api.deepseek.com/chat/completions
[09:28:33 INF] System.Net.Http.HttpClient.DeepSeek.ClientHandler Sending HTTP request POST https://api.deepseek.com/chat/completions
[09:28:33 INF] System.Net.Http.HttpClient.DeepSeek.LogicalHandler Start processing HTTP request POST https://api.deepseek.com/chat/completions
[09:28:33 INF] System.Net.Http.HttpClient.DeepSeek.ClientHandler Sending HTTP request POST https://api.deepseek.com/chat/completions
[09:28:33 INF] System.Net.Http.HttpClient.DeepSeek.ClientHandler Received HTTP response headers after 282.116ms - 200
[09:28:33 INF] System.Net.Http.HttpClient.DeepSeek.LogicalHandler End processing HTTP request after 290.9339ms - 200
[09:28:34 INF] System.Net.Http.HttpClient.DeepSeek.ClientHandler Received HTTP response headers after 287.8659ms - 200
[09:28:34 INF] System.Net.Http.HttpClient.DeepSeek.LogicalHandler End processing HTTP request after 296.6883ms - 200
[09:28:41 INF] System.Net.Http.HttpClient.DeepSeek.LogicalHandler Start processing HTTP request POST https://api.deepseek.com/chat/completions
[09:28:41 INF] System.Net.Http.HttpClient.DeepSeek.ClientHandler Sending HTTP request POST https://api.deepseek.com/chat/completions
[09:28:41 INF] System.Net.Http.HttpClient.DeepSeek.ClientHandler Received HTTP response headers after 296.2445ms - 200
[09:28:41 INF] System.Net.Http.HttpClient.DeepSeek.LogicalHandler End processing HTTP request after 305.0979ms - 200
[09:38:39 INF] Microsoft.Hosting.Lifetime Application is shutting down...
[09:40:26 INF] Microsoft.Hosting.Lifetime Now listening on: http://localhost:5213
[09:40:26 INF] Microsoft.Hosting.Lifetime Application started. Press Ctrl+C to shut down.
[09:40:26 INF] Microsoft.Hosting.Lifetime Hosting environment: Development
[09:40:26 INF] Microsoft.Hosting.Lifetime Content root path: C:\Users\luka.osojnik\Documents\Coding\simple-bloomberg-terminal\simple-bloomberg-terminal
[09:41:06 INF] Microsoft.Hosting.Lifetime Application is shutting down...
[09:43:49 INF] Microsoft.Hosting.Lifetime Now listening on: http://localhost:5213
[09:43:49 INF] Microsoft.Hosting.Lifetime Application started. Press Ctrl+C to shut down.
[09:43:49 INF] Microsoft.Hosting.Lifetime Hosting environment: Development
[09:43:49 INF] Microsoft.Hosting.Lifetime Content root path: C:\Users\luka.osojnik\Documents\Coding\simple-bloomberg-terminal\simple-bloomberg-terminal
[09:43:50 WRN] Microsoft.EntityFrameworkCore.Query Compiling a query which loads related collections for more than one collection navigation, either via 'Include' or through projection, but no 'QuerySplittingBehavior' has been configured. By default, Entity Framework will use 'QuerySplittingBehavior.SingleQuery', which can potentially result in slow query performance. See https://go.microsoft.com/fwlink/?linkid=2134277 for more information. To identify the query that's triggering this warning call 'ConfigureWarnings(w => w.Throw(RelationalEventId.MultipleCollectionIncludeWarning))'.
[09:43:59 WRN] LuckyPennySoftware.AutoMapper.License You do not have a valid license key for the Lucky Penny software AutoMapper. This is allowed for development and testing scenarios. If you are running in production you are required to have a licensed version. Please visit https://luckypennysoftware.com to obtain a valid license.
[09:43:59 INF] System.Net.Http.HttpClient.IStockApiClient.LogicalHandler Start processing HTTP request GET https://data.sec.gov/submissions/CIK0001375365.json
[09:43:59 INF] System.Net.Http.HttpClient.IStockApiClient.ClientHandler Sending HTTP request GET https://data.sec.gov/submissions/CIK0001375365.json
[09:43:59 INF] System.Net.Http.HttpClient.IStockApiClient.ClientHandler Received HTTP response headers after 287.7276ms - 200
[09:43:59 INF] System.Net.Http.HttpClient.IStockApiClient.LogicalHandler End processing HTTP request after 312.8032ms - 200
[09:44:07 INF] System.Net.Http.HttpClient.IStockApiClient.LogicalHandler Start processing HTTP request GET https://www.sec.gov/Archives/edgar/data/1375365/000137536525000027/smci-20250630.htm
[09:44:07 INF] System.Net.Http.HttpClient.IStockApiClient.ClientHandler Sending HTTP request GET https://www.sec.gov/Archives/edgar/data/1375365/000137536525000027/smci-20250630.htm
[09:44:07 INF] System.Net.Http.HttpClient.IStockApiClient.ClientHandler Received HTTP response headers after 201.4764ms - 200
[09:44:07 INF] System.Net.Http.HttpClient.IStockApiClient.LogicalHandler End processing HTTP request after 217.2415ms - 200
[09:44:08 INF] System.Net.Http.HttpClient.IStockApiClient.LogicalHandler Start processing HTTP request GET https://www.sec.gov/Archives/edgar/data/1375365/000137536525000027/FilingSummary.xml
[09:44:08 INF] System.Net.Http.HttpClient.IStockApiClient.ClientHandler Sending HTTP request GET https://www.sec.gov/Archives/edgar/data/1375365/000137536525000027/FilingSummary.xml
[09:44:08 INF] System.Net.Http.HttpClient.IStockApiClient.ClientHandler Received HTTP response headers after 31.306ms - 200
[09:44:08 INF] System.Net.Http.HttpClient.IStockApiClient.LogicalHandler End processing HTTP request after 41.3645ms - 200
[09:44:08 INF] System.Net.Http.HttpClient.IStockApiClient.LogicalHandler Start processing HTTP request GET https://www.sec.gov/Archives/edgar/data/1375365/000137536525000027/R5.htm
[09:44:08 INF] System.Net.Http.HttpClient.IStockApiClient.ClientHandler Sending HTTP request GET https://www.sec.gov/Archives/edgar/data/1375365/000137536525000027/R5.htm
[09:44:08 INF] System.Net.Http.HttpClient.IStockApiClient.ClientHandler Received HTTP response headers after 64.2923ms - 200
[09:44:08 INF] System.Net.Http.HttpClient.IStockApiClient.LogicalHandler End processing HTTP request after 73.7005ms - 200
[09:44:08 INF] System.Net.Http.HttpClient.IStockApiClient.LogicalHandler Start processing HTTP request GET https://www.sec.gov/Archives/edgar/data/1375365/000137536525000027/R48.htm
[09:44:08 INF] System.Net.Http.HttpClient.IStockApiClient.ClientHandler Sending HTTP request GET https://www.sec.gov/Archives/edgar/data/1375365/000137536525000027/R48.htm
[09:44:08 INF] System.Net.Http.HttpClient.IStockApiClient.ClientHandler Received HTTP response headers after 33.4098ms - 200
[09:44:08 INF] System.Net.Http.HttpClient.IStockApiClient.LogicalHandler End processing HTTP request after 42.5714ms - 200
[09:44:08 INF] System.Net.Http.HttpClient.IStockApiClient.LogicalHandler Start processing HTTP request GET https://www.sec.gov/Archives/edgar/data/1375365/000137536525000027/R81.htm
[09:44:08 INF] System.Net.Http.HttpClient.IStockApiClient.ClientHandler Sending HTTP request GET https://www.sec.gov/Archives/edgar/data/1375365/000137536525000027/R81.htm
[09:44:08 INF] System.Net.Http.HttpClient.IStockApiClient.ClientHandler Received HTTP response headers after 52.7393ms - 200
[09:44:08 INF] System.Net.Http.HttpClient.IStockApiClient.LogicalHandler End processing HTTP request after 61.7281ms - 200
[09:44:08 INF] System.Net.Http.HttpClient.IStockApiClient.LogicalHandler Start processing HTTP request GET https://www.sec.gov/Archives/edgar/data/1375365/000137536525000027/R92.htm
[09:44:08 INF] System.Net.Http.HttpClient.IStockApiClient.ClientHandler Sending HTTP request GET https://www.sec.gov/Archives/edgar/data/1375365/000137536525000027/R92.htm
[09:44:08 INF] System.Net.Http.HttpClient.IStockApiClient.ClientHandler Received HTTP response headers after 25.2339ms - 200
[09:44:08 INF] System.Net.Http.HttpClient.IStockApiClient.LogicalHandler End processing HTTP request after 34.5908ms - 200
[09:44:08 INF] System.Net.Http.HttpClient.IStockApiClient.LogicalHandler Start processing HTTP request GET https://www.sec.gov/Archives/edgar/data/1375365/000137536525000027/R107.htm
[09:44:08 INF] System.Net.Http.HttpClient.IStockApiClient.ClientHandler Sending HTTP request GET https://www.sec.gov/Archives/edgar/data/1375365/000137536525000027/R107.htm
[09:44:08 INF] System.Net.Http.HttpClient.IStockApiClient.ClientHandler Received HTTP response headers after 22.7504ms - 200
[09:44:08 INF] System.Net.Http.HttpClient.IStockApiClient.LogicalHandler End processing HTTP request after 32.2697ms - 200
[09:44:08 INF] System.Net.Http.HttpClient.IStockApiClient.LogicalHandler Start processing HTTP request GET https://www.sec.gov/Archives/edgar/data/1375365/000137536525000027/R108.htm
[09:44:08 INF] System.Net.Http.HttpClient.IStockApiClient.ClientHandler Sending HTTP request GET https://www.sec.gov/Archives/edgar/data/1375365/000137536525000027/R108.htm
[09:44:08 INF] System.Net.Http.HttpClient.IStockApiClient.ClientHandler Received HTTP response headers after 67.8864ms - 200
[09:44:08 INF] System.Net.Http.HttpClient.IStockApiClient.LogicalHandler End processing HTTP request after 76.5635ms - 200
[09:44:08 INF] System.Net.Http.HttpClient.DeepSeek.LogicalHandler Start processing HTTP request POST https://api.deepseek.com/chat/completions
[09:44:08 INF] System.Net.Http.HttpClient.DeepSeek.ClientHandler Sending HTTP request POST https://api.deepseek.com/chat/completions
[09:44:08 INF] System.Net.Http.HttpClient.DeepSeek.LogicalHandler Start processing HTTP request POST https://api.deepseek.com/chat/completions
[09:44:08 INF] System.Net.Http.HttpClient.DeepSeek.ClientHandler Sending HTTP request POST https://api.deepseek.com/chat/completions
[09:44:08 INF] System.Net.Http.HttpClient.DeepSeek.LogicalHandler Start processing HTTP request POST https://api.deepseek.com/chat/completions
[09:44:08 INF] System.Net.Http.HttpClient.DeepSeek.ClientHandler Sending HTTP request POST https://api.deepseek.com/chat/completions
[09:44:08 INF] System.Net.Http.HttpClient.DeepSeek.LogicalHandler Start processing HTTP request POST https://api.deepseek.com/chat/completions
[09:44:08 INF] System.Net.Http.HttpClient.DeepSeek.ClientHandler Sending HTTP request POST https://api.deepseek.com/chat/completions
[09:44:08 INF] System.Net.Http.HttpClient.DeepSeek.LogicalHandler Start processing HTTP request POST https://api.deepseek.com/chat/completions
[09:44:08 INF] System.Net.Http.HttpClient.DeepSeek.ClientHandler Sending HTTP request POST https://api.deepseek.com/chat/completions
[09:44:08 INF] System.Net.Http.HttpClient.DeepSeek.LogicalHandler Start processing HTTP request POST https://api.deepseek.com/chat/completions
[09:44:08 INF] System.Net.Http.HttpClient.DeepSeek.ClientHandler Sending HTTP request POST https://api.deepseek.com/chat/completions
[09:44:09 INF] System.Net.Http.HttpClient.DeepSeek.ClientHandler Received HTTP response headers after 364.0202ms - 200
[09:44:09 INF] System.Net.Http.HttpClient.DeepSeek.LogicalHandler End processing HTTP request after 374.1516ms - 200
[09:44:09 INF] System.Net.Http.HttpClient.DeepSeek.ClientHandler Received HTTP response headers after 362.2926ms - 200
[09:44:09 INF] System.Net.Http.HttpClient.DeepSeek.LogicalHandler End processing HTTP request after 372.718ms - 200
[09:44:09 INF] System.Net.Http.HttpClient.DeepSeek.ClientHandler Received HTTP response headers after 390.4286ms - 200
[09:44:09 INF] System.Net.Http.HttpClient.DeepSeek.LogicalHandler End processing HTTP request after 399.8932ms - 200
[09:44:09 INF] System.Net.Http.HttpClient.DeepSeek.ClientHandler Received HTTP response headers after 405.0076ms - 200
[09:44:09 INF] System.Net.Http.HttpClient.DeepSeek.LogicalHandler End processing HTTP request after 414.6393ms - 200
[09:44:09 INF] System.Net.Http.HttpClient.DeepSeek.ClientHandler Received HTTP response headers after 747.117ms - 200
[09:44:09 INF] System.Net.Http.HttpClient.DeepSeek.LogicalHandler End processing HTTP request after 757.3735ms - 200
[09:44:09 INF] System.Net.Http.HttpClient.DeepSeek.ClientHandler Received HTTP response headers after 764.0991ms - 200
[09:44:09 INF] System.Net.Http.HttpClient.DeepSeek.LogicalHandler End processing HTTP request after 773.9317ms - 200
[09:44:10 INF] System.Net.Http.HttpClient.DeepSeek.LogicalHandler Start processing HTTP request POST https://api.deepseek.com/chat/completions
[09:44:10 INF] System.Net.Http.HttpClient.DeepSeek.ClientHandler Sending HTTP request POST https://api.deepseek.com/chat/completions
[09:44:10 INF] System.Net.Http.HttpClient.DeepSeek.LogicalHandler Start processing HTTP request POST https://api.deepseek.com/chat/completions
[09:44:10 INF] System.Net.Http.HttpClient.DeepSeek.ClientHandler Sending HTTP request POST https://api.deepseek.com/chat/completions
[09:44:10 INF] System.Net.Http.HttpClient.DeepSeek.ClientHandler Received HTTP response headers after 273.6597ms - 200
[09:44:10 INF] System.Net.Http.HttpClient.DeepSeek.LogicalHandler End processing HTTP request after 282.0103ms - 200
[09:44:10 INF] System.Net.Http.HttpClient.DeepSeek.ClientHandler Received HTTP response headers after 272.3619ms - 200
[09:44:10 INF] System.Net.Http.HttpClient.DeepSeek.LogicalHandler End processing HTTP request after 281.3157ms - 200
[09:44:12 INF] System.Net.Http.HttpClient.DeepSeek.LogicalHandler Start processing HTTP request POST https://api.deepseek.com/chat/completions
[09:44:12 INF] System.Net.Http.HttpClient.DeepSeek.ClientHandler Sending HTTP request POST https://api.deepseek.com/chat/completions
[09:44:12 INF] System.Net.Http.HttpClient.DeepSeek.ClientHandler Received HTTP response headers after 276.3714ms - 200
[09:44:12 INF] System.Net.Http.HttpClient.DeepSeek.LogicalHandler End processing HTTP request after 285.5734ms - 200
[09:44:12 INF] System.Net.Http.HttpClient.DeepSeek.LogicalHandler Start processing HTTP request POST https://api.deepseek.com/chat/completions
[09:44:12 INF] System.Net.Http.HttpClient.DeepSeek.ClientHandler Sending HTTP request POST https://api.deepseek.com/chat/completions
[09:44:12 INF] System.Net.Http.HttpClient.DeepSeek.ClientHandler Received HTTP response headers after 275.7043ms - 200
[09:44:12 INF] System.Net.Http.HttpClient.DeepSeek.LogicalHandler End processing HTTP request after 283.8384ms - 200
[09:44:13 INF] System.Net.Http.HttpClient.DeepSeek.LogicalHandler Start processing HTTP request POST https://api.deepseek.com/chat/completions
[09:44:13 INF] System.Net.Http.HttpClient.DeepSeek.ClientHandler Sending HTTP request POST https://api.deepseek.com/chat/completions
[09:44:13 INF] System.Net.Http.HttpClient.DeepSeek.ClientHandler Received HTTP response headers after 281.0051ms - 200
[09:44:13 INF] System.Net.Http.HttpClient.DeepSeek.LogicalHandler End processing HTTP request after 289.1719ms - 200
[09:44:13 INF] System.Net.Http.HttpClient.DeepSeek.LogicalHandler Start processing HTTP request POST https://api.deepseek.com/chat/completions
[09:44:13 INF] System.Net.Http.HttpClient.DeepSeek.ClientHandler Sending HTTP request POST https://api.deepseek.com/chat/completions
[09:44:13 INF] System.Net.Http.HttpClient.DeepSeek.LogicalHandler Start processing HTTP request POST https://api.deepseek.com/chat/completions
[09:44:13 INF] System.Net.Http.HttpClient.DeepSeek.ClientHandler Sending HTTP request POST https://api.deepseek.com/chat/completions
[09:44:14 INF] System.Net.Http.HttpClient.DeepSeek.ClientHandler Received HTTP response headers after 302.9872ms - 200
[09:44:14 INF] System.Net.Http.HttpClient.DeepSeek.LogicalHandler End processing HTTP request after 311.825ms - 200
[09:44:14 INF] System.Net.Http.HttpClient.DeepSeek.ClientHandler Received HTTP response headers after 284.0036ms - 200
[09:44:14 INF] System.Net.Http.HttpClient.DeepSeek.LogicalHandler End processing HTTP request after 292.4498ms - 200
[09:44:14 INF] System.Net.Http.HttpClient.DeepSeek.LogicalHandler Start processing HTTP request POST https://api.deepseek.com/chat/completions
[09:44:14 INF] System.Net.Http.HttpClient.DeepSeek.ClientHandler Sending HTTP request POST https://api.deepseek.com/chat/completions
[09:44:14 INF] System.Net.Http.HttpClient.DeepSeek.ClientHandler Received HTTP response headers after 280.9702ms - 200
[09:44:14 INF] System.Net.Http.HttpClient.DeepSeek.LogicalHandler End processing HTTP request after 290.6618ms - 200
[09:44:14 INF] System.Net.Http.HttpClient.DeepSeek.LogicalHandler Start processing HTTP request POST https://api.deepseek.com/chat/completions
[09:44:14 INF] System.Net.Http.HttpClient.DeepSeek.ClientHandler Sending HTTP request POST https://api.deepseek.com/chat/completions
[09:44:15 INF] System.Net.Http.HttpClient.DeepSeek.LogicalHandler Start processing HTTP request POST https://api.deepseek.com/chat/completions
[09:44:15 INF] System.Net.Http.HttpClient.DeepSeek.ClientHandler Sending HTTP request POST https://api.deepseek.com/chat/completions
[09:44:15 INF] System.Net.Http.HttpClient.DeepSeek.ClientHandler Received HTTP response headers after 296.8564ms - 200
[09:44:15 INF] System.Net.Http.HttpClient.DeepSeek.LogicalHandler End processing HTTP request after 304.9559ms - 200
[09:44:15 INF] System.Net.Http.HttpClient.DeepSeek.ClientHandler Received HTTP response headers after 286.4589ms - 200
[09:44:15 INF] System.Net.Http.HttpClient.DeepSeek.LogicalHandler End processing HTTP request after 295.3367ms - 200
[09:44:15 INF] System.Net.Http.HttpClient.DeepSeek.LogicalHandler Start processing HTTP request POST https://api.deepseek.com/chat/completions
[09:44:15 INF] System.Net.Http.HttpClient.DeepSeek.ClientHandler Sending HTTP request POST https://api.deepseek.com/chat/completions
[09:44:15 INF] System.Net.Http.HttpClient.DeepSeek.LogicalHandler Start processing HTTP request POST https://api.deepseek.com/chat/completions
[09:44:15 INF] System.Net.Http.HttpClient.DeepSeek.ClientHandler Sending HTTP request POST https://api.deepseek.com/chat/completions
[09:44:15 INF] System.Net.Http.HttpClient.DeepSeek.LogicalHandler Start processing HTTP request POST https://api.deepseek.com/chat/completions
[09:44:15 INF] System.Net.Http.HttpClient.DeepSeek.ClientHandler Sending HTTP request POST https://api.deepseek.com/chat/completions
[09:44:15 INF] System.Net.Http.HttpClient.DeepSeek.ClientHandler Received HTTP response headers after 285.7937ms - 200
[09:44:15 INF] System.Net.Http.HttpClient.DeepSeek.LogicalHandler End processing HTTP request after 294.027ms - 200
[09:44:15 INF] System.Net.Http.HttpClient.DeepSeek.ClientHandler Received HTTP response headers after 278.4909ms - 200
[09:44:15 INF] System.Net.Http.HttpClient.DeepSeek.LogicalHandler End processing HTTP request after 286.598ms - 200
[09:44:16 INF] System.Net.Http.HttpClient.DeepSeek.ClientHandler Received HTTP response headers after 278.5996ms - 200
[09:44:16 INF] System.Net.Http.HttpClient.DeepSeek.LogicalHandler End processing HTTP request after 286.8618ms - 200
[09:44:16 INF] System.Net.Http.HttpClient.DeepSeek.LogicalHandler Start processing HTTP request POST https://api.deepseek.com/chat/completions
[09:44:16 INF] System.Net.Http.HttpClient.DeepSeek.ClientHandler Sending HTTP request POST https://api.deepseek.com/chat/completions
[09:44:16 INF] System.Net.Http.HttpClient.DeepSeek.LogicalHandler Start processing HTTP request POST https://api.deepseek.com/chat/completions
[09:44:16 INF] System.Net.Http.HttpClient.DeepSeek.ClientHandler Sending HTTP request POST https://api.deepseek.com/chat/completions
[09:44:16 INF] System.Net.Http.HttpClient.DeepSeek.ClientHandler Received HTTP response headers after 290.6576ms - 200
[09:44:16 INF] System.Net.Http.HttpClient.DeepSeek.LogicalHandler End processing HTTP request after 298.8881ms - 200
[09:44:17 INF] System.Net.Http.HttpClient.DeepSeek.ClientHandler Received HTTP response headers after 300.5251ms - 200
[09:44:17 INF] System.Net.Http.HttpClient.DeepSeek.LogicalHandler End processing HTTP request after 309.519ms - 200
[09:44:17 INF] System.Net.Http.HttpClient.DeepSeek.LogicalHandler Start processing HTTP request POST https://api.deepseek.com/chat/completions
[09:44:17 INF] System.Net.Http.HttpClient.DeepSeek.ClientHandler Sending HTTP request POST https://api.deepseek.com/chat/completions
[09:44:17 INF] System.Net.Http.HttpClient.DeepSeek.ClientHandler Received HTTP response headers after 289.7373ms - 200
[09:44:17 INF] System.Net.Http.HttpClient.DeepSeek.LogicalHandler End processing HTTP request after 298.0724ms - 200
[09:44:17 INF] System.Net.Http.HttpClient.DeepSeek.LogicalHandler Start processing HTTP request POST https://api.deepseek.com/chat/completions
[09:44:17 INF] System.Net.Http.HttpClient.DeepSeek.ClientHandler Sending HTTP request POST https://api.deepseek.com/chat/completions
[09:44:17 INF] System.Net.Http.HttpClient.DeepSeek.ClientHandler Received HTTP response headers after 289.2061ms - 200
[09:44:17 INF] System.Net.Http.HttpClient.DeepSeek.LogicalHandler End processing HTTP request after 297.1183ms - 200
[09:44:18 INF] System.Net.Http.HttpClient.DeepSeek.LogicalHandler Start processing HTTP request POST https://api.deepseek.com/chat/completions
[09:44:18 INF] System.Net.Http.HttpClient.DeepSeek.ClientHandler Sending HTTP request POST https://api.deepseek.com/chat/completions
[09:44:18 INF] System.Net.Http.HttpClient.DeepSeek.ClientHandler Received HTTP response headers after 288.1212ms - 200
[09:44:18 INF] System.Net.Http.HttpClient.DeepSeek.LogicalHandler End processing HTTP request after 295.962ms - 200
[09:44:18 INF] System.Net.Http.HttpClient.DeepSeek.LogicalHandler Start processing HTTP request POST https://api.deepseek.com/chat/completions
[09:44:18 INF] System.Net.Http.HttpClient.DeepSeek.ClientHandler Sending HTTP request POST https://api.deepseek.com/chat/completions
[09:44:18 INF] System.Net.Http.HttpClient.DeepSeek.LogicalHandler Start processing HTTP request POST https://api.deepseek.com/chat/completions
[09:44:18 INF] System.Net.Http.HttpClient.DeepSeek.ClientHandler Sending HTTP request POST https://api.deepseek.com/chat/completions
[09:44:19 INF] System.Net.Http.HttpClient.DeepSeek.ClientHandler Received HTTP response headers after 296.5221ms - 200
[09:44:19 INF] System.Net.Http.HttpClient.DeepSeek.LogicalHandler End processing HTTP request after 304.7147ms - 200
[09:44:19 INF] System.Net.Http.HttpClient.DeepSeek.ClientHandler Received HTTP response headers after 632.7309ms - 200
[09:44:19 INF] System.Net.Http.HttpClient.DeepSeek.LogicalHandler End processing HTTP request after 640.7376ms - 200
[09:44:19 INF] System.Net.Http.HttpClient.DeepSeek.LogicalHandler Start processing HTTP request POST https://api.deepseek.com/chat/completions
[09:44:19 INF] System.Net.Http.HttpClient.DeepSeek.ClientHandler Sending HTTP request POST https://api.deepseek.com/chat/completions
[09:44:20 INF] System.Net.Http.HttpClient.DeepSeek.ClientHandler Received HTTP response headers after 284.2383ms - 200
[09:44:20 INF] System.Net.Http.HttpClient.DeepSeek.LogicalHandler End processing HTTP request after 292.3763ms - 200
[09:44:20 INF] System.Net.Http.HttpClient.DeepSeek.LogicalHandler Start processing HTTP request POST https://api.deepseek.com/chat/completions
[09:44:20 INF] System.Net.Http.HttpClient.DeepSeek.ClientHandler Sending HTTP request POST https://api.deepseek.com/chat/completions
[09:44:20 INF] System.Net.Http.HttpClient.DeepSeek.LogicalHandler Start processing HTTP request POST https://api.deepseek.com/chat/completions
[09:44:20 INF] System.Net.Http.HttpClient.DeepSeek.ClientHandler Sending HTTP request POST https://api.deepseek.com/chat/completions
[09:44:20 INF] System.Net.Http.HttpClient.DeepSeek.ClientHandler Received HTTP response headers after 291.6491ms - 200
[09:44:20 INF] System.Net.Http.HttpClient.DeepSeek.LogicalHandler End processing HTTP request after 299.3967ms - 200
[09:44:20 INF] System.Net.Http.HttpClient.DeepSeek.ClientHandler Received HTTP response headers after 319.307ms - 200
[09:44:20 INF] System.Net.Http.HttpClient.DeepSeek.LogicalHandler End processing HTTP request after 327.4107ms - 200
[09:44:20 INF] System.Net.Http.HttpClient.DeepSeek.LogicalHandler Start processing HTTP request POST https://api.deepseek.com/chat/completions
[09:44:20 INF] System.Net.Http.HttpClient.DeepSeek.ClientHandler Sending HTTP request POST https://api.deepseek.com/chat/completions
[09:44:20 INF] System.Net.Http.HttpClient.DeepSeek.LogicalHandler Start processing HTTP request POST https://api.deepseek.com/chat/completions
[09:44:20 INF] System.Net.Http.HttpClient.DeepSeek.ClientHandler Sending HTTP request POST https://api.deepseek.com/chat/completions
[09:44:21 INF] System.Net.Http.HttpClient.DeepSeek.ClientHandler Received HTTP response headers after 287.7032ms - 200
[09:44:21 INF] System.Net.Http.HttpClient.DeepSeek.LogicalHandler End processing HTTP request after 295.3685ms - 200
[09:44:21 INF] System.Net.Http.HttpClient.DeepSeek.ClientHandler Received HTTP response headers after 357.1007ms - 200
[09:44:21 INF] System.Net.Http.HttpClient.DeepSeek.LogicalHandler End processing HTTP request after 365.1169ms - 200
[09:44:21 INF] System.Net.Http.HttpClient.DeepSeek.LogicalHandler Start processing HTTP request POST https://api.deepseek.com/chat/completions
[09:44:21 INF] System.Net.Http.HttpClient.DeepSeek.ClientHandler Sending HTTP request POST https://api.deepseek.com/chat/completions
[09:44:22 INF] System.Net.Http.HttpClient.DeepSeek.ClientHandler Received HTTP response headers after 300.9699ms - 200
[09:44:22 INF] System.Net.Http.HttpClient.DeepSeek.LogicalHandler End processing HTTP request after 308.7539ms - 200
[09:44:22 INF] System.Net.Http.HttpClient.DeepSeek.LogicalHandler Start processing HTTP request POST https://api.deepseek.com/chat/completions
[09:44:22 INF] System.Net.Http.HttpClient.DeepSeek.ClientHandler Sending HTTP request POST https://api.deepseek.com/chat/completions
[09:44:22 INF] System.Net.Http.HttpClient.DeepSeek.LogicalHandler Start processing HTTP request POST https://api.deepseek.com/chat/completions
[09:44:22 INF] System.Net.Http.HttpClient.DeepSeek.ClientHandler Sending HTTP request POST https://api.deepseek.com/chat/completions
[09:44:22 INF] System.Net.Http.HttpClient.DeepSeek.ClientHandler Received HTTP response headers after 281.1412ms - 200
[09:44:22 INF] System.Net.Http.HttpClient.DeepSeek.LogicalHandler End processing HTTP request after 288.8273ms - 200
[09:44:23 INF] System.Net.Http.HttpClient.DeepSeek.ClientHandler Received HTTP response headers after 272.7939ms - 200
[09:44:23 INF] System.Net.Http.HttpClient.DeepSeek.LogicalHandler End processing HTTP request after 280.7287ms - 200
[09:44:37 INF] System.Net.Http.HttpClient.IStockApiClient.LogicalHandler Start processing HTTP request GET https://data.sec.gov/api/xbrl/companyfacts/CIK0001375365.json
[09:44:37 INF] System.Net.Http.HttpClient.IStockApiClient.ClientHandler Sending HTTP request GET https://data.sec.gov/api/xbrl/companyfacts/CIK0001375365.json
[09:44:37 INF] System.Net.Http.HttpClient.IStockApiClient.ClientHandler Received HTTP response headers after 146.692ms - 200
[09:44:37 INF] System.Net.Http.HttpClient.IStockApiClient.LogicalHandler End processing HTTP request after 155.9476ms - 200
[09:44:37 INF] System.Net.Http.HttpClient.IStockApiClient.LogicalHandler Start processing HTTP request GET https://data.sec.gov/submissions/CIK0001375365.json
[09:44:37 INF] System.Net.Http.HttpClient.IStockApiClient.ClientHandler Sending HTTP request GET https://data.sec.gov/submissions/CIK0001375365.json
[09:44:38 INF] System.Net.Http.HttpClient.IStockApiClient.ClientHandler Received HTTP response headers after 168.2951ms - 200
[09:44:38 INF] System.Net.Http.HttpClient.IStockApiClient.LogicalHandler End processing HTTP request after 177.1249ms - 200
[09:44:38 INF] System.Net.Http.HttpClient.IStockApiClient.LogicalHandler Start processing HTTP request GET https://www.sec.gov/Archives/edgar/data/1375365/000137536525000027/index.json
[09:44:38 INF] System.Net.Http.HttpClient.IStockApiClient.ClientHandler Sending HTTP request GET https://www.sec.gov/Archives/edgar/data/1375365/000137536525000027/index.json
[09:44:38 INF] System.Net.Http.HttpClient.IStockApiClient.ClientHandler Received HTTP response headers after 64.559ms - 200
[09:44:38 INF] System.Net.Http.HttpClient.IStockApiClient.LogicalHandler End processing HTTP request after 74.3201ms - 200
[09:44:38 INF] System.Net.Http.HttpClient.IStockApiClient.LogicalHandler Start processing HTTP request GET https://www.sec.gov/Archives/edgar/data/1375365/000137536525000027/smci-20250630_htm.xml
[09:44:38 INF] System.Net.Http.HttpClient.IStockApiClient.ClientHandler Sending HTTP request GET https://www.sec.gov/Archives/edgar/data/1375365/000137536525000027/smci-20250630_htm.xml
[09:44:38 INF] System.Net.Http.HttpClient.IStockApiClient.ClientHandler Received HTTP response headers after 50.5417ms - 200
[09:44:38 INF] System.Net.Http.HttpClient.IStockApiClient.LogicalHandler End processing HTTP request after 59.0019ms - 200
[09:44:41 INF] System.Net.Http.HttpClient.DeepSeek.LogicalHandler Start processing HTTP request POST https://api.deepseek.com/chat/completions
[09:44:41 INF] System.Net.Http.HttpClient.DeepSeek.ClientHandler Sending HTTP request POST https://api.deepseek.com/chat/completions
[09:44:42 INF] System.Net.Http.HttpClient.DeepSeek.ClientHandler Received HTTP response headers after 402.0036ms - 200
[09:44:42 INF] System.Net.Http.HttpClient.DeepSeek.LogicalHandler End processing HTTP request after 410.9949ms - 200
[09:45:30 INF] System.Net.Http.HttpClient.DeepSeek.LogicalHandler Start processing HTTP request POST https://api.deepseek.com/chat/completions
[09:45:30 INF] System.Net.Http.HttpClient.DeepSeek.ClientHandler Sending HTTP request POST https://api.deepseek.com/chat/completions
[09:45:30 INF] System.Net.Http.HttpClient.DeepSeek.LogicalHandler Start processing HTTP request POST https://api.deepseek.com/chat/completions
[09:45:30 INF] System.Net.Http.HttpClient.DeepSeek.ClientHandler Sending HTTP request POST https://api.deepseek.com/chat/completions
[09:45:30 INF] System.Net.Http.HttpClient.DeepSeek.LogicalHandler Start processing HTTP request POST https://api.deepseek.com/chat/completions
[09:45:30 INF] System.Net.Http.HttpClient.DeepSeek.ClientHandler Sending HTTP request POST https://api.deepseek.com/chat/completions
[09:45:30 INF] System.Net.Http.HttpClient.DeepSeek.LogicalHandler Start processing HTTP request POST https://api.deepseek.com/chat/completions
[09:45:30 INF] System.Net.Http.HttpClient.DeepSeek.ClientHandler Sending HTTP request POST https://api.deepseek.com/chat/completions
[09:45:30 INF] System.Net.Http.HttpClient.DeepSeek.LogicalHandler Start processing HTTP request POST https://api.deepseek.com/chat/completions
[09:45:30 INF] System.Net.Http.HttpClient.DeepSeek.ClientHandler Sending HTTP request POST https://api.deepseek.com/chat/completions
[09:45:30 INF] System.Net.Http.HttpClient.DeepSeek.LogicalHandler Start processing HTTP request POST https://api.deepseek.com/chat/completions
[09:45:30 INF] System.Net.Http.HttpClient.DeepSeek.ClientHandler Sending HTTP request POST https://api.deepseek.com/chat/completions
[09:45:30 INF] System.Net.Http.HttpClient.DeepSeek.LogicalHandler Start processing HTTP request POST https://api.deepseek.com/chat/completions
[09:45:30 INF] System.Net.Http.HttpClient.DeepSeek.ClientHandler Sending HTTP request POST https://api.deepseek.com/chat/completions
[09:45:30 INF] System.Net.Http.HttpClient.DeepSeek.LogicalHandler Start processing HTTP request POST https://api.deepseek.com/chat/completions
[09:45:30 INF] System.Net.Http.HttpClient.DeepSeek.ClientHandler Sending HTTP request POST https://api.deepseek.com/chat/completions
[09:45:30 INF] System.Net.Http.HttpClient.DeepSeek.LogicalHandler Start processing HTTP request POST https://api.deepseek.com/chat/completions
[09:45:30 INF] System.Net.Http.HttpClient.DeepSeek.ClientHandler Sending HTTP request POST https://api.deepseek.com/chat/completions
[09:45:30 INF] System.Net.Http.HttpClient.DeepSeek.LogicalHandler Start processing HTTP request POST https://api.deepseek.com/chat/completions
[09:45:30 INF] System.Net.Http.HttpClient.DeepSeek.ClientHandler Sending HTTP request POST https://api.deepseek.com/chat/completions
[09:45:30 INF] System.Net.Http.HttpClient.DeepSeek.LogicalHandler Start processing HTTP request POST https://api.deepseek.com/chat/completions
[09:45:30 INF] System.Net.Http.HttpClient.DeepSeek.ClientHandler Sending HTTP request POST https://api.deepseek.com/chat/completions
[09:45:30 INF] System.Net.Http.HttpClient.DeepSeek.LogicalHandler Start processing HTTP request POST https://api.deepseek.com/chat/completions
[09:45:30 INF] System.Net.Http.HttpClient.DeepSeek.ClientHandler Sending HTTP request POST https://api.deepseek.com/chat/completions
[09:45:30 INF] System.Net.Http.HttpClient.DeepSeek.LogicalHandler Start processing HTTP request POST https://api.deepseek.com/chat/completions
[09:45:30 INF] System.Net.Http.HttpClient.DeepSeek.ClientHandler Sending HTTP request POST https://api.deepseek.com/chat/completions
[09:45:30 INF] System.Net.Http.HttpClient.DeepSeek.LogicalHandler Start processing HTTP request POST https://api.deepseek.com/chat/completions
[09:45:30 INF] System.Net.Http.HttpClient.DeepSeek.ClientHandler Sending HTTP request POST https://api.deepseek.com/chat/completions
[09:45:30 INF] System.Net.Http.HttpClient.DeepSeek.LogicalHandler Start processing HTTP request POST https://api.deepseek.com/chat/completions
[09:45:30 INF] System.Net.Http.HttpClient.DeepSeek.ClientHandler Sending HTTP request POST https://api.deepseek.com/chat/completions
[09:45:30 INF] System.Net.Http.HttpClient.DeepSeek.LogicalHandler Start processing HTTP request POST https://api.deepseek.com/chat/completions
[09:45:30 INF] System.Net.Http.HttpClient.DeepSeek.ClientHandler Sending HTTP request POST https://api.deepseek.com/chat/completions
[09:45:30 INF] System.Net.Http.HttpClient.DeepSeek.LogicalHandler Start processing HTTP request POST https://api.deepseek.com/chat/completions
[09:45:31 INF] System.Net.Http.HttpClient.DeepSeek.ClientHandler Sending HTTP request POST https://api.deepseek.com/chat/completions
[09:45:31 INF] System.Net.Http.HttpClient.DeepSeek.LogicalHandler Start processing HTTP request POST https://api.deepseek.com/chat/completions
[09:45:31 INF] System.Net.Http.HttpClient.DeepSeek.ClientHandler Sending HTTP request POST https://api.deepseek.com/chat/completions
[09:45:31 INF] System.Net.Http.HttpClient.DeepSeek.LogicalHandler Start processing HTTP request POST https://api.deepseek.com/chat/completions
[09:45:31 INF] System.Net.Http.HttpClient.DeepSeek.ClientHandler Sending HTTP request POST https://api.deepseek.com/chat/completions
[09:45:31 INF] System.Net.Http.HttpClient.DeepSeek.LogicalHandler Start processing HTTP request POST https://api.deepseek.com/chat/completions
[09:45:31 INF] System.Net.Http.HttpClient.DeepSeek.ClientHandler Sending HTTP request POST https://api.deepseek.com/chat/completions
[09:45:31 INF] System.Net.Http.HttpClient.DeepSeek.LogicalHandler Start processing HTTP request POST https://api.deepseek.com/chat/completions
[09:45:31 INF] System.Net.Http.HttpClient.DeepSeek.ClientHandler Sending HTTP request POST https://api.deepseek.com/chat/completions
[09:45:31 INF] System.Net.Http.HttpClient.DeepSeek.LogicalHandler Start processing HTTP request POST https://api.deepseek.com/chat/completions
[09:45:31 INF] System.Net.Http.HttpClient.DeepSeek.ClientHandler Sending HTTP request POST https://api.deepseek.com/chat/completions
[09:45:31 INF] System.Net.Http.HttpClient.DeepSeek.LogicalHandler Start processing HTTP request POST https://api.deepseek.com/chat/completions
[09:45:31 INF] System.Net.Http.HttpClient.DeepSeek.ClientHandler Sending HTTP request POST https://api.deepseek.com/chat/completions
[09:45:31 INF] System.Net.Http.HttpClient.DeepSeek.LogicalHandler Start processing HTTP request POST https://api.deepseek.com/chat/completions
[09:45:31 INF] System.Net.Http.HttpClient.DeepSeek.ClientHandler Sending HTTP request POST https://api.deepseek.com/chat/completions
[09:45:31 INF] System.Net.Http.HttpClient.DeepSeek.LogicalHandler Start processing HTTP request POST https://api.deepseek.com/chat/completions
[09:45:31 INF] System.Net.Http.HttpClient.DeepSeek.ClientHandler Sending HTTP request POST https://api.deepseek.com/chat/completions
[09:45:31 INF] System.Net.Http.HttpClient.DeepSeek.LogicalHandler Start processing HTTP request POST https://api.deepseek.com/chat/completions
[09:45:31 INF] System.Net.Http.HttpClient.DeepSeek.ClientHandler Sending HTTP request POST https://api.deepseek.com/chat/completions
[09:45:31 INF] System.Net.Http.HttpClient.DeepSeek.LogicalHandler Start processing HTTP request POST https://api.deepseek.com/chat/completions
[09:45:31 INF] System.Net.Http.HttpClient.DeepSeek.ClientHandler Sending HTTP request POST https://api.deepseek.com/chat/completions
[09:45:31 INF] System.Net.Http.HttpClient.DeepSeek.LogicalHandler Start processing HTTP request POST https://api.deepseek.com/chat/completions
[09:45:31 INF] System.Net.Http.HttpClient.DeepSeek.ClientHandler Sending HTTP request POST https://api.deepseek.com/chat/completions
[09:45:31 INF] System.Net.Http.HttpClient.DeepSeek.LogicalHandler Start processing HTTP request POST https://api.deepseek.com/chat/completions
[09:45:31 INF] System.Net.Http.HttpClient.DeepSeek.ClientHandler Sending HTTP request POST https://api.deepseek.com/chat/completions
[09:45:31 INF] System.Net.Http.HttpClient.DeepSeek.LogicalHandler Start processing HTTP request POST https://api.deepseek.com/chat/completions
[09:45:31 INF] System.Net.Http.HttpClient.DeepSeek.ClientHandler Sending HTTP request POST https://api.deepseek.com/chat/completions
[09:45:31 INF] System.Net.Http.HttpClient.DeepSeek.ClientHandler Received HTTP response headers after 274.8904ms - 200
[09:45:31 INF] System.Net.Http.HttpClient.DeepSeek.LogicalHandler End processing HTTP request after 283.7443ms - 200
[09:45:31 INF] System.Net.Http.HttpClient.DeepSeek.ClientHandler Received HTTP response headers after 293.4968ms - 200
[09:45:31 INF] System.Net.Http.HttpClient.DeepSeek.LogicalHandler End processing HTTP request after 301.7702ms - 200
[09:45:31 INF] System.Net.Http.HttpClient.DeepSeek.ClientHandler Received HTTP response headers after 299.6914ms - 200
[09:45:31 INF] System.Net.Http.HttpClient.DeepSeek.LogicalHandler End processing HTTP request after 308.2648ms - 200
[09:45:31 INF] System.Net.Http.HttpClient.DeepSeek.ClientHandler Received HTTP response headers after 299.8299ms - 200
[09:45:31 INF] System.Net.Http.HttpClient.DeepSeek.LogicalHandler End processing HTTP request after 308.619ms - 200
[09:45:31 INF] System.Net.Http.HttpClient.DeepSeek.ClientHandler Received HTTP response headers after 302.2222ms - 200
[09:45:31 INF] System.Net.Http.HttpClient.DeepSeek.LogicalHandler End processing HTTP request after 311.3213ms - 200
[09:45:31 INF] System.Net.Http.HttpClient.DeepSeek.ClientHandler Received HTTP response headers after 317.8738ms - 200
[09:45:31 INF] System.Net.Http.HttpClient.DeepSeek.ClientHandler Received HTTP response headers after 294.6142ms - 200
[09:45:31 INF] System.Net.Http.HttpClient.DeepSeek.LogicalHandler End processing HTTP request after 329.3462ms - 200
[09:45:31 INF] System.Net.Http.HttpClient.DeepSeek.LogicalHandler End processing HTTP request after 305.7233ms - 200
[09:45:31 INF] System.Net.Http.HttpClient.DeepSeek.ClientHandler Received HTTP response headers after 309.7294ms - 200
[09:45:31 INF] System.Net.Http.HttpClient.DeepSeek.ClientHandler Received HTTP response headers after 299.7791ms - 200
[09:45:31 INF] System.Net.Http.HttpClient.DeepSeek.LogicalHandler End processing HTTP request after 321.0324ms - 200
[09:45:31 INF] System.Net.Http.HttpClient.DeepSeek.LogicalHandler End processing HTTP request after 311.3027ms - 200
[09:45:31 INF] System.Net.Http.HttpClient.DeepSeek.ClientHandler Received HTTP response headers after 304.1835ms - 200
[09:45:31 INF] System.Net.Http.HttpClient.DeepSeek.LogicalHandler End processing HTTP request after 313.5018ms - 200
[09:45:31 INF] System.Net.Http.HttpClient.DeepSeek.ClientHandler Received HTTP response headers after 300.2362ms - 200
[09:45:31 INF] System.Net.Http.HttpClient.DeepSeek.ClientHandler Received HTTP response headers after 313.9438ms - 200
[09:45:31 INF] System.Net.Http.HttpClient.DeepSeek.LogicalHandler End processing HTTP request after 309.9019ms - 200
[09:45:31 INF] System.Net.Http.HttpClient.DeepSeek.LogicalHandler End processing HTTP request after 326.1142ms - 200
[09:45:31 INF] System.Net.Http.HttpClient.DeepSeek.ClientHandler Received HTTP response headers after 297.4135ms - 200
[09:45:31 INF] System.Net.Http.HttpClient.DeepSeek.LogicalHandler End processing HTTP request after 308.1459ms - 200
[09:45:31 INF] System.Net.Http.HttpClient.DeepSeek.ClientHandler Received HTTP response headers after 328.6294ms - 200
[09:45:31 INF] System.Net.Http.HttpClient.DeepSeek.ClientHandler Received HTTP response headers after 314.6901ms - 200
[09:45:31 INF] System.Net.Http.HttpClient.DeepSeek.LogicalHandler End processing HTTP request after 337.9943ms - 200
[09:45:31 INF] System.Net.Http.HttpClient.DeepSeek.LogicalHandler End processing HTTP request after 326.9733ms - 200
[09:45:31 INF] System.Net.Http.HttpClient.DeepSeek.ClientHandler Received HTTP response headers after 303.2194ms - 200
[09:45:31 INF] System.Net.Http.HttpClient.DeepSeek.LogicalHandler End processing HTTP request after 313.7577ms - 200
[09:45:31 INF] System.Net.Http.HttpClient.DeepSeek.ClientHandler Received HTTP response headers after 304.2514ms - 200
[09:45:31 INF] System.Net.Http.HttpClient.DeepSeek.ClientHandler Received HTTP response headers after 286.4892ms - 200
[09:45:31 INF] System.Net.Http.HttpClient.DeepSeek.LogicalHandler End processing HTTP request after 313.5408ms - 200
[09:45:31 INF] System.Net.Http.HttpClient.DeepSeek.LogicalHandler End processing HTTP request after 297.3503ms - 200
[09:45:31 INF] System.Net.Http.HttpClient.DeepSeek.ClientHandler Received HTTP response headers after 299.0567ms - 200
[09:45:31 INF] System.Net.Http.HttpClient.DeepSeek.LogicalHandler End processing HTTP request after 312.075ms - 200
[09:45:31 INF] System.Net.Http.HttpClient.DeepSeek.ClientHandler Received HTTP response headers after 335.8661ms - 200
[09:45:31 INF] System.Net.Http.HttpClient.DeepSeek.LogicalHandler End processing HTTP request after 350.4303ms - 200
[09:45:31 INF] System.Net.Http.HttpClient.DeepSeek.ClientHandler Received HTTP response headers after 319.5824ms - 200
[09:45:31 INF] System.Net.Http.HttpClient.DeepSeek.LogicalHandler End processing HTTP request after 330.0579ms - 200
[09:45:31 INF] System.Net.Http.HttpClient.DeepSeek.ClientHandler Received HTTP response headers after 310.1728ms - 200
[09:45:31 INF] System.Net.Http.HttpClient.DeepSeek.ClientHandler Received HTTP response headers after 305.7485ms - 200
[09:45:31 INF] System.Net.Http.HttpClient.DeepSeek.LogicalHandler End processing HTTP request after 319.6043ms - 200
[09:45:31 INF] System.Net.Http.HttpClient.DeepSeek.ClientHandler Received HTTP response headers after 293.8278ms - 200
[09:45:31 INF] System.Net.Http.HttpClient.DeepSeek.LogicalHandler End processing HTTP request after 315.7737ms - 200
[09:45:31 INF] System.Net.Http.HttpClient.DeepSeek.ClientHandler Received HTTP response headers after 305.6723ms - 200
[09:45:31 INF] System.Net.Http.HttpClient.DeepSeek.LogicalHandler End processing HTTP request after 307.8891ms - 200
[09:45:31 INF] System.Net.Http.HttpClient.DeepSeek.LogicalHandler End processing HTTP request after 319.9716ms - 200
[09:45:31 INF] System.Net.Http.HttpClient.DeepSeek.ClientHandler Received HTTP response headers after 299.3353ms - 200
[09:45:31 INF] System.Net.Http.HttpClient.DeepSeek.ClientHandler Received HTTP response headers after 371.5359ms - 200
[09:45:31 INF] System.Net.Http.HttpClient.DeepSeek.LogicalHandler End processing HTTP request after 309.0763ms - 200
[09:45:31 INF] System.Net.Http.HttpClient.DeepSeek.LogicalHandler End processing HTTP request after 384.1289ms - 200
[09:45:31 INF] System.Net.Http.HttpClient.DeepSeek.ClientHandler Received HTTP response headers after 392.7937ms - 200
[09:45:31 INF] System.Net.Http.HttpClient.DeepSeek.LogicalHandler End processing HTTP request after 402.4909ms - 200
[09:45:31 INF] System.Net.Http.HttpClient.DeepSeek.ClientHandler Received HTTP response headers after 386.8133ms - 200
[09:45:31 INF] System.Net.Http.HttpClient.DeepSeek.LogicalHandler End processing HTTP request after 395.8434ms - 200
[09:45:31 INF] System.Net.Http.HttpClient.DeepSeek.ClientHandler Received HTTP response headers after 385.344ms - 200
[09:45:31 INF] System.Net.Http.HttpClient.DeepSeek.LogicalHandler End processing HTTP request after 394.4514ms - 200
[09:45:32 INF] System.Net.Http.HttpClient.DeepSeek.LogicalHandler Start processing HTTP request POST https://api.deepseek.com/chat/completions
[09:45:32 INF] System.Net.Http.HttpClient.DeepSeek.LogicalHandler Start processing HTTP request POST https://api.deepseek.com/chat/completions
[09:45:32 INF] System.Net.Http.HttpClient.DeepSeek.ClientHandler Sending HTTP request POST https://api.deepseek.com/chat/completions
[09:45:32 INF] System.Net.Http.HttpClient.DeepSeek.ClientHandler Sending HTTP request POST https://api.deepseek.com/chat/completions
[09:45:32 INF] System.Net.Http.HttpClient.DeepSeek.LogicalHandler Start processing HTTP request POST https://api.deepseek.com/chat/completions
[09:45:32 INF] System.Net.Http.HttpClient.DeepSeek.LogicalHandler Start processing HTTP request POST https://api.deepseek.com/chat/completions
[09:45:32 INF] System.Net.Http.HttpClient.DeepSeek.ClientHandler Sending HTTP request POST https://api.deepseek.com/chat/completions
[09:45:32 INF] System.Net.Http.HttpClient.DeepSeek.ClientHandler Sending HTTP request POST https://api.deepseek.com/chat/completions
[09:45:32 INF] System.Net.Http.HttpClient.DeepSeek.LogicalHandler Start processing HTTP request POST https://api.deepseek.com/chat/completions
[09:45:32 INF] System.Net.Http.HttpClient.DeepSeek.ClientHandler Sending HTTP request POST https://api.deepseek.com/chat/completions
[09:45:32 INF] System.Net.Http.HttpClient.DeepSeek.LogicalHandler Start processing HTTP request POST https://api.deepseek.com/chat/completions
[09:45:32 INF] System.Net.Http.HttpClient.DeepSeek.ClientHandler Sending HTTP request POST https://api.deepseek.com/chat/completions
[09:45:32 INF] System.Net.Http.HttpClient.DeepSeek.LogicalHandler Start processing HTTP request POST https://api.deepseek.com/chat/completions
[09:45:32 INF] System.Net.Http.HttpClient.DeepSeek.ClientHandler Sending HTTP request POST https://api.deepseek.com/chat/completions
[09:45:32 INF] System.Net.Http.HttpClient.DeepSeek.ClientHandler Received HTTP response headers after 277.8969ms - 200
[09:45:32 INF] System.Net.Http.HttpClient.DeepSeek.LogicalHandler End processing HTTP request after 287.9089ms - 200
[09:45:32 INF] System.Net.Http.HttpClient.DeepSeek.ClientHandler Received HTTP response headers after 284.5713ms - 200
[09:45:32 INF] System.Net.Http.HttpClient.DeepSeek.LogicalHandler End processing HTTP request after 294.9932ms - 200
[09:45:32 INF] System.Net.Http.HttpClient.DeepSeek.ClientHandler Received HTTP response headers after 282.8784ms - 200
[09:45:32 INF] System.Net.Http.HttpClient.DeepSeek.LogicalHandler End processing HTTP request after 292.2662ms - 200
[09:45:32 INF] System.Net.Http.HttpClient.DeepSeek.ClientHandler Received HTTP response headers after 298.9978ms - 200
[09:45:32 INF] System.Net.Http.HttpClient.DeepSeek.LogicalHandler End processing HTTP request after 310.9464ms - 200
[09:45:32 INF] System.Net.Http.HttpClient.DeepSeek.ClientHandler Received HTTP response headers after 302.9778ms - 200
[09:45:32 INF] System.Net.Http.HttpClient.DeepSeek.LogicalHandler End processing HTTP request after 310.7992ms - 200
[09:45:32 INF] System.Net.Http.HttpClient.DeepSeek.ClientHandler Received HTTP response headers after 273.4473ms - 200
[09:45:32 INF] System.Net.Http.HttpClient.DeepSeek.LogicalHandler End processing HTTP request after 280.7235ms - 200
[09:45:32 INF] System.Net.Http.HttpClient.DeepSeek.LogicalHandler Start processing HTTP request POST https://api.deepseek.com/chat/completions
[09:45:32 INF] System.Net.Http.HttpClient.DeepSeek.LogicalHandler Start processing HTTP request POST https://api.deepseek.com/chat/completions
[09:45:32 INF] System.Net.Http.HttpClient.DeepSeek.ClientHandler Sending HTTP request POST https://api.deepseek.com/chat/completions
[09:45:32 INF] System.Net.Http.HttpClient.DeepSeek.ClientHandler Sending HTTP request POST https://api.deepseek.com/chat/completions
[09:45:32 INF] System.Net.Http.HttpClient.DeepSeek.ClientHandler Received HTTP response headers after 287.8458ms - 200
[09:45:32 INF] System.Net.Http.HttpClient.DeepSeek.LogicalHandler End processing HTTP request after 302.7837ms - 200
[09:45:33 INF] System.Net.Http.HttpClient.DeepSeek.LogicalHandler Start processing HTTP request POST https://api.deepseek.com/chat/completions
[09:45:33 INF] System.Net.Http.HttpClient.DeepSeek.ClientHandler Sending HTTP request POST https://api.deepseek.com/chat/completions
[09:45:33 INF] System.Net.Http.HttpClient.DeepSeek.ClientHandler Received HTTP response headers after 272.1833ms - 200
[09:45:33 INF] System.Net.Http.HttpClient.DeepSeek.LogicalHandler End processing HTTP request after 284.0033ms - 200
[09:45:33 INF] System.Net.Http.HttpClient.DeepSeek.ClientHandler Received HTTP response headers after 281.6846ms - 200
[09:45:33 INF] System.Net.Http.HttpClient.DeepSeek.LogicalHandler End processing HTTP request after 291.4851ms - 200
[09:45:33 INF] System.Net.Http.HttpClient.DeepSeek.ClientHandler Received HTTP response headers after 278.8376ms - 200
[09:45:33 INF] System.Net.Http.HttpClient.DeepSeek.LogicalHandler End processing HTTP request after 286.9686ms - 200
[09:45:33 INF] System.Net.Http.HttpClient.DeepSeek.LogicalHandler Start processing HTTP request POST https://api.deepseek.com/chat/completions
[09:45:33 INF] System.Net.Http.HttpClient.DeepSeek.ClientHandler Sending HTTP request POST https://api.deepseek.com/chat/completions
[09:45:33 INF] System.Net.Http.HttpClient.DeepSeek.LogicalHandler Start processing HTTP request POST https://api.deepseek.com/chat/completions
[09:45:33 INF] System.Net.Http.HttpClient.DeepSeek.ClientHandler Sending HTTP request POST https://api.deepseek.com/chat/completions
[09:45:33 INF] System.Net.Http.HttpClient.DeepSeek.LogicalHandler Start processing HTTP request POST https://api.deepseek.com/chat/completions
[09:45:33 INF] System.Net.Http.HttpClient.DeepSeek.ClientHandler Sending HTTP request POST https://api.deepseek.com/chat/completions
[09:45:33 INF] System.Net.Http.HttpClient.DeepSeek.LogicalHandler Start processing HTTP request POST https://api.deepseek.com/chat/completions
[09:45:33 INF] System.Net.Http.HttpClient.DeepSeek.ClientHandler Sending HTTP request POST https://api.deepseek.com/chat/completions
[09:45:33 INF] System.Net.Http.HttpClient.DeepSeek.LogicalHandler Start processing HTTP request POST https://api.deepseek.com/chat/completions
[09:45:33 INF] System.Net.Http.HttpClient.DeepSeek.ClientHandler Sending HTTP request POST https://api.deepseek.com/chat/completions
[09:45:33 INF] System.Net.Http.HttpClient.DeepSeek.ClientHandler Received HTTP response headers after 299.6024ms - 200
[09:45:33 INF] System.Net.Http.HttpClient.DeepSeek.LogicalHandler End processing HTTP request after 307.4203ms - 200
[09:45:33 INF] System.Net.Http.HttpClient.DeepSeek.ClientHandler Received HTTP response headers after 276.3017ms - 200
[09:45:33 INF] System.Net.Http.HttpClient.DeepSeek.LogicalHandler End processing HTTP request after 284.5003ms - 200
[09:45:33 INF] System.Net.Http.HttpClient.DeepSeek.LogicalHandler Start processing HTTP request POST https://api.deepseek.com/chat/completions
[09:45:33 INF] System.Net.Http.HttpClient.DeepSeek.ClientHandler Sending HTTP request POST https://api.deepseek.com/chat/completions
[09:45:33 INF] System.Net.Http.HttpClient.DeepSeek.ClientHandler Received HTTP response headers after 295.0875ms - 200
[09:45:33 INF] System.Net.Http.HttpClient.DeepSeek.LogicalHandler End processing HTTP request after 303.9067ms - 200
[09:45:33 INF] System.Net.Http.HttpClient.DeepSeek.ClientHandler Received HTTP response headers after 294.8257ms - 200
[09:45:33 INF] System.Net.Http.HttpClient.DeepSeek.LogicalHandler End processing HTTP request after 304.6894ms - 200
[09:45:33 INF] System.Net.Http.HttpClient.DeepSeek.LogicalHandler Start processing HTTP request POST https://api.deepseek.com/chat/completions
[09:45:33 INF] System.Net.Http.HttpClient.DeepSeek.ClientHandler Sending HTTP request POST https://api.deepseek.com/chat/completions
[09:45:33 INF] System.Net.Http.HttpClient.DeepSeek.LogicalHandler Start processing HTTP request POST https://api.deepseek.com/chat/completions
[09:45:33 INF] System.Net.Http.HttpClient.DeepSeek.ClientHandler Sending HTTP request POST https://api.deepseek.com/chat/completions
[09:45:33 INF] System.Net.Http.HttpClient.DeepSeek.LogicalHandler Start processing HTTP request POST https://api.deepseek.com/chat/completions
[09:45:33 INF] System.Net.Http.HttpClient.DeepSeek.ClientHandler Sending HTTP request POST https://api.deepseek.com/chat/completions
[09:45:33 INF] System.Net.Http.HttpClient.DeepSeek.ClientHandler Received HTTP response headers after 288.3934ms - 200
[09:45:33 INF] System.Net.Http.HttpClient.DeepSeek.LogicalHandler End processing HTTP request after 296.3494ms - 200
[09:45:34 INF] System.Net.Http.HttpClient.DeepSeek.LogicalHandler Start processing HTTP request POST https://api.deepseek.com/chat/completions
[09:45:34 INF] System.Net.Http.HttpClient.DeepSeek.ClientHandler Sending HTTP request POST https://api.deepseek.com/chat/completions
[09:45:34 INF] System.Net.Http.HttpClient.DeepSeek.ClientHandler Received HTTP response headers after 276.679ms - 200
[09:45:34 INF] System.Net.Http.HttpClient.DeepSeek.LogicalHandler End processing HTTP request after 284.4511ms - 200
[09:45:34 INF] System.Net.Http.HttpClient.DeepSeek.ClientHandler Received HTTP response headers after 285.3429ms - 200
[09:45:34 INF] System.Net.Http.HttpClient.DeepSeek.LogicalHandler End processing HTTP request after 292.7375ms - 200
[09:45:34 INF] System.Net.Http.HttpClient.DeepSeek.ClientHandler Received HTTP response headers after 288.307ms - 200
[09:45:34 INF] System.Net.Http.HttpClient.DeepSeek.LogicalHandler End processing HTTP request after 296.0576ms - 200
[09:45:34 INF] System.Net.Http.HttpClient.DeepSeek.ClientHandler Received HTTP response headers after 295.381ms - 200
[09:45:34 INF] System.Net.Http.HttpClient.DeepSeek.LogicalHandler End processing HTTP request after 302.9659ms - 200
[09:45:34 INF] System.Net.Http.HttpClient.DeepSeek.LogicalHandler Start processing HTTP request POST https://api.deepseek.com/chat/completions
[09:45:34 INF] System.Net.Http.HttpClient.DeepSeek.ClientHandler Sending HTTP request POST https://api.deepseek.com/chat/completions
[09:45:34 INF] System.Net.Http.HttpClient.DeepSeek.ClientHandler Received HTTP response headers after 279.9568ms - 200
[09:45:34 INF] System.Net.Http.HttpClient.DeepSeek.LogicalHandler End processing HTTP request after 287.7328ms - 200
[09:45:34 INF] System.Net.Http.HttpClient.DeepSeek.LogicalHandler Start processing HTTP request POST https://api.deepseek.com/chat/completions
[09:45:34 INF] System.Net.Http.HttpClient.DeepSeek.ClientHandler Sending HTTP request POST https://api.deepseek.com/chat/completions
[09:45:34 INF] System.Net.Http.HttpClient.DeepSeek.ClientHandler Received HTTP response headers after 286.5695ms - 200
[09:45:34 INF] System.Net.Http.HttpClient.DeepSeek.LogicalHandler End processing HTTP request after 294.3381ms - 200
[09:45:34 INF] System.Net.Http.HttpClient.DeepSeek.LogicalHandler Start processing HTTP request POST https://api.deepseek.com/chat/completions
[09:45:34 INF] System.Net.Http.HttpClient.DeepSeek.ClientHandler Sending HTTP request POST https://api.deepseek.com/chat/completions
[09:45:34 INF] System.Net.Http.HttpClient.DeepSeek.ClientHandler Received HTTP response headers after 321.2474ms - 200
[09:45:34 INF] System.Net.Http.HttpClient.DeepSeek.LogicalHandler End processing HTTP request after 328.8308ms - 200
[09:45:34 INF] System.Net.Http.HttpClient.DeepSeek.ClientHandler Received HTTP response headers after 300.9245ms - 200
[09:45:35 INF] System.Net.Http.HttpClient.DeepSeek.LogicalHandler End processing HTTP request after 308.9876ms - 200
[09:45:35 INF] System.Net.Http.HttpClient.DeepSeek.LogicalHandler Start processing HTTP request POST https://api.deepseek.com/chat/completions
[09:45:35 INF] System.Net.Http.HttpClient.DeepSeek.ClientHandler Sending HTTP request POST https://api.deepseek.com/chat/completions
[09:45:35 INF] System.Net.Http.HttpClient.DeepSeek.LogicalHandler Start processing HTTP request POST https://api.deepseek.com/chat/completions
[09:45:35 INF] System.Net.Http.HttpClient.DeepSeek.ClientHandler Sending HTTP request POST https://api.deepseek.com/chat/completions
[09:45:35 INF] System.Net.Http.HttpClient.DeepSeek.LogicalHandler Start processing HTTP request POST https://api.deepseek.com/chat/completions
[09:45:35 INF] System.Net.Http.HttpClient.DeepSeek.ClientHandler Sending HTTP request POST https://api.deepseek.com/chat/completions
[09:45:35 INF] System.Net.Http.HttpClient.DeepSeek.LogicalHandler Start processing HTTP request POST https://api.deepseek.com/chat/completions
[09:45:35 INF] System.Net.Http.HttpClient.DeepSeek.ClientHandler Sending HTTP request POST https://api.deepseek.com/chat/completions
[09:45:35 INF] System.Net.Http.HttpClient.DeepSeek.ClientHandler Received HTTP response headers after 275.763ms - 200
[09:45:35 INF] System.Net.Http.HttpClient.DeepSeek.LogicalHandler End processing HTTP request after 283.9852ms - 200
[09:45:35 INF] System.Net.Http.HttpClient.DeepSeek.LogicalHandler Start processing HTTP request POST https://api.deepseek.com/chat/completions
[09:45:35 INF] System.Net.Http.HttpClient.DeepSeek.ClientHandler Sending HTTP request POST https://api.deepseek.com/chat/completions
[09:45:35 INF] System.Net.Http.HttpClient.DeepSeek.ClientHandler Received HTTP response headers after 290.7046ms - 200
[09:45:35 INF] System.Net.Http.HttpClient.DeepSeek.LogicalHandler End processing HTTP request after 298.3328ms - 200
[09:45:35 INF] System.Net.Http.HttpClient.DeepSeek.ClientHandler Received HTTP response headers after 288.1685ms - 200
[09:45:35 INF] System.Net.Http.HttpClient.DeepSeek.LogicalHandler End processing HTTP request after 295.8622ms - 200
[09:45:35 INF] System.Net.Http.HttpClient.DeepSeek.ClientHandler Received HTTP response headers after 272.5571ms - 200
[09:45:35 INF] System.Net.Http.HttpClient.DeepSeek.LogicalHandler End processing HTTP request after 280.2519ms - 200
[09:45:35 INF] System.Net.Http.HttpClient.DeepSeek.ClientHandler Received HTTP response headers after 289.7357ms - 200
[09:45:35 INF] System.Net.Http.HttpClient.DeepSeek.LogicalHandler End processing HTTP request after 298.4197ms - 200
[09:45:35 INF] System.Net.Http.HttpClient.DeepSeek.LogicalHandler Start processing HTTP request POST https://api.deepseek.com/chat/completions
[09:45:35 INF] System.Net.Http.HttpClient.DeepSeek.ClientHandler Sending HTTP request POST https://api.deepseek.com/chat/completions
[09:45:35 INF] System.Net.Http.HttpClient.DeepSeek.LogicalHandler Start processing HTTP request POST https://api.deepseek.com/chat/completions
[09:45:35 INF] System.Net.Http.HttpClient.DeepSeek.ClientHandler Sending HTTP request POST https://api.deepseek.com/chat/completions
[09:45:36 INF] System.Net.Http.HttpClient.DeepSeek.LogicalHandler Start processing HTTP request POST https://api.deepseek.com/chat/completions
[09:45:36 INF] System.Net.Http.HttpClient.DeepSeek.ClientHandler Sending HTTP request POST https://api.deepseek.com/chat/completions
[09:45:36 INF] System.Net.Http.HttpClient.DeepSeek.LogicalHandler Start processing HTTP request POST https://api.deepseek.com/chat/completions
[09:45:36 INF] System.Net.Http.HttpClient.DeepSeek.ClientHandler Sending HTTP request POST https://api.deepseek.com/chat/completions
[09:45:36 INF] System.Net.Http.HttpClient.DeepSeek.ClientHandler Received HTTP response headers after 279.3159ms - 200
[09:45:36 INF] System.Net.Http.HttpClient.DeepSeek.LogicalHandler End processing HTTP request after 286.6762ms - 200
[09:45:36 INF] System.Net.Http.HttpClient.DeepSeek.ClientHandler Received HTTP response headers after 321.3159ms - 200
[09:45:36 INF] System.Net.Http.HttpClient.DeepSeek.LogicalHandler End processing HTTP request after 329.334ms - 200
[09:45:36 INF] System.Net.Http.HttpClient.DeepSeek.ClientHandler Received HTTP response headers after 290.4282ms - 200
[09:45:36 INF] System.Net.Http.HttpClient.DeepSeek.LogicalHandler End processing HTTP request after 297.9391ms - 200
[09:45:36 INF] System.Net.Http.HttpClient.DeepSeek.LogicalHandler Start processing HTTP request POST https://api.deepseek.com/chat/completions
[09:45:36 INF] System.Net.Http.HttpClient.DeepSeek.ClientHandler Sending HTTP request POST https://api.deepseek.com/chat/completions
[09:45:36 INF] System.Net.Http.HttpClient.DeepSeek.ClientHandler Received HTTP response headers after 283.7137ms - 200
[09:45:36 INF] System.Net.Http.HttpClient.DeepSeek.LogicalHandler End processing HTTP request after 292.3083ms - 200
[09:45:36 INF] System.Net.Http.HttpClient.DeepSeek.LogicalHandler Start processing HTTP request POST https://api.deepseek.com/chat/completions
[09:45:36 INF] System.Net.Http.HttpClient.DeepSeek.ClientHandler Sending HTTP request POST https://api.deepseek.com/chat/completions
[09:45:36 INF] System.Net.Http.HttpClient.DeepSeek.ClientHandler Received HTTP response headers after 270.0602ms - 200
[09:45:36 INF] System.Net.Http.HttpClient.DeepSeek.LogicalHandler End processing HTTP request after 278.2643ms - 200
[09:45:36 INF] System.Net.Http.HttpClient.DeepSeek.LogicalHandler Start processing HTTP request POST https://api.deepseek.com/chat/completions
[09:45:36 INF] System.Net.Http.HttpClient.DeepSeek.ClientHandler Sending HTTP request POST https://api.deepseek.com/chat/completions
[09:45:36 INF] System.Net.Http.HttpClient.DeepSeek.ClientHandler Received HTTP response headers after 274.3493ms - 200
[09:45:36 INF] System.Net.Http.HttpClient.DeepSeek.LogicalHandler End processing HTTP request after 282.0693ms - 200
[09:45:36 INF] System.Net.Http.HttpClient.DeepSeek.LogicalHandler Start processing HTTP request POST https://api.deepseek.com/chat/completions
[09:45:36 INF] System.Net.Http.HttpClient.DeepSeek.ClientHandler Sending HTTP request POST https://api.deepseek.com/chat/completions
[09:45:36 INF] System.Net.Http.HttpClient.DeepSeek.LogicalHandler Start processing HTTP request POST https://api.deepseek.com/chat/completions
[09:45:36 INF] System.Net.Http.HttpClient.DeepSeek.ClientHandler Sending HTTP request POST https://api.deepseek.com/chat/completions
[09:45:36 INF] System.Net.Http.HttpClient.DeepSeek.LogicalHandler Start processing HTTP request POST https://api.deepseek.com/chat/completions
[09:45:36 INF] System.Net.Http.HttpClient.DeepSeek.ClientHandler Sending HTTP request POST https://api.deepseek.com/chat/completions
[09:45:36 INF] System.Net.Http.HttpClient.DeepSeek.ClientHandler Received HTTP response headers after 284.7912ms - 200
[09:45:36 INF] System.Net.Http.HttpClient.DeepSeek.LogicalHandler End processing HTTP request after 292.5177ms - 200
[09:45:37 INF] System.Net.Http.HttpClient.DeepSeek.LogicalHandler Start processing HTTP request POST https://api.deepseek.com/chat/completions
[09:45:37 INF] System.Net.Http.HttpClient.DeepSeek.ClientHandler Sending HTTP request POST https://api.deepseek.com/chat/completions
[09:45:37 INF] System.Net.Http.HttpClient.DeepSeek.ClientHandler Received HTTP response headers after 276.8596ms - 200
[09:45:37 INF] System.Net.Http.HttpClient.DeepSeek.LogicalHandler End processing HTTP request after 285.1412ms - 200
[09:45:37 INF] System.Net.Http.HttpClient.DeepSeek.ClientHandler Received HTTP response headers after 304.2521ms - 200
[09:45:37 INF] System.Net.Http.HttpClient.DeepSeek.LogicalHandler End processing HTTP request after 311.8038ms - 200
[09:45:37 INF] System.Net.Http.HttpClient.DeepSeek.ClientHandler Received HTTP response headers after 280.065ms - 200
[09:45:37 INF] System.Net.Http.HttpClient.DeepSeek.LogicalHandler End processing HTTP request after 287.7948ms - 200
[09:45:37 INF] System.Net.Http.HttpClient.DeepSeek.ClientHandler Received HTTP response headers after 294.5385ms - 200
[09:45:37 INF] System.Net.Http.HttpClient.DeepSeek.LogicalHandler End processing HTTP request after 303.0609ms - 200
[09:45:37 INF] System.Net.Http.HttpClient.DeepSeek.LogicalHandler Start processing HTTP request POST https://api.deepseek.com/chat/completions
[09:45:37 INF] System.Net.Http.HttpClient.DeepSeek.LogicalHandler Start processing HTTP request POST https://api.deepseek.com/chat/completions
[09:45:37 INF] System.Net.Http.HttpClient.DeepSeek.ClientHandler Sending HTTP request POST https://api.deepseek.com/chat/completions
[09:45:37 INF] System.Net.Http.HttpClient.DeepSeek.ClientHandler Sending HTTP request POST https://api.deepseek.com/chat/completions
[09:45:37 INF] System.Net.Http.HttpClient.DeepSeek.LogicalHandler Start processing HTTP request POST https://api.deepseek.com/chat/completions
[09:45:37 INF] System.Net.Http.HttpClient.DeepSeek.ClientHandler Sending HTTP request POST https://api.deepseek.com/chat/completions
[09:45:37 INF] System.Net.Http.HttpClient.DeepSeek.LogicalHandler Start processing HTTP request POST https://api.deepseek.com/chat/completions
[09:45:37 INF] System.Net.Http.HttpClient.DeepSeek.ClientHandler Sending HTTP request POST https://api.deepseek.com/chat/completions
[09:45:37 INF] System.Net.Http.HttpClient.DeepSeek.LogicalHandler Start processing HTTP request POST https://api.deepseek.com/chat/completions
[09:45:37 INF] System.Net.Http.HttpClient.DeepSeek.ClientHandler Sending HTTP request POST https://api.deepseek.com/chat/completions
[09:45:37 INF] System.Net.Http.HttpClient.DeepSeek.ClientHandler Received HTTP response headers after 291.3376ms - 200
[09:45:37 INF] System.Net.Http.HttpClient.DeepSeek.LogicalHandler End processing HTTP request after 302.4673ms - 200
[09:45:37 INF] System.Net.Http.HttpClient.DeepSeek.LogicalHandler Start processing HTTP request POST https://api.deepseek.com/chat/completions
[09:45:37 INF] System.Net.Http.HttpClient.DeepSeek.ClientHandler Received HTTP response headers after 299.0585ms - 200
[09:45:37 INF] System.Net.Http.HttpClient.DeepSeek.ClientHandler Sending HTTP request POST https://api.deepseek.com/chat/completions
[09:45:37 INF] System.Net.Http.HttpClient.DeepSeek.LogicalHandler End processing HTTP request after 310.9362ms - 200
[09:45:37 INF] System.Net.Http.HttpClient.DeepSeek.LogicalHandler Start processing HTTP request POST https://api.deepseek.com/chat/completions
[09:45:37 INF] System.Net.Http.HttpClient.DeepSeek.ClientHandler Sending HTTP request POST https://api.deepseek.com/chat/completions
[09:45:37 INF] System.Net.Http.HttpClient.DeepSeek.ClientHandler Received HTTP response headers after 286.3059ms - 200
[09:45:37 INF] System.Net.Http.HttpClient.DeepSeek.LogicalHandler End processing HTTP request after 293.9667ms - 200
[09:45:37 INF] System.Net.Http.HttpClient.DeepSeek.ClientHandler Received HTTP response headers after 299.0016ms - 200
[09:45:37 INF] System.Net.Http.HttpClient.DeepSeek.LogicalHandler End processing HTTP request after 306.7985ms - 200
[09:45:37 INF] System.Net.Http.HttpClient.DeepSeek.ClientHandler Received HTTP response headers after 292.5803ms - 200
[09:45:37 INF] System.Net.Http.HttpClient.DeepSeek.LogicalHandler End processing HTTP request after 300.7198ms - 200
[09:45:37 INF] System.Net.Http.HttpClient.DeepSeek.ClientHandler Received HTTP response headers after 285.7295ms - 200
[09:45:37 INF] System.Net.Http.HttpClient.DeepSeek.LogicalHandler End processing HTTP request after 296.2918ms - 200
[09:45:38 INF] System.Net.Http.HttpClient.DeepSeek.LogicalHandler Start processing HTTP request POST https://api.deepseek.com/chat/completions
[09:45:38 INF] System.Net.Http.HttpClient.DeepSeek.ClientHandler Sending HTTP request POST https://api.deepseek.com/chat/completions
[09:45:38 INF] System.Net.Http.HttpClient.DeepSeek.LogicalHandler Start processing HTTP request POST https://api.deepseek.com/chat/completions
[09:45:38 INF] System.Net.Http.HttpClient.DeepSeek.ClientHandler Sending HTTP request POST https://api.deepseek.com/chat/completions
[09:45:38 INF] System.Net.Http.HttpClient.DeepSeek.LogicalHandler Start processing HTTP request POST https://api.deepseek.com/chat/completions
[09:45:38 INF] System.Net.Http.HttpClient.DeepSeek.ClientHandler Sending HTTP request POST https://api.deepseek.com/chat/completions
[09:45:38 INF] System.Net.Http.HttpClient.DeepSeek.ClientHandler Received HTTP response headers after 313.3963ms - 200
[09:45:38 INF] System.Net.Http.HttpClient.DeepSeek.LogicalHandler End processing HTTP request after 321.2347ms - 200
[09:45:38 INF] System.Net.Http.HttpClient.DeepSeek.LogicalHandler Start processing HTTP request POST https://api.deepseek.com/chat/completions
[09:45:38 INF] System.Net.Http.HttpClient.DeepSeek.ClientHandler Sending HTTP request POST https://api.deepseek.com/chat/completions
[09:45:38 INF] System.Net.Http.HttpClient.DeepSeek.LogicalHandler Start processing HTTP request POST https://api.deepseek.com/chat/completions
[09:45:38 INF] System.Net.Http.HttpClient.DeepSeek.ClientHandler Sending HTTP request POST https://api.deepseek.com/chat/completions
[09:45:38 INF] System.Net.Http.HttpClient.DeepSeek.LogicalHandler Start processing HTTP request POST https://api.deepseek.com/chat/completions
[09:45:38 INF] System.Net.Http.HttpClient.DeepSeek.ClientHandler Sending HTTP request POST https://api.deepseek.com/chat/completions
[09:45:38 INF] System.Net.Http.HttpClient.DeepSeek.LogicalHandler Start processing HTTP request POST https://api.deepseek.com/chat/completions
[09:45:38 INF] System.Net.Http.HttpClient.DeepSeek.ClientHandler Sending HTTP request POST https://api.deepseek.com/chat/completions
[09:45:38 INF] System.Net.Http.HttpClient.DeepSeek.LogicalHandler Start processing HTTP request POST https://api.deepseek.com/chat/completions
[09:45:38 INF] System.Net.Http.HttpClient.DeepSeek.ClientHandler Sending HTTP request POST https://api.deepseek.com/chat/completions
[09:45:38 INF] System.Net.Http.HttpClient.DeepSeek.ClientHandler Received HTTP response headers after 286.1314ms - 200
[09:45:38 INF] System.Net.Http.HttpClient.DeepSeek.LogicalHandler End processing HTTP request after 294.0788ms - 200
[09:45:38 INF] System.Net.Http.HttpClient.DeepSeek.LogicalHandler Start processing HTTP request POST https://api.deepseek.com/chat/completions
[09:45:38 INF] System.Net.Http.HttpClient.DeepSeek.ClientHandler Received HTTP response headers after 336.1355ms - 200
[09:45:38 INF] System.Net.Http.HttpClient.DeepSeek.ClientHandler Sending HTTP request POST https://api.deepseek.com/chat/completions
[09:45:38 INF] System.Net.Http.HttpClient.DeepSeek.LogicalHandler End processing HTTP request after 343.5343ms - 200
[09:45:38 INF] System.Net.Http.HttpClient.DeepSeek.ClientHandler Received HTTP response headers after 299.7713ms - 200
[09:45:38 INF] System.Net.Http.HttpClient.DeepSeek.LogicalHandler End processing HTTP request after 307.9085ms - 200
[09:45:38 INF] System.Net.Http.HttpClient.DeepSeek.ClientHandler Received HTTP response headers after 289.7393ms - 200
[09:45:38 INF] System.Net.Http.HttpClient.DeepSeek.LogicalHandler End processing HTTP request after 297.7048ms - 200
[09:45:38 INF] System.Net.Http.HttpClient.DeepSeek.ClientHandler Received HTTP response headers after 298.5072ms - 200
[09:45:38 INF] System.Net.Http.HttpClient.DeepSeek.LogicalHandler End processing HTTP request after 306.0037ms - 200
[09:45:38 INF] System.Net.Http.HttpClient.DeepSeek.LogicalHandler Start processing HTTP request POST https://api.deepseek.com/chat/completions
[09:45:38 INF] System.Net.Http.HttpClient.DeepSeek.ClientHandler Sending HTTP request POST https://api.deepseek.com/chat/completions
[09:45:38 INF] System.Net.Http.HttpClient.DeepSeek.ClientHandler Received HTTP response headers after 303.959ms - 200
[09:45:38 INF] System.Net.Http.HttpClient.DeepSeek.ClientHandler Received HTTP response headers after 319.749ms - 200
[09:45:38 INF] System.Net.Http.HttpClient.DeepSeek.LogicalHandler End processing HTTP request after 312.8305ms - 200
[09:45:38 INF] System.Net.Http.HttpClient.DeepSeek.LogicalHandler End processing HTTP request after 328.2138ms - 200
[09:45:38 INF] System.Net.Http.HttpClient.DeepSeek.ClientHandler Received HTTP response headers after 353.0057ms - 200
[09:45:38 INF] System.Net.Http.HttpClient.DeepSeek.LogicalHandler End processing HTTP request after 361.38ms - 200
[09:45:38 INF] System.Net.Http.HttpClient.DeepSeek.LogicalHandler Start processing HTTP request POST https://api.deepseek.com/chat/completions
[09:45:38 INF] System.Net.Http.HttpClient.DeepSeek.ClientHandler Sending HTTP request POST https://api.deepseek.com/chat/completions
[09:45:38 INF] System.Net.Http.HttpClient.DeepSeek.LogicalHandler Start processing HTTP request POST https://api.deepseek.com/chat/completions
[09:45:38 INF] System.Net.Http.HttpClient.DeepSeek.ClientHandler Sending HTTP request POST https://api.deepseek.com/chat/completions
[09:45:38 INF] System.Net.Http.HttpClient.DeepSeek.ClientHandler Received HTTP response headers after 297.2325ms - 200
[09:45:38 INF] System.Net.Http.HttpClient.DeepSeek.LogicalHandler End processing HTTP request after 307.4876ms - 200
[09:45:38 INF] System.Net.Http.HttpClient.DeepSeek.LogicalHandler Start processing HTTP request POST https://api.deepseek.com/chat/completions
[09:45:38 INF] System.Net.Http.HttpClient.DeepSeek.ClientHandler Sending HTTP request POST https://api.deepseek.com/chat/completions
[09:45:38 INF] System.Net.Http.HttpClient.DeepSeek.LogicalHandler Start processing HTTP request POST https://api.deepseek.com/chat/completions
[09:45:38 INF] System.Net.Http.HttpClient.DeepSeek.ClientHandler Sending HTTP request POST https://api.deepseek.com/chat/completions
[09:45:38 INF] System.Net.Http.HttpClient.DeepSeek.ClientHandler Received HTTP response headers after 307.1866ms - 200
[09:45:38 INF] System.Net.Http.HttpClient.DeepSeek.LogicalHandler End processing HTTP request after 315.1674ms - 200
[09:45:38 INF] System.Net.Http.HttpClient.DeepSeek.ClientHandler Received HTTP response headers after 278.5003ms - 200
[09:45:38 INF] System.Net.Http.HttpClient.DeepSeek.LogicalHandler End processing HTTP request after 286.4718ms - 200
[09:45:38 INF] System.Net.Http.HttpClient.DeepSeek.ClientHandler Received HTTP response headers after 289.0869ms - 200
[09:45:38 INF] System.Net.Http.HttpClient.DeepSeek.LogicalHandler End processing HTTP request after 297.3139ms - 200
[09:45:38 INF] System.Net.Http.HttpClient.DeepSeek.ClientHandler Received HTTP response headers after 297.0705ms - 200
[09:45:38 INF] System.Net.Http.HttpClient.DeepSeek.LogicalHandler End processing HTTP request after 304.8215ms - 200
[09:45:39 INF] System.Net.Http.HttpClient.DeepSeek.LogicalHandler Start processing HTTP request POST https://api.deepseek.com/chat/completions
[09:45:39 INF] System.Net.Http.HttpClient.DeepSeek.ClientHandler Sending HTTP request POST https://api.deepseek.com/chat/completions
[09:45:39 INF] System.Net.Http.HttpClient.DeepSeek.ClientHandler Received HTTP response headers after 354.1605ms - 200
[09:45:39 INF] System.Net.Http.HttpClient.DeepSeek.LogicalHandler End processing HTTP request after 362.6936ms - 200
[09:45:39 INF] System.Net.Http.HttpClient.DeepSeek.LogicalHandler Start processing HTTP request POST https://api.deepseek.com/chat/completions
[09:45:39 INF] System.Net.Http.HttpClient.DeepSeek.ClientHandler Sending HTTP request POST https://api.deepseek.com/chat/completions
[09:45:39 INF] System.Net.Http.HttpClient.DeepSeek.LogicalHandler Start processing HTTP request POST https://api.deepseek.com/chat/completions
[09:45:39 INF] System.Net.Http.HttpClient.DeepSeek.ClientHandler Sending HTTP request POST https://api.deepseek.com/chat/completions
[09:45:39 INF] System.Net.Http.HttpClient.DeepSeek.LogicalHandler Start processing HTTP request POST https://api.deepseek.com/chat/completions
[09:45:39 INF] System.Net.Http.HttpClient.DeepSeek.ClientHandler Sending HTTP request POST https://api.deepseek.com/chat/completions
[09:45:39 INF] System.Net.Http.HttpClient.DeepSeek.LogicalHandler Start processing HTTP request POST https://api.deepseek.com/chat/completions
[09:45:39 INF] System.Net.Http.HttpClient.DeepSeek.ClientHandler Sending HTTP request POST https://api.deepseek.com/chat/completions
[09:45:39 INF] System.Net.Http.HttpClient.DeepSeek.LogicalHandler Start processing HTTP request POST https://api.deepseek.com/chat/completions
[09:45:39 INF] System.Net.Http.HttpClient.DeepSeek.ClientHandler Sending HTTP request POST https://api.deepseek.com/chat/completions
[09:45:39 INF] System.Net.Http.HttpClient.DeepSeek.LogicalHandler Start processing HTTP request POST https://api.deepseek.com/chat/completions
[09:45:39 INF] System.Net.Http.HttpClient.DeepSeek.ClientHandler Sending HTTP request POST https://api.deepseek.com/chat/completions
[09:45:39 INF] System.Net.Http.HttpClient.DeepSeek.ClientHandler Received HTTP response headers after 298.871ms - 200
[09:45:39 INF] System.Net.Http.HttpClient.DeepSeek.LogicalHandler End processing HTTP request after 306.9095ms - 200
[09:45:39 INF] System.Net.Http.HttpClient.DeepSeek.ClientHandler Received HTTP response headers after 284.6982ms - 200
[09:45:39 INF] System.Net.Http.HttpClient.DeepSeek.LogicalHandler End processing HTTP request after 292.465ms - 200
[09:45:39 INF] System.Net.Http.HttpClient.DeepSeek.ClientHandler Received HTTP response headers after 284.3796ms - 200
[09:45:39 INF] System.Net.Http.HttpClient.DeepSeek.LogicalHandler End processing HTTP request after 292.5344ms - 200
[09:45:39 INF] System.Net.Http.HttpClient.DeepSeek.ClientHandler Received HTTP response headers after 312.8185ms - 200
[09:45:39 INF] System.Net.Http.HttpClient.DeepSeek.LogicalHandler End processing HTTP request after 320.6296ms - 200
[09:45:39 INF] System.Net.Http.HttpClient.DeepSeek.ClientHandler Received HTTP response headers after 307.2983ms - 200
[09:45:39 INF] System.Net.Http.HttpClient.DeepSeek.LogicalHandler End processing HTTP request after 315.2861ms - 200
[09:45:39 INF] System.Net.Http.HttpClient.DeepSeek.LogicalHandler Start processing HTTP request POST https://api.deepseek.com/chat/completions
[09:45:39 INF] System.Net.Http.HttpClient.DeepSeek.ClientHandler Sending HTTP request POST https://api.deepseek.com/chat/completions
[09:45:39 INF] System.Net.Http.HttpClient.DeepSeek.ClientHandler Received HTTP response headers after 278.5884ms - 200
[09:45:39 INF] System.Net.Http.HttpClient.DeepSeek.LogicalHandler Start processing HTTP request POST https://api.deepseek.com/chat/completions
[09:45:39 INF] System.Net.Http.HttpClient.DeepSeek.LogicalHandler Start processing HTTP request POST https://api.deepseek.com/chat/completions
[09:45:39 INF] System.Net.Http.HttpClient.DeepSeek.ClientHandler Sending HTTP request POST https://api.deepseek.com/chat/completions
[09:45:39 INF] System.Net.Http.HttpClient.DeepSeek.ClientHandler Sending HTTP request POST https://api.deepseek.com/chat/completions
[09:45:39 INF] System.Net.Http.HttpClient.DeepSeek.LogicalHandler End processing HTTP request after 290.5026ms - 200
[09:45:39 INF] System.Net.Http.HttpClient.DeepSeek.ClientHandler Received HTTP response headers after 280.596ms - 200
[09:45:39 INF] System.Net.Http.HttpClient.DeepSeek.LogicalHandler End processing HTTP request after 290.6273ms - 200
[09:45:39 INF] System.Net.Http.HttpClient.DeepSeek.LogicalHandler Start processing HTTP request POST https://api.deepseek.com/chat/completions
[09:45:39 INF] System.Net.Http.HttpClient.DeepSeek.ClientHandler Sending HTTP request POST https://api.deepseek.com/chat/completions
[09:45:39 INF] System.Net.Http.HttpClient.DeepSeek.LogicalHandler Start processing HTTP request POST https://api.deepseek.com/chat/completions
[09:45:39 INF] System.Net.Http.HttpClient.DeepSeek.ClientHandler Sending HTTP request POST https://api.deepseek.com/chat/completions
[09:45:39 INF] System.Net.Http.HttpClient.DeepSeek.LogicalHandler Start processing HTTP request POST https://api.deepseek.com/chat/completions
[09:45:39 INF] System.Net.Http.HttpClient.DeepSeek.ClientHandler Sending HTTP request POST https://api.deepseek.com/chat/completions
[09:45:39 INF] System.Net.Http.HttpClient.DeepSeek.ClientHandler Received HTTP response headers after 287.9046ms - 200
[09:45:39 INF] System.Net.Http.HttpClient.DeepSeek.ClientHandler Received HTTP response headers after 295.369ms - 200
[09:45:39 INF] System.Net.Http.HttpClient.DeepSeek.LogicalHandler End processing HTTP request after 301.9715ms - 200
[09:45:39 INF] System.Net.Http.HttpClient.DeepSeek.LogicalHandler End processing HTTP request after 310.9616ms - 200
[09:45:39 INF] System.Net.Http.HttpClient.DeepSeek.ClientHandler Received HTTP response headers after 298.2342ms - 200
[09:45:39 INF] System.Net.Http.HttpClient.DeepSeek.LogicalHandler End processing HTTP request after 312.6677ms - 200
[09:45:39 INF] System.Net.Http.HttpClient.DeepSeek.LogicalHandler Start processing HTTP request POST https://api.deepseek.com/chat/completions
[09:45:39 INF] System.Net.Http.HttpClient.DeepSeek.ClientHandler Sending HTTP request POST https://api.deepseek.com/chat/completions
[09:45:39 INF] System.Net.Http.HttpClient.DeepSeek.LogicalHandler Start processing HTTP request POST https://api.deepseek.com/chat/completions
[09:45:39 INF] System.Net.Http.HttpClient.DeepSeek.ClientHandler Sending HTTP request POST https://api.deepseek.com/chat/completions
[09:45:40 INF] System.Net.Http.HttpClient.DeepSeek.ClientHandler Received HTTP response headers after 293.4829ms - 200
[09:45:40 INF] System.Net.Http.HttpClient.DeepSeek.LogicalHandler End processing HTTP request after 300.9279ms - 200
[09:45:40 INF] System.Net.Http.HttpClient.DeepSeek.ClientHandler Received HTTP response headers after 281.6289ms - 200
[09:45:40 INF] System.Net.Http.HttpClient.DeepSeek.LogicalHandler End processing HTTP request after 289.5009ms - 200
[09:45:40 INF] System.Net.Http.HttpClient.DeepSeek.LogicalHandler Start processing HTTP request POST https://api.deepseek.com/chat/completions
[09:45:40 INF] System.Net.Http.HttpClient.DeepSeek.ClientHandler Sending HTTP request POST https://api.deepseek.com/chat/completions
[09:45:40 INF] System.Net.Http.HttpClient.DeepSeek.LogicalHandler Start processing HTTP request POST https://api.deepseek.com/chat/completions
[09:45:40 INF] System.Net.Http.HttpClient.DeepSeek.ClientHandler Sending HTTP request POST https://api.deepseek.com/chat/completions
[09:45:40 INF] System.Net.Http.HttpClient.DeepSeek.ClientHandler Received HTTP response headers after 298.67ms - 200
[09:45:40 INF] System.Net.Http.HttpClient.DeepSeek.LogicalHandler End processing HTTP request after 307.7044ms - 200
[09:45:40 INF] System.Net.Http.HttpClient.DeepSeek.ClientHandler Received HTTP response headers after 297.4127ms - 200
[09:45:40 INF] System.Net.Http.HttpClient.DeepSeek.LogicalHandler End processing HTTP request after 306.7646ms - 200
[09:45:40 INF] System.Net.Http.HttpClient.DeepSeek.ClientHandler Received HTTP response headers after 293.0473ms - 200
[09:45:40 INF] System.Net.Http.HttpClient.DeepSeek.LogicalHandler End processing HTTP request after 300.7039ms - 200
[09:45:40 INF] System.Net.Http.HttpClient.DeepSeek.LogicalHandler Start processing HTTP request POST https://api.deepseek.com/chat/completions
[09:45:40 INF] System.Net.Http.HttpClient.DeepSeek.ClientHandler Sending HTTP request POST https://api.deepseek.com/chat/completions
[09:45:40 INF] System.Net.Http.HttpClient.DeepSeek.LogicalHandler Start processing HTTP request POST https://api.deepseek.com/chat/completions
[09:45:40 INF] System.Net.Http.HttpClient.DeepSeek.ClientHandler Sending HTTP request POST https://api.deepseek.com/chat/completions
[09:45:40 INF] System.Net.Http.HttpClient.DeepSeek.LogicalHandler Start processing HTTP request POST https://api.deepseek.com/chat/completions
[09:45:40 INF] System.Net.Http.HttpClient.DeepSeek.ClientHandler Sending HTTP request POST https://api.deepseek.com/chat/completions
[09:45:40 INF] System.Net.Http.HttpClient.DeepSeek.ClientHandler Received HTTP response headers after 285.5583ms - 200
[09:45:40 INF] System.Net.Http.HttpClient.DeepSeek.LogicalHandler End processing HTTP request after 292.7327ms - 200
[09:45:40 INF] System.Net.Http.HttpClient.DeepSeek.ClientHandler Received HTTP response headers after 286.6292ms - 200
[09:45:40 INF] System.Net.Http.HttpClient.DeepSeek.LogicalHandler End processing HTTP request after 294.5486ms - 200
[09:45:40 INF] System.Net.Http.HttpClient.DeepSeek.LogicalHandler Start processing HTTP request POST https://api.deepseek.com/chat/completions
[09:45:40 INF] System.Net.Http.HttpClient.DeepSeek.ClientHandler Sending HTTP request POST https://api.deepseek.com/chat/completions
[09:45:40 INF] System.Net.Http.HttpClient.DeepSeek.LogicalHandler Start processing HTTP request POST https://api.deepseek.com/chat/completions
[09:45:40 INF] System.Net.Http.HttpClient.DeepSeek.ClientHandler Sending HTTP request POST https://api.deepseek.com/chat/completions
[09:45:40 INF] System.Net.Http.HttpClient.DeepSeek.LogicalHandler Start processing HTTP request POST https://api.deepseek.com/chat/completions
[09:45:40 INF] System.Net.Http.HttpClient.DeepSeek.ClientHandler Sending HTTP request POST https://api.deepseek.com/chat/completions
[09:45:40 INF] System.Net.Http.HttpClient.DeepSeek.ClientHandler Received HTTP response headers after 319.162ms - 200
[09:45:40 INF] System.Net.Http.HttpClient.DeepSeek.LogicalHandler End processing HTTP request after 327.2565ms - 200
[09:45:40 INF] System.Net.Http.HttpClient.DeepSeek.ClientHandler Received HTTP response headers after 292.898ms - 200
[09:45:40 INF] System.Net.Http.HttpClient.DeepSeek.ClientHandler Received HTTP response headers after 318.1215ms - 200
[09:45:40 INF] System.Net.Http.HttpClient.DeepSeek.LogicalHandler End processing HTTP request after 300.8651ms - 200
[09:45:40 INF] System.Net.Http.HttpClient.DeepSeek.LogicalHandler End processing HTTP request after 328.3772ms - 200
[09:45:40 INF] System.Net.Http.HttpClient.DeepSeek.LogicalHandler Start processing HTTP request POST https://api.deepseek.com/chat/completions
[09:45:40 INF] System.Net.Http.HttpClient.DeepSeek.ClientHandler Sending HTTP request POST https://api.deepseek.com/chat/completions
[09:45:40 INF] System.Net.Http.HttpClient.DeepSeek.LogicalHandler Start processing HTTP request POST https://api.deepseek.com/chat/completions
[09:45:40 INF] System.Net.Http.HttpClient.DeepSeek.ClientHandler Sending HTTP request POST https://api.deepseek.com/chat/completions
[09:45:40 INF] System.Net.Http.HttpClient.DeepSeek.ClientHandler Received HTTP response headers after 285.3276ms - 200
[09:45:40 INF] System.Net.Http.HttpClient.DeepSeek.LogicalHandler End processing HTTP request after 293.0347ms - 200
[09:45:40 INF] System.Net.Http.HttpClient.DeepSeek.ClientHandler Received HTTP response headers after 277.7974ms - 200
[09:45:40 INF] System.Net.Http.HttpClient.DeepSeek.LogicalHandler End processing HTTP request after 285.4593ms - 200
[09:45:40 INF] System.Net.Http.HttpClient.DeepSeek.ClientHandler Received HTTP response headers after 339.3346ms - 200
[09:45:40 INF] System.Net.Http.HttpClient.DeepSeek.LogicalHandler End processing HTTP request after 346.8086ms - 200
[09:45:41 INF] System.Net.Http.HttpClient.DeepSeek.ClientHandler Received HTTP response headers after 315.1004ms - 200
[09:45:41 INF] System.Net.Http.HttpClient.DeepSeek.LogicalHandler End processing HTTP request after 323.1773ms - 200
[09:45:41 INF] System.Net.Http.HttpClient.DeepSeek.ClientHandler Received HTTP response headers after 329.1332ms - 200
[09:45:41 INF] System.Net.Http.HttpClient.DeepSeek.LogicalHandler End processing HTTP request after 336.769ms - 200
[09:45:41 INF] System.Net.Http.HttpClient.DeepSeek.LogicalHandler Start processing HTTP request POST https://api.deepseek.com/chat/completions
[09:45:41 INF] System.Net.Http.HttpClient.DeepSeek.LogicalHandler Start processing HTTP request POST https://api.deepseek.com/chat/completions
[09:45:41 INF] System.Net.Http.HttpClient.DeepSeek.ClientHandler Sending HTTP request POST https://api.deepseek.com/chat/completions
[09:45:41 INF] System.Net.Http.HttpClient.DeepSeek.ClientHandler Sending HTTP request POST https://api.deepseek.com/chat/completions
[09:45:41 INF] System.Net.Http.HttpClient.DeepSeek.LogicalHandler Start processing HTTP request POST https://api.deepseek.com/chat/completions
[09:45:41 INF] System.Net.Http.HttpClient.DeepSeek.ClientHandler Sending HTTP request POST https://api.deepseek.com/chat/completions
[09:45:41 INF] System.Net.Http.HttpClient.DeepSeek.LogicalHandler Start processing HTTP request POST https://api.deepseek.com/chat/completions
[09:45:41 INF] System.Net.Http.HttpClient.DeepSeek.ClientHandler Sending HTTP request POST https://api.deepseek.com/chat/completions
[09:45:41 INF] System.Net.Http.HttpClient.DeepSeek.LogicalHandler Start processing HTTP request POST https://api.deepseek.com/chat/completions
[09:45:41 INF] System.Net.Http.HttpClient.DeepSeek.ClientHandler Sending HTTP request POST https://api.deepseek.com/chat/completions
[09:45:41 INF] System.Net.Http.HttpClient.DeepSeek.LogicalHandler Start processing HTTP request POST https://api.deepseek.com/chat/completions
[09:45:41 INF] System.Net.Http.HttpClient.DeepSeek.ClientHandler Sending HTTP request POST https://api.deepseek.com/chat/completions
[09:45:41 INF] System.Net.Http.HttpClient.DeepSeek.ClientHandler Received HTTP response headers after 327.8562ms - 200
[09:45:41 INF] System.Net.Http.HttpClient.DeepSeek.LogicalHandler End processing HTTP request after 340.5441ms - 200
[09:45:41 INF] System.Net.Http.HttpClient.DeepSeek.ClientHandler Received HTTP response headers after 367.6197ms - 200
[09:45:41 INF] System.Net.Http.HttpClient.DeepSeek.LogicalHandler End processing HTTP request after 377.8591ms - 200
[09:45:41 INF] System.Net.Http.HttpClient.DeepSeek.LogicalHandler Start processing HTTP request POST https://api.deepseek.com/chat/completions
[09:45:41 INF] System.Net.Http.HttpClient.DeepSeek.ClientHandler Sending HTTP request POST https://api.deepseek.com/chat/completions
[09:45:41 INF] System.Net.Http.HttpClient.DeepSeek.LogicalHandler Start processing HTTP request POST https://api.deepseek.com/chat/completions
[09:45:41 INF] System.Net.Http.HttpClient.DeepSeek.ClientHandler Sending HTTP request POST https://api.deepseek.com/chat/completions
[09:45:41 INF] System.Net.Http.HttpClient.DeepSeek.ClientHandler Received HTTP response headers after 288.474ms - 200
[09:45:41 INF] System.Net.Http.HttpClient.DeepSeek.LogicalHandler End processing HTTP request after 295.8409ms - 200
[09:45:41 INF] System.Net.Http.HttpClient.DeepSeek.LogicalHandler Start processing HTTP request POST https://api.deepseek.com/chat/completions
[09:45:41 INF] System.Net.Http.HttpClient.DeepSeek.ClientHandler Sending HTTP request POST https://api.deepseek.com/chat/completions
[09:45:41 INF] System.Net.Http.HttpClient.DeepSeek.LogicalHandler Start processing HTTP request POST https://api.deepseek.com/chat/completions
[09:45:41 INF] System.Net.Http.HttpClient.DeepSeek.ClientHandler Sending HTTP request POST https://api.deepseek.com/chat/completions
[09:45:41 INF] System.Net.Http.HttpClient.DeepSeek.ClientHandler Received HTTP response headers after 308.5417ms - 200
[09:45:41 INF] System.Net.Http.HttpClient.DeepSeek.LogicalHandler End processing HTTP request after 319.5025ms - 200
[09:45:41 INF] System.Net.Http.HttpClient.DeepSeek.LogicalHandler Start processing HTTP request POST https://api.deepseek.com/chat/completions
[09:45:41 INF] System.Net.Http.HttpClient.DeepSeek.ClientHandler Sending HTTP request POST https://api.deepseek.com/chat/completions
[09:45:41 INF] System.Net.Http.HttpClient.DeepSeek.ClientHandler Received HTTP response headers after 318.7592ms - 200
[09:45:41 INF] System.Net.Http.HttpClient.DeepSeek.LogicalHandler End processing HTTP request after 326.2299ms - 200
[09:45:41 INF] System.Net.Http.HttpClient.DeepSeek.ClientHandler Received HTTP response headers after 314.3212ms - 200
[09:45:41 INF] System.Net.Http.HttpClient.DeepSeek.LogicalHandler End processing HTTP request after 322.2593ms - 200
[09:45:41 INF] System.Net.Http.HttpClient.DeepSeek.LogicalHandler Start processing HTTP request POST https://api.deepseek.com/chat/completions
[09:45:41 INF] System.Net.Http.HttpClient.DeepSeek.LogicalHandler Start processing HTTP request POST https://api.deepseek.com/chat/completions
[09:45:41 INF] System.Net.Http.HttpClient.DeepSeek.ClientHandler Sending HTTP request POST https://api.deepseek.com/chat/completions
[09:45:41 INF] System.Net.Http.HttpClient.DeepSeek.ClientHandler Sending HTTP request POST https://api.deepseek.com/chat/completions
[09:45:41 INF] System.Net.Http.HttpClient.DeepSeek.ClientHandler Received HTTP response headers after 291.1297ms - 200
[09:45:41 INF] System.Net.Http.HttpClient.DeepSeek.LogicalHandler End processing HTTP request after 298.7831ms - 200
[09:45:41 INF] System.Net.Http.HttpClient.DeepSeek.ClientHandler Received HTTP response headers after 281.6483ms - 200
[09:45:41 INF] System.Net.Http.HttpClient.DeepSeek.LogicalHandler End processing HTTP request after 289.3005ms - 200
[09:45:42 INF] System.Net.Http.HttpClient.DeepSeek.LogicalHandler Start processing HTTP request POST https://api.deepseek.com/chat/completions
[09:45:42 INF] System.Net.Http.HttpClient.DeepSeek.ClientHandler Sending HTTP request POST https://api.deepseek.com/chat/completions
[09:45:42 INF] System.Net.Http.HttpClient.DeepSeek.ClientHandler Received HTTP response headers after 277.4145ms - 200
[09:45:42 INF] System.Net.Http.HttpClient.DeepSeek.LogicalHandler End processing HTTP request after 285.6415ms - 200
[09:45:42 INF] System.Net.Http.HttpClient.DeepSeek.ClientHandler Received HTTP response headers after 280.607ms - 200
[09:45:42 INF] System.Net.Http.HttpClient.DeepSeek.LogicalHandler End processing HTTP request after 289.5875ms - 200
[09:45:42 INF] System.Net.Http.HttpClient.DeepSeek.LogicalHandler Start processing HTTP request POST https://api.deepseek.com/chat/completions
[09:45:42 INF] System.Net.Http.HttpClient.DeepSeek.ClientHandler Sending HTTP request POST https://api.deepseek.com/chat/completions
[09:45:42 INF] System.Net.Http.HttpClient.DeepSeek.ClientHandler Received HTTP response headers after 307.2007ms - 200
[09:45:42 INF] System.Net.Http.HttpClient.DeepSeek.LogicalHandler End processing HTTP request after 315.1132ms - 200
[09:45:42 INF] System.Net.Http.HttpClient.DeepSeek.ClientHandler Received HTTP response headers after 286.4161ms - 200
[09:45:42 INF] System.Net.Http.HttpClient.DeepSeek.ClientHandler Received HTTP response headers after 286.8424ms - 200
[09:45:42 INF] System.Net.Http.HttpClient.DeepSeek.LogicalHandler End processing HTTP request after 298.7031ms - 200
[09:45:42 INF] System.Net.Http.HttpClient.DeepSeek.LogicalHandler End processing HTTP request after 296.3598ms - 200
[09:45:42 INF] System.Net.Http.HttpClient.DeepSeek.LogicalHandler Start processing HTTP request POST https://api.deepseek.com/chat/completions
[09:45:42 INF] System.Net.Http.HttpClient.DeepSeek.ClientHandler Sending HTTP request POST https://api.deepseek.com/chat/completions
[09:45:42 INF] System.Net.Http.HttpClient.DeepSeek.ClientHandler Received HTTP response headers after 307.6624ms - 200
[09:45:42 INF] System.Net.Http.HttpClient.DeepSeek.LogicalHandler End processing HTTP request after 315.0035ms - 200
[09:45:42 INF] System.Net.Http.HttpClient.DeepSeek.ClientHandler Received HTTP response headers after 290.5781ms - 200
[09:45:42 INF] System.Net.Http.HttpClient.DeepSeek.LogicalHandler End processing HTTP request after 298.4917ms - 200
[09:45:42 INF] System.Net.Http.HttpClient.DeepSeek.LogicalHandler Start processing HTTP request POST https://api.deepseek.com/chat/completions
[09:45:42 INF] System.Net.Http.HttpClient.DeepSeek.ClientHandler Sending HTTP request POST https://api.deepseek.com/chat/completions
[09:45:42 INF] System.Net.Http.HttpClient.DeepSeek.ClientHandler Received HTTP response headers after 275.5548ms - 200
[09:45:42 INF] System.Net.Http.HttpClient.DeepSeek.LogicalHandler End processing HTTP request after 283.6477ms - 200
[09:45:42 INF] System.Net.Http.HttpClient.DeepSeek.LogicalHandler Start processing HTTP request POST https://api.deepseek.com/chat/completions
[09:45:42 INF] System.Net.Http.HttpClient.DeepSeek.ClientHandler Sending HTTP request POST https://api.deepseek.com/chat/completions
[09:45:42 INF] System.Net.Http.HttpClient.DeepSeek.ClientHandler Received HTTP response headers after 367.8087ms - 200
[09:45:42 INF] System.Net.Http.HttpClient.DeepSeek.LogicalHandler End processing HTTP request after 374.8123ms - 200
[09:45:42 INF] System.Net.Http.HttpClient.DeepSeek.LogicalHandler Start processing HTTP request POST https://api.deepseek.com/chat/completions
[09:45:42 INF] System.Net.Http.HttpClient.DeepSeek.ClientHandler Sending HTTP request POST https://api.deepseek.com/chat/completions
[09:45:42 INF] System.Net.Http.HttpClient.DeepSeek.ClientHandler Received HTTP response headers after 370.3649ms - 200
[09:45:42 INF] System.Net.Http.HttpClient.DeepSeek.LogicalHandler End processing HTTP request after 377.7442ms - 200
[09:45:43 INF] System.Net.Http.HttpClient.DeepSeek.LogicalHandler Start processing HTTP request POST https://api.deepseek.com/chat/completions
[09:45:43 INF] System.Net.Http.HttpClient.DeepSeek.ClientHandler Sending HTTP request POST https://api.deepseek.com/chat/completions
[09:45:43 INF] System.Net.Http.HttpClient.DeepSeek.LogicalHandler Start processing HTTP request POST https://api.deepseek.com/chat/completions
[09:45:43 INF] System.Net.Http.HttpClient.DeepSeek.ClientHandler Sending HTTP request POST https://api.deepseek.com/chat/completions
[09:45:43 INF] System.Net.Http.HttpClient.DeepSeek.LogicalHandler Start processing HTTP request POST https://api.deepseek.com/chat/completions
[09:45:43 INF] System.Net.Http.HttpClient.DeepSeek.ClientHandler Sending HTTP request POST https://api.deepseek.com/chat/completions
[09:45:43 INF] System.Net.Http.HttpClient.DeepSeek.LogicalHandler Start processing HTTP request POST https://api.deepseek.com/chat/completions
[09:45:43 INF] System.Net.Http.HttpClient.DeepSeek.ClientHandler Sending HTTP request POST https://api.deepseek.com/chat/completions
[09:45:43 INF] System.Net.Http.HttpClient.DeepSeek.LogicalHandler Start processing HTTP request POST https://api.deepseek.com/chat/completions
[09:45:43 INF] System.Net.Http.HttpClient.DeepSeek.ClientHandler Sending HTTP request POST https://api.deepseek.com/chat/completions
[09:45:43 INF] System.Net.Http.HttpClient.DeepSeek.LogicalHandler Start processing HTTP request POST https://api.deepseek.com/chat/completions
[09:45:43 INF] System.Net.Http.HttpClient.DeepSeek.ClientHandler Sending HTTP request POST https://api.deepseek.com/chat/completions
[09:45:43 INF] System.Net.Http.HttpClient.DeepSeek.ClientHandler Received HTTP response headers after 414.1962ms - 200
[09:45:43 INF] System.Net.Http.HttpClient.DeepSeek.LogicalHandler Start processing HTTP request POST https://api.deepseek.com/chat/completions
[09:45:43 INF] System.Net.Http.HttpClient.DeepSeek.LogicalHandler End processing HTTP request after 421.9335ms - 200
[09:45:43 INF] System.Net.Http.HttpClient.DeepSeek.ClientHandler Sending HTTP request POST https://api.deepseek.com/chat/completions
[09:45:43 INF] System.Net.Http.HttpClient.DeepSeek.ClientHandler Received HTTP response headers after 378.1712ms - 200
[09:45:43 INF] System.Net.Http.HttpClient.DeepSeek.LogicalHandler End processing HTTP request after 386.0692ms - 200
[09:45:43 INF] System.Net.Http.HttpClient.DeepSeek.ClientHandler Received HTTP response headers after 372.8667ms - 200
[09:45:43 INF] System.Net.Http.HttpClient.DeepSeek.LogicalHandler End processing HTTP request after 380.4222ms - 200
[09:45:43 INF] System.Net.Http.HttpClient.DeepSeek.ClientHandler Received HTTP response headers after 380.5044ms - 200
[09:45:43 INF] System.Net.Http.HttpClient.DeepSeek.LogicalHandler End processing HTTP request after 389.6933ms - 200
[09:45:43 INF] System.Net.Http.HttpClient.DeepSeek.LogicalHandler Start processing HTTP request POST https://api.deepseek.com/chat/completions
[09:45:43 INF] System.Net.Http.HttpClient.DeepSeek.ClientHandler Sending HTTP request POST https://api.deepseek.com/chat/completions
[09:45:43 INF] System.Net.Http.HttpClient.DeepSeek.ClientHandler Received HTTP response headers after 372.5773ms - 200
[09:45:43 INF] System.Net.Http.HttpClient.DeepSeek.LogicalHandler End processing HTTP request after 380.6146ms - 200
[09:45:43 INF] System.Net.Http.HttpClient.DeepSeek.LogicalHandler Start processing HTTP request POST https://api.deepseek.com/chat/completions
[09:45:43 INF] System.Net.Http.HttpClient.DeepSeek.ClientHandler Received HTTP response headers after 343.9524ms - 200
[09:45:43 INF] System.Net.Http.HttpClient.DeepSeek.ClientHandler Sending HTTP request POST https://api.deepseek.com/chat/completions
[09:45:43 INF] System.Net.Http.HttpClient.DeepSeek.LogicalHandler Start processing HTTP request POST https://api.deepseek.com/chat/completions
[09:45:43 INF] System.Net.Http.HttpClient.DeepSeek.LogicalHandler Start processing HTTP request POST https://api.deepseek.com/chat/completions
[09:45:43 INF] System.Net.Http.HttpClient.DeepSeek.LogicalHandler End processing HTTP request after 352.4568ms - 200
[09:45:43 INF] System.Net.Http.HttpClient.DeepSeek.ClientHandler Received HTTP response headers after 312.9507ms - 200
[09:45:43 INF] System.Net.Http.HttpClient.DeepSeek.ClientHandler Received HTTP response headers after 293.0199ms - 200
[09:45:43 INF] System.Net.Http.HttpClient.DeepSeek.ClientHandler Sending HTTP request POST https://api.deepseek.com/chat/completions
[09:45:43 INF] System.Net.Http.HttpClient.DeepSeek.ClientHandler Sending HTTP request POST https://api.deepseek.com/chat/completions
[09:45:43 INF] System.Net.Http.HttpClient.DeepSeek.LogicalHandler Start processing HTTP request POST https://api.deepseek.com/chat/completions
[09:45:43 INF] System.Net.Http.HttpClient.DeepSeek.ClientHandler Sending HTTP request POST https://api.deepseek.com/chat/completions
[09:45:43 INF] System.Net.Http.HttpClient.DeepSeek.LogicalHandler End processing HTTP request after 314.677ms - 200
[09:45:43 INF] System.Net.Http.HttpClient.DeepSeek.LogicalHandler Start processing HTTP request POST https://api.deepseek.com/chat/completions
[09:45:43 INF] System.Net.Http.HttpClient.DeepSeek.LogicalHandler End processing HTTP request after 328.7178ms - 200
[09:45:43 INF] System.Net.Http.HttpClient.DeepSeek.ClientHandler Sending HTTP request POST https://api.deepseek.com/chat/completions
[09:45:43 INF] System.Net.Http.HttpClient.DeepSeek.LogicalHandler Start processing HTTP request POST https://api.deepseek.com/chat/completions
[09:45:43 INF] System.Net.Http.HttpClient.DeepSeek.ClientHandler Sending HTTP request POST https://api.deepseek.com/chat/completions
[09:45:43 INF] System.Net.Http.HttpClient.DeepSeek.LogicalHandler Start processing HTTP request POST https://api.deepseek.com/chat/completions
[09:45:43 INF] System.Net.Http.HttpClient.DeepSeek.ClientHandler Sending HTTP request POST https://api.deepseek.com/chat/completions
[09:45:43 INF] System.Net.Http.HttpClient.DeepSeek.ClientHandler Received HTTP response headers after 286.468ms - 200
[09:45:43 INF] System.Net.Http.HttpClient.DeepSeek.LogicalHandler End processing HTTP request after 293.9972ms - 200
[09:45:43 INF] System.Net.Http.HttpClient.DeepSeek.ClientHandler Received HTTP response headers after 280.203ms - 200
[09:45:43 INF] System.Net.Http.HttpClient.DeepSeek.LogicalHandler End processing HTTP request after 290.4538ms - 200
[09:45:43 INF] System.Net.Http.HttpClient.DeepSeek.ClientHandler Received HTTP response headers after 278.1258ms - 200
[09:45:43 INF] System.Net.Http.HttpClient.DeepSeek.LogicalHandler End processing HTTP request after 299.3125ms - 200
[09:45:43 INF] System.Net.Http.HttpClient.DeepSeek.ClientHandler Received HTTP response headers after 291.3276ms - 200
[09:45:43 INF] System.Net.Http.HttpClient.DeepSeek.LogicalHandler End processing HTTP request after 313.4077ms - 200
[09:45:43 INF] System.Net.Http.HttpClient.DeepSeek.ClientHandler Received HTTP response headers after 274.6423ms - 200
[09:45:43 INF] System.Net.Http.HttpClient.DeepSeek.LogicalHandler End processing HTTP request after 282.4053ms - 200
[09:45:43 INF] System.Net.Http.HttpClient.DeepSeek.ClientHandler Received HTTP response headers after 301.8073ms - 200
[09:45:43 INF] System.Net.Http.HttpClient.DeepSeek.ClientHandler Received HTTP response headers after 293.7558ms - 200
[09:45:43 INF] System.Net.Http.HttpClient.DeepSeek.LogicalHandler End processing HTTP request after 309.3455ms - 200
[09:45:43 INF] System.Net.Http.HttpClient.DeepSeek.LogicalHandler End processing HTTP request after 319.5765ms - 200
[09:45:43 INF] System.Net.Http.HttpClient.DeepSeek.LogicalHandler Start processing HTTP request POST https://api.deepseek.com/chat/completions
[09:45:43 INF] System.Net.Http.HttpClient.DeepSeek.ClientHandler Sending HTTP request POST https://api.deepseek.com/chat/completions
[09:45:44 INF] System.Net.Http.HttpClient.DeepSeek.ClientHandler Received HTTP response headers after 352.4339ms - 200
[09:45:44 INF] System.Net.Http.HttpClient.DeepSeek.LogicalHandler End processing HTTP request after 359.8731ms - 200
[09:45:44 INF] System.Net.Http.HttpClient.DeepSeek.LogicalHandler Start processing HTTP request POST https://api.deepseek.com/chat/completions
[09:45:44 INF] System.Net.Http.HttpClient.DeepSeek.ClientHandler Sending HTTP request POST https://api.deepseek.com/chat/completions
[09:45:44 INF] System.Net.Http.HttpClient.DeepSeek.ClientHandler Received HTTP response headers after 285.5533ms - 200
[09:45:44 INF] System.Net.Http.HttpClient.DeepSeek.LogicalHandler Start processing HTTP request POST https://api.deepseek.com/chat/completions
[09:45:44 INF] System.Net.Http.HttpClient.DeepSeek.LogicalHandler End processing HTTP request after 293.4778ms - 200
[09:45:44 INF] System.Net.Http.HttpClient.DeepSeek.ClientHandler Sending HTTP request POST https://api.deepseek.com/chat/completions
[09:45:44 INF] System.Net.Http.HttpClient.DeepSeek.LogicalHandler Start processing HTTP request POST https://api.deepseek.com/chat/completions
[09:45:44 INF] System.Net.Http.HttpClient.DeepSeek.ClientHandler Sending HTTP request POST https://api.deepseek.com/chat/completions
[09:45:44 INF] System.Net.Http.HttpClient.DeepSeek.LogicalHandler Start processing HTTP request POST https://api.deepseek.com/chat/completions
[09:45:44 INF] System.Net.Http.HttpClient.DeepSeek.ClientHandler Sending HTTP request POST https://api.deepseek.com/chat/completions
[09:45:44 INF] System.Net.Http.HttpClient.DeepSeek.ClientHandler Received HTTP response headers after 287.9818ms - 200
[09:45:44 INF] System.Net.Http.HttpClient.DeepSeek.LogicalHandler End processing HTTP request after 295.5839ms - 200
[09:45:44 INF] System.Net.Http.HttpClient.DeepSeek.ClientHandler Received HTTP response headers after 284.0066ms - 200
[09:45:44 INF] System.Net.Http.HttpClient.DeepSeek.LogicalHandler End processing HTTP request after 294.5715ms - 200
[09:45:44 INF] System.Net.Http.HttpClient.DeepSeek.LogicalHandler Start processing HTTP request POST https://api.deepseek.com/chat/completions
[09:45:44 INF] System.Net.Http.HttpClient.DeepSeek.ClientHandler Sending HTTP request POST https://api.deepseek.com/chat/completions
[09:45:44 INF] System.Net.Http.HttpClient.DeepSeek.LogicalHandler Start processing HTTP request POST https://api.deepseek.com/chat/completions
[09:45:44 INF] System.Net.Http.HttpClient.DeepSeek.ClientHandler Sending HTTP request POST https://api.deepseek.com/chat/completions
[09:45:44 INF] System.Net.Http.HttpClient.DeepSeek.LogicalHandler Start processing HTTP request POST https://api.deepseek.com/chat/completions
[09:45:44 INF] System.Net.Http.HttpClient.DeepSeek.ClientHandler Sending HTTP request POST https://api.deepseek.com/chat/completions
[09:45:44 INF] System.Net.Http.HttpClient.DeepSeek.ClientHandler Received HTTP response headers after 285.8986ms - 200
[09:45:44 INF] System.Net.Http.HttpClient.DeepSeek.LogicalHandler End processing HTTP request after 293.841ms - 200
[09:45:44 INF] System.Net.Http.HttpClient.DeepSeek.ClientHandler Received HTTP response headers after 361.67ms - 200
[09:45:44 INF] System.Net.Http.HttpClient.DeepSeek.LogicalHandler End processing HTTP request after 368.9515ms - 200
[09:45:44 INF] System.Net.Http.HttpClient.DeepSeek.LogicalHandler Start processing HTTP request POST https://api.deepseek.com/chat/completions
[09:45:44 INF] System.Net.Http.HttpClient.DeepSeek.ClientHandler Sending HTTP request POST https://api.deepseek.com/chat/completions
[09:45:44 INF] System.Net.Http.HttpClient.DeepSeek.LogicalHandler Start processing HTTP request POST https://api.deepseek.com/chat/completions
[09:45:44 INF] System.Net.Http.HttpClient.DeepSeek.ClientHandler Sending HTTP request POST https://api.deepseek.com/chat/completions
[09:45:44 INF] System.Net.Http.HttpClient.DeepSeek.ClientHandler Received HTTP response headers after 294.6223ms - 200
[09:45:44 INF] System.Net.Http.HttpClient.DeepSeek.LogicalHandler End processing HTTP request after 301.8365ms - 200
[09:45:44 INF] System.Net.Http.HttpClient.DeepSeek.LogicalHandler Start processing HTTP request POST https://api.deepseek.com/chat/completions
[09:45:44 INF] System.Net.Http.HttpClient.DeepSeek.ClientHandler Sending HTTP request POST https://api.deepseek.com/chat/completions
[09:45:45 INF] System.Net.Http.HttpClient.DeepSeek.ClientHandler Received HTTP response headers after 278.2818ms - 200
[09:45:45 INF] System.Net.Http.HttpClient.DeepSeek.LogicalHandler End processing HTTP request after 285.7722ms - 200
[09:45:45 INF] System.Net.Http.HttpClient.DeepSeek.ClientHandler Received HTTP response headers after 340.5279ms - 200
[09:45:45 INF] System.Net.Http.HttpClient.DeepSeek.LogicalHandler End processing HTTP request after 348.0666ms - 200
[09:45:45 INF] System.Net.Http.HttpClient.DeepSeek.ClientHandler Received HTTP response headers after 308.6348ms - 200
[09:45:45 INF] System.Net.Http.HttpClient.DeepSeek.LogicalHandler End processing HTTP request after 316.1448ms - 200
[09:45:45 INF] System.Net.Http.HttpClient.DeepSeek.ClientHandler Received HTTP response headers after 284.0416ms - 200
[09:45:45 INF] System.Net.Http.HttpClient.DeepSeek.LogicalHandler End processing HTTP request after 291.189ms - 200
[09:45:45 INF] System.Net.Http.HttpClient.DeepSeek.ClientHandler Received HTTP response headers after 282.7982ms - 200
[09:45:45 INF] System.Net.Http.HttpClient.DeepSeek.LogicalHandler End processing HTTP request after 290.7617ms - 200
[09:45:45 INF] System.Net.Http.HttpClient.DeepSeek.LogicalHandler Start processing HTTP request POST https://api.deepseek.com/chat/completions
[09:45:45 INF] System.Net.Http.HttpClient.DeepSeek.ClientHandler Sending HTTP request POST https://api.deepseek.com/chat/completions
[09:45:45 INF] System.Net.Http.HttpClient.DeepSeek.LogicalHandler Start processing HTTP request POST https://api.deepseek.com/chat/completions
[09:45:45 INF] System.Net.Http.HttpClient.DeepSeek.ClientHandler Sending HTTP request POST https://api.deepseek.com/chat/completions
[09:45:45 INF] System.Net.Http.HttpClient.DeepSeek.LogicalHandler Start processing HTTP request POST https://api.deepseek.com/chat/completions
[09:45:45 INF] System.Net.Http.HttpClient.DeepSeek.ClientHandler Sending HTTP request POST https://api.deepseek.com/chat/completions
[09:45:45 INF] System.Net.Http.HttpClient.DeepSeek.ClientHandler Received HTTP response headers after 291.4612ms - 200
[09:45:45 INF] System.Net.Http.HttpClient.DeepSeek.LogicalHandler End processing HTTP request after 300.074ms - 200
[09:45:45 INF] System.Net.Http.HttpClient.DeepSeek.LogicalHandler Start processing HTTP request POST https://api.deepseek.com/chat/completions
[09:45:45 INF] System.Net.Http.HttpClient.DeepSeek.ClientHandler Sending HTTP request POST https://api.deepseek.com/chat/completions
[09:45:45 INF] System.Net.Http.HttpClient.DeepSeek.LogicalHandler Start processing HTTP request POST https://api.deepseek.com/chat/completions
[09:45:45 INF] System.Net.Http.HttpClient.DeepSeek.ClientHandler Sending HTTP request POST https://api.deepseek.com/chat/completions
[09:45:45 INF] System.Net.Http.HttpClient.DeepSeek.ClientHandler Received HTTP response headers after 293.6665ms - 200
[09:45:45 INF] System.Net.Http.HttpClient.DeepSeek.LogicalHandler End processing HTTP request after 301.5846ms - 200
[09:45:45 INF] System.Net.Http.HttpClient.DeepSeek.LogicalHandler Start processing HTTP request POST https://api.deepseek.com/chat/completions
[09:45:45 INF] System.Net.Http.HttpClient.DeepSeek.ClientHandler Sending HTTP request POST https://api.deepseek.com/chat/completions
[09:45:45 INF] System.Net.Http.HttpClient.DeepSeek.LogicalHandler Start processing HTTP request POST https://api.deepseek.com/chat/completions
[09:45:45 INF] System.Net.Http.HttpClient.DeepSeek.ClientHandler Sending HTTP request POST https://api.deepseek.com/chat/completions
[09:45:45 INF] System.Net.Http.HttpClient.DeepSeek.ClientHandler Received HTTP response headers after 318.6987ms - 200
[09:45:45 INF] System.Net.Http.HttpClient.DeepSeek.LogicalHandler End processing HTTP request after 326.3586ms - 200
[09:45:45 INF] System.Net.Http.HttpClient.DeepSeek.ClientHandler Received HTTP response headers after 282.9239ms - 200
[09:45:45 INF] System.Net.Http.HttpClient.DeepSeek.LogicalHandler End processing HTTP request after 290.678ms - 200
[09:45:45 INF] System.Net.Http.HttpClient.DeepSeek.ClientHandler Received HTTP response headers after 301.6527ms - 200
[09:45:45 INF] System.Net.Http.HttpClient.DeepSeek.LogicalHandler End processing HTTP request after 309.1043ms - 200
[09:45:46 INF] System.Net.Http.HttpClient.DeepSeek.LogicalHandler Start processing HTTP request POST https://api.deepseek.com/chat/completions
[09:45:46 INF] System.Net.Http.HttpClient.DeepSeek.ClientHandler Sending HTTP request POST https://api.deepseek.com/chat/completions
[09:45:46 INF] System.Net.Http.HttpClient.DeepSeek.ClientHandler Received HTTP response headers after 304.6716ms - 200
[09:45:46 INF] System.Net.Http.HttpClient.DeepSeek.LogicalHandler End processing HTTP request after 312.7342ms - 200
[09:45:46 INF] System.Net.Http.HttpClient.DeepSeek.ClientHandler Received HTTP response headers after 301.4766ms - 200
[09:45:46 INF] System.Net.Http.HttpClient.DeepSeek.LogicalHandler End processing HTTP request after 309.531ms - 200
[09:45:46 INF] System.Net.Http.HttpClient.DeepSeek.LogicalHandler Start processing HTTP request POST https://api.deepseek.com/chat/completions
[09:45:46 INF] System.Net.Http.HttpClient.DeepSeek.ClientHandler Sending HTTP request POST https://api.deepseek.com/chat/completions
[09:45:46 INF] System.Net.Http.HttpClient.DeepSeek.ClientHandler Received HTTP response headers after 287.2362ms - 200
[09:45:46 INF] System.Net.Http.HttpClient.DeepSeek.LogicalHandler End processing HTTP request after 295.8684ms - 200
[09:45:46 INF] System.Net.Http.HttpClient.DeepSeek.ClientHandler Received HTTP response headers after 289.0071ms - 200
[09:45:46 INF] System.Net.Http.HttpClient.DeepSeek.LogicalHandler End processing HTTP request after 296.5678ms - 200
[09:45:46 INF] System.Net.Http.HttpClient.DeepSeek.LogicalHandler Start processing HTTP request POST https://api.deepseek.com/chat/completions
[09:45:46 INF] System.Net.Http.HttpClient.DeepSeek.ClientHandler Sending HTTP request POST https://api.deepseek.com/chat/completions
[09:45:46 INF] System.Net.Http.HttpClient.DeepSeek.LogicalHandler Start processing HTTP request POST https://api.deepseek.com/chat/completions
[09:45:46 INF] System.Net.Http.HttpClient.DeepSeek.ClientHandler Sending HTTP request POST https://api.deepseek.com/chat/completions
[09:45:47 INF] System.Net.Http.HttpClient.DeepSeek.ClientHandler Received HTTP response headers after 291.7137ms - 200
[09:45:47 INF] System.Net.Http.HttpClient.DeepSeek.LogicalHandler End processing HTTP request after 299.4371ms - 200
[09:45:47 INF] System.Net.Http.HttpClient.DeepSeek.ClientHandler Received HTTP response headers after 297.751ms - 200
[09:45:47 INF] System.Net.Http.HttpClient.DeepSeek.LogicalHandler End processing HTTP request after 305.3325ms - 200
[09:45:48 INF] System.Net.Http.HttpClient.DeepSeek.LogicalHandler Start processing HTTP request POST https://api.deepseek.com/chat/completions
[09:45:48 INF] System.Net.Http.HttpClient.DeepSeek.ClientHandler Sending HTTP request POST https://api.deepseek.com/chat/completions
[09:45:48 INF] System.Net.Http.HttpClient.DeepSeek.ClientHandler Received HTTP response headers after 293.9194ms - 200
[09:45:48 INF] System.Net.Http.HttpClient.DeepSeek.LogicalHandler End processing HTTP request after 302.7208ms - 200
[09:45:50 INF] System.Net.Http.HttpClient.DeepSeek.LogicalHandler Start processing HTTP request POST https://api.deepseek.com/chat/completions
[09:45:50 INF] System.Net.Http.HttpClient.DeepSeek.ClientHandler Sending HTTP request POST https://api.deepseek.com/chat/completions
[09:45:50 INF] System.Net.Http.HttpClient.DeepSeek.ClientHandler Received HTTP response headers after 293.8595ms - 200
[09:45:50 INF] System.Net.Http.HttpClient.DeepSeek.LogicalHandler End processing HTTP request after 303.0189ms - 200
[09:45:56 INF] System.Net.Http.HttpClient.DeepSeek.LogicalHandler Start processing HTTP request POST https://api.deepseek.com/chat/completions
[09:45:56 INF] System.Net.Http.HttpClient.DeepSeek.ClientHandler Sending HTTP request POST https://api.deepseek.com/chat/completions
[09:45:56 INF] System.Net.Http.HttpClient.DeepSeek.ClientHandler Received HTTP response headers after 357.6932ms - 200
[09:45:56 INF] System.Net.Http.HttpClient.DeepSeek.LogicalHandler End processing HTTP request after 366.8693ms - 200
[09:45:59 INF] System.Net.Http.HttpClient.DeepSeek.LogicalHandler Start processing HTTP request POST https://api.deepseek.com/chat/completions
[09:45:59 INF] System.Net.Http.HttpClient.DeepSeek.ClientHandler Sending HTTP request POST https://api.deepseek.com/chat/completions
[09:45:59 INF] System.Net.Http.HttpClient.DeepSeek.ClientHandler Received HTTP response headers after 283.7389ms - 200
[09:45:59 INF] System.Net.Http.HttpClient.DeepSeek.LogicalHandler End processing HTTP request after 292.0831ms - 200
[09:51:00 INF] System.Net.Http.HttpClient.IStockApiClient.LogicalHandler Start processing HTTP request GET https://data.sec.gov/submissions/CIK0001375365.json
[09:51:00 INF] System.Net.Http.HttpClient.IStockApiClient.ClientHandler Sending HTTP request GET https://data.sec.gov/submissions/CIK0001375365.json
[09:51:00 INF] System.Net.Http.HttpClient.IStockApiClient.ClientHandler Received HTTP response headers after 346.4423ms - 200
[09:51:00 INF] System.Net.Http.HttpClient.IStockApiClient.LogicalHandler End processing HTTP request after 355.0671ms - 200
[09:51:06 INF] System.Net.Http.HttpClient.DeepSeek.LogicalHandler Start processing HTTP request POST https://api.deepseek.com/chat/completions
[09:51:06 INF] System.Net.Http.HttpClient.DeepSeek.ClientHandler Sending HTTP request POST https://api.deepseek.com/chat/completions
[09:51:06 INF] System.Net.Http.HttpClient.DeepSeek.LogicalHandler Start processing HTTP request POST https://api.deepseek.com/chat/completions
[09:51:06 INF] System.Net.Http.HttpClient.DeepSeek.ClientHandler Sending HTTP request POST https://api.deepseek.com/chat/completions
[09:51:06 INF] System.Net.Http.HttpClient.DeepSeek.LogicalHandler Start processing HTTP request POST https://api.deepseek.com/chat/completions
[09:51:06 INF] System.Net.Http.HttpClient.DeepSeek.ClientHandler Sending HTTP request POST https://api.deepseek.com/chat/completions
[09:51:07 INF] System.Net.Http.HttpClient.DeepSeek.LogicalHandler Start processing HTTP request POST https://api.deepseek.com/chat/completions
[09:51:07 INF] System.Net.Http.HttpClient.DeepSeek.ClientHandler Sending HTTP request POST https://api.deepseek.com/chat/completions
[09:51:07 INF] System.Net.Http.HttpClient.DeepSeek.LogicalHandler Start processing HTTP request POST https://api.deepseek.com/chat/completions
[09:51:07 INF] System.Net.Http.HttpClient.DeepSeek.ClientHandler Sending HTTP request POST https://api.deepseek.com/chat/completions
[09:51:07 INF] System.Net.Http.HttpClient.DeepSeek.LogicalHandler Start processing HTTP request POST https://api.deepseek.com/chat/completions
[09:51:07 INF] System.Net.Http.HttpClient.DeepSeek.ClientHandler Sending HTTP request POST https://api.deepseek.com/chat/completions
[09:51:07 INF] System.Net.Http.HttpClient.DeepSeek.ClientHandler Received HTTP response headers after 318.4986ms - 200
[09:51:07 INF] System.Net.Http.HttpClient.DeepSeek.LogicalHandler End processing HTTP request after 331.6587ms - 200
[09:51:07 INF] System.Net.Http.HttpClient.DeepSeek.ClientHandler Received HTTP response headers after 306.6916ms - 200
[09:51:07 INF] System.Net.Http.HttpClient.DeepSeek.LogicalHandler End processing HTTP request after 321.5809ms - 200
[09:51:07 INF] System.Net.Http.HttpClient.DeepSeek.ClientHandler Received HTTP response headers after 304.4097ms - 200
[09:51:07 INF] System.Net.Http.HttpClient.DeepSeek.LogicalHandler End processing HTTP request after 320.527ms - 200
[09:51:07 INF] System.Net.Http.HttpClient.DeepSeek.ClientHandler Received HTTP response headers after 345.0424ms - 200
[09:51:07 INF] System.Net.Http.HttpClient.DeepSeek.LogicalHandler End processing HTTP request after 360.3861ms - 200
[09:51:07 INF] System.Net.Http.HttpClient.DeepSeek.ClientHandler Received HTTP response headers after 316.5623ms - 200
[09:51:07 INF] System.Net.Http.HttpClient.DeepSeek.ClientHandler Received HTTP response headers after 351.822ms - 200
[09:51:07 INF] System.Net.Http.HttpClient.DeepSeek.LogicalHandler End processing HTTP request after 333.7013ms - 200
[09:51:07 INF] System.Net.Http.HttpClient.DeepSeek.LogicalHandler End processing HTTP request after 369.7048ms - 200
[09:51:07 INF] System.Net.Http.HttpClient.DeepSeek.LogicalHandler Start processing HTTP request POST https://api.deepseek.com/chat/completions
[09:51:07 INF] System.Net.Http.HttpClient.DeepSeek.ClientHandler Sending HTTP request POST https://api.deepseek.com/chat/completions
[09:51:08 INF] System.Net.Http.HttpClient.DeepSeek.ClientHandler Received HTTP response headers after 330.6634ms - 200
[09:51:08 INF] System.Net.Http.HttpClient.DeepSeek.LogicalHandler End processing HTTP request after 338.1394ms - 200
[09:51:08 INF] System.Net.Http.HttpClient.DeepSeek.LogicalHandler Start processing HTTP request POST https://api.deepseek.com/chat/completions
[09:51:08 INF] System.Net.Http.HttpClient.DeepSeek.ClientHandler Sending HTTP request POST https://api.deepseek.com/chat/completions
[09:51:09 INF] System.Net.Http.HttpClient.DeepSeek.ClientHandler Received HTTP response headers after 298.758ms - 200
[09:51:09 INF] System.Net.Http.HttpClient.DeepSeek.LogicalHandler End processing HTTP request after 305.6933ms - 200
[09:51:09 INF] System.Net.Http.HttpClient.DeepSeek.LogicalHandler Start processing HTTP request POST https://api.deepseek.com/chat/completions
[09:51:09 INF] System.Net.Http.HttpClient.DeepSeek.ClientHandler Sending HTTP request POST https://api.deepseek.com/chat/completions
[09:51:09 INF] System.Net.Http.HttpClient.DeepSeek.ClientHandler Received HTTP response headers after 292.9779ms - 200
[09:51:09 INF] System.Net.Http.HttpClient.DeepSeek.LogicalHandler End processing HTTP request after 300.2185ms - 200
[09:51:09 INF] System.Net.Http.HttpClient.DeepSeek.LogicalHandler Start processing HTTP request POST https://api.deepseek.com/chat/completions
[09:51:09 INF] System.Net.Http.HttpClient.DeepSeek.ClientHandler Sending HTTP request POST https://api.deepseek.com/chat/completions
[09:51:10 INF] System.Net.Http.HttpClient.DeepSeek.ClientHandler Received HTTP response headers after 280.0673ms - 200
[09:51:10 INF] System.Net.Http.HttpClient.DeepSeek.LogicalHandler End processing HTTP request after 288.0262ms - 200
[09:51:11 INF] System.Net.Http.HttpClient.DeepSeek.LogicalHandler Start processing HTTP request POST https://api.deepseek.com/chat/completions
[09:51:11 INF] System.Net.Http.HttpClient.DeepSeek.ClientHandler Sending HTTP request POST https://api.deepseek.com/chat/completions
[09:51:11 INF] System.Net.Http.HttpClient.DeepSeek.LogicalHandler Start processing HTTP request POST https://api.deepseek.com/chat/completions
[09:51:11 INF] System.Net.Http.HttpClient.DeepSeek.ClientHandler Sending HTTP request POST https://api.deepseek.com/chat/completions
[09:51:11 INF] System.Net.Http.HttpClient.DeepSeek.ClientHandler Received HTTP response headers after 288.1418ms - 200
[09:51:11 INF] System.Net.Http.HttpClient.DeepSeek.LogicalHandler End processing HTTP request after 296.0053ms - 200
[09:51:11 INF] System.Net.Http.HttpClient.DeepSeek.ClientHandler Received HTTP response headers after 290.5825ms - 200
[09:51:11 INF] System.Net.Http.HttpClient.DeepSeek.LogicalHandler End processing HTTP request after 298.6848ms - 200
[09:51:11 INF] System.Net.Http.HttpClient.DeepSeek.LogicalHandler Start processing HTTP request POST https://api.deepseek.com/chat/completions
[09:51:11 INF] System.Net.Http.HttpClient.DeepSeek.ClientHandler Sending HTTP request POST https://api.deepseek.com/chat/completions
[09:51:11 INF] System.Net.Http.HttpClient.DeepSeek.ClientHandler Received HTTP response headers after 288.5468ms - 200
[09:51:11 INF] System.Net.Http.HttpClient.DeepSeek.LogicalHandler End processing HTTP request after 296.5982ms - 200
[09:51:12 INF] System.Net.Http.HttpClient.DeepSeek.LogicalHandler Start processing HTTP request POST https://api.deepseek.com/chat/completions
[09:51:12 INF] System.Net.Http.HttpClient.DeepSeek.ClientHandler Sending HTTP request POST https://api.deepseek.com/chat/completions
[09:51:12 INF] System.Net.Http.HttpClient.DeepSeek.LogicalHandler Start processing HTTP request POST https://api.deepseek.com/chat/completions
[09:51:12 INF] System.Net.Http.HttpClient.DeepSeek.ClientHandler Sending HTTP request POST https://api.deepseek.com/chat/completions
[09:51:12 INF] System.Net.Http.HttpClient.DeepSeek.LogicalHandler Start processing HTTP request POST https://api.deepseek.com/chat/completions
[09:51:12 INF] System.Net.Http.HttpClient.DeepSeek.ClientHandler Sending HTTP request POST https://api.deepseek.com/chat/completions
[09:51:12 INF] System.Net.Http.HttpClient.DeepSeek.ClientHandler Received HTTP response headers after 297.9353ms - 200
[09:51:12 INF] System.Net.Http.HttpClient.DeepSeek.LogicalHandler End processing HTTP request after 305.8015ms - 200
[09:51:13 INF] System.Net.Http.HttpClient.DeepSeek.ClientHandler Received HTTP response headers after 284.0093ms - 200
[09:51:13 INF] System.Net.Http.HttpClient.DeepSeek.LogicalHandler End processing HTTP request after 291.1431ms - 200
[09:51:13 INF] System.Net.Http.HttpClient.DeepSeek.ClientHandler Received HTTP response headers after 293.6279ms - 200
[09:51:13 INF] System.Net.Http.HttpClient.DeepSeek.LogicalHandler End processing HTTP request after 301.0479ms - 200
[09:51:13 INF] System.Net.Http.HttpClient.DeepSeek.LogicalHandler Start processing HTTP request POST https://api.deepseek.com/chat/completions
[09:51:13 INF] System.Net.Http.HttpClient.DeepSeek.ClientHandler Sending HTTP request POST https://api.deepseek.com/chat/completions
[09:51:13 INF] System.Net.Http.HttpClient.DeepSeek.LogicalHandler Start processing HTTP request POST https://api.deepseek.com/chat/completions
[09:51:13 INF] System.Net.Http.HttpClient.DeepSeek.ClientHandler Sending HTTP request POST https://api.deepseek.com/chat/completions
[09:51:14 INF] System.Net.Http.HttpClient.DeepSeek.ClientHandler Received HTTP response headers after 288.3016ms - 200
[09:51:14 INF] System.Net.Http.HttpClient.DeepSeek.LogicalHandler End processing HTTP request after 296.2302ms - 200
[09:51:14 INF] System.Net.Http.HttpClient.DeepSeek.ClientHandler Received HTTP response headers after 303.2115ms - 200
[09:51:14 INF] System.Net.Http.HttpClient.DeepSeek.LogicalHandler End processing HTTP request after 311.0921ms - 200
[09:51:14 INF] System.Net.Http.HttpClient.DeepSeek.LogicalHandler Start processing HTTP request POST https://api.deepseek.com/chat/completions
[09:51:14 INF] System.Net.Http.HttpClient.DeepSeek.ClientHandler Sending HTTP request POST https://api.deepseek.com/chat/completions
[09:51:14 INF] System.Net.Http.HttpClient.DeepSeek.ClientHandler Received HTTP response headers after 287.5355ms - 200
[09:51:14 INF] System.Net.Http.HttpClient.DeepSeek.LogicalHandler End processing HTTP request after 295.0858ms - 200
[09:51:14 INF] System.Net.Http.HttpClient.DeepSeek.LogicalHandler Start processing HTTP request POST https://api.deepseek.com/chat/completions
[09:51:14 INF] System.Net.Http.HttpClient.DeepSeek.ClientHandler Sending HTTP request POST https://api.deepseek.com/chat/completions
[09:51:15 INF] System.Net.Http.HttpClient.DeepSeek.ClientHandler Received HTTP response headers after 284.8015ms - 200
[09:51:15 INF] System.Net.Http.HttpClient.DeepSeek.LogicalHandler End processing HTTP request after 292.5015ms - 200
[09:51:15 INF] System.Net.Http.HttpClient.DeepSeek.LogicalHandler Start processing HTTP request POST https://api.deepseek.com/chat/completions
[09:51:15 INF] System.Net.Http.HttpClient.DeepSeek.ClientHandler Sending HTTP request POST https://api.deepseek.com/chat/completions
[09:51:15 INF] System.Net.Http.HttpClient.DeepSeek.LogicalHandler Start processing HTTP request POST https://api.deepseek.com/chat/completions
[09:51:15 INF] System.Net.Http.HttpClient.DeepSeek.ClientHandler Sending HTTP request POST https://api.deepseek.com/chat/completions
[09:51:15 INF] System.Net.Http.HttpClient.DeepSeek.ClientHandler Received HTTP response headers after 281.5625ms - 200
[09:51:15 INF] System.Net.Http.HttpClient.DeepSeek.LogicalHandler End processing HTTP request after 289.2993ms - 200
[09:51:15 INF] System.Net.Http.HttpClient.DeepSeek.LogicalHandler Start processing HTTP request POST https://api.deepseek.com/chat/completions
[09:51:15 INF] System.Net.Http.HttpClient.DeepSeek.ClientHandler Sending HTTP request POST https://api.deepseek.com/chat/completions
[09:51:15 INF] System.Net.Http.HttpClient.DeepSeek.ClientHandler Received HTTP response headers after 283.134ms - 200
[09:51:15 INF] System.Net.Http.HttpClient.DeepSeek.LogicalHandler End processing HTTP request after 290.0869ms - 200
[09:51:15 INF] System.Net.Http.HttpClient.DeepSeek.LogicalHandler Start processing HTTP request POST https://api.deepseek.com/chat/completions
[09:51:15 INF] System.Net.Http.HttpClient.DeepSeek.ClientHandler Sending HTTP request POST https://api.deepseek.com/chat/completions
[09:51:16 INF] System.Net.Http.HttpClient.DeepSeek.ClientHandler Received HTTP response headers after 304.028ms - 200
[09:51:16 INF] System.Net.Http.HttpClient.DeepSeek.LogicalHandler End processing HTTP request after 310.898ms - 200
[09:51:16 INF] System.Net.Http.HttpClient.DeepSeek.ClientHandler Received HTTP response headers after 292.4274ms - 200
[09:51:16 INF] System.Net.Http.HttpClient.DeepSeek.LogicalHandler End processing HTTP request after 298.6822ms - 200
[09:51:16 INF] System.Net.Http.HttpClient.DeepSeek.LogicalHandler Start processing HTTP request POST https://api.deepseek.com/chat/completions
[09:51:16 INF] System.Net.Http.HttpClient.DeepSeek.ClientHandler Sending HTTP request POST https://api.deepseek.com/chat/completions
[09:51:16 INF] System.Net.Http.HttpClient.DeepSeek.ClientHandler Received HTTP response headers after 314.2028ms - 200
[09:51:16 INF] System.Net.Http.HttpClient.DeepSeek.LogicalHandler End processing HTTP request after 320.8595ms - 200
[09:51:17 INF] System.Net.Http.HttpClient.DeepSeek.LogicalHandler Start processing HTTP request POST https://api.deepseek.com/chat/completions
[09:51:17 INF] System.Net.Http.HttpClient.DeepSeek.ClientHandler Sending HTTP request POST https://api.deepseek.com/chat/completions
[09:51:17 INF] System.Net.Http.HttpClient.DeepSeek.LogicalHandler Start processing HTTP request POST https://api.deepseek.com/chat/completions
[09:51:17 INF] System.Net.Http.HttpClient.DeepSeek.ClientHandler Sending HTTP request POST https://api.deepseek.com/chat/completions
[09:51:17 INF] System.Net.Http.HttpClient.DeepSeek.ClientHandler Received HTTP response headers after 294.2843ms - 200
[09:51:17 INF] System.Net.Http.HttpClient.DeepSeek.LogicalHandler End processing HTTP request after 300.5092ms - 200
[09:51:17 INF] System.Net.Http.HttpClient.DeepSeek.ClientHandler Received HTTP response headers after 310.0395ms - 200
[09:51:17 INF] System.Net.Http.HttpClient.DeepSeek.LogicalHandler End processing HTTP request after 316.0784ms - 200
[09:51:17 INF] System.Net.Http.HttpClient.DeepSeek.LogicalHandler Start processing HTTP request POST https://api.deepseek.com/chat/completions
[09:51:17 INF] System.Net.Http.HttpClient.DeepSeek.ClientHandler Sending HTTP request POST https://api.deepseek.com/chat/completions
[09:51:17 INF] System.Net.Http.HttpClient.DeepSeek.LogicalHandler Start processing HTTP request POST https://api.deepseek.com/chat/completions
[09:51:17 INF] System.Net.Http.HttpClient.DeepSeek.ClientHandler Sending HTTP request POST https://api.deepseek.com/chat/completions
[09:51:18 INF] System.Net.Http.HttpClient.DeepSeek.ClientHandler Received HTTP response headers after 277.6049ms - 200
[09:51:18 INF] System.Net.Http.HttpClient.DeepSeek.LogicalHandler End processing HTTP request after 283.2126ms - 200
[09:51:18 INF] System.Net.Http.HttpClient.DeepSeek.ClientHandler Received HTTP response headers after 299.0789ms - 200
[09:51:18 INF] System.Net.Http.HttpClient.DeepSeek.LogicalHandler End processing HTTP request after 304.9692ms - 200
[09:51:18 INF] System.Net.Http.HttpClient.DeepSeek.LogicalHandler Start processing HTTP request POST https://api.deepseek.com/chat/completions
[09:51:18 INF] System.Net.Http.HttpClient.DeepSeek.ClientHandler Sending HTTP request POST https://api.deepseek.com/chat/completions
[09:51:19 INF] System.Net.Http.HttpClient.DeepSeek.LogicalHandler Start processing HTTP request POST https://api.deepseek.com/chat/completions
[09:51:19 INF] System.Net.Http.HttpClient.DeepSeek.ClientHandler Sending HTTP request POST https://api.deepseek.com/chat/completions
[09:51:19 INF] System.Net.Http.HttpClient.DeepSeek.ClientHandler Received HTTP response headers after 377.5528ms - 200
[09:51:19 INF] System.Net.Http.HttpClient.DeepSeek.LogicalHandler End processing HTTP request after 383.427ms - 200
[09:51:19 INF] System.Net.Http.HttpClient.DeepSeek.ClientHandler Received HTTP response headers after 303.2113ms - 200
[09:51:19 INF] System.Net.Http.HttpClient.DeepSeek.LogicalHandler End processing HTTP request after 309.8413ms - 200
[09:51:19 INF] System.Net.Http.HttpClient.DeepSeek.LogicalHandler Start processing HTTP request POST https://api.deepseek.com/chat/completions
[09:51:19 INF] System.Net.Http.HttpClient.DeepSeek.ClientHandler Sending HTTP request POST https://api.deepseek.com/chat/completions
[09:51:19 INF] System.Net.Http.HttpClient.DeepSeek.LogicalHandler Start processing HTTP request POST https://api.deepseek.com/chat/completions
[09:51:19 INF] System.Net.Http.HttpClient.DeepSeek.ClientHandler Sending HTTP request POST https://api.deepseek.com/chat/completions
[09:51:19 INF] System.Net.Http.HttpClient.DeepSeek.ClientHandler Received HTTP response headers after 273.9632ms - 200
[09:51:19 INF] System.Net.Http.HttpClient.DeepSeek.LogicalHandler End processing HTTP request after 279.4226ms - 200
[09:51:19 INF] System.Net.Http.HttpClient.DeepSeek.LogicalHandler Start processing HTTP request POST https://api.deepseek.com/chat/completions
[09:51:19 INF] System.Net.Http.HttpClient.DeepSeek.ClientHandler Sending HTTP request POST https://api.deepseek.com/chat/completions
[09:51:19 INF] System.Net.Http.HttpClient.DeepSeek.ClientHandler Received HTTP response headers after 290.1405ms - 200
[09:51:19 INF] System.Net.Http.HttpClient.DeepSeek.LogicalHandler End processing HTTP request after 296.104ms - 200
[09:51:20 INF] System.Net.Http.HttpClient.DeepSeek.ClientHandler Received HTTP response headers after 313.5674ms - 200
[09:51:20 INF] System.Net.Http.HttpClient.DeepSeek.LogicalHandler End processing HTTP request after 319.6097ms - 200
[09:51:21 INF] System.Net.Http.HttpClient.DeepSeek.LogicalHandler Start processing HTTP request POST https://api.deepseek.com/chat/completions
[09:51:21 INF] System.Net.Http.HttpClient.DeepSeek.ClientHandler Sending HTTP request POST https://api.deepseek.com/chat/completions
[09:51:21 INF] System.Net.Http.HttpClient.DeepSeek.ClientHandler Received HTTP response headers after 294.9537ms - 200
[09:51:21 INF] System.Net.Http.HttpClient.DeepSeek.LogicalHandler End processing HTTP request after 301.4116ms - 200
[09:51:38 INF] System.Net.Http.HttpClient.DeepSeek.LogicalHandler Start processing HTTP request POST https://api.deepseek.com/chat/completions
[09:51:38 INF] System.Net.Http.HttpClient.DeepSeek.ClientHandler Sending HTTP request POST https://api.deepseek.com/chat/completions
[09:51:38 INF] System.Net.Http.HttpClient.DeepSeek.LogicalHandler Start processing HTTP request POST https://api.deepseek.com/chat/completions
[09:51:38 INF] System.Net.Http.HttpClient.DeepSeek.ClientHandler Sending HTTP request POST https://api.deepseek.com/chat/completions
[09:51:38 INF] System.Net.Http.HttpClient.DeepSeek.LogicalHandler Start processing HTTP request POST https://api.deepseek.com/chat/completions
[09:51:38 INF] System.Net.Http.HttpClient.DeepSeek.ClientHandler Sending HTTP request POST https://api.deepseek.com/chat/completions
[09:51:38 INF] System.Net.Http.HttpClient.DeepSeek.LogicalHandler Start processing HTTP request POST https://api.deepseek.com/chat/completions
[09:51:38 INF] System.Net.Http.HttpClient.DeepSeek.ClientHandler Sending HTTP request POST https://api.deepseek.com/chat/completions
[09:51:38 INF] System.Net.Http.HttpClient.DeepSeek.LogicalHandler Start processing HTTP request POST https://api.deepseek.com/chat/completions
[09:51:38 INF] System.Net.Http.HttpClient.DeepSeek.ClientHandler Sending HTTP request POST https://api.deepseek.com/chat/completions
[09:51:38 INF] System.Net.Http.HttpClient.DeepSeek.LogicalHandler Start processing HTTP request POST https://api.deepseek.com/chat/completions
[09:51:38 INF] System.Net.Http.HttpClient.DeepSeek.ClientHandler Sending HTTP request POST https://api.deepseek.com/chat/completions
[09:51:38 INF] System.Net.Http.HttpClient.DeepSeek.LogicalHandler Start processing HTTP request POST https://api.deepseek.com/chat/completions
[09:51:38 INF] System.Net.Http.HttpClient.DeepSeek.ClientHandler Sending HTTP request POST https://api.deepseek.com/chat/completions
[09:51:38 INF] System.Net.Http.HttpClient.DeepSeek.LogicalHandler Start processing HTTP request POST https://api.deepseek.com/chat/completions
[09:51:38 INF] System.Net.Http.HttpClient.DeepSeek.ClientHandler Sending HTTP request POST https://api.deepseek.com/chat/completions
[09:51:38 INF] System.Net.Http.HttpClient.DeepSeek.LogicalHandler Start processing HTTP request POST https://api.deepseek.com/chat/completions
[09:51:38 INF] System.Net.Http.HttpClient.DeepSeek.ClientHandler Sending HTTP request POST https://api.deepseek.com/chat/completions
[09:51:38 INF] System.Net.Http.HttpClient.DeepSeek.LogicalHandler Start processing HTTP request POST https://api.deepseek.com/chat/completions
[09:51:38 INF] System.Net.Http.HttpClient.DeepSeek.ClientHandler Sending HTTP request POST https://api.deepseek.com/chat/completions
[09:51:38 INF] System.Net.Http.HttpClient.DeepSeek.LogicalHandler Start processing HTTP request POST https://api.deepseek.com/chat/completions
[09:51:38 INF] System.Net.Http.HttpClient.DeepSeek.ClientHandler Sending HTTP request POST https://api.deepseek.com/chat/completions
[09:51:38 INF] System.Net.Http.HttpClient.DeepSeek.LogicalHandler Start processing HTTP request POST https://api.deepseek.com/chat/completions
[09:51:38 INF] System.Net.Http.HttpClient.DeepSeek.ClientHandler Sending HTTP request POST https://api.deepseek.com/chat/completions
[09:51:38 INF] System.Net.Http.HttpClient.DeepSeek.LogicalHandler Start processing HTTP request POST https://api.deepseek.com/chat/completions
[09:51:38 INF] System.Net.Http.HttpClient.DeepSeek.ClientHandler Sending HTTP request POST https://api.deepseek.com/chat/completions
[09:51:38 INF] System.Net.Http.HttpClient.DeepSeek.LogicalHandler Start processing HTTP request POST https://api.deepseek.com/chat/completions
[09:51:38 INF] System.Net.Http.HttpClient.DeepSeek.ClientHandler Sending HTTP request POST https://api.deepseek.com/chat/completions
[09:51:38 INF] System.Net.Http.HttpClient.DeepSeek.LogicalHandler Start processing HTTP request POST https://api.deepseek.com/chat/completions
[09:51:38 INF] System.Net.Http.HttpClient.DeepSeek.ClientHandler Sending HTTP request POST https://api.deepseek.com/chat/completions
[09:51:38 INF] System.Net.Http.HttpClient.DeepSeek.LogicalHandler Start processing HTTP request POST https://api.deepseek.com/chat/completions
[09:51:38 INF] System.Net.Http.HttpClient.DeepSeek.ClientHandler Sending HTTP request POST https://api.deepseek.com/chat/completions
[09:51:38 INF] System.Net.Http.HttpClient.DeepSeek.LogicalHandler Start processing HTTP request POST https://api.deepseek.com/chat/completions
[09:51:38 INF] System.Net.Http.HttpClient.DeepSeek.ClientHandler Sending HTTP request POST https://api.deepseek.com/chat/completions
[09:51:38 INF] System.Net.Http.HttpClient.DeepSeek.LogicalHandler Start processing HTTP request POST https://api.deepseek.com/chat/completions
[09:51:38 INF] System.Net.Http.HttpClient.DeepSeek.ClientHandler Sending HTTP request POST https://api.deepseek.com/chat/completions
[09:51:38 INF] System.Net.Http.HttpClient.DeepSeek.LogicalHandler Start processing HTTP request POST https://api.deepseek.com/chat/completions
[09:51:38 INF] System.Net.Http.HttpClient.DeepSeek.ClientHandler Sending HTTP request POST https://api.deepseek.com/chat/completions
[09:51:38 INF] System.Net.Http.HttpClient.DeepSeek.LogicalHandler Start processing HTTP request POST https://api.deepseek.com/chat/completions
[09:51:38 INF] System.Net.Http.HttpClient.DeepSeek.ClientHandler Sending HTTP request POST https://api.deepseek.com/chat/completions
[09:51:39 INF] System.Net.Http.HttpClient.DeepSeek.LogicalHandler Start processing HTTP request POST https://api.deepseek.com/chat/completions
[09:51:39 INF] System.Net.Http.HttpClient.DeepSeek.ClientHandler Sending HTTP request POST https://api.deepseek.com/chat/completions
[09:51:39 INF] System.Net.Http.HttpClient.DeepSeek.LogicalHandler Start processing HTTP request POST https://api.deepseek.com/chat/completions
[09:51:39 INF] System.Net.Http.HttpClient.DeepSeek.ClientHandler Sending HTTP request POST https://api.deepseek.com/chat/completions
[09:51:39 INF] System.Net.Http.HttpClient.DeepSeek.LogicalHandler Start processing HTTP request POST https://api.deepseek.com/chat/completions
[09:51:39 INF] System.Net.Http.HttpClient.DeepSeek.ClientHandler Sending HTTP request POST https://api.deepseek.com/chat/completions
[09:51:39 INF] System.Net.Http.HttpClient.DeepSeek.LogicalHandler Start processing HTTP request POST https://api.deepseek.com/chat/completions
[09:51:39 INF] System.Net.Http.HttpClient.DeepSeek.ClientHandler Sending HTTP request POST https://api.deepseek.com/chat/completions
[09:51:39 INF] System.Net.Http.HttpClient.DeepSeek.LogicalHandler Start processing HTTP request POST https://api.deepseek.com/chat/completions
[09:51:39 INF] System.Net.Http.HttpClient.DeepSeek.ClientHandler Sending HTTP request POST https://api.deepseek.com/chat/completions
[09:51:39 INF] System.Net.Http.HttpClient.DeepSeek.LogicalHandler Start processing HTTP request POST https://api.deepseek.com/chat/completions
[09:51:39 INF] System.Net.Http.HttpClient.DeepSeek.ClientHandler Sending HTTP request POST https://api.deepseek.com/chat/completions
[09:51:39 INF] System.Net.Http.HttpClient.DeepSeek.LogicalHandler Start processing HTTP request POST https://api.deepseek.com/chat/completions
[09:51:39 INF] System.Net.Http.HttpClient.DeepSeek.ClientHandler Sending HTTP request POST https://api.deepseek.com/chat/completions
[09:51:39 INF] System.Net.Http.HttpClient.DeepSeek.LogicalHandler Start processing HTTP request POST https://api.deepseek.com/chat/completions
[09:51:39 INF] System.Net.Http.HttpClient.DeepSeek.ClientHandler Sending HTTP request POST https://api.deepseek.com/chat/completions
[09:51:39 INF] System.Net.Http.HttpClient.DeepSeek.LogicalHandler Start processing HTTP request POST https://api.deepseek.com/chat/completions
[09:51:39 INF] System.Net.Http.HttpClient.DeepSeek.ClientHandler Sending HTTP request POST https://api.deepseek.com/chat/completions
[09:51:39 INF] System.Net.Http.HttpClient.DeepSeek.LogicalHandler Start processing HTTP request POST https://api.deepseek.com/chat/completions
[09:51:39 INF] System.Net.Http.HttpClient.DeepSeek.ClientHandler Sending HTTP request POST https://api.deepseek.com/chat/completions
[09:51:39 INF] System.Net.Http.HttpClient.DeepSeek.ClientHandler Received HTTP response headers after 283.3124ms - 200
[09:51:39 INF] System.Net.Http.HttpClient.DeepSeek.LogicalHandler End processing HTTP request after 292.6333ms - 200
[09:51:39 INF] System.Net.Http.HttpClient.DeepSeek.ClientHandler Received HTTP response headers after 276.3081ms - 200
[09:51:39 INF] System.Net.Http.HttpClient.DeepSeek.ClientHandler Received HTTP response headers after 290.7202ms - 200
[09:51:39 INF] System.Net.Http.HttpClient.DeepSeek.LogicalHandler End processing HTTP request after 285.8465ms - 200
[09:51:39 INF] System.Net.Http.HttpClient.DeepSeek.LogicalHandler End processing HTTP request after 301.8687ms - 200
[09:51:39 INF] System.Net.Http.HttpClient.DeepSeek.ClientHandler Received HTTP response headers after 278.2435ms - 200
[09:51:39 INF] System.Net.Http.HttpClient.DeepSeek.LogicalHandler End processing HTTP request after 290.7682ms - 200
[09:51:39 INF] System.Net.Http.HttpClient.DeepSeek.ClientHandler Received HTTP response headers after 280.2706ms - 200
[09:51:39 INF] System.Net.Http.HttpClient.DeepSeek.LogicalHandler End processing HTTP request after 290.6533ms - 200
[09:51:39 INF] System.Net.Http.HttpClient.DeepSeek.ClientHandler Received HTTP response headers after 297.6268ms - 200
[09:51:39 INF] System.Net.Http.HttpClient.DeepSeek.LogicalHandler End processing HTTP request after 307.4325ms - 200
[09:51:39 INF] System.Net.Http.HttpClient.DeepSeek.ClientHandler Received HTTP response headers after 329.1455ms - 200
[09:51:39 INF] System.Net.Http.HttpClient.DeepSeek.ClientHandler Received HTTP response headers after 300.3849ms - 200
[09:51:39 INF] System.Net.Http.HttpClient.DeepSeek.LogicalHandler End processing HTTP request after 339.84ms - 200
[09:51:39 INF] System.Net.Http.HttpClient.DeepSeek.LogicalHandler End processing HTTP request after 311.2435ms - 200
[09:51:39 INF] System.Net.Http.HttpClient.DeepSeek.ClientHandler Received HTTP response headers after 299.5851ms - 200
[09:51:39 INF] System.Net.Http.HttpClient.DeepSeek.LogicalHandler End processing HTTP request after 311.4743ms - 200
[09:51:39 INF] System.Net.Http.HttpClient.DeepSeek.ClientHandler Received HTTP response headers after 326.609ms - 200
[09:51:39 INF] System.Net.Http.HttpClient.DeepSeek.LogicalHandler End processing HTTP request after 338.6947ms - 200
[09:51:39 INF] System.Net.Http.HttpClient.DeepSeek.ClientHandler Received HTTP response headers after 297.0427ms - 200
[09:51:39 INF] System.Net.Http.HttpClient.DeepSeek.ClientHandler Received HTTP response headers after 313.0634ms - 200
[09:51:39 INF] System.Net.Http.HttpClient.DeepSeek.LogicalHandler End processing HTTP request after 308.024ms - 200
[09:51:39 INF] System.Net.Http.HttpClient.DeepSeek.LogicalHandler End processing HTTP request after 326.8387ms - 200
[09:51:39 INF] System.Net.Http.HttpClient.DeepSeek.ClientHandler Received HTTP response headers after 318.8535ms - 200
[09:51:39 INF] System.Net.Http.HttpClient.DeepSeek.LogicalHandler End processing HTTP request after 329.8633ms - 200
[09:51:39 INF] System.Net.Http.HttpClient.DeepSeek.ClientHandler Received HTTP response headers after 308.8867ms - 200
[09:51:39 INF] System.Net.Http.HttpClient.DeepSeek.LogicalHandler End processing HTTP request after 320.8988ms - 200
[09:51:39 INF] System.Net.Http.HttpClient.DeepSeek.ClientHandler Received HTTP response headers after 307.5599ms - 200
[09:51:39 INF] System.Net.Http.HttpClient.DeepSeek.ClientHandler Received HTTP response headers after 357.2968ms - 200
[09:51:39 INF] System.Net.Http.HttpClient.DeepSeek.LogicalHandler End processing HTTP request after 320.8871ms - 200
[09:51:39 INF] System.Net.Http.HttpClient.DeepSeek.LogicalHandler End processing HTTP request after 368.409ms - 200
[09:51:39 INF] System.Net.Http.HttpClient.DeepSeek.ClientHandler Received HTTP response headers after 313.7459ms - 200
[09:51:39 INF] System.Net.Http.HttpClient.DeepSeek.LogicalHandler End processing HTTP request after 325.5473ms - 200
[09:51:39 INF] System.Net.Http.HttpClient.DeepSeek.ClientHandler Received HTTP response headers after 314.6741ms - 200
[09:51:39 INF] System.Net.Http.HttpClient.DeepSeek.LogicalHandler End processing HTTP request after 325.284ms - 200
[09:51:39 INF] System.Net.Http.HttpClient.DeepSeek.ClientHandler Received HTTP response headers after 316.0944ms - 200
[09:51:39 INF] System.Net.Http.HttpClient.DeepSeek.LogicalHandler End processing HTTP request after 325.8439ms - 200
[09:51:39 INF] System.Net.Http.HttpClient.DeepSeek.ClientHandler Received HTTP response headers after 328.1482ms - 200
[09:51:39 INF] System.Net.Http.HttpClient.DeepSeek.LogicalHandler End processing HTTP request after 339.0448ms - 200
[09:51:39 INF] System.Net.Http.HttpClient.DeepSeek.ClientHandler Received HTTP response headers after 326.593ms - 200
[09:51:39 INF] System.Net.Http.HttpClient.DeepSeek.ClientHandler Received HTTP response headers after 334.5443ms - 200
[09:51:39 INF] System.Net.Http.HttpClient.DeepSeek.LogicalHandler End processing HTTP request after 337.2273ms - 200
[09:51:39 INF] System.Net.Http.HttpClient.DeepSeek.LogicalHandler End processing HTTP request after 347.0606ms - 200
[09:51:39 INF] System.Net.Http.HttpClient.DeepSeek.ClientHandler Received HTTP response headers after 335.3915ms - 200
[09:51:39 INF] System.Net.Http.HttpClient.DeepSeek.LogicalHandler End processing HTTP request after 345.5333ms - 200
[09:51:39 INF] System.Net.Http.HttpClient.DeepSeek.ClientHandler Received HTTP response headers after 337.6239ms - 200
[09:51:39 INF] System.Net.Http.HttpClient.DeepSeek.ClientHandler Received HTTP response headers after 323.5895ms - 200
[09:51:39 INF] System.Net.Http.HttpClient.DeepSeek.LogicalHandler End processing HTTP request after 348.273ms - 200
[09:51:39 INF] System.Net.Http.HttpClient.DeepSeek.LogicalHandler End processing HTTP request after 336.026ms - 200
[09:51:39 INF] System.Net.Http.HttpClient.DeepSeek.ClientHandler Received HTTP response headers after 339.8942ms - 200
[09:51:39 INF] System.Net.Http.HttpClient.DeepSeek.ClientHandler Received HTTP response headers after 327.1157ms - 200
[09:51:39 INF] System.Net.Http.HttpClient.DeepSeek.LogicalHandler End processing HTTP request after 349.8112ms - 200
[09:51:39 INF] System.Net.Http.HttpClient.DeepSeek.LogicalHandler End processing HTTP request after 338.3298ms - 200
[09:51:39 INF] System.Net.Http.HttpClient.DeepSeek.ClientHandler Received HTTP response headers after 351.76ms - 200
[09:51:39 INF] System.Net.Http.HttpClient.DeepSeek.LogicalHandler End processing HTTP request after 361.4531ms - 200
[09:51:39 INF] System.Net.Http.HttpClient.DeepSeek.ClientHandler Received HTTP response headers after 345.7092ms - 200
[09:51:39 INF] System.Net.Http.HttpClient.DeepSeek.ClientHandler Received HTTP response headers after 341.3937ms - 200
[09:51:39 INF] System.Net.Http.HttpClient.DeepSeek.LogicalHandler End processing HTTP request after 355.9366ms - 200
[09:51:39 INF] System.Net.Http.HttpClient.DeepSeek.LogicalHandler End processing HTTP request after 351.5913ms - 200
[09:51:40 INF] System.Net.Http.HttpClient.DeepSeek.LogicalHandler Start processing HTTP request POST https://api.deepseek.com/chat/completions
[09:51:40 INF] System.Net.Http.HttpClient.DeepSeek.ClientHandler Sending HTTP request POST https://api.deepseek.com/chat/completions
[09:51:40 INF] System.Net.Http.HttpClient.DeepSeek.LogicalHandler Start processing HTTP request POST https://api.deepseek.com/chat/completions
[09:51:40 INF] System.Net.Http.HttpClient.DeepSeek.ClientHandler Sending HTTP request POST https://api.deepseek.com/chat/completions
[09:51:40 INF] System.Net.Http.HttpClient.DeepSeek.LogicalHandler Start processing HTTP request POST https://api.deepseek.com/chat/completions
[09:51:40 INF] System.Net.Http.HttpClient.DeepSeek.ClientHandler Sending HTTP request POST https://api.deepseek.com/chat/completions
[09:51:40 INF] System.Net.Http.HttpClient.DeepSeek.ClientHandler Received HTTP response headers after 283.1215ms - 200
[09:51:40 INF] System.Net.Http.HttpClient.DeepSeek.LogicalHandler End processing HTTP request after 290.8894ms - 200
[09:51:40 INF] System.Net.Http.HttpClient.DeepSeek.LogicalHandler Start processing HTTP request POST https://api.deepseek.com/chat/completions
[09:51:40 INF] System.Net.Http.HttpClient.DeepSeek.LogicalHandler Start processing HTTP request POST https://api.deepseek.com/chat/completions
[09:51:40 INF] System.Net.Http.HttpClient.DeepSeek.ClientHandler Sending HTTP request POST https://api.deepseek.com/chat/completions
[09:51:40 INF] System.Net.Http.HttpClient.DeepSeek.ClientHandler Sending HTTP request POST https://api.deepseek.com/chat/completions
[09:51:40 INF] System.Net.Http.HttpClient.DeepSeek.ClientHandler Received HTTP response headers after 274.7591ms - 200
[09:51:40 INF] System.Net.Http.HttpClient.DeepSeek.LogicalHandler End processing HTTP request after 282.422ms - 200
[09:51:40 INF] System.Net.Http.HttpClient.DeepSeek.ClientHandler Received HTTP response headers after 275.9237ms - 200
[09:51:40 INF] System.Net.Http.HttpClient.DeepSeek.LogicalHandler End processing HTTP request after 283.2548ms - 200
[09:51:40 INF] System.Net.Http.HttpClient.DeepSeek.LogicalHandler Start processing HTTP request POST https://api.deepseek.com/chat/completions
[09:51:40 INF] System.Net.Http.HttpClient.DeepSeek.ClientHandler Sending HTTP request POST https://api.deepseek.com/chat/completions
[09:51:40 INF] System.Net.Http.HttpClient.DeepSeek.ClientHandler Received HTTP response headers after 273.9776ms - 200
[09:51:40 INF] System.Net.Http.HttpClient.DeepSeek.LogicalHandler End processing HTTP request after 284.006ms - 200
[09:51:40 INF] System.Net.Http.HttpClient.DeepSeek.ClientHandler Received HTTP response headers after 290.323ms - 200
[09:51:40 INF] System.Net.Http.HttpClient.DeepSeek.LogicalHandler End processing HTTP request after 300.1364ms - 200
[09:51:40 INF] System.Net.Http.HttpClient.DeepSeek.LogicalHandler Start processing HTTP request POST https://api.deepseek.com/chat/completions
[09:51:40 INF] System.Net.Http.HttpClient.DeepSeek.ClientHandler Sending HTTP request POST https://api.deepseek.com/chat/completions
[09:51:40 INF] System.Net.Http.HttpClient.DeepSeek.LogicalHandler Start processing HTTP request POST https://api.deepseek.com/chat/completions
[09:51:40 INF] System.Net.Http.HttpClient.DeepSeek.ClientHandler Sending HTTP request POST https://api.deepseek.com/chat/completions
[09:51:40 INF] System.Net.Http.HttpClient.DeepSeek.LogicalHandler Start processing HTTP request POST https://api.deepseek.com/chat/completions
[09:51:40 INF] System.Net.Http.HttpClient.DeepSeek.ClientHandler Sending HTTP request POST https://api.deepseek.com/chat/completions
[09:51:40 INF] System.Net.Http.HttpClient.DeepSeek.ClientHandler Received HTTP response headers after 284.0206ms - 200
[09:51:40 INF] System.Net.Http.HttpClient.DeepSeek.LogicalHandler End processing HTTP request after 292.2648ms - 200
[09:51:40 INF] System.Net.Http.HttpClient.DeepSeek.LogicalHandler Start processing HTTP request POST https://api.deepseek.com/chat/completions
[09:51:40 INF] System.Net.Http.HttpClient.DeepSeek.ClientHandler Sending HTTP request POST https://api.deepseek.com/chat/completions
[09:51:40 INF] System.Net.Http.HttpClient.DeepSeek.ClientHandler Received HTTP response headers after 276.4937ms - 200
[09:51:40 INF] System.Net.Http.HttpClient.DeepSeek.LogicalHandler End processing HTTP request after 284.024ms - 200
[09:51:40 INF] System.Net.Http.HttpClient.DeepSeek.LogicalHandler Start processing HTTP request POST https://api.deepseek.com/chat/completions
[09:51:40 INF] System.Net.Http.HttpClient.DeepSeek.ClientHandler Sending HTTP request POST https://api.deepseek.com/chat/completions
[09:51:41 INF] System.Net.Http.HttpClient.DeepSeek.LogicalHandler Start processing HTTP request POST https://api.deepseek.com/chat/completions
[09:51:41 INF] System.Net.Http.HttpClient.DeepSeek.ClientHandler Sending HTTP request POST https://api.deepseek.com/chat/completions
[09:51:41 INF] System.Net.Http.HttpClient.DeepSeek.LogicalHandler Start processing HTTP request POST https://api.deepseek.com/chat/completions
[09:51:41 INF] System.Net.Http.HttpClient.DeepSeek.ClientHandler Sending HTTP request POST https://api.deepseek.com/chat/completions
[09:51:41 INF] System.Net.Http.HttpClient.DeepSeek.LogicalHandler Start processing HTTP request POST https://api.deepseek.com/chat/completions
[09:51:41 INF] System.Net.Http.HttpClient.DeepSeek.ClientHandler Sending HTTP request POST https://api.deepseek.com/chat/completions
[09:51:41 INF] System.Net.Http.HttpClient.DeepSeek.ClientHandler Received HTTP response headers after 282.4291ms - 200
[09:51:41 INF] System.Net.Http.HttpClient.DeepSeek.LogicalHandler End processing HTTP request after 290.9283ms - 200
[09:51:41 INF] System.Net.Http.HttpClient.DeepSeek.LogicalHandler Start processing HTTP request POST https://api.deepseek.com/chat/completions
[09:51:41 INF] System.Net.Http.HttpClient.DeepSeek.ClientHandler Sending HTTP request POST https://api.deepseek.com/chat/completions
[09:51:41 INF] System.Net.Http.HttpClient.DeepSeek.LogicalHandler Start processing HTTP request POST https://api.deepseek.com/chat/completions
[09:51:41 INF] System.Net.Http.HttpClient.DeepSeek.ClientHandler Sending HTTP request POST https://api.deepseek.com/chat/completions
[09:51:41 INF] System.Net.Http.HttpClient.DeepSeek.ClientHandler Received HTTP response headers after 307.8511ms - 200
[09:51:41 INF] System.Net.Http.HttpClient.DeepSeek.LogicalHandler End processing HTTP request after 315.8639ms - 200
[09:51:41 INF] System.Net.Http.HttpClient.DeepSeek.ClientHandler Received HTTP response headers after 290.9646ms - 200
[09:51:41 INF] System.Net.Http.HttpClient.DeepSeek.LogicalHandler End processing HTTP request after 299.1193ms - 200
[09:51:41 INF] System.Net.Http.HttpClient.DeepSeek.ClientHandler Received HTTP response headers after 281.2254ms - 200
[09:51:41 INF] System.Net.Http.HttpClient.DeepSeek.LogicalHandler End processing HTTP request after 288.962ms - 200
[09:51:41 INF] System.Net.Http.HttpClient.DeepSeek.LogicalHandler Start processing HTTP request POST https://api.deepseek.com/chat/completions
[09:51:41 INF] System.Net.Http.HttpClient.DeepSeek.ClientHandler Sending HTTP request POST https://api.deepseek.com/chat/completions
[09:51:41 INF] System.Net.Http.HttpClient.DeepSeek.LogicalHandler Start processing HTTP request POST https://api.deepseek.com/chat/completions
[09:51:41 INF] System.Net.Http.HttpClient.DeepSeek.ClientHandler Sending HTTP request POST https://api.deepseek.com/chat/completions
[09:51:41 INF] System.Net.Http.HttpClient.DeepSeek.ClientHandler Received HTTP response headers after 301.6159ms - 200
[09:51:41 INF] System.Net.Http.HttpClient.DeepSeek.LogicalHandler End processing HTTP request after 309.9066ms - 200
[09:51:41 INF] System.Net.Http.HttpClient.DeepSeek.ClientHandler Received HTTP response headers after 293.7826ms - 200
[09:51:41 INF] System.Net.Http.HttpClient.DeepSeek.LogicalHandler End processing HTTP request after 301.6795ms - 200
[09:51:41 INF] System.Net.Http.HttpClient.DeepSeek.LogicalHandler Start processing HTTP request POST https://api.deepseek.com/chat/completions
[09:51:41 INF] System.Net.Http.HttpClient.DeepSeek.ClientHandler Sending HTTP request POST https://api.deepseek.com/chat/completions
[09:51:41 INF] System.Net.Http.HttpClient.DeepSeek.ClientHandler Received HTTP response headers after 296.3739ms - 200
[09:51:41 INF] System.Net.Http.HttpClient.DeepSeek.LogicalHandler End processing HTTP request after 303.8546ms - 200
[09:51:41 INF] System.Net.Http.HttpClient.DeepSeek.ClientHandler Received HTTP response headers after 285.1861ms - 200
[09:51:41 INF] System.Net.Http.HttpClient.DeepSeek.ClientHandler Received HTTP response headers after 290.182ms - 200
[09:51:41 INF] System.Net.Http.HttpClient.DeepSeek.LogicalHandler End processing HTTP request after 293.6883ms - 200
[09:51:41 INF] System.Net.Http.HttpClient.DeepSeek.LogicalHandler Start processing HTTP request POST https://api.deepseek.com/chat/completions
[09:51:41 INF] System.Net.Http.HttpClient.DeepSeek.LogicalHandler End processing HTTP request after 300.2584ms - 200
[09:51:41 INF] System.Net.Http.HttpClient.DeepSeek.ClientHandler Sending HTTP request POST https://api.deepseek.com/chat/completions
[09:51:41 INF] System.Net.Http.HttpClient.DeepSeek.ClientHandler Received HTTP response headers after 296.7135ms - 200
[09:51:41 INF] System.Net.Http.HttpClient.DeepSeek.LogicalHandler End processing HTTP request after 304.3436ms - 200
[09:51:41 INF] System.Net.Http.HttpClient.DeepSeek.ClientHandler Received HTTP response headers after 335.5015ms - 200
[09:51:41 INF] System.Net.Http.HttpClient.DeepSeek.LogicalHandler End processing HTTP request after 342.9743ms - 200
[09:51:41 INF] System.Net.Http.HttpClient.DeepSeek.ClientHandler Received HTTP response headers after 282.8636ms - 200
[09:51:41 INF] System.Net.Http.HttpClient.DeepSeek.LogicalHandler End processing HTTP request after 291.8116ms - 200
[09:51:41 INF] System.Net.Http.HttpClient.DeepSeek.LogicalHandler Start processing HTTP request POST https://api.deepseek.com/chat/completions
[09:51:41 INF] System.Net.Http.HttpClient.DeepSeek.ClientHandler Sending HTTP request POST https://api.deepseek.com/chat/completions
[09:51:41 INF] System.Net.Http.HttpClient.DeepSeek.ClientHandler Received HTTP response headers after 288.1677ms - 200
[09:51:41 INF] System.Net.Http.HttpClient.DeepSeek.LogicalHandler End processing HTTP request after 301.7982ms - 200
[09:51:41 INF] System.Net.Http.HttpClient.DeepSeek.LogicalHandler Start processing HTTP request POST https://api.deepseek.com/chat/completions
[09:51:41 INF] System.Net.Http.HttpClient.DeepSeek.ClientHandler Sending HTTP request POST https://api.deepseek.com/chat/completions
[09:51:41 INF] System.Net.Http.HttpClient.DeepSeek.ClientHandler Received HTTP response headers after 270.2944ms - 200
[09:51:41 INF] System.Net.Http.HttpClient.DeepSeek.LogicalHandler End processing HTTP request after 278.115ms - 200
[09:51:41 INF] System.Net.Http.HttpClient.DeepSeek.LogicalHandler Start processing HTTP request POST https://api.deepseek.com/chat/completions
[09:51:41 INF] System.Net.Http.HttpClient.DeepSeek.ClientHandler Sending HTTP request POST https://api.deepseek.com/chat/completions
[09:51:42 INF] System.Net.Http.HttpClient.DeepSeek.LogicalHandler Start processing HTTP request POST https://api.deepseek.com/chat/completions
[09:51:42 INF] System.Net.Http.HttpClient.DeepSeek.ClientHandler Sending HTTP request POST https://api.deepseek.com/chat/completions
[09:51:42 INF] System.Net.Http.HttpClient.DeepSeek.LogicalHandler Start processing HTTP request POST https://api.deepseek.com/chat/completions
[09:51:42 INF] System.Net.Http.HttpClient.DeepSeek.ClientHandler Sending HTTP request POST https://api.deepseek.com/chat/completions
[09:51:42 INF] System.Net.Http.HttpClient.DeepSeek.ClientHandler Received HTTP response headers after 314.9677ms - 200
[09:51:42 INF] System.Net.Http.HttpClient.DeepSeek.LogicalHandler End processing HTTP request after 323.0187ms - 200
[09:51:42 INF] System.Net.Http.HttpClient.DeepSeek.ClientHandler Received HTTP response headers after 286.9971ms - 200
[09:51:42 INF] System.Net.Http.HttpClient.DeepSeek.LogicalHandler End processing HTTP request after 294.1261ms - 200
[09:51:42 INF] System.Net.Http.HttpClient.DeepSeek.ClientHandler Received HTTP response headers after 317.9736ms - 200
[09:51:42 INF] System.Net.Http.HttpClient.DeepSeek.LogicalHandler End processing HTTP request after 325.1685ms - 200
[09:51:42 INF] System.Net.Http.HttpClient.DeepSeek.ClientHandler Received HTTP response headers after 349.7866ms - 200
[09:51:42 INF] System.Net.Http.HttpClient.DeepSeek.LogicalHandler End processing HTTP request after 357.4571ms - 200
[09:51:42 INF] System.Net.Http.HttpClient.DeepSeek.LogicalHandler Start processing HTTP request POST https://api.deepseek.com/chat/completions
[09:51:42 INF] System.Net.Http.HttpClient.DeepSeek.ClientHandler Sending HTTP request POST https://api.deepseek.com/chat/completions
[09:51:42 INF] System.Net.Http.HttpClient.DeepSeek.LogicalHandler Start processing HTTP request POST https://api.deepseek.com/chat/completions
[09:51:42 INF] System.Net.Http.HttpClient.DeepSeek.LogicalHandler Start processing HTTP request POST https://api.deepseek.com/chat/completions
[09:51:42 INF] System.Net.Http.HttpClient.DeepSeek.ClientHandler Sending HTTP request POST https://api.deepseek.com/chat/completions
[09:51:42 INF] System.Net.Http.HttpClient.DeepSeek.ClientHandler Sending HTTP request POST https://api.deepseek.com/chat/completions
[09:51:42 INF] System.Net.Http.HttpClient.DeepSeek.LogicalHandler Start processing HTTP request POST https://api.deepseek.com/chat/completions
[09:51:42 INF] System.Net.Http.HttpClient.DeepSeek.ClientHandler Sending HTTP request POST https://api.deepseek.com/chat/completions
[09:51:42 INF] System.Net.Http.HttpClient.DeepSeek.LogicalHandler Start processing HTTP request POST https://api.deepseek.com/chat/completions
[09:51:42 INF] System.Net.Http.HttpClient.DeepSeek.ClientHandler Sending HTTP request POST https://api.deepseek.com/chat/completions
[09:51:42 INF] System.Net.Http.HttpClient.DeepSeek.LogicalHandler Start processing HTTP request POST https://api.deepseek.com/chat/completions
[09:51:42 INF] System.Net.Http.HttpClient.DeepSeek.ClientHandler Sending HTTP request POST https://api.deepseek.com/chat/completions
[09:51:42 INF] System.Net.Http.HttpClient.DeepSeek.ClientHandler Received HTTP response headers after 311.367ms - 200
[09:51:42 INF] System.Net.Http.HttpClient.DeepSeek.LogicalHandler End processing HTTP request after 317.8528ms - 200
[09:51:42 INF] System.Net.Http.HttpClient.DeepSeek.LogicalHandler Start processing HTTP request POST https://api.deepseek.com/chat/completions
[09:51:42 INF] System.Net.Http.HttpClient.DeepSeek.ClientHandler Sending HTTP request POST https://api.deepseek.com/chat/completions
[09:51:42 INF] System.Net.Http.HttpClient.DeepSeek.ClientHandler Received HTTP response headers after 283.8368ms - 200
[09:51:42 INF] System.Net.Http.HttpClient.DeepSeek.LogicalHandler End processing HTTP request after 292.5248ms - 200
[09:51:42 INF] System.Net.Http.HttpClient.DeepSeek.ClientHandler Received HTTP response headers after 310.1067ms - 200
[09:51:42 INF] System.Net.Http.HttpClient.DeepSeek.LogicalHandler End processing HTTP request after 317.151ms - 200
[09:51:42 INF] System.Net.Http.HttpClient.DeepSeek.LogicalHandler Start processing HTTP request POST https://api.deepseek.com/chat/completions
[09:51:42 INF] System.Net.Http.HttpClient.DeepSeek.ClientHandler Sending HTTP request POST https://api.deepseek.com/chat/completions
[09:51:42 INF] System.Net.Http.HttpClient.DeepSeek.ClientHandler Received HTTP response headers after 283.1651ms - 200
[09:51:42 INF] System.Net.Http.HttpClient.DeepSeek.LogicalHandler End processing HTTP request after 289.2478ms - 200
[09:51:43 INF] System.Net.Http.HttpClient.DeepSeek.LogicalHandler Start processing HTTP request POST https://api.deepseek.com/chat/completions
[09:51:43 INF] System.Net.Http.HttpClient.DeepSeek.ClientHandler Sending HTTP request POST https://api.deepseek.com/chat/completions
[09:51:43 INF] System.Net.Http.HttpClient.DeepSeek.ClientHandler Received HTTP response headers after 292.2605ms - 200
[09:51:43 INF] System.Net.Http.HttpClient.DeepSeek.LogicalHandler End processing HTTP request after 298.4413ms - 200
[09:51:43 INF] System.Net.Http.HttpClient.DeepSeek.LogicalHandler Start processing HTTP request POST https://api.deepseek.com/chat/completions
[09:51:43 INF] System.Net.Http.HttpClient.DeepSeek.ClientHandler Sending HTTP request POST https://api.deepseek.com/chat/completions
[09:51:43 INF] System.Net.Http.HttpClient.DeepSeek.ClientHandler Received HTTP response headers after 326.9348ms - 200
[09:51:43 INF] System.Net.Http.HttpClient.DeepSeek.LogicalHandler End processing HTTP request after 332.8643ms - 200
[09:51:43 INF] System.Net.Http.HttpClient.DeepSeek.ClientHandler Received HTTP response headers after 316.04ms - 200
[09:51:43 INF] System.Net.Http.HttpClient.DeepSeek.LogicalHandler End processing HTTP request after 321.6733ms - 200
[09:51:43 INF] System.Net.Http.HttpClient.DeepSeek.LogicalHandler Start processing HTTP request POST https://api.deepseek.com/chat/completions
[09:51:43 INF] System.Net.Http.HttpClient.DeepSeek.ClientHandler Sending HTTP request POST https://api.deepseek.com/chat/completions
[09:51:43 INF] System.Net.Http.HttpClient.DeepSeek.ClientHandler Received HTTP response headers after 319.3227ms - 200
[09:51:43 INF] System.Net.Http.HttpClient.DeepSeek.LogicalHandler End processing HTTP request after 325.1704ms - 200
[09:51:43 INF] System.Net.Http.HttpClient.DeepSeek.ClientHandler Received HTTP response headers after 298.1553ms - 200
[09:51:43 INF] System.Net.Http.HttpClient.DeepSeek.LogicalHandler End processing HTTP request after 304.0827ms - 200
[09:51:43 INF] System.Net.Http.HttpClient.DeepSeek.ClientHandler Received HTTP response headers after 299.4668ms - 200
[09:51:43 INF] System.Net.Http.HttpClient.DeepSeek.LogicalHandler End processing HTTP request after 305.2848ms - 200
[09:51:43 INF] System.Net.Http.HttpClient.DeepSeek.LogicalHandler Start processing HTTP request POST https://api.deepseek.com/chat/completions
[09:51:43 INF] System.Net.Http.HttpClient.DeepSeek.ClientHandler Sending HTTP request POST https://api.deepseek.com/chat/completions
[09:51:43 INF] System.Net.Http.HttpClient.DeepSeek.LogicalHandler Start processing HTTP request POST https://api.deepseek.com/chat/completions
[09:51:43 INF] System.Net.Http.HttpClient.DeepSeek.ClientHandler Sending HTTP request POST https://api.deepseek.com/chat/completions
[09:51:43 INF] System.Net.Http.HttpClient.DeepSeek.ClientHandler Received HTTP response headers after 279.7316ms - 200
[09:51:43 INF] System.Net.Http.HttpClient.DeepSeek.LogicalHandler End processing HTTP request after 285.8403ms - 200
[09:51:43 INF] System.Net.Http.HttpClient.DeepSeek.LogicalHandler Start processing HTTP request POST https://api.deepseek.com/chat/completions
[09:51:43 INF] System.Net.Http.HttpClient.DeepSeek.ClientHandler Sending HTTP request POST https://api.deepseek.com/chat/completions
[09:51:43 INF] System.Net.Http.HttpClient.DeepSeek.LogicalHandler Start processing HTTP request POST https://api.deepseek.com/chat/completions
[09:51:43 INF] System.Net.Http.HttpClient.DeepSeek.ClientHandler Sending HTTP request POST https://api.deepseek.com/chat/completions
[09:51:43 INF] System.Net.Http.HttpClient.DeepSeek.LogicalHandler Start processing HTTP request POST https://api.deepseek.com/chat/completions
[09:51:43 INF] System.Net.Http.HttpClient.DeepSeek.ClientHandler Sending HTTP request POST https://api.deepseek.com/chat/completions
[09:51:43 INF] System.Net.Http.HttpClient.DeepSeek.ClientHandler Received HTTP response headers after 276.2405ms - 200
[09:51:43 INF] System.Net.Http.HttpClient.DeepSeek.LogicalHandler End processing HTTP request after 283.322ms - 200
[09:51:43 INF] System.Net.Http.HttpClient.DeepSeek.ClientHandler Received HTTP response headers after 378.1877ms - 200
[09:51:43 INF] System.Net.Http.HttpClient.DeepSeek.LogicalHandler End processing HTTP request after 384.4093ms - 200
[09:51:43 INF] System.Net.Http.HttpClient.DeepSeek.LogicalHandler Start processing HTTP request POST https://api.deepseek.com/chat/completions
[09:51:43 INF] System.Net.Http.HttpClient.DeepSeek.ClientHandler Sending HTTP request POST https://api.deepseek.com/chat/completions
[09:51:43 INF] System.Net.Http.HttpClient.DeepSeek.ClientHandler Received HTTP response headers after 307.3005ms - 200
[09:51:43 INF] System.Net.Http.HttpClient.DeepSeek.LogicalHandler End processing HTTP request after 313.5762ms - 200
[09:51:43 INF] System.Net.Http.HttpClient.DeepSeek.LogicalHandler Start processing HTTP request POST https://api.deepseek.com/chat/completions
[09:51:43 INF] System.Net.Http.HttpClient.DeepSeek.ClientHandler Sending HTTP request POST https://api.deepseek.com/chat/completions
[09:51:43 INF] System.Net.Http.HttpClient.DeepSeek.LogicalHandler Start processing HTTP request POST https://api.deepseek.com/chat/completions
[09:51:43 INF] System.Net.Http.HttpClient.DeepSeek.ClientHandler Sending HTTP request POST https://api.deepseek.com/chat/completions
[09:51:43 INF] System.Net.Http.HttpClient.DeepSeek.ClientHandler Received HTTP response headers after 287.5001ms - 200
[09:51:43 INF] System.Net.Http.HttpClient.DeepSeek.LogicalHandler End processing HTTP request after 293.0533ms - 200
[09:51:44 INF] System.Net.Http.HttpClient.DeepSeek.LogicalHandler Start processing HTTP request POST https://api.deepseek.com/chat/completions
[09:51:44 INF] System.Net.Http.HttpClient.DeepSeek.ClientHandler Sending HTTP request POST https://api.deepseek.com/chat/completions
[09:51:44 INF] System.Net.Http.HttpClient.DeepSeek.ClientHandler Received HTTP response headers after 288.2777ms - 200
[09:51:44 INF] System.Net.Http.HttpClient.DeepSeek.LogicalHandler End processing HTTP request after 294.5625ms - 200
[09:51:44 INF] System.Net.Http.HttpClient.DeepSeek.LogicalHandler Start processing HTTP request POST https://api.deepseek.com/chat/completions
[09:51:44 INF] System.Net.Http.HttpClient.DeepSeek.ClientHandler Sending HTTP request POST https://api.deepseek.com/chat/completions
[09:51:44 INF] System.Net.Http.HttpClient.DeepSeek.ClientHandler Received HTTP response headers after 295.9342ms - 200
[09:51:44 INF] System.Net.Http.HttpClient.DeepSeek.LogicalHandler End processing HTTP request after 302.5225ms - 200
[09:51:44 INF] System.Net.Http.HttpClient.DeepSeek.ClientHandler Received HTTP response headers after 289.0277ms - 200
[09:51:44 INF] System.Net.Http.HttpClient.DeepSeek.LogicalHandler End processing HTTP request after 295.7605ms - 200
[09:51:44 INF] System.Net.Http.HttpClient.DeepSeek.ClientHandler Received HTTP response headers after 289.5495ms - 200
[09:51:44 INF] System.Net.Http.HttpClient.DeepSeek.LogicalHandler End processing HTTP request after 296.0349ms - 200
[09:51:44 INF] System.Net.Http.HttpClient.DeepSeek.LogicalHandler Start processing HTTP request POST https://api.deepseek.com/chat/completions
[09:51:44 INF] System.Net.Http.HttpClient.DeepSeek.ClientHandler Sending HTTP request POST https://api.deepseek.com/chat/completions
[09:51:44 INF] System.Net.Http.HttpClient.DeepSeek.ClientHandler Received HTTP response headers after 289.535ms - 200
[09:51:44 INF] System.Net.Http.HttpClient.DeepSeek.LogicalHandler End processing HTTP request after 295.2234ms - 200
[09:51:44 INF] System.Net.Http.HttpClient.DeepSeek.LogicalHandler Start processing HTTP request POST https://api.deepseek.com/chat/completions
[09:51:44 INF] System.Net.Http.HttpClient.DeepSeek.ClientHandler Sending HTTP request POST https://api.deepseek.com/chat/completions
[09:51:44 INF] System.Net.Http.HttpClient.DeepSeek.ClientHandler Received HTTP response headers after 293.6579ms - 200
[09:51:44 INF] System.Net.Http.HttpClient.DeepSeek.LogicalHandler End processing HTTP request after 299.5012ms - 200
[09:51:44 INF] System.Net.Http.HttpClient.DeepSeek.LogicalHandler Start processing HTTP request POST https://api.deepseek.com/chat/completions
[09:51:44 INF] System.Net.Http.HttpClient.DeepSeek.ClientHandler Sending HTTP request POST https://api.deepseek.com/chat/completions
[09:51:44 INF] System.Net.Http.HttpClient.DeepSeek.LogicalHandler Start processing HTTP request POST https://api.deepseek.com/chat/completions
[09:51:44 INF] System.Net.Http.HttpClient.DeepSeek.ClientHandler Sending HTTP request POST https://api.deepseek.com/chat/completions
[09:51:44 INF] System.Net.Http.HttpClient.DeepSeek.LogicalHandler Start processing HTTP request POST https://api.deepseek.com/chat/completions
[09:51:44 INF] System.Net.Http.HttpClient.DeepSeek.ClientHandler Sending HTTP request POST https://api.deepseek.com/chat/completions
[09:51:44 INF] System.Net.Http.HttpClient.DeepSeek.ClientHandler Received HTTP response headers after 298.9682ms - 200
[09:51:44 INF] System.Net.Http.HttpClient.DeepSeek.LogicalHandler End processing HTTP request after 306.943ms - 200
[09:51:44 INF] System.Net.Http.HttpClient.DeepSeek.ClientHandler Received HTTP response headers after 281.3252ms - 200
[09:51:44 INF] System.Net.Http.HttpClient.DeepSeek.LogicalHandler End processing HTTP request after 288.7291ms - 200
[09:51:44 INF] System.Net.Http.HttpClient.DeepSeek.LogicalHandler Start processing HTTP request POST https://api.deepseek.com/chat/completions
[09:51:44 INF] System.Net.Http.HttpClient.DeepSeek.ClientHandler Sending HTTP request POST https://api.deepseek.com/chat/completions
[09:51:44 INF] System.Net.Http.HttpClient.DeepSeek.ClientHandler Received HTTP response headers after 278.0487ms - 200
[09:51:44 INF] System.Net.Http.HttpClient.DeepSeek.LogicalHandler End processing HTTP request after 284.9781ms - 200
[09:51:44 INF] System.Net.Http.HttpClient.DeepSeek.LogicalHandler Start processing HTTP request POST https://api.deepseek.com/chat/completions
[09:51:44 INF] System.Net.Http.HttpClient.DeepSeek.ClientHandler Sending HTTP request POST https://api.deepseek.com/chat/completions
[09:51:44 INF] System.Net.Http.HttpClient.DeepSeek.ClientHandler Received HTTP response headers after 278.0498ms - 200
[09:51:44 INF] System.Net.Http.HttpClient.DeepSeek.LogicalHandler End processing HTTP request after 284.6581ms - 200
[09:51:44 INF] System.Net.Http.HttpClient.DeepSeek.ClientHandler Received HTTP response headers after 292.4808ms - 200
[09:51:44 INF] System.Net.Http.HttpClient.DeepSeek.LogicalHandler End processing HTTP request after 298.7735ms - 200
[09:51:44 INF] System.Net.Http.HttpClient.DeepSeek.LogicalHandler Start processing HTTP request POST https://api.deepseek.com/chat/completions
[09:51:44 INF] System.Net.Http.HttpClient.DeepSeek.ClientHandler Sending HTTP request POST https://api.deepseek.com/chat/completions
[09:51:45 INF] System.Net.Http.HttpClient.DeepSeek.ClientHandler Received HTTP response headers after 325.5759ms - 200
[09:51:45 INF] System.Net.Http.HttpClient.DeepSeek.LogicalHandler End processing HTTP request after 332.5109ms - 200
[09:51:45 INF] System.Net.Http.HttpClient.DeepSeek.ClientHandler Received HTTP response headers after 296.8394ms - 200
[09:51:45 INF] System.Net.Http.HttpClient.DeepSeek.LogicalHandler End processing HTTP request after 303.6857ms - 200
[09:51:45 INF] System.Net.Http.HttpClient.DeepSeek.LogicalHandler Start processing HTTP request POST https://api.deepseek.com/chat/completions
[09:51:45 INF] System.Net.Http.HttpClient.DeepSeek.ClientHandler Sending HTTP request POST https://api.deepseek.com/chat/completions
[09:51:45 INF] System.Net.Http.HttpClient.DeepSeek.ClientHandler Received HTTP response headers after 281.6367ms - 200
[09:51:45 INF] System.Net.Http.HttpClient.DeepSeek.LogicalHandler End processing HTTP request after 287.5806ms - 200
[09:51:45 INF] System.Net.Http.HttpClient.DeepSeek.LogicalHandler Start processing HTTP request POST https://api.deepseek.com/chat/completions
[09:51:45 INF] System.Net.Http.HttpClient.DeepSeek.ClientHandler Sending HTTP request POST https://api.deepseek.com/chat/completions
[09:51:45 INF] System.Net.Http.HttpClient.DeepSeek.ClientHandler Received HTTP response headers after 282.222ms - 200
[09:51:45 INF] System.Net.Http.HttpClient.DeepSeek.LogicalHandler Start processing HTTP request POST https://api.deepseek.com/chat/completions
[09:51:45 INF] System.Net.Http.HttpClient.DeepSeek.LogicalHandler End processing HTTP request after 289.7128ms - 200
[09:51:45 INF] System.Net.Http.HttpClient.DeepSeek.ClientHandler Sending HTTP request POST https://api.deepseek.com/chat/completions
[09:51:45 INF] System.Net.Http.HttpClient.DeepSeek.LogicalHandler Start processing HTTP request POST https://api.deepseek.com/chat/completions
[09:51:45 INF] System.Net.Http.HttpClient.DeepSeek.ClientHandler Sending HTTP request POST https://api.deepseek.com/chat/completions
[09:51:45 INF] System.Net.Http.HttpClient.DeepSeek.LogicalHandler Start processing HTTP request POST https://api.deepseek.com/chat/completions
[09:51:45 INF] System.Net.Http.HttpClient.DeepSeek.ClientHandler Sending HTTP request POST https://api.deepseek.com/chat/completions
[09:51:45 INF] System.Net.Http.HttpClient.DeepSeek.ClientHandler Received HTTP response headers after 277.152ms - 200
[09:51:45 INF] System.Net.Http.HttpClient.DeepSeek.LogicalHandler End processing HTTP request after 284.2783ms - 200
[09:51:45 INF] System.Net.Http.HttpClient.DeepSeek.ClientHandler Received HTTP response headers after 283.0603ms - 200
[09:51:45 INF] System.Net.Http.HttpClient.DeepSeek.LogicalHandler End processing HTTP request after 293.39ms - 200
[09:51:45 INF] System.Net.Http.HttpClient.DeepSeek.LogicalHandler Start processing HTTP request POST https://api.deepseek.com/chat/completions
[09:51:45 INF] System.Net.Http.HttpClient.DeepSeek.ClientHandler Sending HTTP request POST https://api.deepseek.com/chat/completions
[09:51:45 INF] System.Net.Http.HttpClient.DeepSeek.ClientHandler Received HTTP response headers after 276.4077ms - 200
[09:51:45 INF] System.Net.Http.HttpClient.DeepSeek.LogicalHandler End processing HTTP request after 282.0852ms - 200
[09:51:45 INF] System.Net.Http.HttpClient.DeepSeek.LogicalHandler Start processing HTTP request POST https://api.deepseek.com/chat/completions
[09:51:45 INF] System.Net.Http.HttpClient.DeepSeek.ClientHandler Sending HTTP request POST https://api.deepseek.com/chat/completions
[09:51:45 INF] System.Net.Http.HttpClient.DeepSeek.LogicalHandler Start processing HTTP request POST https://api.deepseek.com/chat/completions
[09:51:45 INF] System.Net.Http.HttpClient.DeepSeek.ClientHandler Sending HTTP request POST https://api.deepseek.com/chat/completions
[09:51:45 INF] System.Net.Http.HttpClient.DeepSeek.ClientHandler Received HTTP response headers after 276.3072ms - 200
[09:51:45 INF] System.Net.Http.HttpClient.DeepSeek.LogicalHandler Start processing HTTP request POST https://api.deepseek.com/chat/completions
[09:51:45 INF] System.Net.Http.HttpClient.DeepSeek.LogicalHandler End processing HTTP request after 282.5147ms - 200
[09:51:45 INF] System.Net.Http.HttpClient.DeepSeek.ClientHandler Sending HTTP request POST https://api.deepseek.com/chat/completions
[09:51:46 INF] System.Net.Http.HttpClient.DeepSeek.ClientHandler Received HTTP response headers after 283.4475ms - 200
[09:51:46 INF] System.Net.Http.HttpClient.DeepSeek.LogicalHandler End processing HTTP request after 289.5659ms - 200
[09:51:46 INF] System.Net.Http.HttpClient.DeepSeek.LogicalHandler Start processing HTTP request POST https://api.deepseek.com/chat/completions
[09:51:46 INF] System.Net.Http.HttpClient.DeepSeek.ClientHandler Sending HTTP request POST https://api.deepseek.com/chat/completions
[09:51:46 INF] System.Net.Http.HttpClient.DeepSeek.ClientHandler Received HTTP response headers after 292.3472ms - 200
[09:51:46 INF] System.Net.Http.HttpClient.DeepSeek.LogicalHandler Start processing HTTP request POST https://api.deepseek.com/chat/completions
[09:51:46 INF] System.Net.Http.HttpClient.DeepSeek.LogicalHandler End processing HTTP request after 298.7164ms - 200
[09:51:46 INF] System.Net.Http.HttpClient.DeepSeek.ClientHandler Sending HTTP request POST https://api.deepseek.com/chat/completions
[09:51:46 INF] System.Net.Http.HttpClient.DeepSeek.LogicalHandler Start processing HTTP request POST https://api.deepseek.com/chat/completions
[09:51:46 INF] System.Net.Http.HttpClient.DeepSeek.ClientHandler Sending HTTP request POST https://api.deepseek.com/chat/completions
[09:51:46 INF] System.Net.Http.HttpClient.DeepSeek.ClientHandler Received HTTP response headers after 293.8648ms - 200
[09:51:46 INF] System.Net.Http.HttpClient.DeepSeek.LogicalHandler End processing HTTP request after 299.4505ms - 200
[09:51:46 INF] System.Net.Http.HttpClient.DeepSeek.ClientHandler Received HTTP response headers after 283.6416ms - 200
[09:51:46 INF] System.Net.Http.HttpClient.DeepSeek.LogicalHandler End processing HTTP request after 292.2422ms - 200
[09:51:46 INF] System.Net.Http.HttpClient.DeepSeek.LogicalHandler Start processing HTTP request POST https://api.deepseek.com/chat/completions
[09:51:46 INF] System.Net.Http.HttpClient.DeepSeek.ClientHandler Sending HTTP request POST https://api.deepseek.com/chat/completions
[09:51:46 INF] System.Net.Http.HttpClient.DeepSeek.ClientHandler Received HTTP response headers after 274.2381ms - 200
[09:51:46 INF] System.Net.Http.HttpClient.DeepSeek.LogicalHandler End processing HTTP request after 280.1471ms - 200
[09:51:46 INF] System.Net.Http.HttpClient.DeepSeek.ClientHandler Received HTTP response headers after 275.8818ms - 200
[09:51:46 INF] System.Net.Http.HttpClient.DeepSeek.LogicalHandler End processing HTTP request after 284.9631ms - 200
[09:51:46 INF] System.Net.Http.HttpClient.DeepSeek.ClientHandler Received HTTP response headers after 285.882ms - 200
[09:51:46 INF] System.Net.Http.HttpClient.DeepSeek.LogicalHandler End processing HTTP request after 291.9927ms - 200
[09:51:46 INF] System.Net.Http.HttpClient.DeepSeek.LogicalHandler Start processing HTTP request POST https://api.deepseek.com/chat/completions
[09:51:46 INF] System.Net.Http.HttpClient.DeepSeek.ClientHandler Sending HTTP request POST https://api.deepseek.com/chat/completions
[09:51:46 INF] System.Net.Http.HttpClient.DeepSeek.LogicalHandler Start processing HTTP request POST https://api.deepseek.com/chat/completions
[09:51:46 INF] System.Net.Http.HttpClient.DeepSeek.ClientHandler Sending HTTP request POST https://api.deepseek.com/chat/completions
[09:51:46 INF] System.Net.Http.HttpClient.DeepSeek.LogicalHandler Start processing HTTP request POST https://api.deepseek.com/chat/completions
[09:51:46 INF] System.Net.Http.HttpClient.DeepSeek.ClientHandler Sending HTTP request POST https://api.deepseek.com/chat/completions
[09:51:46 INF] System.Net.Http.HttpClient.DeepSeek.ClientHandler Received HTTP response headers after 289.4639ms - 200
[09:51:46 INF] System.Net.Http.HttpClient.DeepSeek.LogicalHandler End processing HTTP request after 295.7307ms - 200
[09:51:46 INF] System.Net.Http.HttpClient.DeepSeek.LogicalHandler Start processing HTTP request POST https://api.deepseek.com/chat/completions
[09:51:46 INF] System.Net.Http.HttpClient.DeepSeek.ClientHandler Sending HTTP request POST https://api.deepseek.com/chat/completions
[09:51:46 INF] System.Net.Http.HttpClient.DeepSeek.LogicalHandler Start processing HTTP request POST https://api.deepseek.com/chat/completions
[09:51:46 INF] System.Net.Http.HttpClient.DeepSeek.ClientHandler Sending HTTP request POST https://api.deepseek.com/chat/completions
[09:51:46 INF] System.Net.Http.HttpClient.DeepSeek.LogicalHandler Start processing HTTP request POST https://api.deepseek.com/chat/completions
[09:51:46 INF] System.Net.Http.HttpClient.DeepSeek.ClientHandler Sending HTTP request POST https://api.deepseek.com/chat/completions
[09:51:46 INF] System.Net.Http.HttpClient.DeepSeek.ClientHandler Received HTTP response headers after 286.7721ms - 200
[09:51:46 INF] System.Net.Http.HttpClient.DeepSeek.LogicalHandler End processing HTTP request after 292.6578ms - 200
[09:51:46 INF] System.Net.Http.HttpClient.DeepSeek.ClientHandler Received HTTP response headers after 279.4615ms - 200
[09:51:46 INF] System.Net.Http.HttpClient.DeepSeek.LogicalHandler End processing HTTP request after 285.818ms - 200
[09:51:46 INF] System.Net.Http.HttpClient.DeepSeek.LogicalHandler Start processing HTTP request POST https://api.deepseek.com/chat/completions
[09:51:46 INF] System.Net.Http.HttpClient.DeepSeek.LogicalHandler Start processing HTTP request POST https://api.deepseek.com/chat/completions
[09:51:46 INF] System.Net.Http.HttpClient.DeepSeek.ClientHandler Sending HTTP request POST https://api.deepseek.com/chat/completions
[09:51:46 INF] System.Net.Http.HttpClient.DeepSeek.ClientHandler Sending HTTP request POST https://api.deepseek.com/chat/completions
[09:51:46 INF] System.Net.Http.HttpClient.DeepSeek.ClientHandler Received HTTP response headers after 312.1623ms - 200
[09:51:46 INF] System.Net.Http.HttpClient.DeepSeek.LogicalHandler End processing HTTP request after 317.7603ms - 200
[09:51:46 INF] System.Net.Http.HttpClient.DeepSeek.LogicalHandler Start processing HTTP request POST https://api.deepseek.com/chat/completions
[09:51:46 INF] System.Net.Http.HttpClient.DeepSeek.ClientHandler Sending HTTP request POST https://api.deepseek.com/chat/completions
[09:51:46 INF] System.Net.Http.HttpClient.DeepSeek.ClientHandler Received HTTP response headers after 296.6032ms - 200
[09:51:47 INF] System.Net.Http.HttpClient.DeepSeek.LogicalHandler End processing HTTP request after 302.9556ms - 200
[09:51:47 INF] System.Net.Http.HttpClient.DeepSeek.ClientHandler Received HTTP response headers after 287.3474ms - 200
[09:51:47 INF] System.Net.Http.HttpClient.DeepSeek.LogicalHandler End processing HTTP request after 293.3862ms - 200
[09:51:47 INF] System.Net.Http.HttpClient.DeepSeek.ClientHandler Received HTTP response headers after 279.1368ms - 200
[09:51:47 INF] System.Net.Http.HttpClient.DeepSeek.LogicalHandler End processing HTTP request after 284.9143ms - 200
[09:51:47 INF] System.Net.Http.HttpClient.DeepSeek.LogicalHandler Start processing HTTP request POST https://api.deepseek.com/chat/completions
[09:51:47 INF] System.Net.Http.HttpClient.DeepSeek.ClientHandler Sending HTTP request POST https://api.deepseek.com/chat/completions
[09:51:47 INF] System.Net.Http.HttpClient.DeepSeek.LogicalHandler Start processing HTTP request POST https://api.deepseek.com/chat/completions
[09:51:47 INF] System.Net.Http.HttpClient.DeepSeek.ClientHandler Sending HTTP request POST https://api.deepseek.com/chat/completions
[09:51:47 INF] System.Net.Http.HttpClient.DeepSeek.ClientHandler Received HTTP response headers after 280.2149ms - 200
[09:51:47 INF] System.Net.Http.HttpClient.DeepSeek.LogicalHandler End processing HTTP request after 287.8186ms - 200
[09:51:47 INF] System.Net.Http.HttpClient.DeepSeek.ClientHandler Received HTTP response headers after 292.9721ms - 200
[09:51:47 INF] System.Net.Http.HttpClient.DeepSeek.LogicalHandler End processing HTTP request after 302.4111ms - 200
[09:51:47 INF] System.Net.Http.HttpClient.DeepSeek.ClientHandler Received HTTP response headers after 284.5752ms - 200
[09:51:47 INF] System.Net.Http.HttpClient.DeepSeek.LogicalHandler End processing HTTP request after 290.7429ms - 200
[09:51:47 INF] System.Net.Http.HttpClient.DeepSeek.LogicalHandler Start processing HTTP request POST https://api.deepseek.com/chat/completions
[09:51:47 INF] System.Net.Http.HttpClient.DeepSeek.ClientHandler Sending HTTP request POST https://api.deepseek.com/chat/completions
[09:51:47 INF] System.Net.Http.HttpClient.DeepSeek.LogicalHandler Start processing HTTP request POST https://api.deepseek.com/chat/completions
[09:51:47 INF] System.Net.Http.HttpClient.DeepSeek.ClientHandler Sending HTTP request POST https://api.deepseek.com/chat/completions
[09:51:47 INF] System.Net.Http.HttpClient.DeepSeek.ClientHandler Received HTTP response headers after 278.5629ms - 200
[09:51:47 INF] System.Net.Http.HttpClient.DeepSeek.LogicalHandler End processing HTTP request after 284.2378ms - 200
[09:51:47 INF] System.Net.Http.HttpClient.DeepSeek.ClientHandler Received HTTP response headers after 286.2198ms - 200
[09:51:47 INF] System.Net.Http.HttpClient.DeepSeek.LogicalHandler End processing HTTP request after 292.2705ms - 200
[09:51:47 INF] System.Net.Http.HttpClient.DeepSeek.LogicalHandler Start processing HTTP request POST https://api.deepseek.com/chat/completions
[09:51:47 INF] System.Net.Http.HttpClient.DeepSeek.ClientHandler Sending HTTP request POST https://api.deepseek.com/chat/completions
[09:51:47 INF] System.Net.Http.HttpClient.DeepSeek.LogicalHandler Start processing HTTP request POST https://api.deepseek.com/chat/completions
[09:51:47 INF] System.Net.Http.HttpClient.DeepSeek.ClientHandler Sending HTTP request POST https://api.deepseek.com/chat/completions
[09:51:47 INF] System.Net.Http.HttpClient.DeepSeek.LogicalHandler Start processing HTTP request POST https://api.deepseek.com/chat/completions
[09:51:47 INF] System.Net.Http.HttpClient.DeepSeek.ClientHandler Sending HTTP request POST https://api.deepseek.com/chat/completions
[09:51:47 INF] System.Net.Http.HttpClient.DeepSeek.LogicalHandler Start processing HTTP request POST https://api.deepseek.com/chat/completions
[09:51:47 INF] System.Net.Http.HttpClient.DeepSeek.ClientHandler Sending HTTP request POST https://api.deepseek.com/chat/completions
[09:51:47 INF] System.Net.Http.HttpClient.DeepSeek.LogicalHandler Start processing HTTP request POST https://api.deepseek.com/chat/completions
[09:51:47 INF] System.Net.Http.HttpClient.DeepSeek.ClientHandler Sending HTTP request POST https://api.deepseek.com/chat/completions
[09:51:47 INF] System.Net.Http.HttpClient.DeepSeek.ClientHandler Received HTTP response headers after 289.264ms - 200
[09:51:47 INF] System.Net.Http.HttpClient.DeepSeek.LogicalHandler End processing HTTP request after 294.2825ms - 200
[09:51:47 INF] System.Net.Http.HttpClient.DeepSeek.ClientHandler Received HTTP response headers after 286.7572ms - 200
[09:51:47 INF] System.Net.Http.HttpClient.DeepSeek.LogicalHandler End processing HTTP request after 291.9041ms - 200
[09:51:47 INF] System.Net.Http.HttpClient.DeepSeek.LogicalHandler Start processing HTTP request POST https://api.deepseek.com/chat/completions
[09:51:47 INF] System.Net.Http.HttpClient.DeepSeek.ClientHandler Sending HTTP request POST https://api.deepseek.com/chat/completions
[09:51:47 INF] System.Net.Http.HttpClient.DeepSeek.ClientHandler Received HTTP response headers after 338.043ms - 200
[09:51:47 INF] System.Net.Http.HttpClient.DeepSeek.LogicalHandler End processing HTTP request after 344.2499ms - 200
[09:51:47 INF] System.Net.Http.HttpClient.DeepSeek.ClientHandler Received HTTP response headers after 284.3808ms - 200
[09:51:47 INF] System.Net.Http.HttpClient.DeepSeek.LogicalHandler End processing HTTP request after 290.1135ms - 200
[09:51:47 INF] System.Net.Http.HttpClient.DeepSeek.ClientHandler Received HTTP response headers after 307.7418ms - 200
[09:51:47 INF] System.Net.Http.HttpClient.DeepSeek.LogicalHandler Start processing HTTP request POST https://api.deepseek.com/chat/completions
[09:51:47 INF] System.Net.Http.HttpClient.DeepSeek.ClientHandler Received HTTP response headers after 300.0417ms - 200
[09:51:47 INF] System.Net.Http.HttpClient.DeepSeek.LogicalHandler End processing HTTP request after 313.9311ms - 200
[09:51:47 INF] System.Net.Http.HttpClient.DeepSeek.ClientHandler Sending HTTP request POST https://api.deepseek.com/chat/completions
[09:51:47 INF] System.Net.Http.HttpClient.DeepSeek.LogicalHandler End processing HTTP request after 309.5992ms - 200
[09:51:47 INF] System.Net.Http.HttpClient.DeepSeek.ClientHandler Received HTTP response headers after 284.121ms - 200
[09:51:47 INF] System.Net.Http.HttpClient.DeepSeek.LogicalHandler End processing HTTP request after 291.9901ms - 200
[09:51:47 INF] System.Net.Http.HttpClient.DeepSeek.LogicalHandler Start processing HTTP request POST https://api.deepseek.com/chat/completions
[09:51:47 INF] System.Net.Http.HttpClient.DeepSeek.ClientHandler Sending HTTP request POST https://api.deepseek.com/chat/completions
[09:51:47 INF] System.Net.Http.HttpClient.DeepSeek.ClientHandler Received HTTP response headers after 286.6695ms - 200
[09:51:47 INF] System.Net.Http.HttpClient.DeepSeek.LogicalHandler End processing HTTP request after 292.5967ms - 200
[09:51:48 INF] System.Net.Http.HttpClient.DeepSeek.LogicalHandler Start processing HTTP request POST https://api.deepseek.com/chat/completions
[09:51:48 INF] System.Net.Http.HttpClient.DeepSeek.ClientHandler Sending HTTP request POST https://api.deepseek.com/chat/completions
[09:51:48 INF] System.Net.Http.HttpClient.DeepSeek.ClientHandler Received HTTP response headers after 269.482ms - 200
[09:51:48 INF] System.Net.Http.HttpClient.DeepSeek.LogicalHandler End processing HTTP request after 281.8707ms - 200
[09:51:48 INF] System.Net.Http.HttpClient.DeepSeek.ClientHandler Received HTTP response headers after 280.9312ms - 200
[09:51:48 INF] System.Net.Http.HttpClient.DeepSeek.LogicalHandler End processing HTTP request after 286.1478ms - 200
[09:51:48 INF] System.Net.Http.HttpClient.DeepSeek.LogicalHandler Start processing HTTP request POST https://api.deepseek.com/chat/completions
[09:51:48 INF] System.Net.Http.HttpClient.DeepSeek.ClientHandler Sending HTTP request POST https://api.deepseek.com/chat/completions
[09:51:48 INF] System.Net.Http.HttpClient.DeepSeek.LogicalHandler Start processing HTTP request POST https://api.deepseek.com/chat/completions
[09:51:48 INF] System.Net.Http.HttpClient.DeepSeek.ClientHandler Sending HTTP request POST https://api.deepseek.com/chat/completions
[09:51:48 INF] System.Net.Http.HttpClient.DeepSeek.ClientHandler Received HTTP response headers after 292.1624ms - 200
[09:51:48 INF] System.Net.Http.HttpClient.DeepSeek.LogicalHandler End processing HTTP request after 298.4588ms - 200
[09:51:48 INF] System.Net.Http.HttpClient.DeepSeek.LogicalHandler Start processing HTTP request POST https://api.deepseek.com/chat/completions
[09:51:48 INF] System.Net.Http.HttpClient.DeepSeek.ClientHandler Sending HTTP request POST https://api.deepseek.com/chat/completions
[09:51:48 INF] System.Net.Http.HttpClient.DeepSeek.ClientHandler Received HTTP response headers after 292.8421ms - 200
[09:51:48 INF] System.Net.Http.HttpClient.DeepSeek.LogicalHandler End processing HTTP request after 299.026ms - 200
[09:51:48 INF] System.Net.Http.HttpClient.DeepSeek.LogicalHandler Start processing HTTP request POST https://api.deepseek.com/chat/completions
[09:51:48 INF] System.Net.Http.HttpClient.DeepSeek.ClientHandler Sending HTTP request POST https://api.deepseek.com/chat/completions
[09:51:48 INF] System.Net.Http.HttpClient.DeepSeek.LogicalHandler Start processing HTTP request POST https://api.deepseek.com/chat/completions
[09:51:48 INF] System.Net.Http.HttpClient.DeepSeek.ClientHandler Sending HTTP request POST https://api.deepseek.com/chat/completions
[09:51:48 INF] System.Net.Http.HttpClient.DeepSeek.LogicalHandler Start processing HTTP request POST https://api.deepseek.com/chat/completions
[09:51:48 INF] System.Net.Http.HttpClient.DeepSeek.ClientHandler Received HTTP response headers after 299.4138ms - 200
[09:51:48 INF] System.Net.Http.HttpClient.DeepSeek.ClientHandler Sending HTTP request POST https://api.deepseek.com/chat/completions
[09:51:48 INF] System.Net.Http.HttpClient.DeepSeek.LogicalHandler End processing HTTP request after 305.7116ms - 200
[09:51:48 INF] System.Net.Http.HttpClient.DeepSeek.LogicalHandler Start processing HTTP request POST https://api.deepseek.com/chat/completions
[09:51:48 INF] System.Net.Http.HttpClient.DeepSeek.ClientHandler Sending HTTP request POST https://api.deepseek.com/chat/completions
[09:51:48 INF] System.Net.Http.HttpClient.DeepSeek.LogicalHandler Start processing HTTP request POST https://api.deepseek.com/chat/completions
[09:51:48 INF] System.Net.Http.HttpClient.DeepSeek.ClientHandler Sending HTTP request POST https://api.deepseek.com/chat/completions
[09:51:48 INF] System.Net.Http.HttpClient.DeepSeek.ClientHandler Received HTTP response headers after 301.0445ms - 200
[09:51:48 INF] System.Net.Http.HttpClient.DeepSeek.LogicalHandler End processing HTTP request after 307.693ms - 200
[09:51:48 INF] System.Net.Http.HttpClient.DeepSeek.LogicalHandler Start processing HTTP request POST https://api.deepseek.com/chat/completions
[09:51:48 INF] System.Net.Http.HttpClient.DeepSeek.ClientHandler Sending HTTP request POST https://api.deepseek.com/chat/completions
[09:51:48 INF] System.Net.Http.HttpClient.DeepSeek.ClientHandler Received HTTP response headers after 278.2358ms - 200
[09:51:48 INF] System.Net.Http.HttpClient.DeepSeek.LogicalHandler End processing HTTP request after 284.8351ms - 200
[09:51:48 INF] System.Net.Http.HttpClient.DeepSeek.ClientHandler Received HTTP response headers after 281.8022ms - 200
[09:51:48 INF] System.Net.Http.HttpClient.DeepSeek.LogicalHandler End processing HTTP request after 290.6216ms - 200
[09:51:48 INF] System.Net.Http.HttpClient.DeepSeek.LogicalHandler Start processing HTTP request POST https://api.deepseek.com/chat/completions
[09:51:48 INF] System.Net.Http.HttpClient.DeepSeek.ClientHandler Sending HTTP request POST https://api.deepseek.com/chat/completions
[09:51:48 INF] System.Net.Http.HttpClient.DeepSeek.LogicalHandler Start processing HTTP request POST https://api.deepseek.com/chat/completions
[09:51:48 INF] System.Net.Http.HttpClient.DeepSeek.ClientHandler Received HTTP response headers after 378.5882ms - 200
[09:51:48 INF] System.Net.Http.HttpClient.DeepSeek.ClientHandler Sending HTTP request POST https://api.deepseek.com/chat/completions
[09:51:48 INF] System.Net.Http.HttpClient.DeepSeek.LogicalHandler End processing HTTP request after 387.4496ms - 200
[09:51:48 INF] System.Net.Http.HttpClient.DeepSeek.ClientHandler Received HTTP response headers after 281.004ms - 200
[09:51:48 INF] System.Net.Http.HttpClient.DeepSeek.LogicalHandler End processing HTTP request after 286.4357ms - 200
[09:51:48 INF] System.Net.Http.HttpClient.DeepSeek.LogicalHandler Start processing HTTP request POST https://api.deepseek.com/chat/completions
[09:51:48 INF] System.Net.Http.HttpClient.DeepSeek.ClientHandler Sending HTTP request POST https://api.deepseek.com/chat/completions
[09:51:48 INF] System.Net.Http.HttpClient.DeepSeek.ClientHandler Received HTTP response headers after 295.808ms - 200
[09:51:48 INF] System.Net.Http.HttpClient.DeepSeek.LogicalHandler End processing HTTP request after 301.3273ms - 200
[09:51:49 INF] System.Net.Http.HttpClient.DeepSeek.LogicalHandler Start processing HTTP request POST https://api.deepseek.com/chat/completions
[09:51:49 INF] System.Net.Http.HttpClient.DeepSeek.ClientHandler Sending HTTP request POST https://api.deepseek.com/chat/completions
[09:51:49 INF] System.Net.Http.HttpClient.DeepSeek.LogicalHandler Start processing HTTP request POST https://api.deepseek.com/chat/completions
[09:51:49 INF] System.Net.Http.HttpClient.DeepSeek.ClientHandler Sending HTTP request POST https://api.deepseek.com/chat/completions
[09:51:49 INF] System.Net.Http.HttpClient.DeepSeek.LogicalHandler Start processing HTTP request POST https://api.deepseek.com/chat/completions
[09:51:49 INF] System.Net.Http.HttpClient.DeepSeek.ClientHandler Sending HTTP request POST https://api.deepseek.com/chat/completions
[09:51:49 INF] System.Net.Http.HttpClient.DeepSeek.ClientHandler Received HTTP response headers after 306.5592ms - 200
[09:51:49 INF] System.Net.Http.HttpClient.DeepSeek.ClientHandler Received HTTP response headers after 283.2703ms - 200
[09:51:49 INF] System.Net.Http.HttpClient.DeepSeek.LogicalHandler End processing HTTP request after 311.9629ms - 200
[09:51:49 INF] System.Net.Http.HttpClient.DeepSeek.LogicalHandler End processing HTTP request after 289.3474ms - 200
[09:51:49 INF] System.Net.Http.HttpClient.DeepSeek.ClientHandler Received HTTP response headers after 293.1702ms - 200
[09:51:49 INF] System.Net.Http.HttpClient.DeepSeek.LogicalHandler End processing HTTP request after 302.0256ms - 200
[09:51:49 INF] System.Net.Http.HttpClient.DeepSeek.ClientHandler Received HTTP response headers after 311.018ms - 200
[09:51:49 INF] System.Net.Http.HttpClient.DeepSeek.LogicalHandler End processing HTTP request after 318.7849ms - 200
[09:51:49 INF] System.Net.Http.HttpClient.DeepSeek.LogicalHandler Start processing HTTP request POST https://api.deepseek.com/chat/completions
[09:51:49 INF] System.Net.Http.HttpClient.DeepSeek.ClientHandler Sending HTTP request POST https://api.deepseek.com/chat/completions
[09:51:49 INF] System.Net.Http.HttpClient.DeepSeek.LogicalHandler Start processing HTTP request POST https://api.deepseek.com/chat/completions
[09:51:49 INF] System.Net.Http.HttpClient.DeepSeek.ClientHandler Sending HTTP request POST https://api.deepseek.com/chat/completions
[09:51:49 INF] System.Net.Http.HttpClient.DeepSeek.ClientHandler Received HTTP response headers after 284.3319ms - 200
[09:51:49 INF] System.Net.Http.HttpClient.DeepSeek.LogicalHandler End processing HTTP request after 291.436ms - 200
[09:51:49 INF] System.Net.Http.HttpClient.DeepSeek.ClientHandler Received HTTP response headers after 295.2239ms - 200
[09:51:49 INF] System.Net.Http.HttpClient.DeepSeek.LogicalHandler End processing HTTP request after 301.2726ms - 200
[09:51:49 INF] System.Net.Http.HttpClient.DeepSeek.ClientHandler Received HTTP response headers after 324.5058ms - 200
[09:51:49 INF] System.Net.Http.HttpClient.DeepSeek.LogicalHandler End processing HTTP request after 331.3538ms - 200
[09:51:49 INF] System.Net.Http.HttpClient.DeepSeek.LogicalHandler Start processing HTTP request POST https://api.deepseek.com/chat/completions
[09:51:49 INF] System.Net.Http.HttpClient.DeepSeek.ClientHandler Sending HTTP request POST https://api.deepseek.com/chat/completions
[09:51:49 INF] System.Net.Http.HttpClient.DeepSeek.LogicalHandler Start processing HTTP request POST https://api.deepseek.com/chat/completions
[09:51:49 INF] System.Net.Http.HttpClient.DeepSeek.ClientHandler Sending HTTP request POST https://api.deepseek.com/chat/completions
[09:51:49 INF] System.Net.Http.HttpClient.DeepSeek.ClientHandler Received HTTP response headers after 305.5165ms - 200
[09:51:49 INF] System.Net.Http.HttpClient.DeepSeek.ClientHandler Received HTTP response headers after 314.7407ms - 200
[09:51:49 INF] System.Net.Http.HttpClient.DeepSeek.LogicalHandler End processing HTTP request after 314.3613ms - 200
[09:51:49 INF] System.Net.Http.HttpClient.DeepSeek.LogicalHandler End processing HTTP request after 326.332ms - 200
[09:51:49 INF] System.Net.Http.HttpClient.DeepSeek.LogicalHandler Start processing HTTP request POST https://api.deepseek.com/chat/completions
[09:51:49 INF] System.Net.Http.HttpClient.DeepSeek.ClientHandler Sending HTTP request POST https://api.deepseek.com/chat/completions
[09:51:49 INF] System.Net.Http.HttpClient.DeepSeek.LogicalHandler Start processing HTTP request POST https://api.deepseek.com/chat/completions
[09:51:49 INF] System.Net.Http.HttpClient.DeepSeek.ClientHandler Sending HTTP request POST https://api.deepseek.com/chat/completions
[09:51:49 INF] System.Net.Http.HttpClient.DeepSeek.ClientHandler Received HTTP response headers after 311.0422ms - 200
[09:51:49 INF] System.Net.Http.HttpClient.DeepSeek.LogicalHandler End processing HTTP request after 317.2156ms - 200
[09:51:49 INF] System.Net.Http.HttpClient.DeepSeek.ClientHandler Received HTTP response headers after 281.0082ms - 200
[09:51:49 INF] System.Net.Http.HttpClient.DeepSeek.LogicalHandler End processing HTTP request after 288.3985ms - 200
[09:51:49 INF] System.Net.Http.HttpClient.DeepSeek.ClientHandler Received HTTP response headers after 294.4137ms - 200
[09:51:49 INF] System.Net.Http.HttpClient.DeepSeek.LogicalHandler End processing HTTP request after 300.165ms - 200
[09:51:49 INF] System.Net.Http.HttpClient.DeepSeek.LogicalHandler Start processing HTTP request POST https://api.deepseek.com/chat/completions
[09:51:49 INF] System.Net.Http.HttpClient.DeepSeek.ClientHandler Sending HTTP request POST https://api.deepseek.com/chat/completions
[09:51:49 INF] System.Net.Http.HttpClient.DeepSeek.LogicalHandler Start processing HTTP request POST https://api.deepseek.com/chat/completions
[09:51:49 INF] System.Net.Http.HttpClient.DeepSeek.ClientHandler Sending HTTP request POST https://api.deepseek.com/chat/completions
[09:51:50 INF] System.Net.Http.HttpClient.DeepSeek.ClientHandler Received HTTP response headers after 277.433ms - 200
[09:51:50 INF] System.Net.Http.HttpClient.DeepSeek.LogicalHandler End processing HTTP request after 283.9747ms - 200
[09:51:50 INF] System.Net.Http.HttpClient.DeepSeek.LogicalHandler Start processing HTTP request POST https://api.deepseek.com/chat/completions
[09:51:50 INF] System.Net.Http.HttpClient.DeepSeek.ClientHandler Sending HTTP request POST https://api.deepseek.com/chat/completions
[09:51:50 INF] System.Net.Http.HttpClient.DeepSeek.LogicalHandler Start processing HTTP request POST https://api.deepseek.com/chat/completions
[09:51:50 INF] System.Net.Http.HttpClient.DeepSeek.ClientHandler Sending HTTP request POST https://api.deepseek.com/chat/completions
[09:51:50 INF] System.Net.Http.HttpClient.DeepSeek.LogicalHandler Start processing HTTP request POST https://api.deepseek.com/chat/completions
[09:51:50 INF] System.Net.Http.HttpClient.DeepSeek.ClientHandler Sending HTTP request POST https://api.deepseek.com/chat/completions
[09:51:50 INF] System.Net.Http.HttpClient.DeepSeek.ClientHandler Received HTTP response headers after 274.9978ms - 200
[09:51:50 INF] System.Net.Http.HttpClient.DeepSeek.LogicalHandler End processing HTTP request after 280.9441ms - 200
[09:51:50 INF] System.Net.Http.HttpClient.DeepSeek.LogicalHandler Start processing HTTP request POST https://api.deepseek.com/chat/completions
[09:51:50 INF] System.Net.Http.HttpClient.DeepSeek.ClientHandler Sending HTTP request POST https://api.deepseek.com/chat/completions
[09:51:50 INF] System.Net.Http.HttpClient.DeepSeek.ClientHandler Received HTTP response headers after 299.0954ms - 200
[09:51:50 INF] System.Net.Http.HttpClient.DeepSeek.LogicalHandler End processing HTTP request after 304.9662ms - 200
[09:51:50 INF] System.Net.Http.HttpClient.DeepSeek.LogicalHandler Start processing HTTP request POST https://api.deepseek.com/chat/completions
[09:51:50 INF] System.Net.Http.HttpClient.DeepSeek.ClientHandler Sending HTTP request POST https://api.deepseek.com/chat/completions
[09:51:50 INF] System.Net.Http.HttpClient.DeepSeek.ClientHandler Received HTTP response headers after 271.6792ms - 200
[09:51:50 INF] System.Net.Http.HttpClient.DeepSeek.LogicalHandler End processing HTTP request after 277.3479ms - 200
[09:51:50 INF] System.Net.Http.HttpClient.DeepSeek.LogicalHandler Start processing HTTP request POST https://api.deepseek.com/chat/completions
[09:51:50 INF] System.Net.Http.HttpClient.DeepSeek.ClientHandler Sending HTTP request POST https://api.deepseek.com/chat/completions
[09:51:50 INF] System.Net.Http.HttpClient.DeepSeek.ClientHandler Received HTTP response headers after 293.4051ms - 200
[09:51:50 INF] System.Net.Http.HttpClient.DeepSeek.LogicalHandler End processing HTTP request after 299.1913ms - 200
[09:51:50 INF] System.Net.Http.HttpClient.DeepSeek.ClientHandler Received HTTP response headers after 277.8845ms - 200
[09:51:50 INF] System.Net.Http.HttpClient.DeepSeek.LogicalHandler End processing HTTP request after 285.2187ms - 200
[09:51:50 INF] System.Net.Http.HttpClient.DeepSeek.LogicalHandler Start processing HTTP request POST https://api.deepseek.com/chat/completions
[09:51:50 INF] System.Net.Http.HttpClient.DeepSeek.ClientHandler Sending HTTP request POST https://api.deepseek.com/chat/completions
[09:51:50 INF] System.Net.Http.HttpClient.DeepSeek.ClientHandler Received HTTP response headers after 299.2195ms - 200
[09:51:50 INF] System.Net.Http.HttpClient.DeepSeek.LogicalHandler End processing HTTP request after 304.9689ms - 200
[09:51:50 INF] System.Net.Http.HttpClient.DeepSeek.ClientHandler Received HTTP response headers after 304.7803ms - 200
[09:51:50 INF] System.Net.Http.HttpClient.DeepSeek.LogicalHandler End processing HTTP request after 310.6379ms - 200
[09:51:50 INF] System.Net.Http.HttpClient.DeepSeek.LogicalHandler Start processing HTTP request POST https://api.deepseek.com/chat/completions
[09:51:50 INF] System.Net.Http.HttpClient.DeepSeek.ClientHandler Sending HTTP request POST https://api.deepseek.com/chat/completions
[09:51:50 INF] System.Net.Http.HttpClient.DeepSeek.LogicalHandler Start processing HTTP request POST https://api.deepseek.com/chat/completions
[09:51:50 INF] System.Net.Http.HttpClient.DeepSeek.ClientHandler Sending HTTP request POST https://api.deepseek.com/chat/completions
[09:51:50 INF] System.Net.Http.HttpClient.DeepSeek.ClientHandler Received HTTP response headers after 282.5248ms - 200
[09:51:50 INF] System.Net.Http.HttpClient.DeepSeek.LogicalHandler End processing HTTP request after 289.003ms - 200
[09:51:50 INF] System.Net.Http.HttpClient.DeepSeek.LogicalHandler Start processing HTTP request POST https://api.deepseek.com/chat/completions
[09:51:50 INF] System.Net.Http.HttpClient.DeepSeek.ClientHandler Sending HTTP request POST https://api.deepseek.com/chat/completions
[09:51:50 INF] System.Net.Http.HttpClient.DeepSeek.ClientHandler Received HTTP response headers after 312.3757ms - 200
[09:51:50 INF] System.Net.Http.HttpClient.DeepSeek.LogicalHandler End processing HTTP request after 319.8865ms - 200
[09:51:50 INF] System.Net.Http.HttpClient.DeepSeek.LogicalHandler Start processing HTTP request POST https://api.deepseek.com/chat/completions
[09:51:50 INF] System.Net.Http.HttpClient.DeepSeek.ClientHandler Sending HTTP request POST https://api.deepseek.com/chat/completions
[09:51:50 INF] System.Net.Http.HttpClient.DeepSeek.LogicalHandler Start processing HTTP request POST https://api.deepseek.com/chat/completions
[09:51:50 INF] System.Net.Http.HttpClient.DeepSeek.ClientHandler Sending HTTP request POST https://api.deepseek.com/chat/completions
[09:51:50 INF] System.Net.Http.HttpClient.DeepSeek.ClientHandler Received HTTP response headers after 301.9643ms - 200
[09:51:50 INF] System.Net.Http.HttpClient.DeepSeek.LogicalHandler End processing HTTP request after 308.3431ms - 200
[09:51:50 INF] System.Net.Http.HttpClient.DeepSeek.LogicalHandler Start processing HTTP request POST https://api.deepseek.com/chat/completions
[09:51:50 INF] System.Net.Http.HttpClient.DeepSeek.ClientHandler Received HTTP response headers after 277.5996ms - 200
[09:51:50 INF] System.Net.Http.HttpClient.DeepSeek.ClientHandler Sending HTTP request POST https://api.deepseek.com/chat/completions
[09:51:50 INF] System.Net.Http.HttpClient.DeepSeek.LogicalHandler End processing HTTP request after 284.918ms - 200
[09:51:51 INF] System.Net.Http.HttpClient.DeepSeek.LogicalHandler Start processing HTTP request POST https://api.deepseek.com/chat/completions
[09:51:51 INF] System.Net.Http.HttpClient.DeepSeek.ClientHandler Sending HTTP request POST https://api.deepseek.com/chat/completions
[09:51:51 INF] System.Net.Http.HttpClient.DeepSeek.LogicalHandler Start processing HTTP request POST https://api.deepseek.com/chat/completions
[09:51:51 INF] System.Net.Http.HttpClient.DeepSeek.ClientHandler Sending HTTP request POST https://api.deepseek.com/chat/completions
[09:51:51 INF] System.Net.Http.HttpClient.DeepSeek.ClientHandler Received HTTP response headers after 292.8777ms - 200
[09:51:51 INF] System.Net.Http.HttpClient.DeepSeek.LogicalHandler End processing HTTP request after 299.5592ms - 200
[09:51:51 INF] System.Net.Http.HttpClient.DeepSeek.LogicalHandler Start processing HTTP request POST https://api.deepseek.com/chat/completions
[09:51:51 INF] System.Net.Http.HttpClient.DeepSeek.ClientHandler Sending HTTP request POST https://api.deepseek.com/chat/completions
[09:51:51 INF] System.Net.Http.HttpClient.DeepSeek.ClientHandler Received HTTP response headers after 295.0592ms - 200
[09:51:51 INF] System.Net.Http.HttpClient.DeepSeek.LogicalHandler End processing HTTP request after 301.9208ms - 200
[09:51:51 INF] System.Net.Http.HttpClient.DeepSeek.ClientHandler Received HTTP response headers after 300.2833ms - 200
[09:51:51 INF] System.Net.Http.HttpClient.DeepSeek.LogicalHandler Start processing HTTP request POST https://api.deepseek.com/chat/completions
[09:51:51 INF] System.Net.Http.HttpClient.DeepSeek.LogicalHandler End processing HTTP request after 306.0528ms - 200
[09:51:51 INF] System.Net.Http.HttpClient.DeepSeek.ClientHandler Sending HTTP request POST https://api.deepseek.com/chat/completions
[09:51:51 INF] System.Net.Http.HttpClient.DeepSeek.ClientHandler Received HTTP response headers after 278.7128ms - 200
[09:51:51 INF] System.Net.Http.HttpClient.DeepSeek.LogicalHandler End processing HTTP request after 287.4083ms - 200
[09:51:51 INF] System.Net.Http.HttpClient.DeepSeek.LogicalHandler Start processing HTTP request POST https://api.deepseek.com/chat/completions
[09:51:51 INF] System.Net.Http.HttpClient.DeepSeek.ClientHandler Sending HTTP request POST https://api.deepseek.com/chat/completions
[09:51:51 INF] System.Net.Http.HttpClient.DeepSeek.ClientHandler Received HTTP response headers after 291.3197ms - 200
[09:51:51 INF] System.Net.Http.HttpClient.DeepSeek.LogicalHandler End processing HTTP request after 296.8988ms - 200
[09:51:51 INF] System.Net.Http.HttpClient.DeepSeek.LogicalHandler Start processing HTTP request POST https://api.deepseek.com/chat/completions
[09:51:51 INF] System.Net.Http.HttpClient.DeepSeek.ClientHandler Sending HTTP request POST https://api.deepseek.com/chat/completions
[09:51:51 INF] System.Net.Http.HttpClient.DeepSeek.ClientHandler Received HTTP response headers after 286.6195ms - 200
[09:51:51 INF] System.Net.Http.HttpClient.DeepSeek.LogicalHandler End processing HTTP request after 292.6872ms - 200
[09:51:51 INF] System.Net.Http.HttpClient.DeepSeek.LogicalHandler Start processing HTTP request POST https://api.deepseek.com/chat/completions
[09:51:51 INF] System.Net.Http.HttpClient.DeepSeek.ClientHandler Sending HTTP request POST https://api.deepseek.com/chat/completions
[09:51:51 INF] System.Net.Http.HttpClient.DeepSeek.ClientHandler Received HTTP response headers after 330.276ms - 200
[09:51:51 INF] System.Net.Http.HttpClient.DeepSeek.LogicalHandler End processing HTTP request after 336.9697ms - 200
[09:51:51 INF] System.Net.Http.HttpClient.DeepSeek.ClientHandler Received HTTP response headers after 296.9413ms - 200
[09:51:51 INF] System.Net.Http.HttpClient.DeepSeek.LogicalHandler End processing HTTP request after 305.5325ms - 200
[09:51:51 INF] System.Net.Http.HttpClient.DeepSeek.ClientHandler Received HTTP response headers after 310.5988ms - 200
[09:51:51 INF] System.Net.Http.HttpClient.DeepSeek.LogicalHandler End processing HTTP request after 316.7552ms - 200
[09:51:51 INF] System.Net.Http.HttpClient.DeepSeek.LogicalHandler Start processing HTTP request POST https://api.deepseek.com/chat/completions
[09:51:51 INF] System.Net.Http.HttpClient.DeepSeek.ClientHandler Sending HTTP request POST https://api.deepseek.com/chat/completions
[09:51:51 INF] System.Net.Http.HttpClient.DeepSeek.LogicalHandler Start processing HTTP request POST https://api.deepseek.com/chat/completions
[09:51:51 INF] System.Net.Http.HttpClient.DeepSeek.ClientHandler Sending HTTP request POST https://api.deepseek.com/chat/completions
[09:51:51 INF] System.Net.Http.HttpClient.DeepSeek.LogicalHandler Start processing HTTP request POST https://api.deepseek.com/chat/completions
[09:51:51 INF] System.Net.Http.HttpClient.DeepSeek.ClientHandler Sending HTTP request POST https://api.deepseek.com/chat/completions
[09:51:51 INF] System.Net.Http.HttpClient.DeepSeek.ClientHandler Received HTTP response headers after 300.7908ms - 200
[09:51:51 INF] System.Net.Http.HttpClient.DeepSeek.LogicalHandler End processing HTTP request after 306.2115ms - 200
[09:51:51 INF] System.Net.Http.HttpClient.DeepSeek.ClientHandler Received HTTP response headers after 280.8498ms - 200
[09:51:51 INF] System.Net.Http.HttpClient.DeepSeek.LogicalHandler End processing HTTP request after 287.17ms - 200
[09:51:51 INF] System.Net.Http.HttpClient.DeepSeek.LogicalHandler Start processing HTTP request POST https://api.deepseek.com/chat/completions
[09:51:51 INF] System.Net.Http.HttpClient.DeepSeek.ClientHandler Sending HTTP request POST https://api.deepseek.com/chat/completions
[09:51:51 INF] System.Net.Http.HttpClient.DeepSeek.ClientHandler Received HTTP response headers after 289.6228ms - 200
[09:51:51 INF] System.Net.Http.HttpClient.DeepSeek.LogicalHandler End processing HTTP request after 295.3954ms - 200
[09:51:51 INF] System.Net.Http.HttpClient.DeepSeek.ClientHandler Received HTTP response headers after 304.754ms - 200
[09:51:51 INF] System.Net.Http.HttpClient.DeepSeek.LogicalHandler End processing HTTP request after 310.7214ms - 200
[09:51:51 INF] System.Net.Http.HttpClient.DeepSeek.LogicalHandler Start processing HTTP request POST https://api.deepseek.com/chat/completions
[09:51:51 INF] System.Net.Http.HttpClient.DeepSeek.ClientHandler Sending HTTP request POST https://api.deepseek.com/chat/completions
[09:51:51 INF] System.Net.Http.HttpClient.DeepSeek.ClientHandler Received HTTP response headers after 323.0723ms - 200
[09:51:51 INF] System.Net.Http.HttpClient.DeepSeek.LogicalHandler End processing HTTP request after 328.8008ms - 200
[09:51:52 INF] System.Net.Http.HttpClient.DeepSeek.ClientHandler Received HTTP response headers after 292.3849ms - 200
[09:51:52 INF] System.Net.Http.HttpClient.DeepSeek.LogicalHandler End processing HTTP request after 298.7808ms - 200
[09:51:52 INF] System.Net.Http.HttpClient.DeepSeek.LogicalHandler Start processing HTTP request POST https://api.deepseek.com/chat/completions
[09:51:52 INF] System.Net.Http.HttpClient.DeepSeek.ClientHandler Sending HTTP request POST https://api.deepseek.com/chat/completions
[09:51:52 INF] System.Net.Http.HttpClient.DeepSeek.ClientHandler Received HTTP response headers after 288.8337ms - 200
[09:51:52 INF] System.Net.Http.HttpClient.DeepSeek.LogicalHandler End processing HTTP request after 295.0325ms - 200
[09:51:52 INF] System.Net.Http.HttpClient.DeepSeek.ClientHandler Received HTTP response headers after 312.2422ms - 200
[09:51:52 INF] System.Net.Http.HttpClient.DeepSeek.LogicalHandler End processing HTTP request after 318.2529ms - 200
[09:51:52 INF] System.Net.Http.HttpClient.DeepSeek.LogicalHandler Start processing HTTP request POST https://api.deepseek.com/chat/completions
[09:51:52 INF] System.Net.Http.HttpClient.DeepSeek.ClientHandler Sending HTTP request POST https://api.deepseek.com/chat/completions
[09:51:52 INF] System.Net.Http.HttpClient.DeepSeek.LogicalHandler Start processing HTTP request POST https://api.deepseek.com/chat/completions
[09:51:52 INF] System.Net.Http.HttpClient.DeepSeek.ClientHandler Sending HTTP request POST https://api.deepseek.com/chat/completions
[09:51:52 INF] System.Net.Http.HttpClient.DeepSeek.LogicalHandler Start processing HTTP request POST https://api.deepseek.com/chat/completions
[09:51:52 INF] System.Net.Http.HttpClient.DeepSeek.ClientHandler Sending HTTP request POST https://api.deepseek.com/chat/completions
[09:51:52 INF] System.Net.Http.HttpClient.DeepSeek.ClientHandler Received HTTP response headers after 288.0304ms - 200
[09:51:52 INF] System.Net.Http.HttpClient.DeepSeek.LogicalHandler End processing HTTP request after 295.0754ms - 200
[09:51:52 INF] System.Net.Http.HttpClient.DeepSeek.ClientHandler Received HTTP response headers after 283.6106ms - 200
[09:51:52 INF] System.Net.Http.HttpClient.DeepSeek.LogicalHandler End processing HTTP request after 289.9431ms - 200
[09:51:52 INF] System.Net.Http.HttpClient.DeepSeek.LogicalHandler Start processing HTTP request POST https://api.deepseek.com/chat/completions
[09:51:52 INF] System.Net.Http.HttpClient.DeepSeek.ClientHandler Sending HTTP request POST https://api.deepseek.com/chat/completions
[09:51:53 INF] System.Net.Http.HttpClient.DeepSeek.ClientHandler Received HTTP response headers after 285.498ms - 200
[09:51:53 INF] System.Net.Http.HttpClient.DeepSeek.LogicalHandler End processing HTTP request after 291.9089ms - 200
[09:51:53 INF] System.Net.Http.HttpClient.DeepSeek.ClientHandler Received HTTP response headers after 308.9128ms - 200
[09:51:53 INF] System.Net.Http.HttpClient.DeepSeek.LogicalHandler End processing HTTP request after 315.4556ms - 200
[09:51:53 INF] System.Net.Http.HttpClient.DeepSeek.LogicalHandler Start processing HTTP request POST https://api.deepseek.com/chat/completions
[09:51:53 INF] System.Net.Http.HttpClient.DeepSeek.ClientHandler Sending HTTP request POST https://api.deepseek.com/chat/completions
[09:51:53 INF] System.Net.Http.HttpClient.DeepSeek.LogicalHandler Start processing HTTP request POST https://api.deepseek.com/chat/completions
[09:51:53 INF] System.Net.Http.HttpClient.DeepSeek.ClientHandler Sending HTTP request POST https://api.deepseek.com/chat/completions
[09:51:53 INF] System.Net.Http.HttpClient.DeepSeek.ClientHandler Received HTTP response headers after 296.2249ms - 200
[09:51:53 INF] System.Net.Http.HttpClient.DeepSeek.LogicalHandler End processing HTTP request after 302.8522ms - 200
[09:51:54 INF] System.Net.Http.HttpClient.DeepSeek.ClientHandler Received HTTP response headers after 314.4355ms - 200
[09:51:54 INF] System.Net.Http.HttpClient.DeepSeek.LogicalHandler End processing HTTP request after 321.4664ms - 200
[09:51:54 INF] System.Net.Http.HttpClient.DeepSeek.LogicalHandler Start processing HTTP request POST https://api.deepseek.com/chat/completions
[09:51:54 INF] System.Net.Http.HttpClient.DeepSeek.ClientHandler Sending HTTP request POST https://api.deepseek.com/chat/completions
[09:51:55 INF] System.Net.Http.HttpClient.DeepSeek.ClientHandler Received HTTP response headers after 301.8938ms - 200
[09:51:55 INF] System.Net.Http.HttpClient.DeepSeek.LogicalHandler End processing HTTP request after 308.1294ms - 200
[10:23:37 INF] Microsoft.Hosting.Lifetime Application is shutting down...
[10:43:29 INF] Microsoft.Hosting.Lifetime Now listening on: http://localhost:5213
[10:43:29 INF] Microsoft.Hosting.Lifetime Application started. Press Ctrl+C to shut down.
[10:43:29 INF] Microsoft.Hosting.Lifetime Hosting environment: Development
[10:43:29 INF] Microsoft.Hosting.Lifetime Content root path: C:\Users\luka.osojnik\Documents\Coding\simple-bloomberg-terminal\simple-bloomberg-terminal
[10:43:31 WRN] Microsoft.EntityFrameworkCore.Query Compiling a query which loads related collections for more than one collection navigation, either via 'Include' or through projection, but no 'QuerySplittingBehavior' has been configured. By default, Entity Framework will use 'QuerySplittingBehavior.SingleQuery', which can potentially result in slow query performance. See https://go.microsoft.com/fwlink/?linkid=2134277 for more information. To identify the query that's triggering this warning call 'ConfigureWarnings(w => w.Throw(RelationalEventId.MultipleCollectionIncludeWarning))'.
[10:43:39 WRN] LuckyPennySoftware.AutoMapper.License You do not have a valid license key for the Lucky Penny software AutoMapper. This is allowed for development and testing scenarios. If you are running in production you are required to have a licensed version. Please visit https://luckypennysoftware.com to obtain a valid license.
[10:43:39 INF] System.Net.Http.HttpClient.IStockApiClient.LogicalHandler Start processing HTTP request GET https://data.sec.gov/submissions/CIK0001375365.json
[10:43:39 INF] System.Net.Http.HttpClient.IStockApiClient.ClientHandler Sending HTTP request GET https://data.sec.gov/submissions/CIK0001375365.json
[10:43:40 INF] System.Net.Http.HttpClient.IStockApiClient.ClientHandler Received HTTP response headers after 292.4519ms - 200
[10:43:40 INF] System.Net.Http.HttpClient.IStockApiClient.LogicalHandler End processing HTTP request after 315.219ms - 200
[10:43:46 INF] System.Net.Http.HttpClient.IStockApiClient.LogicalHandler Start processing HTTP request GET https://www.sec.gov/Archives/edgar/data/1375365/000137536525000027/smci-20250630.htm
[10:43:46 INF] System.Net.Http.HttpClient.IStockApiClient.ClientHandler Sending HTTP request GET https://www.sec.gov/Archives/edgar/data/1375365/000137536525000027/smci-20250630.htm
[10:43:46 INF] System.Net.Http.HttpClient.IStockApiClient.ClientHandler Received HTTP response headers after 218.3426ms - 200
[10:43:46 INF] System.Net.Http.HttpClient.IStockApiClient.LogicalHandler End processing HTTP request after 228.7202ms - 200
[10:43:47 INF] System.Net.Http.HttpClient.IStockApiClient.LogicalHandler Start processing HTTP request GET https://www.sec.gov/Archives/edgar/data/1375365/000137536525000027/FilingSummary.xml
[10:43:47 INF] System.Net.Http.HttpClient.IStockApiClient.ClientHandler Sending HTTP request GET https://www.sec.gov/Archives/edgar/data/1375365/000137536525000027/FilingSummary.xml
[10:43:47 INF] System.Net.Http.HttpClient.IStockApiClient.ClientHandler Received HTTP response headers after 46.0606ms - 200
[10:43:47 INF] System.Net.Http.HttpClient.IStockApiClient.LogicalHandler End processing HTTP request after 55.6696ms - 200
[10:43:47 INF] System.Net.Http.HttpClient.IStockApiClient.LogicalHandler Start processing HTTP request GET https://www.sec.gov/Archives/edgar/data/1375365/000137536525000027/R5.htm
[10:43:47 INF] System.Net.Http.HttpClient.IStockApiClient.ClientHandler Sending HTTP request GET https://www.sec.gov/Archives/edgar/data/1375365/000137536525000027/R5.htm
[10:43:47 INF] System.Net.Http.HttpClient.IStockApiClient.ClientHandler Received HTTP response headers after 154.7156ms - 200
[10:43:47 INF] System.Net.Http.HttpClient.IStockApiClient.LogicalHandler End processing HTTP request after 163.5426ms - 200
[10:43:47 INF] System.Net.Http.HttpClient.IStockApiClient.LogicalHandler Start processing HTTP request GET https://www.sec.gov/Archives/edgar/data/1375365/000137536525000027/R48.htm
[10:43:47 INF] System.Net.Http.HttpClient.IStockApiClient.ClientHandler Sending HTTP request GET https://www.sec.gov/Archives/edgar/data/1375365/000137536525000027/R48.htm
[10:43:47 INF] System.Net.Http.HttpClient.IStockApiClient.ClientHandler Received HTTP response headers after 37.0752ms - 200
[10:43:47 INF] System.Net.Http.HttpClient.IStockApiClient.LogicalHandler End processing HTTP request after 46.4975ms - 200
[10:43:47 INF] System.Net.Http.HttpClient.IStockApiClient.LogicalHandler Start processing HTTP request GET https://www.sec.gov/Archives/edgar/data/1375365/000137536525000027/R81.htm
[10:43:47 INF] System.Net.Http.HttpClient.IStockApiClient.ClientHandler Sending HTTP request GET https://www.sec.gov/Archives/edgar/data/1375365/000137536525000027/R81.htm
[10:43:48 INF] System.Net.Http.HttpClient.IStockApiClient.ClientHandler Received HTTP response headers after 27.0539ms - 200
[10:43:48 INF] System.Net.Http.HttpClient.IStockApiClient.LogicalHandler End processing HTTP request after 35.9327ms - 200
[10:43:48 INF] System.Net.Http.HttpClient.IStockApiClient.LogicalHandler Start processing HTTP request GET https://www.sec.gov/Archives/edgar/data/1375365/000137536525000027/R92.htm
[10:43:48 INF] System.Net.Http.HttpClient.IStockApiClient.ClientHandler Sending HTTP request GET https://www.sec.gov/Archives/edgar/data/1375365/000137536525000027/R92.htm
[10:43:48 INF] System.Net.Http.HttpClient.IStockApiClient.ClientHandler Received HTTP response headers after 23.9429ms - 200
[10:43:48 INF] System.Net.Http.HttpClient.IStockApiClient.LogicalHandler End processing HTTP request after 33.6845ms - 200
[10:43:48 INF] System.Net.Http.HttpClient.IStockApiClient.LogicalHandler Start processing HTTP request GET https://www.sec.gov/Archives/edgar/data/1375365/000137536525000027/R107.htm
[10:43:48 INF] System.Net.Http.HttpClient.IStockApiClient.ClientHandler Sending HTTP request GET https://www.sec.gov/Archives/edgar/data/1375365/000137536525000027/R107.htm
[10:43:48 INF] System.Net.Http.HttpClient.IStockApiClient.ClientHandler Received HTTP response headers after 115.3704ms - 200
[10:43:48 INF] System.Net.Http.HttpClient.IStockApiClient.LogicalHandler End processing HTTP request after 124.4627ms - 200
[10:43:48 INF] System.Net.Http.HttpClient.IStockApiClient.LogicalHandler Start processing HTTP request GET https://www.sec.gov/Archives/edgar/data/1375365/000137536525000027/R108.htm
[10:43:48 INF] System.Net.Http.HttpClient.IStockApiClient.ClientHandler Sending HTTP request GET https://www.sec.gov/Archives/edgar/data/1375365/000137536525000027/R108.htm
[10:43:48 INF] System.Net.Http.HttpClient.IStockApiClient.ClientHandler Received HTTP response headers after 58.6799ms - 200
[10:43:48 INF] System.Net.Http.HttpClient.IStockApiClient.LogicalHandler End processing HTTP request after 67.861ms - 200
[10:43:48 INF] System.Net.Http.HttpClient.DeepSeek.LogicalHandler Start processing HTTP request POST https://api.deepseek.com/chat/completions
[10:43:48 INF] System.Net.Http.HttpClient.DeepSeek.ClientHandler Sending HTTP request POST https://api.deepseek.com/chat/completions
[10:43:48 INF] System.Net.Http.HttpClient.DeepSeek.LogicalHandler Start processing HTTP request POST https://api.deepseek.com/chat/completions
[10:43:48 INF] System.Net.Http.HttpClient.DeepSeek.ClientHandler Sending HTTP request POST https://api.deepseek.com/chat/completions
[10:43:48 INF] System.Net.Http.HttpClient.DeepSeek.LogicalHandler Start processing HTTP request POST https://api.deepseek.com/chat/completions
[10:43:48 INF] System.Net.Http.HttpClient.DeepSeek.ClientHandler Sending HTTP request POST https://api.deepseek.com/chat/completions
[10:43:48 INF] System.Net.Http.HttpClient.DeepSeek.LogicalHandler Start processing HTTP request POST https://api.deepseek.com/chat/completions
[10:43:48 INF] System.Net.Http.HttpClient.DeepSeek.ClientHandler Sending HTTP request POST https://api.deepseek.com/chat/completions
[10:43:48 INF] System.Net.Http.HttpClient.DeepSeek.LogicalHandler Start processing HTTP request POST https://api.deepseek.com/chat/completions
[10:43:48 INF] System.Net.Http.HttpClient.DeepSeek.ClientHandler Sending HTTP request POST https://api.deepseek.com/chat/completions
[10:43:48 INF] System.Net.Http.HttpClient.DeepSeek.LogicalHandler Start processing HTTP request POST https://api.deepseek.com/chat/completions
[10:43:48 INF] System.Net.Http.HttpClient.DeepSeek.ClientHandler Sending HTTP request POST https://api.deepseek.com/chat/completions
[10:43:48 INF] System.Net.Http.HttpClient.DeepSeek.ClientHandler Received HTTP response headers after 344.0356ms - 200
[10:43:48 INF] System.Net.Http.HttpClient.DeepSeek.LogicalHandler End processing HTTP request after 353.7396ms - 200
[10:43:48 INF] System.Net.Http.HttpClient.DeepSeek.ClientHandler Received HTTP response headers after 360.9136ms - 200
[10:43:48 INF] System.Net.Http.HttpClient.DeepSeek.LogicalHandler End processing HTTP request after 372.4516ms - 200
[10:43:48 INF] System.Net.Http.HttpClient.DeepSeek.ClientHandler Received HTTP response headers after 379.854ms - 200
[10:43:48 INF] System.Net.Http.HttpClient.DeepSeek.LogicalHandler End processing HTTP request after 389.3308ms - 200
[10:43:48 INF] System.Net.Http.HttpClient.DeepSeek.ClientHandler Received HTTP response headers after 404.0716ms - 200
[10:43:48 INF] System.Net.Http.HttpClient.DeepSeek.LogicalHandler End processing HTTP request after 415.1829ms - 200
[10:43:48 INF] System.Net.Http.HttpClient.DeepSeek.ClientHandler Received HTTP response headers after 409.8009ms - 200
[10:43:48 INF] System.Net.Http.HttpClient.DeepSeek.LogicalHandler End processing HTTP request after 419.4641ms - 200
[10:43:49 INF] System.Net.Http.HttpClient.DeepSeek.ClientHandler Received HTTP response headers after 593.2776ms - 200
[10:43:49 INF] System.Net.Http.HttpClient.DeepSeek.LogicalHandler End processing HTTP request after 602.8454ms - 200
[10:43:49 INF] System.Net.Http.HttpClient.DeepSeek.LogicalHandler Start processing HTTP request POST https://api.deepseek.com/chat/completions
[10:43:49 INF] System.Net.Http.HttpClient.DeepSeek.ClientHandler Sending HTTP request POST https://api.deepseek.com/chat/completions
[10:43:49 INF] System.Net.Http.HttpClient.DeepSeek.LogicalHandler Start processing HTTP request POST https://api.deepseek.com/chat/completions
[10:43:49 INF] System.Net.Http.HttpClient.DeepSeek.ClientHandler Sending HTTP request POST https://api.deepseek.com/chat/completions
[10:43:49 INF] System.Net.Http.HttpClient.DeepSeek.ClientHandler Received HTTP response headers after 301.2822ms - 200
[10:43:49 INF] System.Net.Http.HttpClient.DeepSeek.LogicalHandler End processing HTTP request after 309.0437ms - 200
[10:43:50 INF] System.Net.Http.HttpClient.DeepSeek.ClientHandler Received HTTP response headers after 282.3374ms - 200
[10:43:50 INF] System.Net.Http.HttpClient.DeepSeek.LogicalHandler End processing HTTP request after 290.2809ms - 200
[10:43:50 INF] System.Net.Http.HttpClient.DeepSeek.LogicalHandler Start processing HTTP request POST https://api.deepseek.com/chat/completions
[10:43:50 INF] System.Net.Http.HttpClient.DeepSeek.ClientHandler Sending HTTP request POST https://api.deepseek.com/chat/completions
[10:43:51 INF] System.Net.Http.HttpClient.DeepSeek.ClientHandler Received HTTP response headers after 273.2893ms - 200
[10:43:51 INF] System.Net.Http.HttpClient.DeepSeek.LogicalHandler End processing HTTP request after 283.4833ms - 200
[10:43:51 INF] System.Net.Http.HttpClient.DeepSeek.LogicalHandler Start processing HTTP request POST https://api.deepseek.com/chat/completions
[10:43:51 INF] System.Net.Http.HttpClient.DeepSeek.ClientHandler Sending HTTP request POST https://api.deepseek.com/chat/completions
[10:43:51 INF] System.Net.Http.HttpClient.DeepSeek.LogicalHandler Start processing HTTP request POST https://api.deepseek.com/chat/completions
[10:43:51 INF] System.Net.Http.HttpClient.DeepSeek.ClientHandler Sending HTTP request POST https://api.deepseek.com/chat/completions
[10:43:51 INF] System.Net.Http.HttpClient.DeepSeek.ClientHandler Received HTTP response headers after 286.0209ms - 200
[10:43:51 INF] System.Net.Http.HttpClient.DeepSeek.LogicalHandler End processing HTTP request after 294.3071ms - 200
[10:43:51 INF] System.Net.Http.HttpClient.DeepSeek.LogicalHandler Start processing HTTP request POST https://api.deepseek.com/chat/completions
[10:43:51 INF] System.Net.Http.HttpClient.DeepSeek.ClientHandler Sending HTTP request POST https://api.deepseek.com/chat/completions
[10:43:51 INF] System.Net.Http.HttpClient.DeepSeek.ClientHandler Received HTTP response headers after 423.5684ms - 200
[10:43:51 INF] System.Net.Http.HttpClient.DeepSeek.LogicalHandler End processing HTTP request after 431.7133ms - 200
[10:43:52 INF] System.Net.Http.HttpClient.DeepSeek.ClientHandler Received HTTP response headers after 282.724ms - 200
[10:43:52 INF] System.Net.Http.HttpClient.DeepSeek.LogicalHandler End processing HTTP request after 291.0083ms - 200
[10:43:52 INF] System.Net.Http.HttpClient.DeepSeek.LogicalHandler Start processing HTTP request POST https://api.deepseek.com/chat/completions
[10:43:52 INF] System.Net.Http.HttpClient.DeepSeek.ClientHandler Sending HTTP request POST https://api.deepseek.com/chat/completions
[10:43:52 INF] System.Net.Http.HttpClient.DeepSeek.LogicalHandler Start processing HTTP request POST https://api.deepseek.com/chat/completions
[10:43:52 INF] System.Net.Http.HttpClient.DeepSeek.ClientHandler Sending HTTP request POST https://api.deepseek.com/chat/completions
[10:43:52 INF] System.Net.Http.HttpClient.DeepSeek.ClientHandler Received HTTP response headers after 283.0298ms - 200
[10:43:52 INF] System.Net.Http.HttpClient.DeepSeek.LogicalHandler End processing HTTP request after 291.0207ms - 200
[10:43:52 INF] System.Net.Http.HttpClient.DeepSeek.ClientHandler Received HTTP response headers after 321.5155ms - 200
[10:43:52 INF] System.Net.Http.HttpClient.DeepSeek.LogicalHandler End processing HTTP request after 329.5356ms - 200
[10:43:53 INF] System.Net.Http.HttpClient.DeepSeek.LogicalHandler Start processing HTTP request POST https://api.deepseek.com/chat/completions
[10:43:53 INF] System.Net.Http.HttpClient.DeepSeek.ClientHandler Sending HTTP request POST https://api.deepseek.com/chat/completions
[10:43:53 INF] System.Net.Http.HttpClient.DeepSeek.ClientHandler Received HTTP response headers after 356.2175ms - 200
[10:43:53 INF] System.Net.Http.HttpClient.DeepSeek.LogicalHandler End processing HTTP request after 364.667ms - 200
[10:43:53 INF] System.Net.Http.HttpClient.DeepSeek.LogicalHandler Start processing HTTP request POST https://api.deepseek.com/chat/completions
[10:43:53 INF] System.Net.Http.HttpClient.DeepSeek.ClientHandler Sending HTTP request POST https://api.deepseek.com/chat/completions
[10:43:53 INF] System.Net.Http.HttpClient.DeepSeek.LogicalHandler Start processing HTTP request POST https://api.deepseek.com/chat/completions
[10:43:53 INF] System.Net.Http.HttpClient.DeepSeek.ClientHandler Sending HTTP request POST https://api.deepseek.com/chat/completions
[10:43:53 INF] System.Net.Http.HttpClient.DeepSeek.LogicalHandler Start processing HTTP request POST https://api.deepseek.com/chat/completions
[10:43:53 INF] System.Net.Http.HttpClient.DeepSeek.ClientHandler Sending HTTP request POST https://api.deepseek.com/chat/completions
[10:43:54 INF] System.Net.Http.HttpClient.DeepSeek.ClientHandler Received HTTP response headers after 279.4563ms - 200
[10:43:54 INF] System.Net.Http.HttpClient.DeepSeek.LogicalHandler End processing HTTP request after 285.3042ms - 200
[10:43:54 INF] System.Net.Http.HttpClient.DeepSeek.ClientHandler Received HTTP response headers after 296.6395ms - 200
[10:43:54 INF] System.Net.Http.HttpClient.DeepSeek.LogicalHandler End processing HTTP request after 302.5641ms - 200
[10:43:54 INF] System.Net.Http.HttpClient.DeepSeek.ClientHandler Received HTTP response headers after 361.2171ms - 200
[10:43:54 INF] System.Net.Http.HttpClient.DeepSeek.LogicalHandler End processing HTTP request after 367.5151ms - 200
[10:43:54 INF] System.Net.Http.HttpClient.DeepSeek.LogicalHandler Start processing HTTP request POST https://api.deepseek.com/chat/completions
[10:43:54 INF] System.Net.Http.HttpClient.DeepSeek.ClientHandler Sending HTTP request POST https://api.deepseek.com/chat/completions
[10:43:55 INF] System.Net.Http.HttpClient.DeepSeek.ClientHandler Received HTTP response headers after 297.9279ms - 200
[10:43:55 INF] System.Net.Http.HttpClient.DeepSeek.LogicalHandler End processing HTTP request after 304.6026ms - 200
[10:43:55 INF] System.Net.Http.HttpClient.DeepSeek.LogicalHandler Start processing HTTP request POST https://api.deepseek.com/chat/completions
[10:43:55 INF] System.Net.Http.HttpClient.DeepSeek.ClientHandler Sending HTTP request POST https://api.deepseek.com/chat/completions
[10:43:55 INF] System.Net.Http.HttpClient.DeepSeek.LogicalHandler Start processing HTTP request POST https://api.deepseek.com/chat/completions
[10:43:55 INF] System.Net.Http.HttpClient.DeepSeek.ClientHandler Sending HTTP request POST https://api.deepseek.com/chat/completions
[10:43:55 INF] System.Net.Http.HttpClient.DeepSeek.LogicalHandler Start processing HTTP request POST https://api.deepseek.com/chat/completions
[10:43:55 INF] System.Net.Http.HttpClient.DeepSeek.ClientHandler Sending HTTP request POST https://api.deepseek.com/chat/completions
[10:43:55 INF] System.Net.Http.HttpClient.DeepSeek.ClientHandler Received HTTP response headers after 299.9083ms - 200
[10:43:55 INF] System.Net.Http.HttpClient.DeepSeek.LogicalHandler End processing HTTP request after 308.1386ms - 200
[10:43:55 INF] System.Net.Http.HttpClient.DeepSeek.ClientHandler Received HTTP response headers after 281.7672ms - 200
[10:43:55 INF] System.Net.Http.HttpClient.DeepSeek.LogicalHandler End processing HTTP request after 289.3193ms - 200
[10:43:55 INF] System.Net.Http.HttpClient.DeepSeek.ClientHandler Received HTTP response headers after 295.8376ms - 200
[10:43:55 INF] System.Net.Http.HttpClient.DeepSeek.LogicalHandler End processing HTTP request after 304.2682ms - 200
[10:43:56 INF] System.Net.Http.HttpClient.DeepSeek.LogicalHandler Start processing HTTP request POST https://api.deepseek.com/chat/completions
[10:43:56 INF] System.Net.Http.HttpClient.DeepSeek.ClientHandler Sending HTTP request POST https://api.deepseek.com/chat/completions
[10:43:56 INF] System.Net.Http.HttpClient.DeepSeek.LogicalHandler Start processing HTTP request POST https://api.deepseek.com/chat/completions
[10:43:56 INF] System.Net.Http.HttpClient.DeepSeek.ClientHandler Sending HTTP request POST https://api.deepseek.com/chat/completions
[10:43:56 INF] System.Net.Http.HttpClient.DeepSeek.ClientHandler Received HTTP response headers after 296.6792ms - 200
[10:43:56 INF] System.Net.Http.HttpClient.DeepSeek.LogicalHandler End processing HTTP request after 304.8361ms - 200
[10:43:56 INF] System.Net.Http.HttpClient.DeepSeek.ClientHandler Received HTTP response headers after 299.6798ms - 200
[10:43:56 INF] System.Net.Http.HttpClient.DeepSeek.LogicalHandler End processing HTTP request after 307.7668ms - 200
[10:43:57 INF] System.Net.Http.HttpClient.DeepSeek.LogicalHandler Start processing HTTP request POST https://api.deepseek.com/chat/completions
[10:43:57 INF] System.Net.Http.HttpClient.DeepSeek.ClientHandler Sending HTTP request POST https://api.deepseek.com/chat/completions
[10:43:57 INF] System.Net.Http.HttpClient.DeepSeek.ClientHandler Received HTTP response headers after 279.579ms - 200
[10:43:57 INF] System.Net.Http.HttpClient.DeepSeek.LogicalHandler End processing HTTP request after 287.6149ms - 200
[10:43:57 INF] System.Net.Http.HttpClient.DeepSeek.LogicalHandler Start processing HTTP request POST https://api.deepseek.com/chat/completions
[10:43:57 INF] System.Net.Http.HttpClient.DeepSeek.ClientHandler Sending HTTP request POST https://api.deepseek.com/chat/completions
[10:43:57 INF] System.Net.Http.HttpClient.DeepSeek.LogicalHandler Start processing HTTP request POST https://api.deepseek.com/chat/completions
[10:43:57 INF] System.Net.Http.HttpClient.DeepSeek.ClientHandler Sending HTTP request POST https://api.deepseek.com/chat/completions
[10:43:57 INF] System.Net.Http.HttpClient.DeepSeek.ClientHandler Received HTTP response headers after 296.4362ms - 200
[10:43:57 INF] System.Net.Http.HttpClient.DeepSeek.LogicalHandler End processing HTTP request after 303.7642ms - 200
[10:43:58 INF] System.Net.Http.HttpClient.DeepSeek.ClientHandler Received HTTP response headers after 289.6784ms - 200
[10:43:58 INF] System.Net.Http.HttpClient.DeepSeek.LogicalHandler End processing HTTP request after 297.536ms - 200
[10:43:58 INF] System.Net.Http.HttpClient.DeepSeek.LogicalHandler Start processing HTTP request POST https://api.deepseek.com/chat/completions
[10:43:58 INF] System.Net.Http.HttpClient.DeepSeek.ClientHandler Sending HTTP request POST https://api.deepseek.com/chat/completions
[10:43:58 INF] System.Net.Http.HttpClient.DeepSeek.ClientHandler Received HTTP response headers after 281.1735ms - 200
[10:43:58 INF] System.Net.Http.HttpClient.DeepSeek.LogicalHandler End processing HTTP request after 288.3324ms - 200
[10:43:59 INF] System.Net.Http.HttpClient.DeepSeek.LogicalHandler Start processing HTTP request POST https://api.deepseek.com/chat/completions
[10:43:59 INF] System.Net.Http.HttpClient.DeepSeek.ClientHandler Sending HTTP request POST https://api.deepseek.com/chat/completions
[10:43:59 INF] System.Net.Http.HttpClient.DeepSeek.ClientHandler Received HTTP response headers after 280.3423ms - 200
[10:43:59 INF] System.Net.Http.HttpClient.DeepSeek.LogicalHandler End processing HTTP request after 287.4043ms - 200
[10:43:59 INF] System.Net.Http.HttpClient.DeepSeek.LogicalHandler Start processing HTTP request POST https://api.deepseek.com/chat/completions
[10:43:59 INF] System.Net.Http.HttpClient.DeepSeek.ClientHandler Sending HTTP request POST https://api.deepseek.com/chat/completions
[10:43:59 INF] System.Net.Http.HttpClient.DeepSeek.ClientHandler Received HTTP response headers after 352.5246ms - 200
[10:43:59 INF] System.Net.Http.HttpClient.DeepSeek.LogicalHandler End processing HTTP request after 360.6822ms - 200
[10:43:59 INF] System.Net.Http.HttpClient.DeepSeek.LogicalHandler Start processing HTTP request POST https://api.deepseek.com/chat/completions
[10:43:59 INF] System.Net.Http.HttpClient.DeepSeek.ClientHandler Sending HTTP request POST https://api.deepseek.com/chat/completions
[10:44:00 INF] System.Net.Http.HttpClient.DeepSeek.LogicalHandler Start processing HTTP request POST https://api.deepseek.com/chat/completions
[10:44:00 INF] System.Net.Http.HttpClient.DeepSeek.ClientHandler Sending HTTP request POST https://api.deepseek.com/chat/completions
[10:44:00 INF] System.Net.Http.HttpClient.DeepSeek.ClientHandler Received HTTP response headers after 292.4062ms - 200
[10:44:00 INF] System.Net.Http.HttpClient.DeepSeek.LogicalHandler End processing HTTP request after 300.6318ms - 200
[10:44:00 INF] System.Net.Http.HttpClient.DeepSeek.ClientHandler Received HTTP response headers after 279.3245ms - 200
[10:44:00 INF] System.Net.Http.HttpClient.DeepSeek.LogicalHandler End processing HTTP request after 287.9323ms - 200
[10:44:00 INF] System.Net.Http.HttpClient.DeepSeek.LogicalHandler Start processing HTTP request POST https://api.deepseek.com/chat/completions
[10:44:00 INF] System.Net.Http.HttpClient.DeepSeek.ClientHandler Sending HTTP request POST https://api.deepseek.com/chat/completions
[10:44:01 INF] System.Net.Http.HttpClient.DeepSeek.LogicalHandler Start processing HTTP request POST https://api.deepseek.com/chat/completions
[10:44:01 INF] System.Net.Http.HttpClient.DeepSeek.ClientHandler Sending HTTP request POST https://api.deepseek.com/chat/completions
[10:44:01 INF] System.Net.Http.HttpClient.DeepSeek.ClientHandler Received HTTP response headers after 291.2839ms - 200
[10:44:01 INF] System.Net.Http.HttpClient.DeepSeek.LogicalHandler End processing HTTP request after 300.6886ms - 200
[10:44:01 INF] System.Net.Http.HttpClient.DeepSeek.ClientHandler Received HTTP response headers after 290.5638ms - 200
[10:44:01 INF] System.Net.Http.HttpClient.DeepSeek.LogicalHandler End processing HTTP request after 299.0527ms - 200
[10:44:02 INF] System.Net.Http.HttpClient.IStockApiClient.LogicalHandler Start processing HTTP request GET https://data.sec.gov/api/xbrl/companyfacts/CIK0001375365.json
[10:44:02 INF] System.Net.Http.HttpClient.IStockApiClient.ClientHandler Sending HTTP request GET https://data.sec.gov/api/xbrl/companyfacts/CIK0001375365.json
[10:44:02 INF] System.Net.Http.HttpClient.IStockApiClient.ClientHandler Received HTTP response headers after 141.165ms - 200
[10:44:02 INF] System.Net.Http.HttpClient.IStockApiClient.LogicalHandler End processing HTTP request after 150.5192ms - 200
[10:44:03 INF] System.Net.Http.HttpClient.IStockApiClient.LogicalHandler Start processing HTTP request GET https://data.sec.gov/submissions/CIK0001375365.json
[10:44:03 INF] System.Net.Http.HttpClient.IStockApiClient.ClientHandler Sending HTTP request GET https://data.sec.gov/submissions/CIK0001375365.json
[10:44:03 INF] System.Net.Http.HttpClient.IStockApiClient.ClientHandler Received HTTP response headers after 22.5406ms - 200
[10:44:03 INF] System.Net.Http.HttpClient.IStockApiClient.LogicalHandler End processing HTTP request after 30.9031ms - 200
[10:44:03 INF] System.Net.Http.HttpClient.IStockApiClient.LogicalHandler Start processing HTTP request GET https://www.sec.gov/Archives/edgar/data/1375365/000137536525000027/index.json
[10:44:03 INF] System.Net.Http.HttpClient.IStockApiClient.ClientHandler Sending HTTP request GET https://www.sec.gov/Archives/edgar/data/1375365/000137536525000027/index.json
[10:44:03 INF] System.Net.Http.HttpClient.IStockApiClient.ClientHandler Received HTTP response headers after 49.3444ms - 200
[10:44:03 INF] System.Net.Http.HttpClient.IStockApiClient.LogicalHandler End processing HTTP request after 61.3866ms - 200
[10:44:03 INF] System.Net.Http.HttpClient.IStockApiClient.LogicalHandler Start processing HTTP request GET https://www.sec.gov/Archives/edgar/data/1375365/000137536525000027/smci-20250630_htm.xml
[10:44:03 INF] System.Net.Http.HttpClient.IStockApiClient.ClientHandler Sending HTTP request GET https://www.sec.gov/Archives/edgar/data/1375365/000137536525000027/smci-20250630_htm.xml
[10:44:03 INF] System.Net.Http.HttpClient.IStockApiClient.ClientHandler Received HTTP response headers after 26.5244ms - 200
[10:44:03 INF] System.Net.Http.HttpClient.IStockApiClient.LogicalHandler End processing HTTP request after 35.5911ms - 200
[10:44:03 INF] System.Net.Http.HttpClient.DeepSeek.LogicalHandler Start processing HTTP request POST https://api.deepseek.com/chat/completions
[10:44:03 INF] System.Net.Http.HttpClient.DeepSeek.ClientHandler Sending HTTP request POST https://api.deepseek.com/chat/completions
[10:44:04 INF] System.Net.Http.HttpClient.DeepSeek.ClientHandler Received HTTP response headers after 283.9924ms - 200
[10:44:04 INF] System.Net.Http.HttpClient.DeepSeek.LogicalHandler End processing HTTP request after 293.5455ms - 200
[10:44:20 INF] System.Net.Http.HttpClient.DeepSeek.LogicalHandler Start processing HTTP request POST https://api.deepseek.com/chat/completions
[10:44:20 INF] System.Net.Http.HttpClient.DeepSeek.ClientHandler Sending HTTP request POST https://api.deepseek.com/chat/completions
[10:44:20 INF] System.Net.Http.HttpClient.DeepSeek.LogicalHandler Start processing HTTP request POST https://api.deepseek.com/chat/completions
[10:44:20 INF] System.Net.Http.HttpClient.DeepSeek.ClientHandler Sending HTTP request POST https://api.deepseek.com/chat/completions
[10:44:20 INF] System.Net.Http.HttpClient.DeepSeek.LogicalHandler Start processing HTTP request POST https://api.deepseek.com/chat/completions
[10:44:20 INF] System.Net.Http.HttpClient.DeepSeek.ClientHandler Sending HTTP request POST https://api.deepseek.com/chat/completions
[10:44:20 INF] System.Net.Http.HttpClient.DeepSeek.LogicalHandler Start processing HTTP request POST https://api.deepseek.com/chat/completions
[10:44:20 INF] System.Net.Http.HttpClient.DeepSeek.ClientHandler Sending HTTP request POST https://api.deepseek.com/chat/completions
[10:44:20 INF] System.Net.Http.HttpClient.DeepSeek.LogicalHandler Start processing HTTP request POST https://api.deepseek.com/chat/completions
[10:44:20 INF] System.Net.Http.HttpClient.DeepSeek.ClientHandler Sending HTTP request POST https://api.deepseek.com/chat/completions
[10:44:20 INF] System.Net.Http.HttpClient.DeepSeek.LogicalHandler Start processing HTTP request POST https://api.deepseek.com/chat/completions
[10:44:20 INF] System.Net.Http.HttpClient.DeepSeek.ClientHandler Sending HTTP request POST https://api.deepseek.com/chat/completions
[10:44:20 INF] System.Net.Http.HttpClient.DeepSeek.LogicalHandler Start processing HTTP request POST https://api.deepseek.com/chat/completions
[10:44:20 INF] System.Net.Http.HttpClient.DeepSeek.ClientHandler Sending HTTP request POST https://api.deepseek.com/chat/completions
[10:44:20 INF] System.Net.Http.HttpClient.DeepSeek.LogicalHandler Start processing HTTP request POST https://api.deepseek.com/chat/completions
[10:44:20 INF] System.Net.Http.HttpClient.DeepSeek.ClientHandler Sending HTTP request POST https://api.deepseek.com/chat/completions
[10:44:20 INF] System.Net.Http.HttpClient.DeepSeek.LogicalHandler Start processing HTTP request POST https://api.deepseek.com/chat/completions
[10:44:20 INF] System.Net.Http.HttpClient.DeepSeek.ClientHandler Sending HTTP request POST https://api.deepseek.com/chat/completions
[10:44:20 INF] System.Net.Http.HttpClient.DeepSeek.LogicalHandler Start processing HTTP request POST https://api.deepseek.com/chat/completions
[10:44:20 INF] System.Net.Http.HttpClient.DeepSeek.ClientHandler Sending HTTP request POST https://api.deepseek.com/chat/completions
[10:44:20 INF] System.Net.Http.HttpClient.DeepSeek.LogicalHandler Start processing HTTP request POST https://api.deepseek.com/chat/completions
[10:44:20 INF] System.Net.Http.HttpClient.DeepSeek.ClientHandler Sending HTTP request POST https://api.deepseek.com/chat/completions
[10:44:20 INF] System.Net.Http.HttpClient.DeepSeek.LogicalHandler Start processing HTTP request POST https://api.deepseek.com/chat/completions
[10:44:20 INF] System.Net.Http.HttpClient.DeepSeek.ClientHandler Sending HTTP request POST https://api.deepseek.com/chat/completions
[10:44:20 INF] System.Net.Http.HttpClient.DeepSeek.LogicalHandler Start processing HTTP request POST https://api.deepseek.com/chat/completions
[10:44:20 INF] System.Net.Http.HttpClient.DeepSeek.ClientHandler Sending HTTP request POST https://api.deepseek.com/chat/completions
[10:44:20 INF] System.Net.Http.HttpClient.DeepSeek.LogicalHandler Start processing HTTP request POST https://api.deepseek.com/chat/completions
[10:44:20 INF] System.Net.Http.HttpClient.DeepSeek.ClientHandler Sending HTTP request POST https://api.deepseek.com/chat/completions
[10:44:20 INF] System.Net.Http.HttpClient.DeepSeek.LogicalHandler Start processing HTTP request POST https://api.deepseek.com/chat/completions
[10:44:20 INF] System.Net.Http.HttpClient.DeepSeek.ClientHandler Sending HTTP request POST https://api.deepseek.com/chat/completions
[10:44:20 INF] System.Net.Http.HttpClient.DeepSeek.LogicalHandler Start processing HTTP request POST https://api.deepseek.com/chat/completions
[10:44:20 INF] System.Net.Http.HttpClient.DeepSeek.ClientHandler Sending HTTP request POST https://api.deepseek.com/chat/completions
[10:44:20 INF] System.Net.Http.HttpClient.DeepSeek.LogicalHandler Start processing HTTP request POST https://api.deepseek.com/chat/completions
[10:44:20 INF] System.Net.Http.HttpClient.DeepSeek.ClientHandler Sending HTTP request POST https://api.deepseek.com/chat/completions
[10:44:20 INF] System.Net.Http.HttpClient.DeepSeek.LogicalHandler Start processing HTTP request POST https://api.deepseek.com/chat/completions
[10:44:20 INF] System.Net.Http.HttpClient.DeepSeek.ClientHandler Sending HTTP request POST https://api.deepseek.com/chat/completions
[10:44:20 INF] System.Net.Http.HttpClient.DeepSeek.LogicalHandler Start processing HTTP request POST https://api.deepseek.com/chat/completions
[10:44:20 INF] System.Net.Http.HttpClient.DeepSeek.ClientHandler Sending HTTP request POST https://api.deepseek.com/chat/completions
[10:44:20 INF] System.Net.Http.HttpClient.DeepSeek.LogicalHandler Start processing HTTP request POST https://api.deepseek.com/chat/completions
[10:44:20 INF] System.Net.Http.HttpClient.DeepSeek.ClientHandler Sending HTTP request POST https://api.deepseek.com/chat/completions
[10:44:20 INF] System.Net.Http.HttpClient.DeepSeek.LogicalHandler Start processing HTTP request POST https://api.deepseek.com/chat/completions
[10:44:20 INF] System.Net.Http.HttpClient.DeepSeek.ClientHandler Sending HTTP request POST https://api.deepseek.com/chat/completions
[10:44:20 INF] System.Net.Http.HttpClient.DeepSeek.LogicalHandler Start processing HTTP request POST https://api.deepseek.com/chat/completions
[10:44:20 INF] System.Net.Http.HttpClient.DeepSeek.ClientHandler Sending HTTP request POST https://api.deepseek.com/chat/completions
[10:44:20 INF] System.Net.Http.HttpClient.DeepSeek.LogicalHandler Start processing HTTP request POST https://api.deepseek.com/chat/completions
[10:44:20 INF] System.Net.Http.HttpClient.DeepSeek.ClientHandler Sending HTTP request POST https://api.deepseek.com/chat/completions
[10:44:20 INF] System.Net.Http.HttpClient.DeepSeek.LogicalHandler Start processing HTTP request POST https://api.deepseek.com/chat/completions
[10:44:20 INF] System.Net.Http.HttpClient.DeepSeek.ClientHandler Sending HTTP request POST https://api.deepseek.com/chat/completions
[10:44:20 INF] System.Net.Http.HttpClient.DeepSeek.ClientHandler Received HTTP response headers after 279.1558ms - 200
[10:44:20 INF] System.Net.Http.HttpClient.DeepSeek.LogicalHandler End processing HTTP request after 288.3968ms - 200
[10:44:20 INF] System.Net.Http.HttpClient.DeepSeek.ClientHandler Received HTTP response headers after 280.4518ms - 200
[10:44:20 INF] System.Net.Http.HttpClient.DeepSeek.ClientHandler Received HTTP response headers after 275.5474ms - 200
[10:44:20 INF] System.Net.Http.HttpClient.DeepSeek.LogicalHandler End processing HTTP request after 289.4225ms - 200
[10:44:20 INF] System.Net.Http.HttpClient.DeepSeek.ClientHandler Received HTTP response headers after 296.5995ms - 200
[10:44:20 INF] System.Net.Http.HttpClient.DeepSeek.LogicalHandler End processing HTTP request after 286.0148ms - 200
[10:44:20 INF] System.Net.Http.HttpClient.DeepSeek.ClientHandler Received HTTP response headers after 293.5347ms - 200
[10:44:20 INF] System.Net.Http.HttpClient.DeepSeek.LogicalHandler End processing HTTP request after 310.5849ms - 200
[10:44:20 INF] System.Net.Http.HttpClient.DeepSeek.LogicalHandler End processing HTTP request after 309.3883ms - 200
[10:44:20 INF] System.Net.Http.HttpClient.DeepSeek.ClientHandler Received HTTP response headers after 314.9197ms - 200
[10:44:20 INF] System.Net.Http.HttpClient.DeepSeek.LogicalHandler End processing HTTP request after 323.8983ms - 200
[10:44:20 INF] System.Net.Http.HttpClient.DeepSeek.ClientHandler Received HTTP response headers after 299.8704ms - 200
[10:44:21 INF] System.Net.Http.HttpClient.DeepSeek.LogicalHandler End processing HTTP request after 311.6018ms - 200
[10:44:21 INF] System.Net.Http.HttpClient.DeepSeek.ClientHandler Received HTTP response headers after 307.0934ms - 200
[10:44:21 INF] System.Net.Http.HttpClient.DeepSeek.ClientHandler Received HTTP response headers after 314.8672ms - 200
[10:44:21 INF] System.Net.Http.HttpClient.DeepSeek.ClientHandler Received HTTP response headers after 323.35ms - 200
[10:44:21 INF] System.Net.Http.HttpClient.DeepSeek.LogicalHandler End processing HTTP request after 316.5241ms - 200
[10:44:21 INF] System.Net.Http.HttpClient.DeepSeek.LogicalHandler End processing HTTP request after 327.0456ms - 200
[10:44:21 INF] System.Net.Http.HttpClient.DeepSeek.LogicalHandler End processing HTTP request after 337.1907ms - 200
[10:44:21 INF] System.Net.Http.HttpClient.DeepSeek.ClientHandler Received HTTP response headers after 303.2278ms - 200
[10:44:21 INF] System.Net.Http.HttpClient.DeepSeek.ClientHandler Received HTTP response headers after 310.4993ms - 200
[10:44:21 INF] System.Net.Http.HttpClient.DeepSeek.ClientHandler Received HTTP response headers after 305.1532ms - 200
[10:44:21 INF] System.Net.Http.HttpClient.DeepSeek.ClientHandler Received HTTP response headers after 359.4654ms - 200
[10:44:21 INF] System.Net.Http.HttpClient.DeepSeek.LogicalHandler End processing HTTP request after 320.9612ms - 200
[10:44:21 INF] System.Net.Http.HttpClient.DeepSeek.LogicalHandler End processing HTTP request after 330.4962ms - 200
[10:44:21 INF] System.Net.Http.HttpClient.DeepSeek.ClientHandler Received HTTP response headers after 380.6891ms - 200
[10:44:21 INF] System.Net.Http.HttpClient.DeepSeek.LogicalHandler End processing HTTP request after 320.5654ms - 200
[10:44:21 INF] System.Net.Http.HttpClient.DeepSeek.ClientHandler Received HTTP response headers after 302.3139ms - 200
[10:44:21 INF] System.Net.Http.HttpClient.DeepSeek.LogicalHandler End processing HTTP request after 375.5594ms - 200
[10:44:21 INF] System.Net.Http.HttpClient.DeepSeek.ClientHandler Received HTTP response headers after 302.4013ms - 200
[10:44:21 INF] System.Net.Http.HttpClient.DeepSeek.LogicalHandler End processing HTTP request after 398.4497ms - 200
[10:44:21 INF] System.Net.Http.HttpClient.DeepSeek.ClientHandler Received HTTP response headers after 321.9693ms - 200
[10:44:21 INF] System.Net.Http.HttpClient.DeepSeek.LogicalHandler End processing HTTP request after 324.052ms - 200
[10:44:21 INF] System.Net.Http.HttpClient.DeepSeek.ClientHandler Received HTTP response headers after 307.1485ms - 200
[10:44:21 INF] System.Net.Http.HttpClient.DeepSeek.LogicalHandler End processing HTTP request after 322.8207ms - 200
[10:44:21 INF] System.Net.Http.HttpClient.DeepSeek.LogicalHandler End processing HTTP request after 341.9008ms - 200
[10:44:21 INF] System.Net.Http.HttpClient.DeepSeek.LogicalHandler End processing HTTP request after 327.8429ms - 200
[10:44:21 INF] System.Net.Http.HttpClient.DeepSeek.ClientHandler Received HTTP response headers after 320.6551ms - 200
[10:44:21 INF] System.Net.Http.HttpClient.DeepSeek.LogicalHandler End processing HTTP request after 329.935ms - 200
[10:44:21 INF] System.Net.Http.HttpClient.DeepSeek.ClientHandler Received HTTP response headers after 439.891ms - 200
[10:44:21 INF] System.Net.Http.HttpClient.DeepSeek.ClientHandler Received HTTP response headers after 347.6238ms - 200
[10:44:21 INF] System.Net.Http.HttpClient.DeepSeek.LogicalHandler End processing HTTP request after 449.0978ms - 200
[10:44:21 INF] System.Net.Http.HttpClient.DeepSeek.LogicalHandler End processing HTTP request after 359.9324ms - 200
[10:44:21 INF] System.Net.Http.HttpClient.DeepSeek.ClientHandler Received HTTP response headers after 385.4566ms - 200
[10:44:21 INF] System.Net.Http.HttpClient.DeepSeek.LogicalHandler End processing HTTP request after 395.0175ms - 200
[10:44:21 INF] System.Net.Http.HttpClient.DeepSeek.ClientHandler Received HTTP response headers after 438.9868ms - 200
[10:44:21 INF] System.Net.Http.HttpClient.DeepSeek.LogicalHandler End processing HTTP request after 448.2954ms - 200
[10:44:21 INF] System.Net.Http.HttpClient.DeepSeek.LogicalHandler Start processing HTTP request POST https://api.deepseek.com/chat/completions
[10:44:21 INF] System.Net.Http.HttpClient.DeepSeek.ClientHandler Sending HTTP request POST https://api.deepseek.com/chat/completions
[10:44:22 INF] System.Net.Http.HttpClient.DeepSeek.LogicalHandler Start processing HTTP request POST https://api.deepseek.com/chat/completions
[10:44:22 INF] System.Net.Http.HttpClient.DeepSeek.ClientHandler Sending HTTP request POST https://api.deepseek.com/chat/completions
[10:44:22 INF] System.Net.Http.HttpClient.DeepSeek.LogicalHandler Start processing HTTP request POST https://api.deepseek.com/chat/completions
[10:44:22 INF] System.Net.Http.HttpClient.DeepSeek.ClientHandler Sending HTTP request POST https://api.deepseek.com/chat/completions
[10:44:22 INF] System.Net.Http.HttpClient.DeepSeek.ClientHandler Received HTTP response headers after 304.1936ms - 200
[10:44:22 INF] System.Net.Http.HttpClient.DeepSeek.LogicalHandler End processing HTTP request after 312.0226ms - 200
[10:44:22 INF] System.Net.Http.HttpClient.DeepSeek.LogicalHandler Start processing HTTP request POST https://api.deepseek.com/chat/completions
[10:44:22 INF] System.Net.Http.HttpClient.DeepSeek.ClientHandler Sending HTTP request POST https://api.deepseek.com/chat/completions
[10:44:22 INF] System.Net.Http.HttpClient.DeepSeek.LogicalHandler Start processing HTTP request POST https://api.deepseek.com/chat/completions
[10:44:22 INF] System.Net.Http.HttpClient.DeepSeek.ClientHandler Sending HTTP request POST https://api.deepseek.com/chat/completions
[10:44:22 INF] System.Net.Http.HttpClient.DeepSeek.ClientHandler Received HTTP response headers after 290.3701ms - 200
[10:44:22 INF] System.Net.Http.HttpClient.DeepSeek.LogicalHandler End processing HTTP request after 299.0555ms - 200
[10:44:22 INF] System.Net.Http.HttpClient.DeepSeek.LogicalHandler Start processing HTTP request POST https://api.deepseek.com/chat/completions
[10:44:22 INF] System.Net.Http.HttpClient.DeepSeek.ClientHandler Sending HTTP request POST https://api.deepseek.com/chat/completions
[10:44:22 INF] System.Net.Http.HttpClient.DeepSeek.ClientHandler Received HTTP response headers after 274.1031ms - 200
[10:44:22 INF] System.Net.Http.HttpClient.DeepSeek.LogicalHandler End processing HTTP request after 282.1135ms - 200
[10:44:22 INF] System.Net.Http.HttpClient.DeepSeek.ClientHandler Received HTTP response headers after 318.5101ms - 200
[10:44:22 INF] System.Net.Http.HttpClient.DeepSeek.LogicalHandler End processing HTTP request after 326.1185ms - 200
[10:44:22 INF] System.Net.Http.HttpClient.DeepSeek.LogicalHandler Start processing HTTP request POST https://api.deepseek.com/chat/completions
[10:44:22 INF] System.Net.Http.HttpClient.DeepSeek.ClientHandler Sending HTTP request POST https://api.deepseek.com/chat/completions
[10:44:22 INF] System.Net.Http.HttpClient.DeepSeek.LogicalHandler Start processing HTTP request POST https://api.deepseek.com/chat/completions
[10:44:22 INF] System.Net.Http.HttpClient.DeepSeek.ClientHandler Sending HTTP request POST https://api.deepseek.com/chat/completions
[10:44:22 INF] System.Net.Http.HttpClient.DeepSeek.ClientHandler Received HTTP response headers after 390.9519ms - 200
[10:44:22 INF] System.Net.Http.HttpClient.DeepSeek.LogicalHandler End processing HTTP request after 398.9159ms - 200
[10:44:22 INF] System.Net.Http.HttpClient.DeepSeek.ClientHandler Received HTTP response headers after 289.9944ms - 200
[10:44:22 INF] System.Net.Http.HttpClient.DeepSeek.LogicalHandler End processing HTTP request after 297.4457ms - 200
[10:44:22 INF] System.Net.Http.HttpClient.DeepSeek.ClientHandler Received HTTP response headers after 347.9849ms - 200
[10:44:22 INF] System.Net.Http.HttpClient.DeepSeek.LogicalHandler End processing HTTP request after 357.1837ms - 200
[10:44:22 INF] System.Net.Http.HttpClient.DeepSeek.ClientHandler Received HTTP response headers after 294.6175ms - 200
[10:44:22 INF] System.Net.Http.HttpClient.DeepSeek.LogicalHandler End processing HTTP request after 302.5771ms - 200
[10:44:22 INF] System.Net.Http.HttpClient.DeepSeek.LogicalHandler Start processing HTTP request POST https://api.deepseek.com/chat/completions
[10:44:22 INF] System.Net.Http.HttpClient.DeepSeek.ClientHandler Sending HTTP request POST https://api.deepseek.com/chat/completions
[10:44:22 INF] System.Net.Http.HttpClient.DeepSeek.LogicalHandler Start processing HTTP request POST https://api.deepseek.com/chat/completions
[10:44:22 INF] System.Net.Http.HttpClient.DeepSeek.ClientHandler Sending HTTP request POST https://api.deepseek.com/chat/completions
[10:44:23 INF] System.Net.Http.HttpClient.DeepSeek.LogicalHandler Start processing HTTP request POST https://api.deepseek.com/chat/completions
[10:44:23 INF] System.Net.Http.HttpClient.DeepSeek.ClientHandler Sending HTTP request POST https://api.deepseek.com/chat/completions
[10:44:23 INF] System.Net.Http.HttpClient.DeepSeek.LogicalHandler Start processing HTTP request POST https://api.deepseek.com/chat/completions
[10:44:23 INF] System.Net.Http.HttpClient.DeepSeek.ClientHandler Sending HTTP request POST https://api.deepseek.com/chat/completions
[10:44:23 INF] System.Net.Http.HttpClient.DeepSeek.LogicalHandler Start processing HTTP request POST https://api.deepseek.com/chat/completions
[10:44:23 INF] System.Net.Http.HttpClient.DeepSeek.ClientHandler Sending HTTP request POST https://api.deepseek.com/chat/completions
[10:44:23 INF] System.Net.Http.HttpClient.DeepSeek.ClientHandler Received HTTP response headers after 291.7071ms - 200
[10:44:23 INF] System.Net.Http.HttpClient.DeepSeek.LogicalHandler End processing HTTP request after 299.775ms - 200
[10:44:23 INF] System.Net.Http.HttpClient.DeepSeek.ClientHandler Received HTTP response headers after 313.1517ms - 200
[10:44:23 INF] System.Net.Http.HttpClient.DeepSeek.LogicalHandler End processing HTTP request after 321.2728ms - 200
[10:44:23 INF] System.Net.Http.HttpClient.DeepSeek.LogicalHandler Start processing HTTP request POST https://api.deepseek.com/chat/completions
[10:44:23 INF] System.Net.Http.HttpClient.DeepSeek.ClientHandler Sending HTTP request POST https://api.deepseek.com/chat/completions
[10:44:23 INF] System.Net.Http.HttpClient.DeepSeek.ClientHandler Received HTTP response headers after 282.1284ms - 200
[10:44:23 INF] System.Net.Http.HttpClient.DeepSeek.LogicalHandler End processing HTTP request after 290.5024ms - 200
[10:44:23 INF] System.Net.Http.HttpClient.DeepSeek.ClientHandler Received HTTP response headers after 291.263ms - 200
[10:44:23 INF] System.Net.Http.HttpClient.DeepSeek.LogicalHandler End processing HTTP request after 299.1741ms - 200
[10:44:23 INF] System.Net.Http.HttpClient.DeepSeek.ClientHandler Received HTTP response headers after 303.9938ms - 200
[10:44:23 INF] System.Net.Http.HttpClient.DeepSeek.LogicalHandler End processing HTTP request after 312.987ms - 200
[10:44:23 INF] System.Net.Http.HttpClient.DeepSeek.LogicalHandler Start processing HTTP request POST https://api.deepseek.com/chat/completions
[10:44:23 INF] System.Net.Http.HttpClient.DeepSeek.ClientHandler Sending HTTP request POST https://api.deepseek.com/chat/completions
[10:44:23 INF] System.Net.Http.HttpClient.DeepSeek.ClientHandler Received HTTP response headers after 364.7018ms - 200
[10:44:23 INF] System.Net.Http.HttpClient.DeepSeek.LogicalHandler End processing HTTP request after 372.4849ms - 200
[10:44:23 INF] System.Net.Http.HttpClient.DeepSeek.LogicalHandler Start processing HTTP request POST https://api.deepseek.com/chat/completions
[10:44:23 INF] System.Net.Http.HttpClient.DeepSeek.ClientHandler Sending HTTP request POST https://api.deepseek.com/chat/completions
[10:44:23 INF] System.Net.Http.HttpClient.DeepSeek.ClientHandler Received HTTP response headers after 279.2566ms - 200
[10:44:23 INF] System.Net.Http.HttpClient.DeepSeek.LogicalHandler End processing HTTP request after 286.9928ms - 200
[10:44:23 INF] System.Net.Http.HttpClient.DeepSeek.LogicalHandler Start processing HTTP request POST https://api.deepseek.com/chat/completions
[10:44:23 INF] System.Net.Http.HttpClient.DeepSeek.ClientHandler Sending HTTP request POST https://api.deepseek.com/chat/completions
[10:44:24 INF] System.Net.Http.HttpClient.DeepSeek.LogicalHandler Start processing HTTP request POST https://api.deepseek.com/chat/completions
[10:44:24 INF] System.Net.Http.HttpClient.DeepSeek.ClientHandler Sending HTTP request POST https://api.deepseek.com/chat/completions
[10:44:24 INF] System.Net.Http.HttpClient.DeepSeek.ClientHandler Received HTTP response headers after 320.9145ms - 200
[10:44:24 INF] System.Net.Http.HttpClient.DeepSeek.LogicalHandler End processing HTTP request after 328.6442ms - 200
[10:44:24 INF] System.Net.Http.HttpClient.DeepSeek.LogicalHandler Start processing HTTP request POST https://api.deepseek.com/chat/completions
[10:44:24 INF] System.Net.Http.HttpClient.DeepSeek.ClientHandler Sending HTTP request POST https://api.deepseek.com/chat/completions
[10:44:24 INF] System.Net.Http.HttpClient.DeepSeek.ClientHandler Received HTTP response headers after 298.0923ms - 200
[10:44:24 INF] System.Net.Http.HttpClient.DeepSeek.LogicalHandler End processing HTTP request after 306.127ms - 200
[10:44:24 INF] System.Net.Http.HttpClient.DeepSeek.ClientHandler Received HTTP response headers after 281.8497ms - 200
[10:44:24 INF] System.Net.Http.HttpClient.DeepSeek.LogicalHandler End processing HTTP request after 289.2388ms - 200
[10:44:24 INF] System.Net.Http.HttpClient.DeepSeek.LogicalHandler Start processing HTTP request POST https://api.deepseek.com/chat/completions
[10:44:24 INF] System.Net.Http.HttpClient.DeepSeek.ClientHandler Sending HTTP request POST https://api.deepseek.com/chat/completions
[10:44:24 INF] System.Net.Http.HttpClient.DeepSeek.LogicalHandler Start processing HTTP request POST https://api.deepseek.com/chat/completions
[10:44:24 INF] System.Net.Http.HttpClient.DeepSeek.ClientHandler Sending HTTP request POST https://api.deepseek.com/chat/completions
[10:44:24 INF] System.Net.Http.HttpClient.DeepSeek.LogicalHandler Start processing HTTP request POST https://api.deepseek.com/chat/completions
[10:44:24 INF] System.Net.Http.HttpClient.DeepSeek.ClientHandler Sending HTTP request POST https://api.deepseek.com/chat/completions
[10:44:24 INF] System.Net.Http.HttpClient.DeepSeek.ClientHandler Received HTTP response headers after 289.0503ms - 200
[10:44:24 INF] System.Net.Http.HttpClient.DeepSeek.LogicalHandler End processing HTTP request after 296.5993ms - 200
[10:44:24 INF] System.Net.Http.HttpClient.DeepSeek.ClientHandler Received HTTP response headers after 282.6551ms - 200
[10:44:24 INF] System.Net.Http.HttpClient.DeepSeek.LogicalHandler End processing HTTP request after 290.4626ms - 200
[10:44:24 INF] System.Net.Http.HttpClient.DeepSeek.ClientHandler Received HTTP response headers after 287.3414ms - 200
[10:44:24 INF] System.Net.Http.HttpClient.DeepSeek.LogicalHandler End processing HTTP request after 294.5866ms - 200
[10:44:24 INF] System.Net.Http.HttpClient.DeepSeek.ClientHandler Received HTTP response headers after 290.299ms - 200
[10:44:24 INF] System.Net.Http.HttpClient.DeepSeek.LogicalHandler End processing HTTP request after 298.286ms - 200
[10:44:24 INF] System.Net.Http.HttpClient.DeepSeek.LogicalHandler Start processing HTTP request POST https://api.deepseek.com/chat/completions
[10:44:24 INF] System.Net.Http.HttpClient.DeepSeek.ClientHandler Sending HTTP request POST https://api.deepseek.com/chat/completions
[10:44:25 INF] System.Net.Http.HttpClient.DeepSeek.ClientHandler Received HTTP response headers after 290.9721ms - 200
[10:44:25 INF] System.Net.Http.HttpClient.DeepSeek.LogicalHandler End processing HTTP request after 298.5471ms - 200
[10:44:25 INF] System.Net.Http.HttpClient.DeepSeek.LogicalHandler Start processing HTTP request POST https://api.deepseek.com/chat/completions
[10:44:25 INF] System.Net.Http.HttpClient.DeepSeek.ClientHandler Sending HTTP request POST https://api.deepseek.com/chat/completions
[10:44:25 INF] System.Net.Http.HttpClient.DeepSeek.ClientHandler Received HTTP response headers after 283.6366ms - 200
[10:44:25 INF] System.Net.Http.HttpClient.DeepSeek.LogicalHandler End processing HTTP request after 291.2048ms - 200
[10:44:25 INF] System.Net.Http.HttpClient.DeepSeek.LogicalHandler Start processing HTTP request POST https://api.deepseek.com/chat/completions
[10:44:25 INF] System.Net.Http.HttpClient.DeepSeek.ClientHandler Sending HTTP request POST https://api.deepseek.com/chat/completions
[10:44:25 INF] System.Net.Http.HttpClient.DeepSeek.LogicalHandler Start processing HTTP request POST https://api.deepseek.com/chat/completions
[10:44:25 INF] System.Net.Http.HttpClient.DeepSeek.ClientHandler Sending HTTP request POST https://api.deepseek.com/chat/completions
[10:44:25 INF] System.Net.Http.HttpClient.DeepSeek.ClientHandler Received HTTP response headers after 272.9967ms - 200
[10:44:25 INF] System.Net.Http.HttpClient.DeepSeek.LogicalHandler Start processing HTTP request POST https://api.deepseek.com/chat/completions
[10:44:25 INF] System.Net.Http.HttpClient.DeepSeek.LogicalHandler End processing HTTP request after 280.7057ms - 200
[10:44:25 INF] System.Net.Http.HttpClient.DeepSeek.ClientHandler Sending HTTP request POST https://api.deepseek.com/chat/completions
[10:44:25 INF] System.Net.Http.HttpClient.DeepSeek.LogicalHandler Start processing HTTP request POST https://api.deepseek.com/chat/completions
[10:44:25 INF] System.Net.Http.HttpClient.DeepSeek.ClientHandler Sending HTTP request POST https://api.deepseek.com/chat/completions
[10:44:25 INF] System.Net.Http.HttpClient.DeepSeek.LogicalHandler Start processing HTTP request POST https://api.deepseek.com/chat/completions
[10:44:25 INF] System.Net.Http.HttpClient.DeepSeek.ClientHandler Sending HTTP request POST https://api.deepseek.com/chat/completions
[10:44:26 INF] System.Net.Http.HttpClient.DeepSeek.ClientHandler Received HTTP response headers after 303.4112ms - 200
[10:44:26 INF] System.Net.Http.HttpClient.DeepSeek.LogicalHandler End processing HTTP request after 311.4868ms - 200
[10:44:26 INF] System.Net.Http.HttpClient.DeepSeek.LogicalHandler Start processing HTTP request POST https://api.deepseek.com/chat/completions
[10:44:26 INF] System.Net.Http.HttpClient.DeepSeek.ClientHandler Sending HTTP request POST https://api.deepseek.com/chat/completions
[10:44:26 INF] System.Net.Http.HttpClient.DeepSeek.ClientHandler Received HTTP response headers after 289.8756ms - 200
[10:44:26 INF] System.Net.Http.HttpClient.DeepSeek.LogicalHandler End processing HTTP request after 301.8308ms - 200
[10:44:26 INF] System.Net.Http.HttpClient.DeepSeek.LogicalHandler Start processing HTTP request POST https://api.deepseek.com/chat/completions
[10:44:26 INF] System.Net.Http.HttpClient.DeepSeek.ClientHandler Sending HTTP request POST https://api.deepseek.com/chat/completions
[10:44:26 INF] System.Net.Http.HttpClient.DeepSeek.ClientHandler Received HTTP response headers after 280.4637ms - 200
[10:44:26 INF] System.Net.Http.HttpClient.DeepSeek.LogicalHandler End processing HTTP request after 287.9471ms - 200
[10:44:26 INF] System.Net.Http.HttpClient.DeepSeek.ClientHandler Received HTTP response headers after 283.0404ms - 200
[10:44:26 INF] System.Net.Http.HttpClient.DeepSeek.LogicalHandler End processing HTTP request after 290.5323ms - 200
[10:44:26 INF] System.Net.Http.HttpClient.DeepSeek.LogicalHandler Start processing HTTP request POST https://api.deepseek.com/chat/completions
[10:44:26 INF] System.Net.Http.HttpClient.DeepSeek.ClientHandler Sending HTTP request POST https://api.deepseek.com/chat/completions
[10:44:26 INF] System.Net.Http.HttpClient.DeepSeek.ClientHandler Received HTTP response headers after 289.7949ms - 200
[10:44:26 INF] System.Net.Http.HttpClient.DeepSeek.LogicalHandler End processing HTTP request after 297.7446ms - 200
[10:44:26 INF] System.Net.Http.HttpClient.DeepSeek.LogicalHandler Start processing HTTP request POST https://api.deepseek.com/chat/completions
[10:44:26 INF] System.Net.Http.HttpClient.DeepSeek.ClientHandler Sending HTTP request POST https://api.deepseek.com/chat/completions
[10:44:26 INF] System.Net.Http.HttpClient.DeepSeek.LogicalHandler Start processing HTTP request POST https://api.deepseek.com/chat/completions
[10:44:26 INF] System.Net.Http.HttpClient.DeepSeek.ClientHandler Sending HTTP request POST https://api.deepseek.com/chat/completions
[10:44:26 INF] System.Net.Http.HttpClient.DeepSeek.ClientHandler Received HTTP response headers after 343.6873ms - 200
[10:44:26 INF] System.Net.Http.HttpClient.DeepSeek.LogicalHandler End processing HTTP request after 351.3987ms - 200
[10:44:26 INF] System.Net.Http.HttpClient.DeepSeek.ClientHandler Received HTTP response headers after 350.5525ms - 200
[10:44:26 INF] System.Net.Http.HttpClient.DeepSeek.LogicalHandler End processing HTTP request after 358.6839ms - 200
[10:44:26 INF] System.Net.Http.HttpClient.DeepSeek.LogicalHandler Start processing HTTP request POST https://api.deepseek.com/chat/completions
[10:44:26 INF] System.Net.Http.HttpClient.DeepSeek.ClientHandler Sending HTTP request POST https://api.deepseek.com/chat/completions
[10:44:26 INF] System.Net.Http.HttpClient.DeepSeek.LogicalHandler Start processing HTTP request POST https://api.deepseek.com/chat/completions
[10:44:26 INF] System.Net.Http.HttpClient.DeepSeek.ClientHandler Sending HTTP request POST https://api.deepseek.com/chat/completions
[10:44:26 INF] System.Net.Http.HttpClient.DeepSeek.ClientHandler Received HTTP response headers after 290.2827ms - 200
[10:44:26 INF] System.Net.Http.HttpClient.DeepSeek.LogicalHandler End processing HTTP request after 297.9243ms - 200
[10:44:26 INF] System.Net.Http.HttpClient.DeepSeek.ClientHandler Received HTTP response headers after 285.7798ms - 200
[10:44:26 INF] System.Net.Http.HttpClient.DeepSeek.LogicalHandler End processing HTTP request after 293.8664ms - 200
[10:44:26 INF] System.Net.Http.HttpClient.DeepSeek.LogicalHandler Start processing HTTP request POST https://api.deepseek.com/chat/completions
[10:44:26 INF] System.Net.Http.HttpClient.DeepSeek.ClientHandler Sending HTTP request POST https://api.deepseek.com/chat/completions
[10:44:26 INF] System.Net.Http.HttpClient.DeepSeek.LogicalHandler Start processing HTTP request POST https://api.deepseek.com/chat/completions
[10:44:26 INF] System.Net.Http.HttpClient.DeepSeek.ClientHandler Sending HTTP request POST https://api.deepseek.com/chat/completions
[10:44:26 INF] System.Net.Http.HttpClient.DeepSeek.ClientHandler Received HTTP response headers after 302.467ms - 200
[10:44:26 INF] System.Net.Http.HttpClient.DeepSeek.LogicalHandler End processing HTTP request after 311.155ms - 200
[10:44:26 INF] System.Net.Http.HttpClient.DeepSeek.ClientHandler Received HTTP response headers after 309.5306ms - 200
[10:44:26 INF] System.Net.Http.HttpClient.DeepSeek.LogicalHandler End processing HTTP request after 316.6725ms - 200
[10:44:27 INF] System.Net.Http.HttpClient.DeepSeek.LogicalHandler Start processing HTTP request POST https://api.deepseek.com/chat/completions
[10:44:27 INF] System.Net.Http.HttpClient.DeepSeek.ClientHandler Sending HTTP request POST https://api.deepseek.com/chat/completions
[10:44:27 INF] System.Net.Http.HttpClient.DeepSeek.LogicalHandler Start processing HTTP request POST https://api.deepseek.com/chat/completions
[10:44:27 INF] System.Net.Http.HttpClient.DeepSeek.LogicalHandler Start processing HTTP request POST https://api.deepseek.com/chat/completions
[10:44:27 INF] System.Net.Http.HttpClient.DeepSeek.ClientHandler Sending HTTP request POST https://api.deepseek.com/chat/completions
[10:44:27 INF] System.Net.Http.HttpClient.DeepSeek.ClientHandler Sending HTTP request POST https://api.deepseek.com/chat/completions
[10:44:27 INF] System.Net.Http.HttpClient.DeepSeek.ClientHandler Received HTTP response headers after 289.6452ms - 200
[10:44:27 INF] System.Net.Http.HttpClient.DeepSeek.LogicalHandler End processing HTTP request after 297.1068ms - 200
[10:44:27 INF] System.Net.Http.HttpClient.DeepSeek.ClientHandler Received HTTP response headers after 367.5555ms - 200
[10:44:27 INF] System.Net.Http.HttpClient.DeepSeek.LogicalHandler End processing HTTP request after 375.6791ms - 200
[10:44:27 INF] System.Net.Http.HttpClient.DeepSeek.LogicalHandler Start processing HTTP request POST https://api.deepseek.com/chat/completions
[10:44:27 INF] System.Net.Http.HttpClient.DeepSeek.ClientHandler Sending HTTP request POST https://api.deepseek.com/chat/completions
[10:44:27 INF] System.Net.Http.HttpClient.DeepSeek.ClientHandler Received HTTP response headers after 343.4099ms - 200
[10:44:27 INF] System.Net.Http.HttpClient.DeepSeek.LogicalHandler End processing HTTP request after 350.9098ms - 200
[10:44:27 INF] System.Net.Http.HttpClient.DeepSeek.ClientHandler Received HTTP response headers after 296.5924ms - 200
[10:44:27 INF] System.Net.Http.HttpClient.DeepSeek.LogicalHandler End processing HTTP request after 308.4466ms - 200
[10:44:27 INF] System.Net.Http.HttpClient.DeepSeek.ClientHandler Received HTTP response headers after 337.098ms - 200
[10:44:27 INF] System.Net.Http.HttpClient.DeepSeek.LogicalHandler End processing HTTP request after 346.7843ms - 200
[10:44:27 INF] System.Net.Http.HttpClient.DeepSeek.LogicalHandler Start processing HTTP request POST https://api.deepseek.com/chat/completions
[10:44:27 INF] System.Net.Http.HttpClient.DeepSeek.ClientHandler Sending HTTP request POST https://api.deepseek.com/chat/completions
[10:44:27 INF] System.Net.Http.HttpClient.DeepSeek.ClientHandler Received HTTP response headers after 300.7524ms - 200
[10:44:27 INF] System.Net.Http.HttpClient.DeepSeek.LogicalHandler End processing HTTP request after 308.6908ms - 200
[10:44:27 INF] System.Net.Http.HttpClient.DeepSeek.LogicalHandler Start processing HTTP request POST https://api.deepseek.com/chat/completions
[10:44:27 INF] System.Net.Http.HttpClient.DeepSeek.ClientHandler Sending HTTP request POST https://api.deepseek.com/chat/completions
[10:44:28 INF] System.Net.Http.HttpClient.DeepSeek.ClientHandler Received HTTP response headers after 307.6859ms - 200
[10:44:28 INF] System.Net.Http.HttpClient.DeepSeek.LogicalHandler End processing HTTP request after 315.9999ms - 200
[10:44:28 INF] System.Net.Http.HttpClient.DeepSeek.ClientHandler Received HTTP response headers after 306.7756ms - 200
[10:44:28 INF] System.Net.Http.HttpClient.DeepSeek.LogicalHandler End processing HTTP request after 314.8025ms - 200
[10:44:28 INF] System.Net.Http.HttpClient.DeepSeek.LogicalHandler Start processing HTTP request POST https://api.deepseek.com/chat/completions
[10:44:28 INF] System.Net.Http.HttpClient.DeepSeek.ClientHandler Sending HTTP request POST https://api.deepseek.com/chat/completions
[10:44:28 INF] System.Net.Http.HttpClient.DeepSeek.LogicalHandler Start processing HTTP request POST https://api.deepseek.com/chat/completions
[10:44:28 INF] System.Net.Http.HttpClient.DeepSeek.ClientHandler Sending HTTP request POST https://api.deepseek.com/chat/completions
[10:44:28 INF] System.Net.Http.HttpClient.DeepSeek.LogicalHandler Start processing HTTP request POST https://api.deepseek.com/chat/completions
[10:44:28 INF] System.Net.Http.HttpClient.DeepSeek.ClientHandler Sending HTTP request POST https://api.deepseek.com/chat/completions
[10:44:28 INF] System.Net.Http.HttpClient.DeepSeek.LogicalHandler Start processing HTTP request POST https://api.deepseek.com/chat/completions
[10:44:28 INF] System.Net.Http.HttpClient.DeepSeek.ClientHandler Sending HTTP request POST https://api.deepseek.com/chat/completions
[10:44:28 INF] System.Net.Http.HttpClient.DeepSeek.ClientHandler Received HTTP response headers after 291.1793ms - 200
[10:44:28 INF] System.Net.Http.HttpClient.DeepSeek.LogicalHandler End processing HTTP request after 298.286ms - 200
[10:44:28 INF] System.Net.Http.HttpClient.DeepSeek.LogicalHandler Start processing HTTP request POST https://api.deepseek.com/chat/completions
[10:44:28 INF] System.Net.Http.HttpClient.DeepSeek.ClientHandler Sending HTTP request POST https://api.deepseek.com/chat/completions
[10:44:28 INF] System.Net.Http.HttpClient.DeepSeek.ClientHandler Received HTTP response headers after 273.53ms - 200
[10:44:28 INF] System.Net.Http.HttpClient.DeepSeek.LogicalHandler End processing HTTP request after 281.4395ms - 200
[10:44:28 INF] System.Net.Http.HttpClient.DeepSeek.LogicalHandler Start processing HTTP request POST https://api.deepseek.com/chat/completions
[10:44:28 INF] System.Net.Http.HttpClient.DeepSeek.ClientHandler Sending HTTP request POST https://api.deepseek.com/chat/completions
[10:44:28 INF] System.Net.Http.HttpClient.DeepSeek.ClientHandler Received HTTP response headers after 286.0271ms - 200
[10:44:28 INF] System.Net.Http.HttpClient.DeepSeek.LogicalHandler End processing HTTP request after 293.7722ms - 200
[10:44:28 INF] System.Net.Http.HttpClient.DeepSeek.LogicalHandler Start processing HTTP request POST https://api.deepseek.com/chat/completions
[10:44:28 INF] System.Net.Http.HttpClient.DeepSeek.ClientHandler Sending HTTP request POST https://api.deepseek.com/chat/completions
[10:44:28 INF] System.Net.Http.HttpClient.DeepSeek.ClientHandler Received HTTP response headers after 371.7244ms - 200
[10:44:28 INF] System.Net.Http.HttpClient.DeepSeek.LogicalHandler End processing HTTP request after 379.0508ms - 200
[10:44:28 INF] System.Net.Http.HttpClient.DeepSeek.LogicalHandler Start processing HTTP request POST https://api.deepseek.com/chat/completions
[10:44:28 INF] System.Net.Http.HttpClient.DeepSeek.ClientHandler Sending HTTP request POST https://api.deepseek.com/chat/completions
[10:44:28 INF] System.Net.Http.HttpClient.DeepSeek.ClientHandler Received HTTP response headers after 345.6019ms - 200
[10:44:28 INF] System.Net.Http.HttpClient.DeepSeek.LogicalHandler End processing HTTP request after 353.919ms - 200
[10:44:28 INF] System.Net.Http.HttpClient.DeepSeek.ClientHandler Received HTTP response headers after 288.2097ms - 200
[10:44:28 INF] System.Net.Http.HttpClient.DeepSeek.LogicalHandler End processing HTTP request after 297.2396ms - 200
[10:44:28 INF] System.Net.Http.HttpClient.DeepSeek.ClientHandler Received HTTP response headers after 283.129ms - 200
[10:44:28 INF] System.Net.Http.HttpClient.DeepSeek.LogicalHandler End processing HTTP request after 290.8931ms - 200
[10:44:28 INF] System.Net.Http.HttpClient.DeepSeek.LogicalHandler Start processing HTTP request POST https://api.deepseek.com/chat/completions
[10:44:28 INF] System.Net.Http.HttpClient.DeepSeek.ClientHandler Sending HTTP request POST https://api.deepseek.com/chat/completions
[10:44:28 INF] System.Net.Http.HttpClient.DeepSeek.ClientHandler Received HTTP response headers after 285.4794ms - 200
[10:44:28 INF] System.Net.Http.HttpClient.DeepSeek.LogicalHandler End processing HTTP request after 295.3495ms - 200
[10:44:29 INF] System.Net.Http.HttpClient.DeepSeek.LogicalHandler Start processing HTTP request POST https://api.deepseek.com/chat/completions
[10:44:29 INF] System.Net.Http.HttpClient.DeepSeek.ClientHandler Sending HTTP request POST https://api.deepseek.com/chat/completions
[10:44:29 INF] System.Net.Http.HttpClient.DeepSeek.ClientHandler Received HTTP response headers after 276.3661ms - 200
[10:44:29 INF] System.Net.Http.HttpClient.DeepSeek.LogicalHandler End processing HTTP request after 284.6873ms - 200
[10:44:29 INF] System.Net.Http.HttpClient.DeepSeek.LogicalHandler Start processing HTTP request POST https://api.deepseek.com/chat/completions
[10:44:29 INF] System.Net.Http.HttpClient.DeepSeek.ClientHandler Sending HTTP request POST https://api.deepseek.com/chat/completions
[10:44:29 INF] System.Net.Http.HttpClient.DeepSeek.ClientHandler Received HTTP response headers after 291.3702ms - 200
[10:44:29 INF] System.Net.Http.HttpClient.DeepSeek.LogicalHandler End processing HTTP request after 299.7751ms - 200
[10:44:29 INF] System.Net.Http.HttpClient.DeepSeek.LogicalHandler Start processing HTTP request POST https://api.deepseek.com/chat/completions
[10:44:29 INF] System.Net.Http.HttpClient.DeepSeek.ClientHandler Sending HTTP request POST https://api.deepseek.com/chat/completions
[10:44:29 INF] System.Net.Http.HttpClient.DeepSeek.ClientHandler Received HTTP response headers after 280.3624ms - 200
[10:44:29 INF] System.Net.Http.HttpClient.DeepSeek.LogicalHandler End processing HTTP request after 287.6583ms - 200
[10:44:29 INF] System.Net.Http.HttpClient.DeepSeek.LogicalHandler Start processing HTTP request POST https://api.deepseek.com/chat/completions
[10:44:29 INF] System.Net.Http.HttpClient.DeepSeek.ClientHandler Sending HTTP request POST https://api.deepseek.com/chat/completions
[10:44:29 INF] System.Net.Http.HttpClient.DeepSeek.LogicalHandler Start processing HTTP request POST https://api.deepseek.com/chat/completions
[10:44:29 INF] System.Net.Http.HttpClient.DeepSeek.LogicalHandler Start processing HTTP request POST https://api.deepseek.com/chat/completions
[10:44:29 INF] System.Net.Http.HttpClient.DeepSeek.ClientHandler Sending HTTP request POST https://api.deepseek.com/chat/completions
[10:44:29 INF] System.Net.Http.HttpClient.DeepSeek.ClientHandler Sending HTTP request POST https://api.deepseek.com/chat/completions
[10:44:29 INF] System.Net.Http.HttpClient.DeepSeek.LogicalHandler Start processing HTTP request POST https://api.deepseek.com/chat/completions
[10:44:29 INF] System.Net.Http.HttpClient.DeepSeek.ClientHandler Sending HTTP request POST https://api.deepseek.com/chat/completions
[10:44:29 INF] System.Net.Http.HttpClient.DeepSeek.ClientHandler Received HTTP response headers after 310.472ms - 200
[10:44:29 INF] System.Net.Http.HttpClient.DeepSeek.LogicalHandler End processing HTTP request after 317.8397ms - 200
[10:44:29 INF] System.Net.Http.HttpClient.DeepSeek.LogicalHandler Start processing HTTP request POST https://api.deepseek.com/chat/completions
[10:44:29 INF] System.Net.Http.HttpClient.DeepSeek.ClientHandler Sending HTTP request POST https://api.deepseek.com/chat/completions
[10:44:29 INF] System.Net.Http.HttpClient.DeepSeek.LogicalHandler Start processing HTTP request POST https://api.deepseek.com/chat/completions
[10:44:29 INF] System.Net.Http.HttpClient.DeepSeek.ClientHandler Received HTTP response headers after 283.3816ms - 200
[10:44:29 INF] System.Net.Http.HttpClient.DeepSeek.LogicalHandler Start processing HTTP request POST https://api.deepseek.com/chat/completions
[10:44:29 INF] System.Net.Http.HttpClient.DeepSeek.ClientHandler Sending HTTP request POST https://api.deepseek.com/chat/completions
[10:44:29 INF] System.Net.Http.HttpClient.DeepSeek.LogicalHandler End processing HTTP request after 292.0883ms - 200
[10:44:29 INF] System.Net.Http.HttpClient.DeepSeek.ClientHandler Sending HTTP request POST https://api.deepseek.com/chat/completions
[10:44:29 INF] System.Net.Http.HttpClient.DeepSeek.ClientHandler Received HTTP response headers after 291.1897ms - 200
[10:44:29 INF] System.Net.Http.HttpClient.DeepSeek.LogicalHandler End processing HTTP request after 302.47ms - 200
[10:44:29 INF] System.Net.Http.HttpClient.DeepSeek.LogicalHandler Start processing HTTP request POST https://api.deepseek.com/chat/completions
[10:44:29 INF] System.Net.Http.HttpClient.DeepSeek.ClientHandler Sending HTTP request POST https://api.deepseek.com/chat/completions
[10:44:29 INF] System.Net.Http.HttpClient.DeepSeek.ClientHandler Received HTTP response headers after 291.1517ms - 200
[10:44:30 INF] System.Net.Http.HttpClient.DeepSeek.LogicalHandler End processing HTTP request after 299.0962ms - 200
[10:44:30 INF] System.Net.Http.HttpClient.DeepSeek.ClientHandler Received HTTP response headers after 352.4372ms - 200
[10:44:30 INF] System.Net.Http.HttpClient.DeepSeek.LogicalHandler End processing HTTP request after 363.7262ms - 200
[10:44:30 INF] System.Net.Http.HttpClient.DeepSeek.LogicalHandler Start processing HTTP request POST https://api.deepseek.com/chat/completions
[10:44:30 INF] System.Net.Http.HttpClient.DeepSeek.ClientHandler Sending HTTP request POST https://api.deepseek.com/chat/completions
[10:44:30 INF] System.Net.Http.HttpClient.DeepSeek.LogicalHandler Start processing HTTP request POST https://api.deepseek.com/chat/completions
[10:44:30 INF] System.Net.Http.HttpClient.DeepSeek.ClientHandler Sending HTTP request POST https://api.deepseek.com/chat/completions
[10:44:30 INF] System.Net.Http.HttpClient.DeepSeek.LogicalHandler Start processing HTTP request POST https://api.deepseek.com/chat/completions
[10:44:30 INF] System.Net.Http.HttpClient.DeepSeek.ClientHandler Sending HTTP request POST https://api.deepseek.com/chat/completions
[10:44:30 INF] System.Net.Http.HttpClient.DeepSeek.ClientHandler Received HTTP response headers after 283.0906ms - 200
[10:44:30 INF] System.Net.Http.HttpClient.DeepSeek.LogicalHandler End processing HTTP request after 295.557ms - 200
[10:44:30 INF] System.Net.Http.HttpClient.DeepSeek.ClientHandler Received HTTP response headers after 297.8723ms - 200
[10:44:30 INF] System.Net.Http.HttpClient.DeepSeek.ClientHandler Received HTTP response headers after 406.1103ms - 200
[10:44:30 INF] System.Net.Http.HttpClient.DeepSeek.LogicalHandler End processing HTTP request after 314.0172ms - 200
[10:44:30 INF] System.Net.Http.HttpClient.DeepSeek.LogicalHandler End processing HTTP request after 415.2305ms - 200
[10:44:30 INF] System.Net.Http.HttpClient.DeepSeek.ClientHandler Received HTTP response headers after 358.6548ms - 200
[10:44:30 INF] System.Net.Http.HttpClient.DeepSeek.ClientHandler Received HTTP response headers after 283.2529ms - 200
[10:44:30 INF] System.Net.Http.HttpClient.DeepSeek.LogicalHandler End processing HTTP request after 367.0141ms - 200
[10:44:30 INF] System.Net.Http.HttpClient.DeepSeek.LogicalHandler End processing HTTP request after 291.0112ms - 200
[10:44:30 INF] System.Net.Http.HttpClient.DeepSeek.ClientHandler Received HTTP response headers after 302.3953ms - 200
[10:44:30 INF] System.Net.Http.HttpClient.DeepSeek.LogicalHandler End processing HTTP request after 309.8212ms - 200
[10:44:30 INF] System.Net.Http.HttpClient.DeepSeek.ClientHandler Received HTTP response headers after 284.8569ms - 200
[10:44:30 INF] System.Net.Http.HttpClient.DeepSeek.LogicalHandler End processing HTTP request after 292.2722ms - 200
[10:44:30 INF] System.Net.Http.HttpClient.DeepSeek.LogicalHandler Start processing HTTP request POST https://api.deepseek.com/chat/completions
[10:44:30 INF] System.Net.Http.HttpClient.DeepSeek.ClientHandler Sending HTTP request POST https://api.deepseek.com/chat/completions
[10:44:30 INF] System.Net.Http.HttpClient.DeepSeek.ClientHandler Received HTTP response headers after 289.7359ms - 200
[10:44:30 INF] System.Net.Http.HttpClient.DeepSeek.LogicalHandler End processing HTTP request after 297.6579ms - 200
[10:44:30 INF] System.Net.Http.HttpClient.DeepSeek.LogicalHandler Start processing HTTP request POST https://api.deepseek.com/chat/completions
[10:44:30 INF] System.Net.Http.HttpClient.DeepSeek.ClientHandler Sending HTTP request POST https://api.deepseek.com/chat/completions
[10:44:31 INF] System.Net.Http.HttpClient.DeepSeek.LogicalHandler Start processing HTTP request POST https://api.deepseek.com/chat/completions
[10:44:31 INF] System.Net.Http.HttpClient.DeepSeek.ClientHandler Sending HTTP request POST https://api.deepseek.com/chat/completions
[10:44:31 INF] System.Net.Http.HttpClient.DeepSeek.LogicalHandler Start processing HTTP request POST https://api.deepseek.com/chat/completions
[10:44:31 INF] System.Net.Http.HttpClient.DeepSeek.ClientHandler Sending HTTP request POST https://api.deepseek.com/chat/completions
[10:44:31 INF] System.Net.Http.HttpClient.DeepSeek.LogicalHandler Start processing HTTP request POST https://api.deepseek.com/chat/completions
[10:44:31 INF] System.Net.Http.HttpClient.DeepSeek.ClientHandler Sending HTTP request POST https://api.deepseek.com/chat/completions
[10:44:31 INF] System.Net.Http.HttpClient.DeepSeek.LogicalHandler Start processing HTTP request POST https://api.deepseek.com/chat/completions
[10:44:31 INF] System.Net.Http.HttpClient.DeepSeek.ClientHandler Sending HTTP request POST https://api.deepseek.com/chat/completions
[10:44:31 INF] System.Net.Http.HttpClient.DeepSeek.ClientHandler Received HTTP response headers after 335.5333ms - 200
[10:44:31 INF] System.Net.Http.HttpClient.DeepSeek.LogicalHandler End processing HTTP request after 342.3738ms - 200
[10:44:31 INF] System.Net.Http.HttpClient.DeepSeek.LogicalHandler Start processing HTTP request POST https://api.deepseek.com/chat/completions
[10:44:31 INF] System.Net.Http.HttpClient.DeepSeek.ClientHandler Sending HTTP request POST https://api.deepseek.com/chat/completions
[10:44:31 INF] System.Net.Http.HttpClient.DeepSeek.ClientHandler Received HTTP response headers after 275.3716ms - 200
[10:44:31 INF] System.Net.Http.HttpClient.DeepSeek.LogicalHandler End processing HTTP request after 283.8461ms - 200
[10:44:31 INF] System.Net.Http.HttpClient.DeepSeek.LogicalHandler Start processing HTTP request POST https://api.deepseek.com/chat/completions
[10:44:31 INF] System.Net.Http.HttpClient.DeepSeek.ClientHandler Sending HTTP request POST https://api.deepseek.com/chat/completions
[10:44:31 INF] System.Net.Http.HttpClient.DeepSeek.LogicalHandler Start processing HTTP request POST https://api.deepseek.com/chat/completions
[10:44:31 INF] System.Net.Http.HttpClient.DeepSeek.ClientHandler Sending HTTP request POST https://api.deepseek.com/chat/completions
[10:44:31 INF] System.Net.Http.HttpClient.DeepSeek.ClientHandler Received HTTP response headers after 301.1716ms - 200
[10:44:31 INF] System.Net.Http.HttpClient.DeepSeek.LogicalHandler End processing HTTP request after 308.6378ms - 200
[10:44:31 INF] System.Net.Http.HttpClient.DeepSeek.LogicalHandler Start processing HTTP request POST https://api.deepseek.com/chat/completions
[10:44:31 INF] System.Net.Http.HttpClient.DeepSeek.ClientHandler Sending HTTP request POST https://api.deepseek.com/chat/completions
[10:44:31 INF] System.Net.Http.HttpClient.DeepSeek.ClientHandler Received HTTP response headers after 302.1049ms - 200
[10:44:31 INF] System.Net.Http.HttpClient.DeepSeek.LogicalHandler End processing HTTP request after 309.4007ms - 200
[10:44:31 INF] System.Net.Http.HttpClient.DeepSeek.LogicalHandler Start processing HTTP request POST https://api.deepseek.com/chat/completions
[10:44:31 INF] System.Net.Http.HttpClient.DeepSeek.ClientHandler Sending HTTP request POST https://api.deepseek.com/chat/completions
[10:44:31 INF] System.Net.Http.HttpClient.DeepSeek.ClientHandler Received HTTP response headers after 306.0364ms - 200
[10:44:31 INF] System.Net.Http.HttpClient.DeepSeek.LogicalHandler End processing HTTP request after 314.3002ms - 200
[10:44:31 INF] System.Net.Http.HttpClient.DeepSeek.LogicalHandler Start processing HTTP request POST https://api.deepseek.com/chat/completions
[10:44:31 INF] System.Net.Http.HttpClient.DeepSeek.ClientHandler Sending HTTP request POST https://api.deepseek.com/chat/completions
[10:44:31 INF] System.Net.Http.HttpClient.DeepSeek.LogicalHandler Start processing HTTP request POST https://api.deepseek.com/chat/completions
[10:44:31 INF] System.Net.Http.HttpClient.DeepSeek.ClientHandler Sending HTTP request POST https://api.deepseek.com/chat/completions
[10:44:31 INF] System.Net.Http.HttpClient.DeepSeek.ClientHandler Received HTTP response headers after 312.599ms - 200
[10:44:31 INF] System.Net.Http.HttpClient.DeepSeek.LogicalHandler End processing HTTP request after 320.5984ms - 200
[10:44:31 INF] System.Net.Http.HttpClient.DeepSeek.ClientHandler Received HTTP response headers after 343.3974ms - 200
[10:44:31 INF] System.Net.Http.HttpClient.DeepSeek.LogicalHandler End processing HTTP request after 351.8397ms - 200
[10:44:31 INF] System.Net.Http.HttpClient.DeepSeek.ClientHandler Received HTTP response headers after 288.5078ms - 200
[10:44:31 INF] System.Net.Http.HttpClient.DeepSeek.LogicalHandler End processing HTTP request after 296.6933ms - 200
[10:44:31 INF] System.Net.Http.HttpClient.DeepSeek.ClientHandler Received HTTP response headers after 284.4509ms - 200
[10:44:31 INF] System.Net.Http.HttpClient.DeepSeek.LogicalHandler End processing HTTP request after 292.1825ms - 200
[10:44:31 INF] System.Net.Http.HttpClient.DeepSeek.LogicalHandler Start processing HTTP request POST https://api.deepseek.com/chat/completions
[10:44:31 INF] System.Net.Http.HttpClient.DeepSeek.ClientHandler Sending HTTP request POST https://api.deepseek.com/chat/completions
[10:44:31 INF] System.Net.Http.HttpClient.DeepSeek.ClientHandler Received HTTP response headers after 291.1083ms - 200
[10:44:31 INF] System.Net.Http.HttpClient.DeepSeek.ClientHandler Received HTTP response headers after 335.7501ms - 200
[10:44:31 INF] System.Net.Http.HttpClient.DeepSeek.LogicalHandler End processing HTTP request after 298.8771ms - 200
[10:44:31 INF] System.Net.Http.HttpClient.DeepSeek.LogicalHandler End processing HTTP request after 345.054ms - 200
[10:44:31 INF] System.Net.Http.HttpClient.DeepSeek.ClientHandler Received HTTP response headers after 436.5323ms - 200
[10:44:31 INF] System.Net.Http.HttpClient.DeepSeek.LogicalHandler End processing HTTP request after 444.5301ms - 200
[10:44:31 INF] System.Net.Http.HttpClient.DeepSeek.LogicalHandler Start processing HTTP request POST https://api.deepseek.com/chat/completions
[10:44:31 INF] System.Net.Http.HttpClient.DeepSeek.ClientHandler Sending HTTP request POST https://api.deepseek.com/chat/completions
[10:44:31 INF] System.Net.Http.HttpClient.DeepSeek.LogicalHandler Start processing HTTP request POST https://api.deepseek.com/chat/completions
[10:44:31 INF] System.Net.Http.HttpClient.DeepSeek.ClientHandler Sending HTTP request POST https://api.deepseek.com/chat/completions
[10:44:32 INF] System.Net.Http.HttpClient.DeepSeek.ClientHandler Received HTTP response headers after 286.9292ms - 200
[10:44:32 INF] System.Net.Http.HttpClient.DeepSeek.LogicalHandler End processing HTTP request after 294.6317ms - 200
[10:44:32 INF] System.Net.Http.HttpClient.DeepSeek.ClientHandler Received HTTP response headers after 289.7275ms - 200
[10:44:32 INF] System.Net.Http.HttpClient.DeepSeek.LogicalHandler End processing HTTP request after 297.9275ms - 200
[10:44:32 INF] System.Net.Http.HttpClient.DeepSeek.ClientHandler Received HTTP response headers after 302.2592ms - 200
[10:44:32 INF] System.Net.Http.HttpClient.DeepSeek.LogicalHandler End processing HTTP request after 310.1252ms - 200
[10:44:32 INF] System.Net.Http.HttpClient.DeepSeek.LogicalHandler Start processing HTTP request POST https://api.deepseek.com/chat/completions
[10:44:32 INF] System.Net.Http.HttpClient.DeepSeek.ClientHandler Sending HTTP request POST https://api.deepseek.com/chat/completions
[10:44:32 INF] System.Net.Http.HttpClient.DeepSeek.LogicalHandler Start processing HTTP request POST https://api.deepseek.com/chat/completions
[10:44:32 INF] System.Net.Http.HttpClient.DeepSeek.ClientHandler Sending HTTP request POST https://api.deepseek.com/chat/completions
[10:44:32 INF] System.Net.Http.HttpClient.DeepSeek.LogicalHandler Start processing HTTP request POST https://api.deepseek.com/chat/completions
[10:44:32 INF] System.Net.Http.HttpClient.DeepSeek.ClientHandler Sending HTTP request POST https://api.deepseek.com/chat/completions
[10:44:32 INF] System.Net.Http.HttpClient.DeepSeek.LogicalHandler Start processing HTTP request POST https://api.deepseek.com/chat/completions
[10:44:32 INF] System.Net.Http.HttpClient.DeepSeek.ClientHandler Sending HTTP request POST https://api.deepseek.com/chat/completions
[10:44:32 INF] System.Net.Http.HttpClient.DeepSeek.ClientHandler Received HTTP response headers after 288.1583ms - 200
[10:44:32 INF] System.Net.Http.HttpClient.DeepSeek.LogicalHandler End processing HTTP request after 295.4983ms - 200
[10:44:32 INF] System.Net.Http.HttpClient.DeepSeek.ClientHandler Received HTTP response headers after 364.4329ms - 200
[10:44:32 INF] System.Net.Http.HttpClient.DeepSeek.LogicalHandler End processing HTTP request after 371.9595ms - 200
[10:44:32 INF] System.Net.Http.HttpClient.DeepSeek.ClientHandler Received HTTP response headers after 275.0757ms - 200
[10:44:32 INF] System.Net.Http.HttpClient.DeepSeek.LogicalHandler End processing HTTP request after 281.8519ms - 200
[10:44:32 INF] System.Net.Http.HttpClient.DeepSeek.ClientHandler Received HTTP response headers after 305.2766ms - 200
[10:44:32 INF] System.Net.Http.HttpClient.DeepSeek.LogicalHandler End processing HTTP request after 313.1259ms - 200
[10:44:32 INF] System.Net.Http.HttpClient.DeepSeek.LogicalHandler Start processing HTTP request POST https://api.deepseek.com/chat/completions
[10:44:32 INF] System.Net.Http.HttpClient.DeepSeek.ClientHandler Sending HTTP request POST https://api.deepseek.com/chat/completions
[10:44:32 INF] System.Net.Http.HttpClient.DeepSeek.LogicalHandler Start processing HTTP request POST https://api.deepseek.com/chat/completions
[10:44:32 INF] System.Net.Http.HttpClient.DeepSeek.LogicalHandler Start processing HTTP request POST https://api.deepseek.com/chat/completions
[10:44:32 INF] System.Net.Http.HttpClient.DeepSeek.ClientHandler Sending HTTP request POST https://api.deepseek.com/chat/completions
[10:44:32 INF] System.Net.Http.HttpClient.DeepSeek.ClientHandler Sending HTTP request POST https://api.deepseek.com/chat/completions
[10:44:33 INF] System.Net.Http.HttpClient.DeepSeek.LogicalHandler Start processing HTTP request POST https://api.deepseek.com/chat/completions
[10:44:33 INF] System.Net.Http.HttpClient.DeepSeek.ClientHandler Sending HTTP request POST https://api.deepseek.com/chat/completions
[10:44:33 INF] System.Net.Http.HttpClient.DeepSeek.LogicalHandler Start processing HTTP request POST https://api.deepseek.com/chat/completions
[10:44:33 INF] System.Net.Http.HttpClient.DeepSeek.ClientHandler Sending HTTP request POST https://api.deepseek.com/chat/completions
[10:44:33 INF] System.Net.Http.HttpClient.DeepSeek.ClientHandler Received HTTP response headers after 278.7152ms - 200
[10:44:33 INF] System.Net.Http.HttpClient.DeepSeek.LogicalHandler End processing HTTP request after 286.31ms - 200
[10:44:33 INF] System.Net.Http.HttpClient.DeepSeek.LogicalHandler Start processing HTTP request POST https://api.deepseek.com/chat/completions
[10:44:33 INF] System.Net.Http.HttpClient.DeepSeek.ClientHandler Sending HTTP request POST https://api.deepseek.com/chat/completions
[10:44:33 INF] System.Net.Http.HttpClient.DeepSeek.LogicalHandler Start processing HTTP request POST https://api.deepseek.com/chat/completions
[10:44:33 INF] System.Net.Http.HttpClient.DeepSeek.ClientHandler Sending HTTP request POST https://api.deepseek.com/chat/completions
[10:44:33 INF] System.Net.Http.HttpClient.DeepSeek.ClientHandler Received HTTP response headers after 282.1425ms - 200
[10:44:33 INF] System.Net.Http.HttpClient.DeepSeek.LogicalHandler End processing HTTP request after 292.1123ms - 200
[10:44:33 INF] System.Net.Http.HttpClient.DeepSeek.ClientHandler Received HTTP response headers after 287.3001ms - 200
[10:44:33 INF] System.Net.Http.HttpClient.DeepSeek.LogicalHandler End processing HTTP request after 299.1919ms - 200
[10:44:33 INF] System.Net.Http.HttpClient.DeepSeek.ClientHandler Received HTTP response headers after 314.1726ms - 200
[10:44:33 INF] System.Net.Http.HttpClient.DeepSeek.LogicalHandler End processing HTTP request after 322.721ms - 200
[10:44:33 INF] System.Net.Http.HttpClient.DeepSeek.ClientHandler Received HTTP response headers after 354.1416ms - 200
[10:44:33 INF] System.Net.Http.HttpClient.DeepSeek.LogicalHandler End processing HTTP request after 363.4346ms - 200
[10:44:33 INF] System.Net.Http.HttpClient.DeepSeek.LogicalHandler Start processing HTTP request POST https://api.deepseek.com/chat/completions
[10:44:33 INF] System.Net.Http.HttpClient.DeepSeek.ClientHandler Sending HTTP request POST https://api.deepseek.com/chat/completions
[10:44:33 INF] System.Net.Http.HttpClient.DeepSeek.ClientHandler Received HTTP response headers after 296.9347ms - 200
[10:44:33 INF] System.Net.Http.HttpClient.DeepSeek.LogicalHandler End processing HTTP request after 305.8173ms - 200
[10:44:33 INF] System.Net.Http.HttpClient.DeepSeek.ClientHandler Received HTTP response headers after 282.9422ms - 200
[10:44:33 INF] System.Net.Http.HttpClient.DeepSeek.LogicalHandler End processing HTTP request after 292.7632ms - 200
[10:44:33 INF] System.Net.Http.HttpClient.DeepSeek.ClientHandler Received HTTP response headers after 288.245ms - 200
[10:44:33 INF] System.Net.Http.HttpClient.DeepSeek.LogicalHandler Start processing HTTP request POST https://api.deepseek.com/chat/completions
[10:44:33 INF] System.Net.Http.HttpClient.DeepSeek.LogicalHandler End processing HTTP request after 295.9032ms - 200
[10:44:33 INF] System.Net.Http.HttpClient.DeepSeek.ClientHandler Sending HTTP request POST https://api.deepseek.com/chat/completions
[10:44:33 INF] System.Net.Http.HttpClient.DeepSeek.LogicalHandler Start processing HTTP request POST https://api.deepseek.com/chat/completions
[10:44:33 INF] System.Net.Http.HttpClient.DeepSeek.ClientHandler Sending HTTP request POST https://api.deepseek.com/chat/completions
[10:44:33 INF] System.Net.Http.HttpClient.DeepSeek.LogicalHandler Start processing HTTP request POST https://api.deepseek.com/chat/completions
[10:44:33 INF] System.Net.Http.HttpClient.DeepSeek.ClientHandler Sending HTTP request POST https://api.deepseek.com/chat/completions
[10:44:33 INF] System.Net.Http.HttpClient.DeepSeek.LogicalHandler Start processing HTTP request POST https://api.deepseek.com/chat/completions
[10:44:33 INF] System.Net.Http.HttpClient.DeepSeek.ClientHandler Sending HTTP request POST https://api.deepseek.com/chat/completions
[10:44:34 INF] System.Net.Http.HttpClient.DeepSeek.ClientHandler Received HTTP response headers after 295.4154ms - 200
[10:44:34 INF] System.Net.Http.HttpClient.DeepSeek.LogicalHandler End processing HTTP request after 306.7554ms - 200
[10:44:34 INF] System.Net.Http.HttpClient.DeepSeek.LogicalHandler Start processing HTTP request POST https://api.deepseek.com/chat/completions
[10:44:34 INF] System.Net.Http.HttpClient.DeepSeek.ClientHandler Sending HTTP request POST https://api.deepseek.com/chat/completions
[10:44:34 INF] System.Net.Http.HttpClient.DeepSeek.LogicalHandler Start processing HTTP request POST https://api.deepseek.com/chat/completions
[10:44:34 INF] System.Net.Http.HttpClient.DeepSeek.LogicalHandler Start processing HTTP request POST https://api.deepseek.com/chat/completions
[10:44:34 INF] System.Net.Http.HttpClient.DeepSeek.ClientHandler Sending HTTP request POST https://api.deepseek.com/chat/completions
[10:44:34 INF] System.Net.Http.HttpClient.DeepSeek.ClientHandler Sending HTTP request POST https://api.deepseek.com/chat/completions
[10:44:34 INF] System.Net.Http.HttpClient.DeepSeek.LogicalHandler Start processing HTTP request POST https://api.deepseek.com/chat/completions
[10:44:34 INF] System.Net.Http.HttpClient.DeepSeek.ClientHandler Sending HTTP request POST https://api.deepseek.com/chat/completions
[10:44:34 INF] System.Net.Http.HttpClient.DeepSeek.ClientHandler Received HTTP response headers after 279.6439ms - 200
[10:44:34 INF] System.Net.Http.HttpClient.DeepSeek.ClientHandler Received HTTP response headers after 286.5338ms - 200
[10:44:34 INF] System.Net.Http.HttpClient.DeepSeek.LogicalHandler End processing HTTP request after 293.6974ms - 200
[10:44:34 INF] System.Net.Http.HttpClient.DeepSeek.LogicalHandler End processing HTTP request after 288.2602ms - 200
[10:44:34 INF] System.Net.Http.HttpClient.DeepSeek.ClientHandler Received HTTP response headers after 281.1721ms - 200
[10:44:34 INF] System.Net.Http.HttpClient.DeepSeek.LogicalHandler End processing HTTP request after 288.3214ms - 200
[10:44:34 INF] System.Net.Http.HttpClient.DeepSeek.ClientHandler Received HTTP response headers after 279.344ms - 200
[10:44:34 INF] System.Net.Http.HttpClient.DeepSeek.LogicalHandler End processing HTTP request after 286.6543ms - 200
[10:44:34 INF] System.Net.Http.HttpClient.DeepSeek.LogicalHandler Start processing HTTP request POST https://api.deepseek.com/chat/completions
[10:44:34 INF] System.Net.Http.HttpClient.DeepSeek.ClientHandler Sending HTTP request POST https://api.deepseek.com/chat/completions
[10:44:34 INF] System.Net.Http.HttpClient.DeepSeek.ClientHandler Received HTTP response headers after 273.7018ms - 200
[10:44:34 INF] System.Net.Http.HttpClient.DeepSeek.LogicalHandler End processing HTTP request after 283.9535ms - 200
[10:44:34 INF] System.Net.Http.HttpClient.DeepSeek.ClientHandler Received HTTP response headers after 294.9433ms - 200
[10:44:34 INF] System.Net.Http.HttpClient.DeepSeek.LogicalHandler End processing HTTP request after 302.9563ms - 200
[10:44:34 INF] System.Net.Http.HttpClient.DeepSeek.ClientHandler Received HTTP response headers after 363.9367ms - 200
[10:44:34 INF] System.Net.Http.HttpClient.DeepSeek.LogicalHandler End processing HTTP request after 374.4193ms - 200
[10:44:34 INF] System.Net.Http.HttpClient.DeepSeek.LogicalHandler Start processing HTTP request POST https://api.deepseek.com/chat/completions
[10:44:34 INF] System.Net.Http.HttpClient.DeepSeek.ClientHandler Sending HTTP request POST https://api.deepseek.com/chat/completions
[10:44:34 INF] System.Net.Http.HttpClient.DeepSeek.ClientHandler Received HTTP response headers after 281.7086ms - 200
[10:44:34 INF] System.Net.Http.HttpClient.DeepSeek.LogicalHandler End processing HTTP request after 289.7873ms - 200
[10:44:34 INF] System.Net.Http.HttpClient.DeepSeek.ClientHandler Received HTTP response headers after 291.5594ms - 200
[10:44:34 INF] System.Net.Http.HttpClient.DeepSeek.LogicalHandler End processing HTTP request after 299.3176ms - 200
[10:44:35 INF] System.Net.Http.HttpClient.DeepSeek.LogicalHandler Start processing HTTP request POST https://api.deepseek.com/chat/completions
[10:44:35 INF] System.Net.Http.HttpClient.DeepSeek.ClientHandler Sending HTTP request POST https://api.deepseek.com/chat/completions
[10:44:35 INF] System.Net.Http.HttpClient.DeepSeek.LogicalHandler Start processing HTTP request POST https://api.deepseek.com/chat/completions
[10:44:35 INF] System.Net.Http.HttpClient.DeepSeek.ClientHandler Sending HTTP request POST https://api.deepseek.com/chat/completions
[10:44:35 INF] System.Net.Http.HttpClient.DeepSeek.ClientHandler Received HTTP response headers after 356.963ms - 200
[10:44:35 INF] System.Net.Http.HttpClient.DeepSeek.LogicalHandler End processing HTTP request after 364.2142ms - 200
[10:44:35 INF] System.Net.Http.HttpClient.DeepSeek.ClientHandler Received HTTP response headers after 283.2016ms - 200
[10:44:35 INF] System.Net.Http.HttpClient.DeepSeek.LogicalHandler Start processing HTTP request POST https://api.deepseek.com/chat/completions
[10:44:35 INF] System.Net.Http.HttpClient.DeepSeek.LogicalHandler End processing HTTP request after 291.0053ms - 200
[10:44:35 INF] System.Net.Http.HttpClient.DeepSeek.ClientHandler Sending HTTP request POST https://api.deepseek.com/chat/completions
[10:44:35 INF] System.Net.Http.HttpClient.DeepSeek.LogicalHandler Start processing HTTP request POST https://api.deepseek.com/chat/completions
[10:44:35 INF] System.Net.Http.HttpClient.DeepSeek.ClientHandler Sending HTTP request POST https://api.deepseek.com/chat/completions
[10:44:35 INF] System.Net.Http.HttpClient.DeepSeek.LogicalHandler Start processing HTTP request POST https://api.deepseek.com/chat/completions
[10:44:35 INF] System.Net.Http.HttpClient.DeepSeek.ClientHandler Sending HTTP request POST https://api.deepseek.com/chat/completions
[10:44:35 INF] System.Net.Http.HttpClient.DeepSeek.ClientHandler Received HTTP response headers after 272.416ms - 200
[10:44:35 INF] System.Net.Http.HttpClient.DeepSeek.LogicalHandler End processing HTTP request after 284.2126ms - 200
[10:44:35 INF] System.Net.Http.HttpClient.DeepSeek.ClientHandler Received HTTP response headers after 316.5362ms - 200
[10:44:35 INF] System.Net.Http.HttpClient.DeepSeek.ClientHandler Received HTTP response headers after 282.2543ms - 200
[10:44:35 INF] System.Net.Http.HttpClient.DeepSeek.LogicalHandler End processing HTTP request after 323.8016ms - 200
[10:44:35 INF] System.Net.Http.HttpClient.DeepSeek.LogicalHandler End processing HTTP request after 292.512ms - 200
[10:44:35 INF] System.Net.Http.HttpClient.DeepSeek.LogicalHandler Start processing HTTP request POST https://api.deepseek.com/chat/completions
[10:44:35 INF] System.Net.Http.HttpClient.DeepSeek.ClientHandler Sending HTTP request POST https://api.deepseek.com/chat/completions
[10:44:36 INF] System.Net.Http.HttpClient.DeepSeek.ClientHandler Received HTTP response headers after 287.5898ms - 200
[10:44:36 INF] System.Net.Http.HttpClient.DeepSeek.LogicalHandler End processing HTTP request after 295.2996ms - 200
[10:44:36 INF] System.Net.Http.HttpClient.DeepSeek.LogicalHandler Start processing HTTP request POST https://api.deepseek.com/chat/completions
[10:44:36 INF] System.Net.Http.HttpClient.DeepSeek.ClientHandler Sending HTTP request POST https://api.deepseek.com/chat/completions
[10:44:37 INF] System.Net.Http.HttpClient.DeepSeek.ClientHandler Received HTTP response headers after 287.5481ms - 200
[10:44:37 INF] System.Net.Http.HttpClient.DeepSeek.LogicalHandler End processing HTTP request after 295.1685ms - 200
[10:44:38 INF] System.Net.Http.HttpClient.DeepSeek.LogicalHandler Start processing HTTP request POST https://api.deepseek.com/chat/completions
[10:44:38 INF] System.Net.Http.HttpClient.DeepSeek.ClientHandler Sending HTTP request POST https://api.deepseek.com/chat/completions
[10:44:38 INF] System.Net.Http.HttpClient.DeepSeek.ClientHandler Received HTTP response headers after 285.8368ms - 200
[10:44:38 INF] System.Net.Http.HttpClient.DeepSeek.LogicalHandler End processing HTTP request after 296.5361ms - 200
[10:44:39 INF] System.Net.Http.HttpClient.DeepSeek.LogicalHandler Start processing HTTP request POST https://api.deepseek.com/chat/completions
[10:44:39 INF] System.Net.Http.HttpClient.DeepSeek.ClientHandler Sending HTTP request POST https://api.deepseek.com/chat/completions
[10:44:39 INF] System.Net.Http.HttpClient.DeepSeek.ClientHandler Received HTTP response headers after 290.0395ms - 200
[10:44:39 INF] System.Net.Http.HttpClient.DeepSeek.LogicalHandler End processing HTTP request after 299.089ms - 200
[10:44:39 INF] System.Net.Http.HttpClient.DeepSeek.LogicalHandler Start processing HTTP request POST https://api.deepseek.com/chat/completions
[10:44:39 INF] System.Net.Http.HttpClient.DeepSeek.ClientHandler Sending HTTP request POST https://api.deepseek.com/chat/completions
[10:44:40 INF] System.Net.Http.HttpClient.DeepSeek.ClientHandler Received HTTP response headers after 286.9423ms - 200
[10:44:40 INF] System.Net.Http.HttpClient.DeepSeek.LogicalHandler End processing HTTP request after 295.9303ms - 200
[10:44:44 INF] System.Net.Http.HttpClient.DeepSeek.LogicalHandler Start processing HTTP request POST https://api.deepseek.com/chat/completions
[10:44:44 INF] System.Net.Http.HttpClient.DeepSeek.ClientHandler Sending HTTP request POST https://api.deepseek.com/chat/completions
[10:44:44 INF] System.Net.Http.HttpClient.DeepSeek.ClientHandler Received HTTP response headers after 297.3163ms - 200
[10:44:44 INF] System.Net.Http.HttpClient.DeepSeek.LogicalHandler End processing HTTP request after 306.0537ms - 200
[10:53:35 INF] Microsoft.Hosting.Lifetime Application is shutting down...
[16:10:34 INF] Microsoft.Hosting.Lifetime Now listening on: http://localhost:5213
[16:10:34 INF] Microsoft.Hosting.Lifetime Application started. Press Ctrl+C to shut down.
[16:10:34 INF] Microsoft.Hosting.Lifetime Hosting environment: Development
[16:10:34 INF] Microsoft.Hosting.Lifetime Content root path: C:\Users\luka.osojnik\Documents\Coding\simple-bloomberg-terminal\simple-bloomberg-terminal
[16:10:35 WRN] Microsoft.EntityFrameworkCore.Query Compiling a query which loads related collections for more than one collection navigation, either via 'Include' or through projection, but no 'QuerySplittingBehavior' has been configured. By default, Entity Framework will use 'QuerySplittingBehavior.SingleQuery', which can potentially result in slow query performance. See https://go.microsoft.com/fwlink/?linkid=2134277 for more information. To identify the query that's triggering this warning call 'ConfigureWarnings(w => w.Throw(RelationalEventId.MultipleCollectionIncludeWarning))'.
[16:10:45 INF] System.Net.Http.HttpClient.IStockApiClient.LogicalHandler Start processing HTTP request GET https://data.sec.gov/submissions/CIK0001375365.json
[16:10:45 INF] System.Net.Http.HttpClient.IStockApiClient.ClientHandler Sending HTTP request GET https://data.sec.gov/submissions/CIK0001375365.json
[16:10:45 INF] System.Net.Http.HttpClient.IStockApiClient.ClientHandler Received HTTP response headers after 389.1457ms - 200
[16:10:45 INF] System.Net.Http.HttpClient.IStockApiClient.LogicalHandler End processing HTTP request after 413.505ms - 200
[16:10:51 INF] System.Net.Http.HttpClient.IStockApiClient.LogicalHandler Start processing HTTP request GET https://www.sec.gov/Archives/edgar/data/1375365/000137536525000027/smci-20250630.htm
[16:10:51 INF] System.Net.Http.HttpClient.IStockApiClient.ClientHandler Sending HTTP request GET https://www.sec.gov/Archives/edgar/data/1375365/000137536525000027/smci-20250630.htm
[16:10:51 INF] System.Net.Http.HttpClient.IStockApiClient.ClientHandler Received HTTP response headers after 167.0728ms - 200
[16:10:51 INF] System.Net.Http.HttpClient.IStockApiClient.LogicalHandler End processing HTTP request after 176.8271ms - 200
[16:10:56 INF] System.Net.Http.HttpClient.DeepSeek.LogicalHandler Start processing HTTP request POST https://api.deepseek.com/chat/completions
[16:10:56 INF] System.Net.Http.HttpClient.DeepSeek.ClientHandler Sending HTTP request POST https://api.deepseek.com/chat/completions
[16:10:56 INF] System.Net.Http.HttpClient.DeepSeek.LogicalHandler Start processing HTTP request POST https://api.deepseek.com/chat/completions
[16:10:56 INF] System.Net.Http.HttpClient.DeepSeek.ClientHandler Sending HTTP request POST https://api.deepseek.com/chat/completions
[16:10:56 INF] System.Net.Http.HttpClient.DeepSeek.LogicalHandler Start processing HTTP request POST https://api.deepseek.com/chat/completions
[16:10:56 INF] System.Net.Http.HttpClient.DeepSeek.ClientHandler Sending HTTP request POST https://api.deepseek.com/chat/completions
[16:10:56 INF] System.Net.Http.HttpClient.DeepSeek.LogicalHandler Start processing HTTP request POST https://api.deepseek.com/chat/completions
[16:10:56 INF] System.Net.Http.HttpClient.DeepSeek.ClientHandler Sending HTTP request POST https://api.deepseek.com/chat/completions
[16:10:56 INF] System.Net.Http.HttpClient.DeepSeek.LogicalHandler Start processing HTTP request POST https://api.deepseek.com/chat/completions
[16:10:56 INF] System.Net.Http.HttpClient.DeepSeek.ClientHandler Sending HTTP request POST https://api.deepseek.com/chat/completions
[16:10:56 INF] System.Net.Http.HttpClient.DeepSeek.LogicalHandler Start processing HTTP request POST https://api.deepseek.com/chat/completions
[16:10:56 INF] System.Net.Http.HttpClient.DeepSeek.ClientHandler Sending HTTP request POST https://api.deepseek.com/chat/completions
[16:10:57 INF] System.Net.Http.HttpClient.DeepSeek.ClientHandler Received HTTP response headers after 365.7066ms - 200
[16:10:57 INF] System.Net.Http.HttpClient.DeepSeek.ClientHandler Received HTTP response headers after 345.7088ms - 200
[16:10:57 INF] System.Net.Http.HttpClient.DeepSeek.LogicalHandler End processing HTTP request after 376.6561ms - 200
[16:10:57 INF] System.Net.Http.HttpClient.DeepSeek.ClientHandler Received HTTP response headers after 377.3797ms - 200
[16:10:57 INF] System.Net.Http.HttpClient.DeepSeek.ClientHandler Received HTTP response headers after 356.3572ms - 200
[16:10:57 INF] System.Net.Http.HttpClient.DeepSeek.ClientHandler Received HTTP response headers after 342.9989ms - 200
[16:10:57 INF] System.Net.Http.HttpClient.DeepSeek.LogicalHandler End processing HTTP request after 357.9349ms - 200
[16:10:57 INF] System.Net.Http.HttpClient.DeepSeek.LogicalHandler End processing HTTP request after 394.1788ms - 200
[16:10:57 INF] System.Net.Http.HttpClient.DeepSeek.LogicalHandler End processing HTTP request after 374.73ms - 200
[16:10:57 INF] System.Net.Http.HttpClient.DeepSeek.LogicalHandler End processing HTTP request after 363.7849ms - 200
[16:10:57 INF] System.Net.Http.HttpClient.DeepSeek.ClientHandler Received HTTP response headers after 400.9727ms - 200
[16:10:57 INF] System.Net.Http.HttpClient.DeepSeek.LogicalHandler End processing HTTP request after 411.3277ms - 200
[16:10:58 INF] System.Net.Http.HttpClient.DeepSeek.LogicalHandler Start processing HTTP request POST https://api.deepseek.com/chat/completions
[16:10:58 INF] System.Net.Http.HttpClient.DeepSeek.ClientHandler Sending HTTP request POST https://api.deepseek.com/chat/completions
[16:10:58 INF] System.Net.Http.HttpClient.DeepSeek.ClientHandler Received HTTP response headers after 282.3289ms - 200
[16:10:58 INF] System.Net.Http.HttpClient.DeepSeek.LogicalHandler End processing HTTP request after 291.9398ms - 200
[16:10:59 INF] System.Net.Http.HttpClient.DeepSeek.LogicalHandler Start processing HTTP request POST https://api.deepseek.com/chat/completions
[16:10:59 INF] System.Net.Http.HttpClient.DeepSeek.ClientHandler Sending HTTP request POST https://api.deepseek.com/chat/completions
[16:10:59 INF] System.Net.Http.HttpClient.DeepSeek.ClientHandler Received HTTP response headers after 283.0252ms - 200
[16:10:59 INF] System.Net.Http.HttpClient.DeepSeek.LogicalHandler End processing HTTP request after 292.0066ms - 200
[16:10:59 INF] System.Net.Http.HttpClient.DeepSeek.LogicalHandler Start processing HTTP request POST https://api.deepseek.com/chat/completions
[16:10:59 INF] System.Net.Http.HttpClient.DeepSeek.ClientHandler Sending HTTP request POST https://api.deepseek.com/chat/completions
[16:11:00 INF] System.Net.Http.HttpClient.DeepSeek.ClientHandler Received HTTP response headers after 330.4323ms - 200
[16:11:00 INF] System.Net.Http.HttpClient.DeepSeek.LogicalHandler End processing HTTP request after 341.8888ms - 200
[16:11:00 INF] System.Net.Http.HttpClient.DeepSeek.LogicalHandler Start processing HTTP request POST https://api.deepseek.com/chat/completions
[16:11:00 INF] System.Net.Http.HttpClient.DeepSeek.ClientHandler Sending HTTP request POST https://api.deepseek.com/chat/completions
[16:11:00 INF] System.Net.Http.HttpClient.DeepSeek.ClientHandler Received HTTP response headers after 285.5585ms - 200
[16:11:00 INF] System.Net.Http.HttpClient.DeepSeek.LogicalHandler End processing HTTP request after 294.6729ms - 200
[16:11:01 INF] System.Net.Http.HttpClient.DeepSeek.LogicalHandler Start processing HTTP request POST https://api.deepseek.com/chat/completions
[16:11:01 INF] System.Net.Http.HttpClient.DeepSeek.ClientHandler Sending HTTP request POST https://api.deepseek.com/chat/completions
[16:11:01 INF] System.Net.Http.HttpClient.DeepSeek.ClientHandler Received HTTP response headers after 282.703ms - 200
[16:11:01 INF] System.Net.Http.HttpClient.DeepSeek.LogicalHandler End processing HTTP request after 291.4923ms - 200
[16:11:01 INF] System.Net.Http.HttpClient.DeepSeek.LogicalHandler Start processing HTTP request POST https://api.deepseek.com/chat/completions
[16:11:01 INF] System.Net.Http.HttpClient.DeepSeek.ClientHandler Sending HTTP request POST https://api.deepseek.com/chat/completions
[16:11:01 INF] System.Net.Http.HttpClient.DeepSeek.ClientHandler Received HTTP response headers after 282.0911ms - 200
[16:11:01 INF] System.Net.Http.HttpClient.DeepSeek.LogicalHandler End processing HTTP request after 290.7826ms - 200
[16:11:02 INF] System.Net.Http.HttpClient.DeepSeek.LogicalHandler Start processing HTTP request POST https://api.deepseek.com/chat/completions
[16:11:02 INF] System.Net.Http.HttpClient.DeepSeek.ClientHandler Sending HTTP request POST https://api.deepseek.com/chat/completions
[16:11:03 INF] System.Net.Http.HttpClient.DeepSeek.ClientHandler Received HTTP response headers after 275.8658ms - 200
[16:11:03 INF] System.Net.Http.HttpClient.DeepSeek.LogicalHandler End processing HTTP request after 285.3849ms - 200
[16:11:04 INF] System.Net.Http.HttpClient.DeepSeek.LogicalHandler Start processing HTTP request POST https://api.deepseek.com/chat/completions
[16:11:04 INF] System.Net.Http.HttpClient.DeepSeek.ClientHandler Sending HTTP request POST https://api.deepseek.com/chat/completions
[16:11:04 INF] System.Net.Http.HttpClient.DeepSeek.ClientHandler Received HTTP response headers after 275.7441ms - 200
[16:11:04 INF] System.Net.Http.HttpClient.DeepSeek.LogicalHandler End processing HTTP request after 287.9574ms - 200
[16:11:04 INF] System.Net.Http.HttpClient.DeepSeek.LogicalHandler Start processing HTTP request POST https://api.deepseek.com/chat/completions
[16:11:04 INF] System.Net.Http.HttpClient.DeepSeek.ClientHandler Sending HTTP request POST https://api.deepseek.com/chat/completions
[16:11:04 INF] System.Net.Http.HttpClient.DeepSeek.ClientHandler Received HTTP response headers after 282.3883ms - 200
[16:11:04 INF] System.Net.Http.HttpClient.DeepSeek.LogicalHandler End processing HTTP request after 291.2924ms - 200
[16:11:04 INF] System.Net.Http.HttpClient.DeepSeek.LogicalHandler Start processing HTTP request POST https://api.deepseek.com/chat/completions
[16:11:04 INF] System.Net.Http.HttpClient.DeepSeek.ClientHandler Sending HTTP request POST https://api.deepseek.com/chat/completions
[16:11:05 INF] System.Net.Http.HttpClient.DeepSeek.ClientHandler Received HTTP response headers after 281.1606ms - 200
[16:11:05 INF] System.Net.Http.HttpClient.DeepSeek.LogicalHandler End processing HTTP request after 289.1704ms - 200
[16:11:05 INF] System.Net.Http.HttpClient.DeepSeek.LogicalHandler Start processing HTTP request POST https://api.deepseek.com/chat/completions
[16:11:05 INF] System.Net.Http.HttpClient.DeepSeek.ClientHandler Sending HTTP request POST https://api.deepseek.com/chat/completions
[16:11:05 INF] System.Net.Http.HttpClient.DeepSeek.ClientHandler Received HTTP response headers after 280.1377ms - 200
[16:11:05 INF] System.Net.Http.HttpClient.DeepSeek.LogicalHandler End processing HTTP request after 288.322ms - 200
[16:11:06 INF] System.Net.Http.HttpClient.DeepSeek.LogicalHandler Start processing HTTP request POST https://api.deepseek.com/chat/completions
[16:11:06 INF] System.Net.Http.HttpClient.DeepSeek.ClientHandler Sending HTTP request POST https://api.deepseek.com/chat/completions
[16:11:06 INF] System.Net.Http.HttpClient.DeepSeek.ClientHandler Received HTTP response headers after 281.4974ms - 200
[16:11:06 INF] System.Net.Http.HttpClient.DeepSeek.LogicalHandler End processing HTTP request after 292.6479ms - 200
[16:11:07 INF] System.Net.Http.HttpClient.DeepSeek.LogicalHandler Start processing HTTP request POST https://api.deepseek.com/chat/completions
[16:11:07 INF] System.Net.Http.HttpClient.DeepSeek.ClientHandler Sending HTTP request POST https://api.deepseek.com/chat/completions
[16:11:07 INF] System.Net.Http.HttpClient.DeepSeek.ClientHandler Received HTTP response headers after 284.4093ms - 200
[16:11:07 INF] System.Net.Http.HttpClient.DeepSeek.LogicalHandler End processing HTTP request after 293.6122ms - 200
[16:11:07 INF] System.Net.Http.HttpClient.DeepSeek.LogicalHandler Start processing HTTP request POST https://api.deepseek.com/chat/completions
[16:11:07 INF] System.Net.Http.HttpClient.DeepSeek.ClientHandler Sending HTTP request POST https://api.deepseek.com/chat/completions
[16:11:07 INF] System.Net.Http.HttpClient.DeepSeek.LogicalHandler Start processing HTTP request POST https://api.deepseek.com/chat/completions
[16:11:07 INF] System.Net.Http.HttpClient.DeepSeek.ClientHandler Sending HTTP request POST https://api.deepseek.com/chat/completions
[16:11:08 INF] System.Net.Http.HttpClient.DeepSeek.ClientHandler Received HTTP response headers after 339.0672ms - 200
[16:11:08 INF] System.Net.Http.HttpClient.DeepSeek.LogicalHandler End processing HTTP request after 347.1568ms - 200
[16:11:08 INF] System.Net.Http.HttpClient.DeepSeek.ClientHandler Received HTTP response headers after 303.1694ms - 200
[16:11:08 INF] System.Net.Http.HttpClient.DeepSeek.LogicalHandler End processing HTTP request after 311.4978ms - 200
[16:11:08 INF] System.Net.Http.HttpClient.DeepSeek.LogicalHandler Start processing HTTP request POST https://api.deepseek.com/chat/completions
[16:11:08 INF] System.Net.Http.HttpClient.DeepSeek.ClientHandler Sending HTTP request POST https://api.deepseek.com/chat/completions
[16:11:08 INF] System.Net.Http.HttpClient.DeepSeek.ClientHandler Received HTTP response headers after 296.3834ms - 200
[16:11:08 INF] System.Net.Http.HttpClient.DeepSeek.LogicalHandler End processing HTTP request after 304.1228ms - 200
[16:11:09 INF] System.Net.Http.HttpClient.DeepSeek.LogicalHandler Start processing HTTP request POST https://api.deepseek.com/chat/completions
[16:11:09 INF] System.Net.Http.HttpClient.DeepSeek.ClientHandler Sending HTTP request POST https://api.deepseek.com/chat/completions
[16:11:09 INF] System.Net.Http.HttpClient.DeepSeek.ClientHandler Received HTTP response headers after 290.668ms - 200
[16:11:09 INF] System.Net.Http.HttpClient.DeepSeek.LogicalHandler End processing HTTP request after 304.4446ms - 200
[16:11:09 INF] System.Net.Http.HttpClient.DeepSeek.LogicalHandler Start processing HTTP request POST https://api.deepseek.com/chat/completions
[16:11:09 INF] System.Net.Http.HttpClient.DeepSeek.ClientHandler Sending HTTP request POST https://api.deepseek.com/chat/completions
[16:11:09 INF] System.Net.Http.HttpClient.DeepSeek.LogicalHandler Start processing HTTP request POST https://api.deepseek.com/chat/completions
[16:11:09 INF] System.Net.Http.HttpClient.DeepSeek.ClientHandler Sending HTTP request POST https://api.deepseek.com/chat/completions
[16:11:10 INF] System.Net.Http.HttpClient.DeepSeek.ClientHandler Received HTTP response headers after 277.5554ms - 200
[16:11:10 INF] System.Net.Http.HttpClient.DeepSeek.LogicalHandler End processing HTTP request after 291.6126ms - 200
[16:11:10 INF] System.Net.Http.HttpClient.DeepSeek.ClientHandler Received HTTP response headers after 271.9485ms - 200
[16:11:10 INF] System.Net.Http.HttpClient.DeepSeek.LogicalHandler End processing HTTP request after 286.3785ms - 200
[16:11:11 INF] System.Net.Http.HttpClient.DeepSeek.LogicalHandler Start processing HTTP request POST https://api.deepseek.com/chat/completions
[16:11:11 INF] System.Net.Http.HttpClient.DeepSeek.ClientHandler Sending HTTP request POST https://api.deepseek.com/chat/completions
[16:11:11 INF] System.Net.Http.HttpClient.DeepSeek.LogicalHandler Start processing HTTP request POST https://api.deepseek.com/chat/completions
[16:11:11 INF] System.Net.Http.HttpClient.DeepSeek.ClientHandler Sending HTTP request POST https://api.deepseek.com/chat/completions
[16:11:11 INF] System.Net.Http.HttpClient.DeepSeek.ClientHandler Received HTTP response headers after 295.2906ms - 200
[16:11:11 INF] System.Net.Http.HttpClient.DeepSeek.LogicalHandler End processing HTTP request after 303.4143ms - 200
[16:11:12 INF] System.Net.Http.HttpClient.DeepSeek.ClientHandler Received HTTP response headers after 283.8237ms - 200
[16:11:12 INF] System.Net.Http.HttpClient.DeepSeek.LogicalHandler End processing HTTP request after 291.7938ms - 200
[16:11:12 INF] System.Net.Http.HttpClient.DeepSeek.LogicalHandler Start processing HTTP request POST https://api.deepseek.com/chat/completions
[16:11:12 INF] System.Net.Http.HttpClient.DeepSeek.ClientHandler Sending HTTP request POST https://api.deepseek.com/chat/completions
[16:11:12 INF] System.Net.Http.HttpClient.DeepSeek.LogicalHandler Start processing HTTP request POST https://api.deepseek.com/chat/completions
[16:11:12 INF] System.Net.Http.HttpClient.DeepSeek.ClientHandler Sending HTTP request POST https://api.deepseek.com/chat/completions
[16:11:12 INF] System.Net.Http.HttpClient.DeepSeek.ClientHandler Received HTTP response headers after 292.0127ms - 200
[16:11:12 INF] System.Net.Http.HttpClient.DeepSeek.LogicalHandler End processing HTTP request after 300.19ms - 200
[16:11:12 INF] System.Net.Http.HttpClient.DeepSeek.ClientHandler Received HTTP response headers after 297.9342ms - 200
[16:11:12 INF] System.Net.Http.HttpClient.DeepSeek.LogicalHandler End processing HTTP request after 306.3228ms - 200
[16:11:13 INF] System.Net.Http.HttpClient.DeepSeek.LogicalHandler Start processing HTTP request POST https://api.deepseek.com/chat/completions
[16:11:13 INF] System.Net.Http.HttpClient.DeepSeek.ClientHandler Sending HTTP request POST https://api.deepseek.com/chat/completions
[16:11:13 INF] System.Net.Http.HttpClient.DeepSeek.ClientHandler Received HTTP response headers after 297.2336ms - 200
[16:11:13 INF] System.Net.Http.HttpClient.DeepSeek.LogicalHandler End processing HTTP request after 304.7955ms - 200
[16:11:13 INF] System.Net.Http.HttpClient.DeepSeek.LogicalHandler Start processing HTTP request POST https://api.deepseek.com/chat/completions
[16:11:13 INF] System.Net.Http.HttpClient.DeepSeek.ClientHandler Sending HTTP request POST https://api.deepseek.com/chat/completions
[16:11:14 INF] System.Net.Http.HttpClient.DeepSeek.LogicalHandler Start processing HTTP request POST https://api.deepseek.com/chat/completions
[16:11:14 INF] System.Net.Http.HttpClient.DeepSeek.ClientHandler Sending HTTP request POST https://api.deepseek.com/chat/completions
[16:11:14 INF] System.Net.Http.HttpClient.DeepSeek.ClientHandler Received HTTP response headers after 290.0441ms - 200
[16:11:14 INF] System.Net.Http.HttpClient.DeepSeek.LogicalHandler End processing HTTP request after 297.5281ms - 200
[16:11:14 INF] System.Net.Http.HttpClient.DeepSeek.ClientHandler Received HTTP response headers after 280.0949ms - 200
[16:11:14 INF] System.Net.Http.HttpClient.DeepSeek.LogicalHandler End processing HTTP request after 288.6538ms - 200
[16:11:15 INF] System.Net.Http.HttpClient.DeepSeek.LogicalHandler Start processing HTTP request POST https://api.deepseek.com/chat/completions
[16:11:15 INF] System.Net.Http.HttpClient.DeepSeek.ClientHandler Sending HTTP request POST https://api.deepseek.com/chat/completions
[16:11:15 INF] System.Net.Http.HttpClient.DeepSeek.LogicalHandler Start processing HTTP request POST https://api.deepseek.com/chat/completions
[16:11:15 INF] System.Net.Http.HttpClient.DeepSeek.ClientHandler Sending HTTP request POST https://api.deepseek.com/chat/completions
[16:11:15 INF] System.Net.Http.HttpClient.DeepSeek.ClientHandler Received HTTP response headers after 296.3024ms - 200
[16:11:15 INF] System.Net.Http.HttpClient.DeepSeek.LogicalHandler End processing HTTP request after 302.3191ms - 200
[16:11:15 INF] System.Net.Http.HttpClient.DeepSeek.ClientHandler Received HTTP response headers after 283.1302ms - 200
[16:11:15 INF] System.Net.Http.HttpClient.DeepSeek.LogicalHandler End processing HTTP request after 289.4014ms - 200
[16:11:16 INF] System.Net.Http.HttpClient.DeepSeek.LogicalHandler Start processing HTTP request POST https://api.deepseek.com/chat/completions
[16:11:16 INF] System.Net.Http.HttpClient.DeepSeek.ClientHandler Sending HTTP request POST https://api.deepseek.com/chat/completions
[16:11:16 INF] System.Net.Http.HttpClient.DeepSeek.LogicalHandler Start processing HTTP request POST https://api.deepseek.com/chat/completions
[16:11:16 INF] System.Net.Http.HttpClient.DeepSeek.ClientHandler Sending HTTP request POST https://api.deepseek.com/chat/completions
[16:11:16 INF] System.Net.Http.HttpClient.DeepSeek.ClientHandler Received HTTP response headers after 288.8258ms - 200
[16:11:16 INF] System.Net.Http.HttpClient.DeepSeek.LogicalHandler End processing HTTP request after 295.2094ms - 200
[16:11:16 INF] System.Net.Http.HttpClient.DeepSeek.ClientHandler Received HTTP response headers after 276.9642ms - 200
[16:11:16 INF] System.Net.Http.HttpClient.DeepSeek.LogicalHandler End processing HTTP request after 283.1574ms - 200
[16:11:17 INF] System.Net.Http.HttpClient.DeepSeek.LogicalHandler Start processing HTTP request POST https://api.deepseek.com/chat/completions
[16:11:17 INF] System.Net.Http.HttpClient.DeepSeek.ClientHandler Sending HTTP request POST https://api.deepseek.com/chat/completions
[16:11:17 INF] System.Net.Http.HttpClient.DeepSeek.ClientHandler Received HTTP response headers after 288.1676ms - 200
[16:11:17 INF] System.Net.Http.HttpClient.DeepSeek.LogicalHandler End processing HTTP request after 295.7758ms - 200
[16:11:17 INF] System.Net.Http.HttpClient.DeepSeek.LogicalHandler Start processing HTTP request POST https://api.deepseek.com/chat/completions
[16:11:17 INF] System.Net.Http.HttpClient.DeepSeek.ClientHandler Sending HTTP request POST https://api.deepseek.com/chat/completions
[16:11:17 INF] System.Net.Http.HttpClient.DeepSeek.ClientHandler Received HTTP response headers after 281.5502ms - 200
[16:11:17 INF] System.Net.Http.HttpClient.DeepSeek.LogicalHandler End processing HTTP request after 289.4446ms - 200
[16:11:18 INF] System.Net.Http.HttpClient.DeepSeek.LogicalHandler Start processing HTTP request POST https://api.deepseek.com/chat/completions
[16:11:18 INF] System.Net.Http.HttpClient.DeepSeek.ClientHandler Sending HTTP request POST https://api.deepseek.com/chat/completions
[16:11:18 INF] System.Net.Http.HttpClient.DeepSeek.ClientHandler Received HTTP response headers after 282.8546ms - 200
[16:11:18 INF] System.Net.Http.HttpClient.DeepSeek.LogicalHandler End processing HTTP request after 290.6151ms - 200
[16:11:18 INF] System.Net.Http.HttpClient.DeepSeek.LogicalHandler Start processing HTTP request POST https://api.deepseek.com/chat/completions
[16:11:18 INF] System.Net.Http.HttpClient.DeepSeek.ClientHandler Sending HTTP request POST https://api.deepseek.com/chat/completions
[16:11:19 INF] System.Net.Http.HttpClient.DeepSeek.ClientHandler Received HTTP response headers after 318.2202ms - 200
[16:11:19 INF] System.Net.Http.HttpClient.DeepSeek.LogicalHandler End processing HTTP request after 325.9302ms - 200
[16:11:19 INF] System.Net.Http.HttpClient.DeepSeek.LogicalHandler Start processing HTTP request POST https://api.deepseek.com/chat/completions
[16:11:19 INF] System.Net.Http.HttpClient.DeepSeek.ClientHandler Sending HTTP request POST https://api.deepseek.com/chat/completions
[16:11:19 INF] System.Net.Http.HttpClient.DeepSeek.ClientHandler Received HTTP response headers after 287.2675ms - 200
[16:11:19 INF] System.Net.Http.HttpClient.DeepSeek.LogicalHandler End processing HTTP request after 295.3266ms - 200
[16:11:19 INF] System.Net.Http.HttpClient.DeepSeek.LogicalHandler Start processing HTTP request POST https://api.deepseek.com/chat/completions
[16:11:19 INF] System.Net.Http.HttpClient.DeepSeek.ClientHandler Sending HTTP request POST https://api.deepseek.com/chat/completions
[16:11:20 INF] System.Net.Http.HttpClient.DeepSeek.ClientHandler Received HTTP response headers after 278.6996ms - 200
[16:11:20 INF] System.Net.Http.HttpClient.DeepSeek.LogicalHandler End processing HTTP request after 286.4044ms - 200
[16:11:22 INF] System.Net.Http.HttpClient.DeepSeek.LogicalHandler Start processing HTTP request POST https://api.deepseek.com/chat/completions
[16:11:22 INF] System.Net.Http.HttpClient.DeepSeek.ClientHandler Sending HTTP request POST https://api.deepseek.com/chat/completions
[16:11:22 INF] System.Net.Http.HttpClient.DeepSeek.ClientHandler Received HTTP response headers after 286.573ms - 200
[16:11:22 INF] System.Net.Http.HttpClient.DeepSeek.LogicalHandler End processing HTTP request after 293.9802ms - 200
[16:11:22 INF] System.Net.Http.HttpClient.DeepSeek.LogicalHandler Start processing HTTP request POST https://api.deepseek.com/chat/completions
[16:11:22 INF] System.Net.Http.HttpClient.DeepSeek.ClientHandler Sending HTTP request POST https://api.deepseek.com/chat/completions
[16:11:23 INF] System.Net.Http.HttpClient.DeepSeek.ClientHandler Received HTTP response headers after 285.9203ms - 200
[16:11:23 INF] System.Net.Http.HttpClient.DeepSeek.LogicalHandler End processing HTTP request after 293.0722ms - 200
[16:11:23 INF] System.Net.Http.HttpClient.DeepSeek.LogicalHandler Start processing HTTP request POST https://api.deepseek.com/chat/completions
[16:11:23 INF] System.Net.Http.HttpClient.DeepSeek.ClientHandler Sending HTTP request POST https://api.deepseek.com/chat/completions
[16:11:23 INF] System.Net.Http.HttpClient.DeepSeek.ClientHandler Received HTTP response headers after 286.3181ms - 200
[16:11:23 INF] System.Net.Http.HttpClient.DeepSeek.LogicalHandler End processing HTTP request after 293.6625ms - 200
[16:11:23 INF] System.Net.Http.HttpClient.DeepSeek.LogicalHandler Start processing HTTP request POST https://api.deepseek.com/chat/completions
[16:11:23 INF] System.Net.Http.HttpClient.DeepSeek.ClientHandler Sending HTTP request POST https://api.deepseek.com/chat/completions
[16:11:23 INF] System.Net.Http.HttpClient.DeepSeek.ClientHandler Received HTTP response headers after 291.5893ms - 200
[16:11:23 INF] System.Net.Http.HttpClient.DeepSeek.LogicalHandler End processing HTTP request after 299.5865ms - 200
[16:11:25 INF] System.Net.Http.HttpClient.DeepSeek.LogicalHandler Start processing HTTP request POST https://api.deepseek.com/chat/completions
[16:11:25 INF] System.Net.Http.HttpClient.DeepSeek.ClientHandler Sending HTTP request POST https://api.deepseek.com/chat/completions
[16:11:25 INF] System.Net.Http.HttpClient.DeepSeek.ClientHandler Received HTTP response headers after 277.2818ms - 200
[16:11:25 INF] System.Net.Http.HttpClient.DeepSeek.LogicalHandler End processing HTTP request after 284.876ms - 200
[16:11:27 INF] System.Net.Http.HttpClient.DeepSeek.LogicalHandler Start processing HTTP request POST https://api.deepseek.com/chat/completions
[16:11:27 INF] System.Net.Http.HttpClient.DeepSeek.ClientHandler Sending HTTP request POST https://api.deepseek.com/chat/completions
[16:11:27 INF] System.Net.Http.HttpClient.DeepSeek.ClientHandler Received HTTP response headers after 280.1064ms - 200
[16:11:27 INF] System.Net.Http.HttpClient.DeepSeek.LogicalHandler End processing HTTP request after 288.0989ms - 200
[16:11:44 INF] System.Net.Http.HttpClient.DeepSeek.LogicalHandler Start processing HTTP request POST https://api.deepseek.com/chat/completions
[16:11:44 INF] System.Net.Http.HttpClient.DeepSeek.ClientHandler Sending HTTP request POST https://api.deepseek.com/chat/completions
[16:11:45 INF] System.Net.Http.HttpClient.DeepSeek.ClientHandler Received HTTP response headers after 282.176ms - 200
[16:11:45 INF] System.Net.Http.HttpClient.DeepSeek.LogicalHandler End processing HTTP request after 291.4232ms - 200
[16:14:56 INF] Microsoft.Hosting.Lifetime Application is shutting down...
[16:20:30 INF] Microsoft.Hosting.Lifetime Now listening on: http://localhost:5213
[16:20:30 INF] Microsoft.Hosting.Lifetime Application started. Press Ctrl+C to shut down.
[16:20:30 INF] Microsoft.Hosting.Lifetime Hosting environment: Development
[16:20:30 INF] Microsoft.Hosting.Lifetime Content root path: C:\Users\luka.osojnik\Documents\Coding\simple-bloomberg-terminal\simple-bloomberg-terminal
[16:20:31 WRN] Microsoft.EntityFrameworkCore.Query Compiling a query which loads related collections for more than one collection navigation, either via 'Include' or through projection, but no 'QuerySplittingBehavior' has been configured. By default, Entity Framework will use 'QuerySplittingBehavior.SingleQuery', which can potentially result in slow query performance. See https://go.microsoft.com/fwlink/?linkid=2134277 for more information. To identify the query that's triggering this warning call 'ConfigureWarnings(w => w.Throw(RelationalEventId.MultipleCollectionIncludeWarning))'.
[16:20:39 INF] System.Net.Http.HttpClient.IStockApiClient.LogicalHandler Start processing HTTP request GET https://data.sec.gov/submissions/CIK0001375365.json
[16:20:39 INF] System.Net.Http.HttpClient.IStockApiClient.ClientHandler Sending HTTP request GET https://data.sec.gov/submissions/CIK0001375365.json
[16:20:40 INF] System.Net.Http.HttpClient.IStockApiClient.ClientHandler Received HTTP response headers after 294.4959ms - 200
[16:20:40 INF] System.Net.Http.HttpClient.IStockApiClient.LogicalHandler End processing HTTP request after 317.3427ms - 200
[16:20:45 INF] System.Net.Http.HttpClient.IStockApiClient.LogicalHandler Start processing HTTP request GET https://www.sec.gov/Archives/edgar/data/1375365/000137536525000027/smci-20250630.htm
[16:20:45 INF] System.Net.Http.HttpClient.IStockApiClient.ClientHandler Sending HTTP request GET https://www.sec.gov/Archives/edgar/data/1375365/000137536525000027/smci-20250630.htm
[16:20:45 INF] System.Net.Http.HttpClient.IStockApiClient.ClientHandler Received HTTP response headers after 171.5009ms - 200
[16:20:45 INF] System.Net.Http.HttpClient.IStockApiClient.LogicalHandler End processing HTTP request after 180.6928ms - 200
[16:20:50 INF] System.Net.Http.HttpClient.DeepSeek.LogicalHandler Start processing HTTP request POST https://api.deepseek.com/chat/completions
[16:20:50 INF] System.Net.Http.HttpClient.DeepSeek.ClientHandler Sending HTTP request POST https://api.deepseek.com/chat/completions
[16:20:50 INF] System.Net.Http.HttpClient.DeepSeek.LogicalHandler Start processing HTTP request POST https://api.deepseek.com/chat/completions
[16:20:50 INF] System.Net.Http.HttpClient.DeepSeek.ClientHandler Sending HTTP request POST https://api.deepseek.com/chat/completions
[16:20:50 INF] System.Net.Http.HttpClient.DeepSeek.LogicalHandler Start processing HTTP request POST https://api.deepseek.com/chat/completions
[16:20:50 INF] System.Net.Http.HttpClient.DeepSeek.ClientHandler Sending HTTP request POST https://api.deepseek.com/chat/completions
[16:20:50 INF] System.Net.Http.HttpClient.DeepSeek.LogicalHandler Start processing HTTP request POST https://api.deepseek.com/chat/completions
[16:20:50 INF] System.Net.Http.HttpClient.DeepSeek.ClientHandler Sending HTTP request POST https://api.deepseek.com/chat/completions
[16:20:50 INF] System.Net.Http.HttpClient.DeepSeek.LogicalHandler Start processing HTTP request POST https://api.deepseek.com/chat/completions
[16:20:50 INF] System.Net.Http.HttpClient.DeepSeek.ClientHandler Sending HTTP request POST https://api.deepseek.com/chat/completions
[16:20:50 INF] System.Net.Http.HttpClient.DeepSeek.LogicalHandler Start processing HTTP request POST https://api.deepseek.com/chat/completions
[16:20:50 INF] System.Net.Http.HttpClient.DeepSeek.ClientHandler Sending HTTP request POST https://api.deepseek.com/chat/completions
[16:20:50 INF] System.Net.Http.HttpClient.DeepSeek.ClientHandler Received HTTP response headers after 335.8141ms - 200
[16:20:50 INF] System.Net.Http.HttpClient.DeepSeek.LogicalHandler End processing HTTP request after 345.175ms - 200
[16:20:50 INF] System.Net.Http.HttpClient.DeepSeek.ClientHandler Received HTTP response headers after 331.1156ms - 200
[16:20:50 INF] System.Net.Http.HttpClient.DeepSeek.ClientHandler Received HTTP response headers after 324.0028ms - 200
[16:20:50 INF] System.Net.Http.HttpClient.DeepSeek.LogicalHandler End processing HTTP request after 340.5032ms - 200
[16:20:50 INF] System.Net.Http.HttpClient.DeepSeek.ClientHandler Received HTTP response headers after 354.8424ms - 200
[16:20:50 INF] System.Net.Http.HttpClient.DeepSeek.LogicalHandler End processing HTTP request after 337.1295ms - 200
[16:20:50 INF] System.Net.Http.HttpClient.DeepSeek.LogicalHandler End processing HTTP request after 369.6696ms - 200
[16:20:50 INF] System.Net.Http.HttpClient.DeepSeek.ClientHandler Received HTTP response headers after 381.5287ms - 200
[16:20:50 INF] System.Net.Http.HttpClient.DeepSeek.LogicalHandler End processing HTTP request after 391.4686ms - 200
[16:20:50 INF] System.Net.Http.HttpClient.DeepSeek.ClientHandler Received HTTP response headers after 373.0909ms - 200
[16:20:50 INF] System.Net.Http.HttpClient.DeepSeek.LogicalHandler End processing HTTP request after 382.4099ms - 200
[16:20:52 INF] System.Net.Http.HttpClient.DeepSeek.LogicalHandler Start processing HTTP request POST https://api.deepseek.com/chat/completions
[16:20:52 INF] System.Net.Http.HttpClient.DeepSeek.ClientHandler Sending HTTP request POST https://api.deepseek.com/chat/completions
[16:20:52 INF] System.Net.Http.HttpClient.DeepSeek.ClientHandler Received HTTP response headers after 311.7038ms - 200
[16:20:52 INF] System.Net.Http.HttpClient.DeepSeek.LogicalHandler End processing HTTP request after 319.42ms - 200
[16:20:53 INF] System.Net.Http.HttpClient.DeepSeek.LogicalHandler Start processing HTTP request POST https://api.deepseek.com/chat/completions
[16:20:53 INF] System.Net.Http.HttpClient.DeepSeek.ClientHandler Sending HTTP request POST https://api.deepseek.com/chat/completions
[16:20:53 INF] System.Net.Http.HttpClient.DeepSeek.ClientHandler Received HTTP response headers after 277.7082ms - 200
[16:20:53 INF] System.Net.Http.HttpClient.DeepSeek.LogicalHandler End processing HTTP request after 286ms - 200
[16:20:53 INF] System.Net.Http.HttpClient.DeepSeek.LogicalHandler Start processing HTTP request POST https://api.deepseek.com/chat/completions
[16:20:53 INF] System.Net.Http.HttpClient.DeepSeek.ClientHandler Sending HTTP request POST https://api.deepseek.com/chat/completions
[16:20:54 INF] System.Net.Http.HttpClient.DeepSeek.ClientHandler Received HTTP response headers after 280.1673ms - 200
[16:20:54 INF] System.Net.Http.HttpClient.DeepSeek.LogicalHandler End processing HTTP request after 288.6148ms - 200
[16:20:54 INF] System.Net.Http.HttpClient.DeepSeek.LogicalHandler Start processing HTTP request POST https://api.deepseek.com/chat/completions
[16:20:54 INF] System.Net.Http.HttpClient.DeepSeek.ClientHandler Sending HTTP request POST https://api.deepseek.com/chat/completions
[16:20:55 INF] System.Net.Http.HttpClient.DeepSeek.LogicalHandler Start processing HTTP request POST https://api.deepseek.com/chat/completions
[16:20:55 INF] System.Net.Http.HttpClient.DeepSeek.ClientHandler Sending HTTP request POST https://api.deepseek.com/chat/completions
[16:20:55 INF] System.Net.Http.HttpClient.DeepSeek.ClientHandler Received HTTP response headers after 278.1705ms - 200
[16:20:55 INF] System.Net.Http.HttpClient.DeepSeek.LogicalHandler End processing HTTP request after 285.515ms - 200
[16:20:55 INF] System.Net.Http.HttpClient.DeepSeek.ClientHandler Received HTTP response headers after 286.336ms - 200
[16:20:55 INF] System.Net.Http.HttpClient.DeepSeek.LogicalHandler End processing HTTP request after 294.6724ms - 200
[16:20:57 INF] System.Net.Http.HttpClient.DeepSeek.LogicalHandler Start processing HTTP request POST https://api.deepseek.com/chat/completions
[16:20:57 INF] System.Net.Http.HttpClient.DeepSeek.ClientHandler Sending HTTP request POST https://api.deepseek.com/chat/completions
[16:20:57 INF] System.Net.Http.HttpClient.DeepSeek.ClientHandler Received HTTP response headers after 355.608ms - 200
[16:20:57 INF] System.Net.Http.HttpClient.DeepSeek.LogicalHandler End processing HTTP request after 363.7924ms - 200
[16:20:57 INF] System.Net.Http.HttpClient.DeepSeek.LogicalHandler Start processing HTTP request POST https://api.deepseek.com/chat/completions
[16:20:57 INF] System.Net.Http.HttpClient.DeepSeek.ClientHandler Sending HTTP request POST https://api.deepseek.com/chat/completions
[16:20:57 INF] System.Net.Http.HttpClient.DeepSeek.LogicalHandler Start processing HTTP request POST https://api.deepseek.com/chat/completions
[16:20:57 INF] System.Net.Http.HttpClient.DeepSeek.ClientHandler Sending HTTP request POST https://api.deepseek.com/chat/completions
[16:20:57 INF] System.Net.Http.HttpClient.DeepSeek.ClientHandler Received HTTP response headers after 276.1592ms - 200
[16:20:57 INF] System.Net.Http.HttpClient.DeepSeek.LogicalHandler End processing HTTP request after 284.1223ms - 200
[16:20:58 INF] System.Net.Http.HttpClient.DeepSeek.LogicalHandler Start processing HTTP request POST https://api.deepseek.com/chat/completions
[16:20:58 INF] System.Net.Http.HttpClient.DeepSeek.ClientHandler Sending HTTP request POST https://api.deepseek.com/chat/completions
[16:20:58 INF] System.Net.Http.HttpClient.DeepSeek.ClientHandler Received HTTP response headers after 288.8469ms - 200
[16:20:58 INF] System.Net.Http.HttpClient.DeepSeek.LogicalHandler End processing HTTP request after 296.7631ms - 200
[16:20:58 INF] System.Net.Http.HttpClient.DeepSeek.ClientHandler Received HTTP response headers after 300.8505ms - 200
[16:20:58 INF] System.Net.Http.HttpClient.DeepSeek.LogicalHandler End processing HTTP request after 309.2934ms - 200
[16:20:59 INF] System.Net.Http.HttpClient.DeepSeek.LogicalHandler Start processing HTTP request POST https://api.deepseek.com/chat/completions
[16:20:59 INF] System.Net.Http.HttpClient.DeepSeek.ClientHandler Sending HTTP request POST https://api.deepseek.com/chat/completions
[16:20:59 INF] System.Net.Http.HttpClient.DeepSeek.LogicalHandler Start processing HTTP request POST https://api.deepseek.com/chat/completions
[16:20:59 INF] System.Net.Http.HttpClient.DeepSeek.LogicalHandler Start processing HTTP request POST https://api.deepseek.com/chat/completions
[16:20:59 INF] System.Net.Http.HttpClient.DeepSeek.ClientHandler Sending HTTP request POST https://api.deepseek.com/chat/completions
[16:20:59 INF] System.Net.Http.HttpClient.DeepSeek.ClientHandler Sending HTTP request POST https://api.deepseek.com/chat/completions
[16:20:59 INF] System.Net.Http.HttpClient.DeepSeek.ClientHandler Received HTTP response headers after 278.8633ms - 200
[16:20:59 INF] System.Net.Http.HttpClient.DeepSeek.LogicalHandler End processing HTTP request after 286.8014ms - 200
[16:20:59 INF] System.Net.Http.HttpClient.DeepSeek.ClientHandler Received HTTP response headers after 281.1377ms - 200
[16:20:59 INF] System.Net.Http.HttpClient.DeepSeek.ClientHandler Received HTTP response headers after 283.831ms - 200
[16:20:59 INF] System.Net.Http.HttpClient.DeepSeek.LogicalHandler End processing HTTP request after 293.8757ms - 200
[16:20:59 INF] System.Net.Http.HttpClient.DeepSeek.LogicalHandler End processing HTTP request after 296.4122ms - 200
[16:21:00 INF] System.Net.Http.HttpClient.DeepSeek.LogicalHandler Start processing HTTP request POST https://api.deepseek.com/chat/completions
[16:21:00 INF] System.Net.Http.HttpClient.DeepSeek.ClientHandler Sending HTTP request POST https://api.deepseek.com/chat/completions
[16:21:00 INF] System.Net.Http.HttpClient.DeepSeek.LogicalHandler Start processing HTTP request POST https://api.deepseek.com/chat/completions
[16:21:00 INF] System.Net.Http.HttpClient.DeepSeek.ClientHandler Sending HTTP request POST https://api.deepseek.com/chat/completions
[16:21:01 INF] System.Net.Http.HttpClient.DeepSeek.LogicalHandler Start processing HTTP request POST https://api.deepseek.com/chat/completions
[16:21:01 INF] System.Net.Http.HttpClient.DeepSeek.ClientHandler Sending HTTP request POST https://api.deepseek.com/chat/completions
[16:21:01 INF] System.Net.Http.HttpClient.DeepSeek.LogicalHandler Start processing HTTP request POST https://api.deepseek.com/chat/completions
[16:21:01 INF] System.Net.Http.HttpClient.DeepSeek.ClientHandler Sending HTTP request POST https://api.deepseek.com/chat/completions
[16:21:01 INF] System.Net.Http.HttpClient.DeepSeek.ClientHandler Received HTTP response headers after 282.815ms - 200
[16:21:01 INF] System.Net.Http.HttpClient.DeepSeek.LogicalHandler End processing HTTP request after 290.86ms - 200
[16:21:01 INF] System.Net.Http.HttpClient.DeepSeek.ClientHandler Received HTTP response headers after 296.3093ms - 200
[16:21:01 INF] System.Net.Http.HttpClient.DeepSeek.LogicalHandler End processing HTTP request after 304.6386ms - 200
[16:21:01 INF] System.Net.Http.HttpClient.DeepSeek.ClientHandler Received HTTP response headers after 299.5008ms - 200
[16:21:01 INF] System.Net.Http.HttpClient.DeepSeek.LogicalHandler End processing HTTP request after 306.7434ms - 200
[16:21:01 INF] System.Net.Http.HttpClient.DeepSeek.ClientHandler Received HTTP response headers after 316.098ms - 200
[16:21:01 INF] System.Net.Http.HttpClient.DeepSeek.LogicalHandler End processing HTTP request after 324.6503ms - 200
[16:21:01 INF] System.Net.Http.HttpClient.DeepSeek.LogicalHandler Start processing HTTP request POST https://api.deepseek.com/chat/completions
[16:21:01 INF] System.Net.Http.HttpClient.DeepSeek.ClientHandler Sending HTTP request POST https://api.deepseek.com/chat/completions
[16:21:01 INF] System.Net.Http.HttpClient.DeepSeek.LogicalHandler Start processing HTTP request POST https://api.deepseek.com/chat/completions
[16:21:01 INF] System.Net.Http.HttpClient.DeepSeek.ClientHandler Sending HTTP request POST https://api.deepseek.com/chat/completions
[16:21:02 INF] System.Net.Http.HttpClient.DeepSeek.ClientHandler Received HTTP response headers after 286.6874ms - 200
[16:21:02 INF] System.Net.Http.HttpClient.DeepSeek.LogicalHandler End processing HTTP request after 294.4032ms - 200
[16:21:02 INF] System.Net.Http.HttpClient.DeepSeek.ClientHandler Received HTTP response headers after 283.215ms - 200
[16:21:02 INF] System.Net.Http.HttpClient.DeepSeek.LogicalHandler End processing HTTP request after 291.1289ms - 200
[16:21:02 INF] System.Net.Http.HttpClient.DeepSeek.LogicalHandler Start processing HTTP request POST https://api.deepseek.com/chat/completions
[16:21:02 INF] System.Net.Http.HttpClient.DeepSeek.ClientHandler Sending HTTP request POST https://api.deepseek.com/chat/completions
[16:21:02 INF] System.Net.Http.HttpClient.DeepSeek.LogicalHandler Start processing HTTP request POST https://api.deepseek.com/chat/completions
[16:21:02 INF] System.Net.Http.HttpClient.DeepSeek.ClientHandler Sending HTTP request POST https://api.deepseek.com/chat/completions
[16:21:03 INF] System.Net.Http.HttpClient.DeepSeek.ClientHandler Received HTTP response headers after 291.0597ms - 200
[16:21:03 INF] System.Net.Http.HttpClient.DeepSeek.LogicalHandler End processing HTTP request after 298.8304ms - 200
[16:21:03 INF] System.Net.Http.HttpClient.DeepSeek.ClientHandler Received HTTP response headers after 284.6387ms - 200
[16:21:03 INF] System.Net.Http.HttpClient.DeepSeek.LogicalHandler End processing HTTP request after 292.8554ms - 200
[16:21:03 INF] System.Net.Http.HttpClient.DeepSeek.LogicalHandler Start processing HTTP request POST https://api.deepseek.com/chat/completions
[16:21:03 INF] System.Net.Http.HttpClient.DeepSeek.ClientHandler Sending HTTP request POST https://api.deepseek.com/chat/completions
[16:21:03 INF] System.Net.Http.HttpClient.DeepSeek.ClientHandler Received HTTP response headers after 280.7252ms - 200
[16:21:03 INF] System.Net.Http.HttpClient.DeepSeek.LogicalHandler End processing HTTP request after 288.9802ms - 200
[16:21:04 INF] System.Net.Http.HttpClient.DeepSeek.LogicalHandler Start processing HTTP request POST https://api.deepseek.com/chat/completions
[16:21:04 INF] System.Net.Http.HttpClient.DeepSeek.ClientHandler Sending HTTP request POST https://api.deepseek.com/chat/completions
[16:21:04 INF] System.Net.Http.HttpClient.DeepSeek.ClientHandler Received HTTP response headers after 281.2366ms - 200
[16:21:04 INF] System.Net.Http.HttpClient.DeepSeek.LogicalHandler End processing HTTP request after 289.3756ms - 200
[16:21:04 INF] System.Net.Http.HttpClient.DeepSeek.LogicalHandler Start processing HTTP request POST https://api.deepseek.com/chat/completions
[16:21:04 INF] System.Net.Http.HttpClient.DeepSeek.ClientHandler Sending HTTP request POST https://api.deepseek.com/chat/completions
[16:21:04 INF] System.Net.Http.HttpClient.DeepSeek.LogicalHandler Start processing HTTP request POST https://api.deepseek.com/chat/completions
[16:21:04 INF] System.Net.Http.HttpClient.DeepSeek.ClientHandler Sending HTTP request POST https://api.deepseek.com/chat/completions
[16:21:04 INF] System.Net.Http.HttpClient.DeepSeek.ClientHandler Received HTTP response headers after 288.0113ms - 200
[16:21:04 INF] System.Net.Http.HttpClient.DeepSeek.LogicalHandler End processing HTTP request after 296.4409ms - 200
[16:21:04 INF] System.Net.Http.HttpClient.DeepSeek.ClientHandler Received HTTP response headers after 290.1591ms - 200
[16:21:04 INF] System.Net.Http.HttpClient.DeepSeek.LogicalHandler End processing HTTP request after 297.5779ms - 200
[16:21:05 INF] System.Net.Http.HttpClient.DeepSeek.LogicalHandler Start processing HTTP request POST https://api.deepseek.com/chat/completions
[16:21:05 INF] System.Net.Http.HttpClient.DeepSeek.ClientHandler Sending HTTP request POST https://api.deepseek.com/chat/completions
[16:21:05 INF] System.Net.Http.HttpClient.DeepSeek.LogicalHandler Start processing HTTP request POST https://api.deepseek.com/chat/completions
[16:21:05 INF] System.Net.Http.HttpClient.DeepSeek.ClientHandler Sending HTTP request POST https://api.deepseek.com/chat/completions
[16:21:05 INF] System.Net.Http.HttpClient.DeepSeek.LogicalHandler Start processing HTTP request POST https://api.deepseek.com/chat/completions
[16:21:05 INF] System.Net.Http.HttpClient.DeepSeek.ClientHandler Sending HTTP request POST https://api.deepseek.com/chat/completions
[16:21:05 INF] System.Net.Http.HttpClient.DeepSeek.ClientHandler Received HTTP response headers after 282.5017ms - 200
[16:21:05 INF] System.Net.Http.HttpClient.DeepSeek.LogicalHandler End processing HTTP request after 290.1414ms - 200
[16:21:05 INF] System.Net.Http.HttpClient.DeepSeek.ClientHandler Received HTTP response headers after 333.9139ms - 200
[16:21:05 INF] System.Net.Http.HttpClient.DeepSeek.LogicalHandler End processing HTTP request after 341.6999ms - 200
[16:21:05 INF] System.Net.Http.HttpClient.DeepSeek.ClientHandler Received HTTP response headers after 279.0529ms - 200
[16:21:05 INF] System.Net.Http.HttpClient.DeepSeek.LogicalHandler End processing HTTP request after 286.9636ms - 200
[16:21:06 INF] System.Net.Http.HttpClient.DeepSeek.LogicalHandler Start processing HTTP request POST https://api.deepseek.com/chat/completions
[16:21:06 INF] System.Net.Http.HttpClient.DeepSeek.ClientHandler Sending HTTP request POST https://api.deepseek.com/chat/completions
[16:21:06 INF] System.Net.Http.HttpClient.DeepSeek.ClientHandler Received HTTP response headers after 288.6558ms - 200
[16:21:06 INF] System.Net.Http.HttpClient.DeepSeek.LogicalHandler End processing HTTP request after 296.2712ms - 200
[16:21:07 INF] System.Net.Http.HttpClient.DeepSeek.LogicalHandler Start processing HTTP request POST https://api.deepseek.com/chat/completions
[16:21:07 INF] System.Net.Http.HttpClient.DeepSeek.ClientHandler Sending HTTP request POST https://api.deepseek.com/chat/completions
[16:21:07 INF] System.Net.Http.HttpClient.DeepSeek.LogicalHandler Start processing HTTP request POST https://api.deepseek.com/chat/completions
[16:21:07 INF] System.Net.Http.HttpClient.DeepSeek.ClientHandler Sending HTTP request POST https://api.deepseek.com/chat/completions
[16:21:08 INF] System.Net.Http.HttpClient.DeepSeek.ClientHandler Received HTTP response headers after 302.6942ms - 200
[16:21:08 INF] System.Net.Http.HttpClient.DeepSeek.LogicalHandler End processing HTTP request after 310.6179ms - 200
[16:21:08 INF] System.Net.Http.HttpClient.DeepSeek.ClientHandler Received HTTP response headers after 295.358ms - 200
[16:21:08 INF] System.Net.Http.HttpClient.DeepSeek.LogicalHandler End processing HTTP request after 303.5333ms - 200
[16:21:08 INF] System.Net.Http.HttpClient.DeepSeek.LogicalHandler Start processing HTTP request POST https://api.deepseek.com/chat/completions
[16:21:08 INF] System.Net.Http.HttpClient.DeepSeek.ClientHandler Sending HTTP request POST https://api.deepseek.com/chat/completions
[16:21:09 INF] System.Net.Http.HttpClient.DeepSeek.ClientHandler Received HTTP response headers after 288.2852ms - 200
[16:21:09 INF] System.Net.Http.HttpClient.DeepSeek.LogicalHandler End processing HTTP request after 296.9988ms - 200
[16:21:09 INF] System.Net.Http.HttpClient.DeepSeek.LogicalHandler Start processing HTTP request POST https://api.deepseek.com/chat/completions
[16:21:09 INF] System.Net.Http.HttpClient.DeepSeek.ClientHandler Sending HTTP request POST https://api.deepseek.com/chat/completions
[16:21:09 INF] System.Net.Http.HttpClient.DeepSeek.ClientHandler Received HTTP response headers after 278.3411ms - 200
[16:21:09 INF] System.Net.Http.HttpClient.DeepSeek.LogicalHandler End processing HTTP request after 292.1822ms - 200
[16:21:10 INF] System.Net.Http.HttpClient.DeepSeek.LogicalHandler Start processing HTTP request POST https://api.deepseek.com/chat/completions
[16:21:10 INF] System.Net.Http.HttpClient.DeepSeek.ClientHandler Sending HTTP request POST https://api.deepseek.com/chat/completions
[16:21:10 INF] System.Net.Http.HttpClient.DeepSeek.ClientHandler Received HTTP response headers after 276.7992ms - 200
[16:21:10 INF] System.Net.Http.HttpClient.DeepSeek.LogicalHandler End processing HTTP request after 284.3788ms - 200
[16:21:10 INF] System.Net.Http.HttpClient.DeepSeek.LogicalHandler Start processing HTTP request POST https://api.deepseek.com/chat/completions
[16:21:10 INF] System.Net.Http.HttpClient.DeepSeek.ClientHandler Sending HTTP request POST https://api.deepseek.com/chat/completions
[16:21:10 INF] System.Net.Http.HttpClient.DeepSeek.LogicalHandler Start processing HTTP request POST https://api.deepseek.com/chat/completions
[16:21:10 INF] System.Net.Http.HttpClient.DeepSeek.ClientHandler Sending HTTP request POST https://api.deepseek.com/chat/completions
[16:21:10 INF] System.Net.Http.HttpClient.DeepSeek.ClientHandler Received HTTP response headers after 285.0133ms - 200
[16:21:10 INF] System.Net.Http.HttpClient.DeepSeek.LogicalHandler End processing HTTP request after 292.7752ms - 200
[16:21:11 INF] System.Net.Http.HttpClient.DeepSeek.ClientHandler Received HTTP response headers after 280.581ms - 200
[16:21:11 INF] System.Net.Http.HttpClient.DeepSeek.LogicalHandler End processing HTTP request after 288.3628ms - 200
[16:21:12 INF] System.Net.Http.HttpClient.DeepSeek.LogicalHandler Start processing HTTP request POST https://api.deepseek.com/chat/completions
[16:21:12 INF] System.Net.Http.HttpClient.DeepSeek.ClientHandler Sending HTTP request POST https://api.deepseek.com/chat/completions
[16:21:12 INF] System.Net.Http.HttpClient.DeepSeek.ClientHandler Received HTTP response headers after 278.1926ms - 200
[16:21:12 INF] System.Net.Http.HttpClient.DeepSeek.LogicalHandler End processing HTTP request after 285.8959ms - 200
[16:21:14 INF] System.Net.Http.HttpClient.DeepSeek.LogicalHandler Start processing HTTP request POST https://api.deepseek.com/chat/completions
[16:21:14 INF] System.Net.Http.HttpClient.DeepSeek.ClientHandler Sending HTTP request POST https://api.deepseek.com/chat/completions
[16:21:14 INF] System.Net.Http.HttpClient.DeepSeek.LogicalHandler Start processing HTTP request POST https://api.deepseek.com/chat/completions
[16:21:14 INF] System.Net.Http.HttpClient.DeepSeek.ClientHandler Sending HTTP request POST https://api.deepseek.com/chat/completions
[16:21:14 INF] System.Net.Http.HttpClient.DeepSeek.ClientHandler Received HTTP response headers after 282.2522ms - 200
[16:21:14 INF] System.Net.Http.HttpClient.DeepSeek.LogicalHandler End processing HTTP request after 290.4629ms - 200
[16:21:14 INF] System.Net.Http.HttpClient.DeepSeek.ClientHandler Received HTTP response headers after 276.6185ms - 200
[16:21:14 INF] System.Net.Http.HttpClient.DeepSeek.LogicalHandler End processing HTTP request after 283.8726ms - 200
[16:21:15 INF] System.Net.Http.HttpClient.DeepSeek.LogicalHandler Start processing HTTP request POST https://api.deepseek.com/chat/completions
[16:21:15 INF] System.Net.Http.HttpClient.DeepSeek.ClientHandler Sending HTTP request POST https://api.deepseek.com/chat/completions
[16:21:15 INF] System.Net.Http.HttpClient.DeepSeek.LogicalHandler Start processing HTTP request POST https://api.deepseek.com/chat/completions
[16:21:15 INF] System.Net.Http.HttpClient.DeepSeek.ClientHandler Sending HTTP request POST https://api.deepseek.com/chat/completions
[16:21:15 INF] System.Net.Http.HttpClient.DeepSeek.ClientHandler Received HTTP response headers after 283.5592ms - 200
[16:21:15 INF] System.Net.Http.HttpClient.DeepSeek.LogicalHandler End processing HTTP request after 290.98ms - 200
[16:21:15 INF] System.Net.Http.HttpClient.DeepSeek.ClientHandler Received HTTP response headers after 307.6292ms - 200
[16:21:15 INF] System.Net.Http.HttpClient.DeepSeek.LogicalHandler End processing HTTP request after 316.2867ms - 200
[16:21:16 INF] System.Net.Http.HttpClient.DeepSeek.LogicalHandler Start processing HTTP request POST https://api.deepseek.com/chat/completions
[16:21:16 INF] System.Net.Http.HttpClient.DeepSeek.ClientHandler Sending HTTP request POST https://api.deepseek.com/chat/completions
[16:21:16 INF] System.Net.Http.HttpClient.DeepSeek.ClientHandler Received HTTP response headers after 270.7414ms - 200
[16:21:16 INF] System.Net.Http.HttpClient.DeepSeek.LogicalHandler End processing HTTP request after 277.8318ms - 200
[16:21:19 INF] System.Net.Http.HttpClient.DeepSeek.LogicalHandler Start processing HTTP request POST https://api.deepseek.com/chat/completions
[16:21:19 INF] System.Net.Http.HttpClient.DeepSeek.ClientHandler Sending HTTP request POST https://api.deepseek.com/chat/completions
[16:21:19 INF] System.Net.Http.HttpClient.DeepSeek.ClientHandler Received HTTP response headers after 287.3459ms - 200
[16:21:19 INF] System.Net.Http.HttpClient.DeepSeek.LogicalHandler End processing HTTP request after 294.6707ms - 200
[16:22:11 INF] simple_bloomberg_terminal.Services.Extraction.Measurement.CounterpartyMeasurementService Measurement lead agent starting for Super Micro Computer, Inc. run 1 using DeepSeek/deepseek-v4-pro | worker=directional-counterparty-worker-v2 | lead=counterparty-ledger-v1; digestChars=3729, contextChars=3731, maxTokens=16000
[16:22:11 INF] System.Net.Http.HttpClient.DeepSeek.LogicalHandler Start processing HTTP request POST https://api.deepseek.com/chat/completions
[16:22:11 INF] System.Net.Http.HttpClient.DeepSeek.ClientHandler Sending HTTP request POST https://api.deepseek.com/chat/completions
[16:22:11 INF] System.Net.Http.HttpClient.DeepSeek.ClientHandler Received HTTP response headers after 290.2975ms - 200
[16:22:11 INF] System.Net.Http.HttpClient.DeepSeek.LogicalHandler End processing HTTP request after 299.3689ms - 200
[16:23:13 INF] System.Net.Http.HttpClient.DeepSeek.LogicalHandler Start processing HTTP request POST https://api.deepseek.com/chat/completions
[16:23:13 INF] System.Net.Http.HttpClient.DeepSeek.ClientHandler Sending HTTP request POST https://api.deepseek.com/chat/completions
[16:23:13 INF] System.Net.Http.HttpClient.DeepSeek.LogicalHandler Start processing HTTP request POST https://api.deepseek.com/chat/completions
[16:23:13 INF] System.Net.Http.HttpClient.DeepSeek.ClientHandler Sending HTTP request POST https://api.deepseek.com/chat/completions
[16:23:13 INF] System.Net.Http.HttpClient.DeepSeek.LogicalHandler Start processing HTTP request POST https://api.deepseek.com/chat/completions
[16:23:13 INF] System.Net.Http.HttpClient.DeepSeek.ClientHandler Sending HTTP request POST https://api.deepseek.com/chat/completions
[16:23:13 INF] System.Net.Http.HttpClient.DeepSeek.LogicalHandler Start processing HTTP request POST https://api.deepseek.com/chat/completions
[16:23:13 INF] System.Net.Http.HttpClient.DeepSeek.ClientHandler Sending HTTP request POST https://api.deepseek.com/chat/completions
[16:23:13 INF] System.Net.Http.HttpClient.DeepSeek.LogicalHandler Start processing HTTP request POST https://api.deepseek.com/chat/completions
[16:23:13 INF] System.Net.Http.HttpClient.DeepSeek.ClientHandler Sending HTTP request POST https://api.deepseek.com/chat/completions
[16:23:13 INF] System.Net.Http.HttpClient.DeepSeek.LogicalHandler Start processing HTTP request POST https://api.deepseek.com/chat/completions
[16:23:13 INF] System.Net.Http.HttpClient.DeepSeek.ClientHandler Sending HTTP request POST https://api.deepseek.com/chat/completions
[16:23:14 INF] System.Net.Http.HttpClient.DeepSeek.ClientHandler Received HTTP response headers after 340.5601ms - 200
[16:23:14 INF] System.Net.Http.HttpClient.DeepSeek.LogicalHandler End processing HTTP request after 350.4369ms - 200
[16:23:14 INF] System.Net.Http.HttpClient.DeepSeek.ClientHandler Received HTTP response headers after 351.9336ms - 200
[16:23:14 INF] System.Net.Http.HttpClient.DeepSeek.ClientHandler Received HTTP response headers after 337.9569ms - 200
[16:23:14 INF] System.Net.Http.HttpClient.DeepSeek.LogicalHandler End processing HTTP request after 363.2132ms - 200
[16:23:14 INF] System.Net.Http.HttpClient.DeepSeek.LogicalHandler End processing HTTP request after 351.5254ms - 200
[16:23:14 INF] System.Net.Http.HttpClient.DeepSeek.ClientHandler Received HTTP response headers after 332.978ms - 200
[16:23:14 INF] System.Net.Http.HttpClient.DeepSeek.LogicalHandler End processing HTTP request after 346.2447ms - 200
[16:23:14 INF] System.Net.Http.HttpClient.DeepSeek.ClientHandler Received HTTP response headers after 349.1663ms - 200
[16:23:14 INF] System.Net.Http.HttpClient.DeepSeek.LogicalHandler End processing HTTP request after 358.6376ms - 200
[16:23:14 INF] System.Net.Http.HttpClient.DeepSeek.ClientHandler Received HTTP response headers after 367.6511ms - 200
[16:23:14 INF] System.Net.Http.HttpClient.DeepSeek.LogicalHandler End processing HTTP request after 377.5483ms - 200
[16:23:16 INF] System.Net.Http.HttpClient.DeepSeek.LogicalHandler Start processing HTTP request POST https://api.deepseek.com/chat/completions
[16:23:16 INF] System.Net.Http.HttpClient.DeepSeek.ClientHandler Sending HTTP request POST https://api.deepseek.com/chat/completions
[16:23:16 INF] System.Net.Http.HttpClient.DeepSeek.LogicalHandler Start processing HTTP request POST https://api.deepseek.com/chat/completions
[16:23:16 INF] System.Net.Http.HttpClient.DeepSeek.ClientHandler Sending HTTP request POST https://api.deepseek.com/chat/completions
[16:23:16 INF] System.Net.Http.HttpClient.DeepSeek.ClientHandler Received HTTP response headers after 278.0574ms - 200
[16:23:16 INF] System.Net.Http.HttpClient.DeepSeek.LogicalHandler End processing HTTP request after 285.6322ms - 200
[16:23:16 INF] System.Net.Http.HttpClient.DeepSeek.ClientHandler Received HTTP response headers after 276.5793ms - 200
[16:23:16 INF] System.Net.Http.HttpClient.DeepSeek.LogicalHandler End processing HTTP request after 283.8684ms - 200
[16:23:17 INF] System.Net.Http.HttpClient.DeepSeek.LogicalHandler Start processing HTTP request POST https://api.deepseek.com/chat/completions
[16:23:17 INF] System.Net.Http.HttpClient.DeepSeek.ClientHandler Sending HTTP request POST https://api.deepseek.com/chat/completions
[16:23:17 INF] System.Net.Http.HttpClient.DeepSeek.LogicalHandler Start processing HTTP request POST https://api.deepseek.com/chat/completions
[16:23:17 INF] System.Net.Http.HttpClient.DeepSeek.ClientHandler Sending HTTP request POST https://api.deepseek.com/chat/completions
[16:23:17 INF] System.Net.Http.HttpClient.DeepSeek.LogicalHandler Start processing HTTP request POST https://api.deepseek.com/chat/completions
[16:23:17 INF] System.Net.Http.HttpClient.DeepSeek.ClientHandler Sending HTTP request POST https://api.deepseek.com/chat/completions
[16:23:17 INF] System.Net.Http.HttpClient.DeepSeek.LogicalHandler Start processing HTTP request POST https://api.deepseek.com/chat/completions
[16:23:17 INF] System.Net.Http.HttpClient.DeepSeek.ClientHandler Sending HTTP request POST https://api.deepseek.com/chat/completions
[16:23:17 INF] System.Net.Http.HttpClient.DeepSeek.LogicalHandler Start processing HTTP request POST https://api.deepseek.com/chat/completions
[16:23:17 INF] System.Net.Http.HttpClient.DeepSeek.ClientHandler Sending HTTP request POST https://api.deepseek.com/chat/completions
[16:23:17 INF] System.Net.Http.HttpClient.DeepSeek.LogicalHandler Start processing HTTP request POST https://api.deepseek.com/chat/completions
[16:23:17 INF] System.Net.Http.HttpClient.DeepSeek.ClientHandler Sending HTTP request POST https://api.deepseek.com/chat/completions
[16:23:17 INF] System.Net.Http.HttpClient.DeepSeek.ClientHandler Received HTTP response headers after 297.2377ms - 200
[16:23:17 INF] System.Net.Http.HttpClient.DeepSeek.LogicalHandler End processing HTTP request after 307.0735ms - 200
[16:23:17 INF] System.Net.Http.HttpClient.DeepSeek.ClientHandler Received HTTP response headers after 294.3963ms - 200
[16:23:17 INF] System.Net.Http.HttpClient.DeepSeek.LogicalHandler End processing HTTP request after 305.9393ms - 200
[16:23:18 INF] System.Net.Http.HttpClient.DeepSeek.ClientHandler Received HTTP response headers after 304.157ms - 200
[16:23:18 INF] System.Net.Http.HttpClient.DeepSeek.LogicalHandler End processing HTTP request after 313.723ms - 200
[16:23:18 INF] System.Net.Http.HttpClient.DeepSeek.ClientHandler Received HTTP response headers after 303.9038ms - 200
[16:23:18 INF] System.Net.Http.HttpClient.DeepSeek.ClientHandler Received HTTP response headers after 317.8034ms - 200
[16:23:18 INF] System.Net.Http.HttpClient.DeepSeek.LogicalHandler End processing HTTP request after 313.0597ms - 200
[16:23:18 INF] System.Net.Http.HttpClient.DeepSeek.LogicalHandler End processing HTTP request after 329.3694ms - 200
[16:23:18 INF] System.Net.Http.HttpClient.DeepSeek.ClientHandler Received HTTP response headers after 304.3557ms - 200
[16:23:18 INF] System.Net.Http.HttpClient.DeepSeek.LogicalHandler End processing HTTP request after 317.3854ms - 200
[16:23:18 INF] System.Net.Http.HttpClient.DeepSeek.LogicalHandler Start processing HTTP request POST https://api.deepseek.com/chat/completions
[16:23:18 INF] System.Net.Http.HttpClient.DeepSeek.ClientHandler Sending HTTP request POST https://api.deepseek.com/chat/completions
[16:23:18 INF] System.Net.Http.HttpClient.DeepSeek.ClientHandler Received HTTP response headers after 282.5697ms - 200
[16:23:18 INF] System.Net.Http.HttpClient.DeepSeek.LogicalHandler End processing HTTP request after 290.1949ms - 200
[16:23:19 INF] System.Net.Http.HttpClient.DeepSeek.LogicalHandler Start processing HTTP request POST https://api.deepseek.com/chat/completions
[16:23:19 INF] System.Net.Http.HttpClient.DeepSeek.ClientHandler Sending HTTP request POST https://api.deepseek.com/chat/completions
[16:23:19 INF] System.Net.Http.HttpClient.DeepSeek.LogicalHandler Start processing HTTP request POST https://api.deepseek.com/chat/completions
[16:23:19 INF] System.Net.Http.HttpClient.DeepSeek.ClientHandler Sending HTTP request POST https://api.deepseek.com/chat/completions
[16:23:19 INF] System.Net.Http.HttpClient.DeepSeek.ClientHandler Received HTTP response headers after 279.919ms - 200
[16:23:19 INF] System.Net.Http.HttpClient.DeepSeek.LogicalHandler End processing HTTP request after 287.6994ms - 200
[16:23:19 INF] System.Net.Http.HttpClient.DeepSeek.ClientHandler Received HTTP response headers after 292.0794ms - 200
[16:23:19 INF] System.Net.Http.HttpClient.DeepSeek.LogicalHandler End processing HTTP request after 300.0189ms - 200
[16:23:20 INF] System.Net.Http.HttpClient.DeepSeek.LogicalHandler Start processing HTTP request POST https://api.deepseek.com/chat/completions
[16:23:20 INF] System.Net.Http.HttpClient.DeepSeek.ClientHandler Sending HTTP request POST https://api.deepseek.com/chat/completions
[16:23:20 INF] System.Net.Http.HttpClient.DeepSeek.LogicalHandler Start processing HTTP request POST https://api.deepseek.com/chat/completions
[16:23:20 INF] System.Net.Http.HttpClient.DeepSeek.ClientHandler Sending HTTP request POST https://api.deepseek.com/chat/completions
[16:23:20 INF] System.Net.Http.HttpClient.DeepSeek.LogicalHandler Start processing HTTP request POST https://api.deepseek.com/chat/completions
[16:23:20 INF] System.Net.Http.HttpClient.DeepSeek.ClientHandler Sending HTTP request POST https://api.deepseek.com/chat/completions
[16:23:20 INF] System.Net.Http.HttpClient.DeepSeek.ClientHandler Received HTTP response headers after 268.7172ms - 200
[16:23:20 INF] System.Net.Http.HttpClient.DeepSeek.LogicalHandler End processing HTTP request after 276.691ms - 200
[16:23:21 INF] System.Net.Http.HttpClient.DeepSeek.ClientHandler Received HTTP response headers after 293.1249ms - 200
[16:23:21 INF] System.Net.Http.HttpClient.DeepSeek.LogicalHandler End processing HTTP request after 300.7008ms - 200
[16:23:21 INF] System.Net.Http.HttpClient.DeepSeek.ClientHandler Received HTTP response headers after 275.6953ms - 200
[16:23:21 INF] System.Net.Http.HttpClient.DeepSeek.LogicalHandler End processing HTTP request after 283.6729ms - 200
[16:23:21 INF] System.Net.Http.HttpClient.DeepSeek.LogicalHandler Start processing HTTP request POST https://api.deepseek.com/chat/completions
[16:23:21 INF] System.Net.Http.HttpClient.DeepSeek.ClientHandler Sending HTTP request POST https://api.deepseek.com/chat/completions
[16:23:21 INF] System.Net.Http.HttpClient.DeepSeek.LogicalHandler Start processing HTTP request POST https://api.deepseek.com/chat/completions
[16:23:21 INF] System.Net.Http.HttpClient.DeepSeek.ClientHandler Sending HTTP request POST https://api.deepseek.com/chat/completions
[16:23:21 INF] System.Net.Http.HttpClient.DeepSeek.ClientHandler Received HTTP response headers after 279.8033ms - 200
[16:23:21 INF] System.Net.Http.HttpClient.DeepSeek.LogicalHandler End processing HTTP request after 287.3771ms - 200
[16:23:21 INF] System.Net.Http.HttpClient.DeepSeek.LogicalHandler Start processing HTTP request POST https://api.deepseek.com/chat/completions
[16:23:21 INF] System.Net.Http.HttpClient.DeepSeek.ClientHandler Sending HTTP request POST https://api.deepseek.com/chat/completions
[16:23:21 INF] System.Net.Http.HttpClient.DeepSeek.ClientHandler Received HTTP response headers after 317.6613ms - 200
[16:23:21 INF] System.Net.Http.HttpClient.DeepSeek.LogicalHandler End processing HTTP request after 325.5883ms - 200
[16:23:21 INF] System.Net.Http.HttpClient.DeepSeek.LogicalHandler Start processing HTTP request POST https://api.deepseek.com/chat/completions
[16:23:21 INF] System.Net.Http.HttpClient.DeepSeek.ClientHandler Sending HTTP request POST https://api.deepseek.com/chat/completions
[16:23:21 INF] System.Net.Http.HttpClient.DeepSeek.LogicalHandler Start processing HTTP request POST https://api.deepseek.com/chat/completions
[16:23:21 INF] System.Net.Http.HttpClient.DeepSeek.ClientHandler Sending HTTP request POST https://api.deepseek.com/chat/completions
[16:23:21 INF] System.Net.Http.HttpClient.DeepSeek.LogicalHandler Start processing HTTP request POST https://api.deepseek.com/chat/completions
[16:23:21 INF] System.Net.Http.HttpClient.DeepSeek.ClientHandler Sending HTTP request POST https://api.deepseek.com/chat/completions
[16:23:21 INF] System.Net.Http.HttpClient.DeepSeek.LogicalHandler Start processing HTTP request POST https://api.deepseek.com/chat/completions
[16:23:21 INF] System.Net.Http.HttpClient.DeepSeek.ClientHandler Sending HTTP request POST https://api.deepseek.com/chat/completions
[16:23:21 INF] System.Net.Http.HttpClient.DeepSeek.LogicalHandler Start processing HTTP request POST https://api.deepseek.com/chat/completions
[16:23:21 INF] System.Net.Http.HttpClient.DeepSeek.ClientHandler Sending HTTP request POST https://api.deepseek.com/chat/completions
[16:23:21 INF] System.Net.Http.HttpClient.DeepSeek.LogicalHandler Start processing HTTP request POST https://api.deepseek.com/chat/completions
[16:23:21 INF] System.Net.Http.HttpClient.DeepSeek.ClientHandler Sending HTTP request POST https://api.deepseek.com/chat/completions
[16:23:21 INF] System.Net.Http.HttpClient.DeepSeek.ClientHandler Received HTTP response headers after 277.42ms - 200
[16:23:21 INF] System.Net.Http.HttpClient.DeepSeek.LogicalHandler End processing HTTP request after 286.3172ms - 200
[16:23:22 INF] System.Net.Http.HttpClient.DeepSeek.ClientHandler Received HTTP response headers after 297.6991ms - 200
[16:23:22 INF] System.Net.Http.HttpClient.DeepSeek.LogicalHandler End processing HTTP request after 307.0839ms - 200
[16:23:22 INF] System.Net.Http.HttpClient.DeepSeek.ClientHandler Received HTTP response headers after 310.6834ms - 200
[16:23:22 INF] System.Net.Http.HttpClient.DeepSeek.LogicalHandler Start processing HTTP request POST https://api.deepseek.com/chat/completions
[16:23:22 INF] System.Net.Http.HttpClient.DeepSeek.LogicalHandler End processing HTTP request after 319.5724ms - 200
[16:23:22 INF] System.Net.Http.HttpClient.DeepSeek.ClientHandler Sending HTTP request POST https://api.deepseek.com/chat/completions
[16:23:22 INF] System.Net.Http.HttpClient.DeepSeek.ClientHandler Received HTTP response headers after 300.2636ms - 200
[16:23:22 INF] System.Net.Http.HttpClient.DeepSeek.LogicalHandler End processing HTTP request after 310.0585ms - 200
[16:23:22 INF] System.Net.Http.HttpClient.DeepSeek.ClientHandler Received HTTP response headers after 308.0205ms - 200
[16:23:22 INF] System.Net.Http.HttpClient.DeepSeek.LogicalHandler End processing HTTP request after 317.7074ms - 200
[16:23:22 INF] System.Net.Http.HttpClient.DeepSeek.ClientHandler Received HTTP response headers after 340.5145ms - 200
[16:23:22 INF] System.Net.Http.HttpClient.DeepSeek.LogicalHandler End processing HTTP request after 349.9227ms - 200
[16:23:22 INF] System.Net.Http.HttpClient.DeepSeek.ClientHandler Received HTTP response headers after 370.1084ms - 200
[16:23:22 INF] System.Net.Http.HttpClient.DeepSeek.LogicalHandler End processing HTTP request after 380.1357ms - 200
[16:23:22 INF] System.Net.Http.HttpClient.DeepSeek.LogicalHandler Start processing HTTP request POST https://api.deepseek.com/chat/completions
[16:23:22 INF] System.Net.Http.HttpClient.DeepSeek.ClientHandler Sending HTTP request POST https://api.deepseek.com/chat/completions
[16:23:22 INF] System.Net.Http.HttpClient.DeepSeek.ClientHandler Received HTTP response headers after 280.2091ms - 200
[16:23:22 INF] System.Net.Http.HttpClient.DeepSeek.LogicalHandler End processing HTTP request after 293.0858ms - 200
[16:23:22 INF] System.Net.Http.HttpClient.DeepSeek.ClientHandler Received HTTP response headers after 281.7685ms - 200
[16:23:22 INF] System.Net.Http.HttpClient.DeepSeek.LogicalHandler End processing HTTP request after 289.2384ms - 200
[16:23:22 INF] System.Net.Http.HttpClient.DeepSeek.LogicalHandler Start processing HTTP request POST https://api.deepseek.com/chat/completions
[16:23:22 INF] System.Net.Http.HttpClient.DeepSeek.ClientHandler Sending HTTP request POST https://api.deepseek.com/chat/completions
[16:23:22 INF] System.Net.Http.HttpClient.DeepSeek.LogicalHandler Start processing HTTP request POST https://api.deepseek.com/chat/completions
[16:23:22 INF] System.Net.Http.HttpClient.DeepSeek.ClientHandler Sending HTTP request POST https://api.deepseek.com/chat/completions
[16:23:22 INF] System.Net.Http.HttpClient.DeepSeek.LogicalHandler Start processing HTTP request POST https://api.deepseek.com/chat/completions
[16:23:22 INF] System.Net.Http.HttpClient.DeepSeek.ClientHandler Sending HTTP request POST https://api.deepseek.com/chat/completions
[16:23:22 INF] System.Net.Http.HttpClient.DeepSeek.ClientHandler Received HTTP response headers after 273.3489ms - 200
[16:23:22 INF] System.Net.Http.HttpClient.DeepSeek.LogicalHandler End processing HTTP request after 280.8858ms - 200
[16:23:22 INF] System.Net.Http.HttpClient.DeepSeek.ClientHandler Received HTTP response headers after 286.1473ms - 200
[16:23:22 INF] System.Net.Http.HttpClient.DeepSeek.LogicalHandler End processing HTTP request after 293.3905ms - 200
[16:23:23 INF] System.Net.Http.HttpClient.DeepSeek.ClientHandler Received HTTP response headers after 294.7683ms - 200
[16:23:23 INF] System.Net.Http.HttpClient.DeepSeek.LogicalHandler End processing HTTP request after 302.0885ms - 200
[16:23:23 INF] System.Net.Http.HttpClient.DeepSeek.LogicalHandler Start processing HTTP request POST https://api.deepseek.com/chat/completions
[16:23:23 INF] System.Net.Http.HttpClient.DeepSeek.ClientHandler Sending HTTP request POST https://api.deepseek.com/chat/completions
[16:23:23 INF] System.Net.Http.HttpClient.DeepSeek.LogicalHandler Start processing HTTP request POST https://api.deepseek.com/chat/completions
[16:23:23 INF] System.Net.Http.HttpClient.DeepSeek.ClientHandler Sending HTTP request POST https://api.deepseek.com/chat/completions
[16:23:23 INF] System.Net.Http.HttpClient.DeepSeek.LogicalHandler Start processing HTTP request POST https://api.deepseek.com/chat/completions
[16:23:23 INF] System.Net.Http.HttpClient.DeepSeek.ClientHandler Sending HTTP request POST https://api.deepseek.com/chat/completions
[16:23:23 INF] System.Net.Http.HttpClient.DeepSeek.ClientHandler Received HTTP response headers after 289.5368ms - 200
[16:23:23 INF] System.Net.Http.HttpClient.DeepSeek.LogicalHandler End processing HTTP request after 297.2955ms - 200
[16:23:23 INF] System.Net.Http.HttpClient.DeepSeek.ClientHandler Received HTTP response headers after 306.7326ms - 200
[16:23:23 INF] System.Net.Http.HttpClient.DeepSeek.LogicalHandler End processing HTTP request after 314.2537ms - 200
[16:23:23 INF] System.Net.Http.HttpClient.DeepSeek.ClientHandler Received HTTP response headers after 275.4525ms - 200
[16:23:23 INF] System.Net.Http.HttpClient.DeepSeek.LogicalHandler End processing HTTP request after 283.1535ms - 200
[16:23:23 INF] System.Net.Http.HttpClient.DeepSeek.LogicalHandler Start processing HTTP request POST https://api.deepseek.com/chat/completions
[16:23:23 INF] System.Net.Http.HttpClient.DeepSeek.ClientHandler Sending HTTP request POST https://api.deepseek.com/chat/completions
[16:23:23 INF] System.Net.Http.HttpClient.DeepSeek.LogicalHandler Start processing HTTP request POST https://api.deepseek.com/chat/completions
[16:23:23 INF] System.Net.Http.HttpClient.DeepSeek.ClientHandler Sending HTTP request POST https://api.deepseek.com/chat/completions
[16:23:24 INF] System.Net.Http.HttpClient.DeepSeek.ClientHandler Received HTTP response headers after 272.4264ms - 200
[16:23:24 INF] System.Net.Http.HttpClient.DeepSeek.LogicalHandler End processing HTTP request after 279.6259ms - 200
[16:23:24 INF] System.Net.Http.HttpClient.DeepSeek.LogicalHandler Start processing HTTP request POST https://api.deepseek.com/chat/completions
[16:23:24 INF] System.Net.Http.HttpClient.DeepSeek.ClientHandler Sending HTTP request POST https://api.deepseek.com/chat/completions
[16:23:24 INF] System.Net.Http.HttpClient.DeepSeek.ClientHandler Received HTTP response headers after 337.6409ms - 200
[16:23:24 INF] System.Net.Http.HttpClient.DeepSeek.LogicalHandler End processing HTTP request after 344.9183ms - 200
[16:23:24 INF] System.Net.Http.HttpClient.DeepSeek.ClientHandler Received HTTP response headers after 290.4532ms - 200
[16:23:24 INF] System.Net.Http.HttpClient.DeepSeek.LogicalHandler End processing HTTP request after 299.6857ms - 200
[16:23:24 INF] System.Net.Http.HttpClient.DeepSeek.LogicalHandler Start processing HTTP request POST https://api.deepseek.com/chat/completions
[16:23:24 INF] System.Net.Http.HttpClient.DeepSeek.ClientHandler Sending HTTP request POST https://api.deepseek.com/chat/completions
[16:23:24 INF] System.Net.Http.HttpClient.DeepSeek.LogicalHandler Start processing HTTP request POST https://api.deepseek.com/chat/completions
[16:23:24 INF] System.Net.Http.HttpClient.DeepSeek.ClientHandler Sending HTTP request POST https://api.deepseek.com/chat/completions
[16:23:25 INF] System.Net.Http.HttpClient.DeepSeek.ClientHandler Received HTTP response headers after 278.3372ms - 200
[16:23:25 INF] System.Net.Http.HttpClient.DeepSeek.LogicalHandler End processing HTTP request after 285.8281ms - 200
[16:23:25 INF] System.Net.Http.HttpClient.DeepSeek.ClientHandler Received HTTP response headers after 300.7352ms - 200
[16:23:25 INF] System.Net.Http.HttpClient.DeepSeek.LogicalHandler End processing HTTP request after 307.732ms - 200
[16:23:25 INF] System.Net.Http.HttpClient.DeepSeek.LogicalHandler Start processing HTTP request POST https://api.deepseek.com/chat/completions
[16:23:25 INF] System.Net.Http.HttpClient.DeepSeek.ClientHandler Sending HTTP request POST https://api.deepseek.com/chat/completions
[16:23:25 INF] System.Net.Http.HttpClient.DeepSeek.LogicalHandler Start processing HTTP request POST https://api.deepseek.com/chat/completions
[16:23:25 INF] System.Net.Http.HttpClient.DeepSeek.ClientHandler Sending HTTP request POST https://api.deepseek.com/chat/completions
[16:23:25 INF] System.Net.Http.HttpClient.DeepSeek.LogicalHandler Start processing HTTP request POST https://api.deepseek.com/chat/completions
[16:23:25 INF] System.Net.Http.HttpClient.DeepSeek.ClientHandler Sending HTTP request POST https://api.deepseek.com/chat/completions
[16:23:25 INF] System.Net.Http.HttpClient.DeepSeek.ClientHandler Received HTTP response headers after 309.0956ms - 200
[16:23:25 INF] System.Net.Http.HttpClient.DeepSeek.LogicalHandler End processing HTTP request after 316.3271ms - 200
[16:23:25 INF] System.Net.Http.HttpClient.DeepSeek.ClientHandler Received HTTP response headers after 294.2406ms - 200
[16:23:25 INF] System.Net.Http.HttpClient.DeepSeek.LogicalHandler End processing HTTP request after 301.885ms - 200
[16:23:25 INF] System.Net.Http.HttpClient.DeepSeek.ClientHandler Received HTTP response headers after 283.6202ms - 200
[16:23:25 INF] System.Net.Http.HttpClient.DeepSeek.LogicalHandler End processing HTTP request after 290.6788ms - 200
[16:23:25 INF] System.Net.Http.HttpClient.DeepSeek.LogicalHandler Start processing HTTP request POST https://api.deepseek.com/chat/completions
[16:23:25 INF] System.Net.Http.HttpClient.DeepSeek.ClientHandler Sending HTTP request POST https://api.deepseek.com/chat/completions
[16:23:25 INF] System.Net.Http.HttpClient.DeepSeek.LogicalHandler Start processing HTTP request POST https://api.deepseek.com/chat/completions
[16:23:25 INF] System.Net.Http.HttpClient.DeepSeek.ClientHandler Sending HTTP request POST https://api.deepseek.com/chat/completions
[16:23:25 INF] System.Net.Http.HttpClient.DeepSeek.LogicalHandler Start processing HTTP request POST https://api.deepseek.com/chat/completions
[16:23:25 INF] System.Net.Http.HttpClient.DeepSeek.ClientHandler Sending HTTP request POST https://api.deepseek.com/chat/completions
[16:23:26 INF] System.Net.Http.HttpClient.DeepSeek.LogicalHandler Start processing HTTP request POST https://api.deepseek.com/chat/completions
[16:23:26 INF] System.Net.Http.HttpClient.DeepSeek.ClientHandler Sending HTTP request POST https://api.deepseek.com/chat/completions
[16:23:26 INF] System.Net.Http.HttpClient.DeepSeek.ClientHandler Received HTTP response headers after 294.2055ms - 200
[16:23:26 INF] System.Net.Http.HttpClient.DeepSeek.LogicalHandler End processing HTTP request after 301.6919ms - 200
[16:23:26 INF] System.Net.Http.HttpClient.DeepSeek.ClientHandler Received HTTP response headers after 316.6388ms - 200
[16:23:26 INF] System.Net.Http.HttpClient.DeepSeek.LogicalHandler End processing HTTP request after 324.401ms - 200
[16:23:26 INF] System.Net.Http.HttpClient.DeepSeek.ClientHandler Received HTTP response headers after 276.2046ms - 200
[16:23:26 INF] System.Net.Http.HttpClient.DeepSeek.LogicalHandler End processing HTTP request after 286.2589ms - 200
[16:23:26 INF] System.Net.Http.HttpClient.DeepSeek.LogicalHandler Start processing HTTP request POST https://api.deepseek.com/chat/completions
[16:23:26 INF] System.Net.Http.HttpClient.DeepSeek.ClientHandler Sending HTTP request POST https://api.deepseek.com/chat/completions
[16:23:26 INF] System.Net.Http.HttpClient.DeepSeek.LogicalHandler Start processing HTTP request POST https://api.deepseek.com/chat/completions
[16:23:26 INF] System.Net.Http.HttpClient.DeepSeek.ClientHandler Sending HTTP request POST https://api.deepseek.com/chat/completions
[16:23:26 INF] System.Net.Http.HttpClient.DeepSeek.LogicalHandler Start processing HTTP request POST https://api.deepseek.com/chat/completions
[16:23:26 INF] System.Net.Http.HttpClient.DeepSeek.ClientHandler Sending HTTP request POST https://api.deepseek.com/chat/completions
[16:23:26 INF] System.Net.Http.HttpClient.DeepSeek.LogicalHandler Start processing HTTP request POST https://api.deepseek.com/chat/completions
[16:23:26 INF] System.Net.Http.HttpClient.DeepSeek.ClientHandler Sending HTTP request POST https://api.deepseek.com/chat/completions
[16:23:26 INF] System.Net.Http.HttpClient.DeepSeek.LogicalHandler Start processing HTTP request POST https://api.deepseek.com/chat/completions
[16:23:26 INF] System.Net.Http.HttpClient.DeepSeek.ClientHandler Sending HTTP request POST https://api.deepseek.com/chat/completions
[16:23:26 INF] System.Net.Http.HttpClient.DeepSeek.LogicalHandler Start processing HTTP request POST https://api.deepseek.com/chat/completions
[16:23:26 INF] System.Net.Http.HttpClient.DeepSeek.ClientHandler Sending HTTP request POST https://api.deepseek.com/chat/completions
[16:23:26 INF] System.Net.Http.HttpClient.DeepSeek.ClientHandler Received HTTP response headers after 291.6697ms - 200
[16:23:26 INF] System.Net.Http.HttpClient.DeepSeek.LogicalHandler End processing HTTP request after 300.0546ms - 200
[16:23:26 INF] System.Net.Http.HttpClient.DeepSeek.ClientHandler Received HTTP response headers after 285.9886ms - 200
[16:23:26 INF] System.Net.Http.HttpClient.DeepSeek.LogicalHandler End processing HTTP request after 295.1984ms - 200
[16:23:26 INF] System.Net.Http.HttpClient.DeepSeek.ClientHandler Received HTTP response headers after 312.4855ms - 200
[16:23:26 INF] System.Net.Http.HttpClient.DeepSeek.ClientHandler Received HTTP response headers after 291.3571ms - 200
[16:23:26 INF] System.Net.Http.HttpClient.DeepSeek.LogicalHandler End processing HTTP request after 322.49ms - 200
[16:23:26 INF] System.Net.Http.HttpClient.DeepSeek.LogicalHandler End processing HTTP request after 303.5444ms - 200
[16:23:26 INF] System.Net.Http.HttpClient.DeepSeek.ClientHandler Received HTTP response headers after 292.2284ms - 200
[16:23:26 INF] System.Net.Http.HttpClient.DeepSeek.LogicalHandler End processing HTTP request after 304.4411ms - 200
[16:23:26 INF] System.Net.Http.HttpClient.DeepSeek.ClientHandler Received HTTP response headers after 301.0223ms - 200
[16:23:26 INF] System.Net.Http.HttpClient.DeepSeek.LogicalHandler End processing HTTP request after 311.9194ms - 200
[16:23:26 INF] System.Net.Http.HttpClient.DeepSeek.ClientHandler Received HTTP response headers after 342.7364ms - 200
[16:23:26 INF] System.Net.Http.HttpClient.DeepSeek.LogicalHandler End processing HTTP request after 353.3633ms - 200
[16:23:26 INF] System.Net.Http.HttpClient.DeepSeek.LogicalHandler Start processing HTTP request POST https://api.deepseek.com/chat/completions
[16:23:26 INF] System.Net.Http.HttpClient.DeepSeek.ClientHandler Sending HTTP request POST https://api.deepseek.com/chat/completions
[16:23:27 INF] System.Net.Http.HttpClient.DeepSeek.ClientHandler Received HTTP response headers after 293.9372ms - 200
[16:23:27 INF] System.Net.Http.HttpClient.DeepSeek.LogicalHandler End processing HTTP request after 301.5131ms - 200
[16:23:27 INF] System.Net.Http.HttpClient.DeepSeek.LogicalHandler Start processing HTTP request POST https://api.deepseek.com/chat/completions
[16:23:27 INF] System.Net.Http.HttpClient.DeepSeek.ClientHandler Sending HTTP request POST https://api.deepseek.com/chat/completions
[16:23:27 INF] System.Net.Http.HttpClient.DeepSeek.LogicalHandler Start processing HTTP request POST https://api.deepseek.com/chat/completions
[16:23:27 INF] System.Net.Http.HttpClient.DeepSeek.ClientHandler Sending HTTP request POST https://api.deepseek.com/chat/completions
[16:23:27 INF] System.Net.Http.HttpClient.DeepSeek.LogicalHandler Start processing HTTP request POST https://api.deepseek.com/chat/completions
[16:23:27 INF] System.Net.Http.HttpClient.DeepSeek.ClientHandler Sending HTTP request POST https://api.deepseek.com/chat/completions
[16:23:27 INF] System.Net.Http.HttpClient.DeepSeek.ClientHandler Received HTTP response headers after 290.239ms - 200
[16:23:27 INF] System.Net.Http.HttpClient.DeepSeek.LogicalHandler End processing HTTP request after 298.4334ms - 200
[16:23:27 INF] System.Net.Http.HttpClient.DeepSeek.ClientHandler Received HTTP response headers after 277.3205ms - 200
[16:23:27 INF] System.Net.Http.HttpClient.DeepSeek.LogicalHandler End processing HTTP request after 286.8582ms - 200
[16:23:27 INF] System.Net.Http.HttpClient.DeepSeek.ClientHandler Received HTTP response headers after 285.9658ms - 200
[16:23:27 INF] System.Net.Http.HttpClient.DeepSeek.LogicalHandler End processing HTTP request after 293.8805ms - 200
[16:23:27 INF] System.Net.Http.HttpClient.DeepSeek.LogicalHandler Start processing HTTP request POST https://api.deepseek.com/chat/completions
[16:23:27 INF] System.Net.Http.HttpClient.DeepSeek.ClientHandler Sending HTTP request POST https://api.deepseek.com/chat/completions
[16:23:27 INF] System.Net.Http.HttpClient.DeepSeek.LogicalHandler Start processing HTTP request POST https://api.deepseek.com/chat/completions
[16:23:27 INF] System.Net.Http.HttpClient.DeepSeek.ClientHandler Sending HTTP request POST https://api.deepseek.com/chat/completions
[16:23:27 INF] System.Net.Http.HttpClient.DeepSeek.ClientHandler Received HTTP response headers after 294.666ms - 200
[16:23:27 INF] System.Net.Http.HttpClient.DeepSeek.LogicalHandler End processing HTTP request after 301.9997ms - 200
[16:23:28 INF] System.Net.Http.HttpClient.DeepSeek.LogicalHandler Start processing HTTP request POST https://api.deepseek.com/chat/completions
[16:23:28 INF] System.Net.Http.HttpClient.DeepSeek.ClientHandler Sending HTTP request POST https://api.deepseek.com/chat/completions
[16:23:28 INF] System.Net.Http.HttpClient.DeepSeek.LogicalHandler Start processing HTTP request POST https://api.deepseek.com/chat/completions
[16:23:28 INF] System.Net.Http.HttpClient.DeepSeek.ClientHandler Sending HTTP request POST https://api.deepseek.com/chat/completions
[16:23:28 INF] System.Net.Http.HttpClient.DeepSeek.LogicalHandler Start processing HTTP request POST https://api.deepseek.com/chat/completions
[16:23:28 INF] System.Net.Http.HttpClient.DeepSeek.ClientHandler Sending HTTP request POST https://api.deepseek.com/chat/completions
[16:23:28 INF] System.Net.Http.HttpClient.DeepSeek.ClientHandler Received HTTP response headers after 283.5748ms - 200
[16:23:28 INF] System.Net.Http.HttpClient.DeepSeek.LogicalHandler End processing HTTP request after 291.1358ms - 200
[16:23:28 INF] System.Net.Http.HttpClient.DeepSeek.LogicalHandler Start processing HTTP request POST https://api.deepseek.com/chat/completions
[16:23:28 INF] System.Net.Http.HttpClient.DeepSeek.ClientHandler Sending HTTP request POST https://api.deepseek.com/chat/completions
[16:23:28 INF] System.Net.Http.HttpClient.DeepSeek.LogicalHandler Start processing HTTP request POST https://api.deepseek.com/chat/completions
[16:23:28 INF] System.Net.Http.HttpClient.DeepSeek.ClientHandler Sending HTTP request POST https://api.deepseek.com/chat/completions
[16:23:28 INF] System.Net.Http.HttpClient.DeepSeek.ClientHandler Received HTTP response headers after 321.6904ms - 200
[16:23:28 INF] System.Net.Http.HttpClient.DeepSeek.ClientHandler Received HTTP response headers after 287.1819ms - 200
[16:23:28 INF] System.Net.Http.HttpClient.DeepSeek.LogicalHandler End processing HTTP request after 329.8604ms - 200
[16:23:28 INF] System.Net.Http.HttpClient.DeepSeek.LogicalHandler End processing HTTP request after 297.1576ms - 200
[16:23:28 INF] System.Net.Http.HttpClient.DeepSeek.LogicalHandler Start processing HTTP request POST https://api.deepseek.com/chat/completions
[16:23:28 INF] System.Net.Http.HttpClient.DeepSeek.ClientHandler Sending HTTP request POST https://api.deepseek.com/chat/completions
[16:23:28 INF] System.Net.Http.HttpClient.DeepSeek.ClientHandler Received HTTP response headers after 317.6936ms - 200
[16:23:28 INF] System.Net.Http.HttpClient.DeepSeek.LogicalHandler End processing HTTP request after 327.0706ms - 200
[16:23:28 INF] System.Net.Http.HttpClient.DeepSeek.ClientHandler Received HTTP response headers after 278.8874ms - 200
[16:23:28 INF] System.Net.Http.HttpClient.DeepSeek.LogicalHandler End processing HTTP request after 286.3834ms - 200
[16:23:28 INF] System.Net.Http.HttpClient.DeepSeek.LogicalHandler Start processing HTTP request POST https://api.deepseek.com/chat/completions
[16:23:28 INF] System.Net.Http.HttpClient.DeepSeek.ClientHandler Sending HTTP request POST https://api.deepseek.com/chat/completions
[16:23:28 INF] System.Net.Http.HttpClient.DeepSeek.ClientHandler Received HTTP response headers after 284.0895ms - 200
[16:23:28 INF] System.Net.Http.HttpClient.DeepSeek.LogicalHandler End processing HTTP request after 291.5013ms - 200
[16:23:28 INF] System.Net.Http.HttpClient.DeepSeek.LogicalHandler Start processing HTTP request POST https://api.deepseek.com/chat/completions
[16:23:28 INF] System.Net.Http.HttpClient.DeepSeek.ClientHandler Sending HTTP request POST https://api.deepseek.com/chat/completions
[16:23:28 INF] System.Net.Http.HttpClient.DeepSeek.LogicalHandler Start processing HTTP request POST https://api.deepseek.com/chat/completions
[16:23:28 INF] System.Net.Http.HttpClient.DeepSeek.ClientHandler Sending HTTP request POST https://api.deepseek.com/chat/completions
[16:23:28 INF] System.Net.Http.HttpClient.DeepSeek.ClientHandler Received HTTP response headers after 275.4063ms - 200
[16:23:28 INF] System.Net.Http.HttpClient.DeepSeek.LogicalHandler End processing HTTP request after 282.9968ms - 200
[16:23:28 INF] System.Net.Http.HttpClient.DeepSeek.ClientHandler Received HTTP response headers after 277.9719ms - 200
[16:23:28 INF] System.Net.Http.HttpClient.DeepSeek.LogicalHandler End processing HTTP request after 285.3372ms - 200
[16:23:28 INF] System.Net.Http.HttpClient.DeepSeek.ClientHandler Received HTTP response headers after 294.1286ms - 200
[16:23:28 INF] System.Net.Http.HttpClient.DeepSeek.LogicalHandler End processing HTTP request after 302.5746ms - 200
[16:23:28 INF] System.Net.Http.HttpClient.DeepSeek.ClientHandler Received HTTP response headers after 287.7898ms - 200
[16:23:28 INF] System.Net.Http.HttpClient.DeepSeek.LogicalHandler End processing HTTP request after 296.0555ms - 200
[16:23:29 INF] System.Net.Http.HttpClient.DeepSeek.LogicalHandler Start processing HTTP request POST https://api.deepseek.com/chat/completions
[16:23:29 INF] System.Net.Http.HttpClient.DeepSeek.ClientHandler Sending HTTP request POST https://api.deepseek.com/chat/completions
[16:23:29 INF] System.Net.Http.HttpClient.DeepSeek.LogicalHandler Start processing HTTP request POST https://api.deepseek.com/chat/completions
[16:23:29 INF] System.Net.Http.HttpClient.DeepSeek.ClientHandler Sending HTTP request POST https://api.deepseek.com/chat/completions
[16:23:29 INF] System.Net.Http.HttpClient.DeepSeek.ClientHandler Received HTTP response headers after 271.9127ms - 200
[16:23:29 INF] System.Net.Http.HttpClient.DeepSeek.LogicalHandler End processing HTTP request after 279.7597ms - 200
[16:23:29 INF] System.Net.Http.HttpClient.DeepSeek.LogicalHandler Start processing HTTP request POST https://api.deepseek.com/chat/completions
[16:23:29 INF] System.Net.Http.HttpClient.DeepSeek.ClientHandler Sending HTTP request POST https://api.deepseek.com/chat/completions
[16:23:29 INF] System.Net.Http.HttpClient.DeepSeek.ClientHandler Received HTTP response headers after 279.1424ms - 200
[16:23:29 INF] System.Net.Http.HttpClient.DeepSeek.LogicalHandler End processing HTTP request after 286.8327ms - 200
[16:23:29 INF] System.Net.Http.HttpClient.DeepSeek.LogicalHandler Start processing HTTP request POST https://api.deepseek.com/chat/completions
[16:23:29 INF] System.Net.Http.HttpClient.DeepSeek.ClientHandler Sending HTTP request POST https://api.deepseek.com/chat/completions
[16:23:29 INF] System.Net.Http.HttpClient.DeepSeek.ClientHandler Received HTTP response headers after 290.5023ms - 200
[16:23:29 INF] System.Net.Http.HttpClient.DeepSeek.LogicalHandler End processing HTTP request after 297.8045ms - 200
[16:23:29 INF] System.Net.Http.HttpClient.DeepSeek.LogicalHandler Start processing HTTP request POST https://api.deepseek.com/chat/completions
[16:23:29 INF] System.Net.Http.HttpClient.DeepSeek.ClientHandler Sending HTTP request POST https://api.deepseek.com/chat/completions
[16:23:29 INF] System.Net.Http.HttpClient.DeepSeek.ClientHandler Received HTTP response headers after 306.8696ms - 200
[16:23:29 INF] System.Net.Http.HttpClient.DeepSeek.LogicalHandler End processing HTTP request after 314.3883ms - 200
[16:23:29 INF] System.Net.Http.HttpClient.DeepSeek.LogicalHandler Start processing HTTP request POST https://api.deepseek.com/chat/completions
[16:23:29 INF] System.Net.Http.HttpClient.DeepSeek.ClientHandler Sending HTTP request POST https://api.deepseek.com/chat/completions
[16:23:29 INF] System.Net.Http.HttpClient.DeepSeek.LogicalHandler Start processing HTTP request POST https://api.deepseek.com/chat/completions
[16:23:30 INF] System.Net.Http.HttpClient.DeepSeek.ClientHandler Sending HTTP request POST https://api.deepseek.com/chat/completions
[16:23:30 INF] System.Net.Http.HttpClient.DeepSeek.ClientHandler Received HTTP response headers after 532.1708ms - 200
[16:23:30 INF] System.Net.Http.HttpClient.DeepSeek.LogicalHandler End processing HTTP request after 539.2217ms - 200
[16:23:30 INF] System.Net.Http.HttpClient.DeepSeek.ClientHandler Received HTTP response headers after 279.728ms - 200
[16:23:30 INF] System.Net.Http.HttpClient.DeepSeek.LogicalHandler End processing HTTP request after 287.1917ms - 200
[16:23:30 INF] System.Net.Http.HttpClient.DeepSeek.ClientHandler Received HTTP response headers after 278.6405ms - 200
[16:23:30 INF] System.Net.Http.HttpClient.DeepSeek.LogicalHandler End processing HTTP request after 286.0959ms - 200
[16:23:30 INF] System.Net.Http.HttpClient.DeepSeek.LogicalHandler Start processing HTTP request POST https://api.deepseek.com/chat/completions
[16:23:30 INF] System.Net.Http.HttpClient.DeepSeek.ClientHandler Sending HTTP request POST https://api.deepseek.com/chat/completions
[16:23:30 INF] System.Net.Http.HttpClient.DeepSeek.LogicalHandler Start processing HTTP request POST https://api.deepseek.com/chat/completions
[16:23:30 INF] System.Net.Http.HttpClient.DeepSeek.ClientHandler Sending HTTP request POST https://api.deepseek.com/chat/completions
[16:23:30 INF] System.Net.Http.HttpClient.DeepSeek.LogicalHandler Start processing HTTP request POST https://api.deepseek.com/chat/completions
[16:23:30 INF] System.Net.Http.HttpClient.DeepSeek.ClientHandler Sending HTTP request POST https://api.deepseek.com/chat/completions
[16:23:30 INF] System.Net.Http.HttpClient.DeepSeek.LogicalHandler Start processing HTTP request POST https://api.deepseek.com/chat/completions
[16:23:30 INF] System.Net.Http.HttpClient.DeepSeek.ClientHandler Sending HTTP request POST https://api.deepseek.com/chat/completions
[16:23:30 INF] System.Net.Http.HttpClient.DeepSeek.LogicalHandler Start processing HTTP request POST https://api.deepseek.com/chat/completions
[16:23:30 INF] System.Net.Http.HttpClient.DeepSeek.ClientHandler Sending HTTP request POST https://api.deepseek.com/chat/completions
[16:23:30 INF] System.Net.Http.HttpClient.DeepSeek.ClientHandler Received HTTP response headers after 302.9448ms - 200
[16:23:30 INF] System.Net.Http.HttpClient.DeepSeek.LogicalHandler End processing HTTP request after 311.0391ms - 200
[16:23:30 INF] System.Net.Http.HttpClient.DeepSeek.ClientHandler Received HTTP response headers after 286.5647ms - 200
[16:23:30 INF] System.Net.Http.HttpClient.DeepSeek.LogicalHandler End processing HTTP request after 293.9382ms - 200
[16:23:30 INF] System.Net.Http.HttpClient.DeepSeek.LogicalHandler Start processing HTTP request POST https://api.deepseek.com/chat/completions
[16:23:30 INF] System.Net.Http.HttpClient.DeepSeek.ClientHandler Sending HTTP request POST https://api.deepseek.com/chat/completions
[16:23:30 INF] System.Net.Http.HttpClient.DeepSeek.ClientHandler Received HTTP response headers after 294.2385ms - 200
[16:23:30 INF] System.Net.Http.HttpClient.DeepSeek.LogicalHandler End processing HTTP request after 302.1524ms - 200
[16:23:30 INF] System.Net.Http.HttpClient.DeepSeek.ClientHandler Received HTTP response headers after 277.6129ms - 200
[16:23:30 INF] System.Net.Http.HttpClient.DeepSeek.LogicalHandler End processing HTTP request after 285.3039ms - 200
[16:23:30 INF] System.Net.Http.HttpClient.DeepSeek.ClientHandler Received HTTP response headers after 290.2815ms - 200
[16:23:30 INF] System.Net.Http.HttpClient.DeepSeek.LogicalHandler End processing HTTP request after 298.0964ms - 200
[16:23:30 INF] System.Net.Http.HttpClient.DeepSeek.LogicalHandler Start processing HTTP request POST https://api.deepseek.com/chat/completions
[16:23:30 INF] System.Net.Http.HttpClient.DeepSeek.ClientHandler Sending HTTP request POST https://api.deepseek.com/chat/completions
[16:23:31 INF] System.Net.Http.HttpClient.DeepSeek.ClientHandler Received HTTP response headers after 286.6716ms - 200
[16:23:31 INF] System.Net.Http.HttpClient.DeepSeek.LogicalHandler End processing HTTP request after 294.6206ms - 200
[16:23:31 INF] System.Net.Http.HttpClient.DeepSeek.LogicalHandler Start processing HTTP request POST https://api.deepseek.com/chat/completions
[16:23:31 INF] System.Net.Http.HttpClient.DeepSeek.ClientHandler Sending HTTP request POST https://api.deepseek.com/chat/completions
[16:23:31 INF] System.Net.Http.HttpClient.DeepSeek.LogicalHandler Start processing HTTP request POST https://api.deepseek.com/chat/completions
[16:23:31 INF] System.Net.Http.HttpClient.DeepSeek.ClientHandler Sending HTTP request POST https://api.deepseek.com/chat/completions
[16:23:31 INF] System.Net.Http.HttpClient.DeepSeek.LogicalHandler Start processing HTTP request POST https://api.deepseek.com/chat/completions
[16:23:31 INF] System.Net.Http.HttpClient.DeepSeek.ClientHandler Sending HTTP request POST https://api.deepseek.com/chat/completions
[16:23:31 INF] System.Net.Http.HttpClient.DeepSeek.ClientHandler Received HTTP response headers after 354.9183ms - 200
[16:23:31 INF] System.Net.Http.HttpClient.DeepSeek.LogicalHandler End processing HTTP request after 363.0161ms - 200
[16:23:31 INF] System.Net.Http.HttpClient.DeepSeek.ClientHandler Received HTTP response headers after 279.4146ms - 200
[16:23:31 INF] System.Net.Http.HttpClient.DeepSeek.LogicalHandler End processing HTTP request after 286.8941ms - 200
[16:23:31 INF] System.Net.Http.HttpClient.DeepSeek.ClientHandler Received HTTP response headers after 296.3639ms - 200
[16:23:31 INF] System.Net.Http.HttpClient.DeepSeek.LogicalHandler End processing HTTP request after 303.974ms - 200
[16:23:31 INF] System.Net.Http.HttpClient.DeepSeek.LogicalHandler Start processing HTTP request POST https://api.deepseek.com/chat/completions
[16:23:31 INF] System.Net.Http.HttpClient.DeepSeek.ClientHandler Sending HTTP request POST https://api.deepseek.com/chat/completions
[16:23:31 INF] System.Net.Http.HttpClient.DeepSeek.ClientHandler Received HTTP response headers after 289.1329ms - 200
[16:23:31 INF] System.Net.Http.HttpClient.DeepSeek.LogicalHandler End processing HTTP request after 296.5235ms - 200
[16:23:31 INF] System.Net.Http.HttpClient.DeepSeek.LogicalHandler Start processing HTTP request POST https://api.deepseek.com/chat/completions
[16:23:31 INF] System.Net.Http.HttpClient.DeepSeek.ClientHandler Sending HTTP request POST https://api.deepseek.com/chat/completions
[16:23:32 INF] System.Net.Http.HttpClient.DeepSeek.LogicalHandler Start processing HTTP request POST https://api.deepseek.com/chat/completions
[16:23:32 INF] System.Net.Http.HttpClient.DeepSeek.ClientHandler Sending HTTP request POST https://api.deepseek.com/chat/completions
[16:23:32 INF] System.Net.Http.HttpClient.DeepSeek.LogicalHandler Start processing HTTP request POST https://api.deepseek.com/chat/completions
[16:23:32 INF] System.Net.Http.HttpClient.DeepSeek.ClientHandler Sending HTTP request POST https://api.deepseek.com/chat/completions
[16:23:32 INF] System.Net.Http.HttpClient.DeepSeek.LogicalHandler Start processing HTTP request POST https://api.deepseek.com/chat/completions
[16:23:32 INF] System.Net.Http.HttpClient.DeepSeek.ClientHandler Sending HTTP request POST https://api.deepseek.com/chat/completions
[16:23:32 INF] System.Net.Http.HttpClient.DeepSeek.ClientHandler Received HTTP response headers after 278.631ms - 200
[16:23:32 INF] System.Net.Http.HttpClient.DeepSeek.LogicalHandler End processing HTTP request after 286.3447ms - 200
[16:23:32 INF] System.Net.Http.HttpClient.DeepSeek.ClientHandler Received HTTP response headers after 632.2034ms - 200
[16:23:32 INF] System.Net.Http.HttpClient.DeepSeek.LogicalHandler End processing HTTP request after 641.1697ms - 200
[16:23:32 INF] System.Net.Http.HttpClient.DeepSeek.LogicalHandler Start processing HTTP request POST https://api.deepseek.com/chat/completions
[16:23:32 INF] System.Net.Http.HttpClient.DeepSeek.ClientHandler Sending HTTP request POST https://api.deepseek.com/chat/completions
[16:23:32 INF] System.Net.Http.HttpClient.DeepSeek.LogicalHandler Start processing HTTP request POST https://api.deepseek.com/chat/completions
[16:23:32 INF] System.Net.Http.HttpClient.DeepSeek.ClientHandler Sending HTTP request POST https://api.deepseek.com/chat/completions
[16:23:32 INF] System.Net.Http.HttpClient.DeepSeek.ClientHandler Received HTTP response headers after 289.6883ms - 200
[16:23:32 INF] System.Net.Http.HttpClient.DeepSeek.LogicalHandler End processing HTTP request after 297.7487ms - 200
[16:23:32 INF] System.Net.Http.HttpClient.DeepSeek.ClientHandler Received HTTP response headers after 326.6686ms - 200
[16:23:32 INF] System.Net.Http.HttpClient.DeepSeek.LogicalHandler End processing HTTP request after 333.8227ms - 200
[16:23:32 INF] System.Net.Http.HttpClient.DeepSeek.ClientHandler Received HTTP response headers after 284.0211ms - 200
[16:23:32 INF] System.Net.Http.HttpClient.DeepSeek.LogicalHandler End processing HTTP request after 291.6609ms - 200
[16:23:32 INF] System.Net.Http.HttpClient.DeepSeek.ClientHandler Received HTTP response headers after 282.8165ms - 200
[16:23:32 INF] System.Net.Http.HttpClient.DeepSeek.LogicalHandler End processing HTTP request after 290.9398ms - 200
[16:23:32 INF] System.Net.Http.HttpClient.DeepSeek.LogicalHandler Start processing HTTP request POST https://api.deepseek.com/chat/completions
[16:23:32 INF] System.Net.Http.HttpClient.DeepSeek.ClientHandler Sending HTTP request POST https://api.deepseek.com/chat/completions
[16:23:32 INF] System.Net.Http.HttpClient.DeepSeek.ClientHandler Received HTTP response headers after 281.8347ms - 200
[16:23:32 INF] System.Net.Http.HttpClient.DeepSeek.LogicalHandler End processing HTTP request after 289.3847ms - 200
[16:23:32 INF] System.Net.Http.HttpClient.DeepSeek.LogicalHandler Start processing HTTP request POST https://api.deepseek.com/chat/completions
[16:23:32 INF] System.Net.Http.HttpClient.DeepSeek.ClientHandler Sending HTTP request POST https://api.deepseek.com/chat/completions
[16:23:32 INF] System.Net.Http.HttpClient.DeepSeek.ClientHandler Received HTTP response headers after 327.5556ms - 200
[16:23:32 INF] System.Net.Http.HttpClient.DeepSeek.LogicalHandler End processing HTTP request after 335.4544ms - 200
[16:23:32 INF] System.Net.Http.HttpClient.DeepSeek.ClientHandler Received HTTP response headers after 280.4807ms - 200
[16:23:32 INF] System.Net.Http.HttpClient.DeepSeek.LogicalHandler End processing HTTP request after 290.0069ms - 200
[16:23:33 INF] System.Net.Http.HttpClient.DeepSeek.LogicalHandler Start processing HTTP request POST https://api.deepseek.com/chat/completions
[16:23:33 INF] System.Net.Http.HttpClient.DeepSeek.ClientHandler Sending HTTP request POST https://api.deepseek.com/chat/completions
[16:23:33 INF] System.Net.Http.HttpClient.DeepSeek.LogicalHandler Start processing HTTP request POST https://api.deepseek.com/chat/completions
[16:23:33 INF] System.Net.Http.HttpClient.DeepSeek.ClientHandler Sending HTTP request POST https://api.deepseek.com/chat/completions
[16:23:33 INF] System.Net.Http.HttpClient.DeepSeek.ClientHandler Received HTTP response headers after 277.0129ms - 200
[16:23:33 INF] System.Net.Http.HttpClient.DeepSeek.LogicalHandler End processing HTTP request after 284.8197ms - 200
[16:23:33 INF] System.Net.Http.HttpClient.DeepSeek.LogicalHandler Start processing HTTP request POST https://api.deepseek.com/chat/completions
[16:23:33 INF] System.Net.Http.HttpClient.DeepSeek.ClientHandler Sending HTTP request POST https://api.deepseek.com/chat/completions
[16:23:33 INF] System.Net.Http.HttpClient.DeepSeek.LogicalHandler Start processing HTTP request POST https://api.deepseek.com/chat/completions
[16:23:33 INF] System.Net.Http.HttpClient.DeepSeek.ClientHandler Sending HTTP request POST https://api.deepseek.com/chat/completions
[16:23:33 INF] System.Net.Http.HttpClient.DeepSeek.LogicalHandler Start processing HTTP request POST https://api.deepseek.com/chat/completions
[16:23:33 INF] System.Net.Http.HttpClient.DeepSeek.ClientHandler Sending HTTP request POST https://api.deepseek.com/chat/completions
[16:23:33 INF] System.Net.Http.HttpClient.DeepSeek.LogicalHandler Start processing HTTP request POST https://api.deepseek.com/chat/completions
[16:23:33 INF] System.Net.Http.HttpClient.DeepSeek.ClientHandler Sending HTTP request POST https://api.deepseek.com/chat/completions
[16:23:33 INF] System.Net.Http.HttpClient.DeepSeek.LogicalHandler Start processing HTTP request POST https://api.deepseek.com/chat/completions
[16:23:33 INF] System.Net.Http.HttpClient.DeepSeek.ClientHandler Sending HTTP request POST https://api.deepseek.com/chat/completions
[16:23:33 INF] System.Net.Http.HttpClient.DeepSeek.ClientHandler Received HTTP response headers after 286.3467ms - 200
[16:23:33 INF] System.Net.Http.HttpClient.DeepSeek.LogicalHandler End processing HTTP request after 294.0349ms - 200
[16:23:33 INF] System.Net.Http.HttpClient.DeepSeek.LogicalHandler Start processing HTTP request POST https://api.deepseek.com/chat/completions
[16:23:33 INF] System.Net.Http.HttpClient.DeepSeek.ClientHandler Sending HTTP request POST https://api.deepseek.com/chat/completions
[16:23:33 INF] System.Net.Http.HttpClient.DeepSeek.ClientHandler Received HTTP response headers after 283.0403ms - 200
[16:23:33 INF] System.Net.Http.HttpClient.DeepSeek.LogicalHandler End processing HTTP request after 290.3017ms - 200
[16:23:33 INF] System.Net.Http.HttpClient.DeepSeek.ClientHandler Received HTTP response headers after 283.3291ms - 200
[16:23:33 INF] System.Net.Http.HttpClient.DeepSeek.LogicalHandler End processing HTTP request after 291.9462ms - 200
[16:23:33 INF] System.Net.Http.HttpClient.DeepSeek.LogicalHandler Start processing HTTP request POST https://api.deepseek.com/chat/completions
[16:23:33 INF] System.Net.Http.HttpClient.DeepSeek.ClientHandler Sending HTTP request POST https://api.deepseek.com/chat/completions
[16:23:33 INF] System.Net.Http.HttpClient.DeepSeek.ClientHandler Received HTTP response headers after 274.0673ms - 200
[16:23:33 INF] System.Net.Http.HttpClient.DeepSeek.LogicalHandler End processing HTTP request after 282.4726ms - 200
[16:23:33 INF] System.Net.Http.HttpClient.DeepSeek.ClientHandler Received HTTP response headers after 288.4005ms - 200
[16:23:33 INF] System.Net.Http.HttpClient.DeepSeek.LogicalHandler End processing HTTP request after 296.1414ms - 200
[16:23:33 INF] System.Net.Http.HttpClient.DeepSeek.ClientHandler Received HTTP response headers after 280.4941ms - 200
[16:23:33 INF] System.Net.Http.HttpClient.DeepSeek.LogicalHandler End processing HTTP request after 287.7102ms - 200
[16:23:33 INF] System.Net.Http.HttpClient.DeepSeek.LogicalHandler Start processing HTTP request POST https://api.deepseek.com/chat/completions
[16:23:33 INF] System.Net.Http.HttpClient.DeepSeek.ClientHandler Sending HTTP request POST https://api.deepseek.com/chat/completions
[16:23:34 INF] System.Net.Http.HttpClient.DeepSeek.ClientHandler Received HTTP response headers after 283.6692ms - 200
[16:23:34 INF] System.Net.Http.HttpClient.DeepSeek.LogicalHandler End processing HTTP request after 291.0313ms - 200
[16:23:34 INF] System.Net.Http.HttpClient.DeepSeek.ClientHandler Received HTTP response headers after 279.6748ms - 200
[16:23:34 INF] System.Net.Http.HttpClient.DeepSeek.LogicalHandler End processing HTTP request after 287.5055ms - 200
[16:23:34 INF] System.Net.Http.HttpClient.DeepSeek.ClientHandler Received HTTP response headers after 298.8129ms - 200
[16:23:34 INF] System.Net.Http.HttpClient.DeepSeek.LogicalHandler End processing HTTP request after 306.3621ms - 200
[16:23:34 INF] System.Net.Http.HttpClient.DeepSeek.LogicalHandler Start processing HTTP request POST https://api.deepseek.com/chat/completions
[16:23:34 INF] System.Net.Http.HttpClient.DeepSeek.ClientHandler Sending HTTP request POST https://api.deepseek.com/chat/completions
[16:23:34 INF] System.Net.Http.HttpClient.DeepSeek.LogicalHandler Start processing HTTP request POST https://api.deepseek.com/chat/completions
[16:23:34 INF] System.Net.Http.HttpClient.DeepSeek.ClientHandler Sending HTTP request POST https://api.deepseek.com/chat/completions
[16:23:34 INF] System.Net.Http.HttpClient.DeepSeek.LogicalHandler Start processing HTTP request POST https://api.deepseek.com/chat/completions
[16:23:34 INF] System.Net.Http.HttpClient.DeepSeek.ClientHandler Sending HTTP request POST https://api.deepseek.com/chat/completions
[16:23:34 INF] System.Net.Http.HttpClient.DeepSeek.LogicalHandler Start processing HTTP request POST https://api.deepseek.com/chat/completions
[16:23:34 INF] System.Net.Http.HttpClient.DeepSeek.ClientHandler Sending HTTP request POST https://api.deepseek.com/chat/completions
[16:23:34 INF] System.Net.Http.HttpClient.DeepSeek.ClientHandler Received HTTP response headers after 294.2939ms - 200
[16:23:34 INF] System.Net.Http.HttpClient.DeepSeek.LogicalHandler End processing HTTP request after 302.8848ms - 200
[16:23:34 INF] System.Net.Http.HttpClient.DeepSeek.ClientHandler Received HTTP response headers after 292.7105ms - 200
[16:23:34 INF] System.Net.Http.HttpClient.DeepSeek.LogicalHandler End processing HTTP request after 300.6139ms - 200
[16:23:34 INF] System.Net.Http.HttpClient.DeepSeek.ClientHandler Received HTTP response headers after 283.7695ms - 200
[16:23:34 INF] System.Net.Http.HttpClient.DeepSeek.LogicalHandler End processing HTTP request after 291.1535ms - 200
[16:23:34 INF] System.Net.Http.HttpClient.DeepSeek.LogicalHandler Start processing HTTP request POST https://api.deepseek.com/chat/completions
[16:23:34 INF] System.Net.Http.HttpClient.DeepSeek.ClientHandler Sending HTTP request POST https://api.deepseek.com/chat/completions
[16:23:34 INF] System.Net.Http.HttpClient.DeepSeek.ClientHandler Received HTTP response headers after 283.7756ms - 200
[16:23:34 INF] System.Net.Http.HttpClient.DeepSeek.LogicalHandler End processing HTTP request after 291.1955ms - 200
[16:23:34 INF] System.Net.Http.HttpClient.DeepSeek.ClientHandler Received HTTP response headers after 274.2845ms - 200
[16:23:34 INF] System.Net.Http.HttpClient.DeepSeek.LogicalHandler End processing HTTP request after 282.0678ms - 200
[16:23:35 INF] System.Net.Http.HttpClient.DeepSeek.LogicalHandler Start processing HTTP request POST https://api.deepseek.com/chat/completions
[16:23:35 INF] System.Net.Http.HttpClient.DeepSeek.ClientHandler Sending HTTP request POST https://api.deepseek.com/chat/completions
[16:23:35 INF] System.Net.Http.HttpClient.DeepSeek.LogicalHandler Start processing HTTP request POST https://api.deepseek.com/chat/completions
[16:23:35 INF] System.Net.Http.HttpClient.DeepSeek.ClientHandler Sending HTTP request POST https://api.deepseek.com/chat/completions
[16:23:35 INF] System.Net.Http.HttpClient.DeepSeek.ClientHandler Received HTTP response headers after 298.9394ms - 200
[16:23:35 INF] System.Net.Http.HttpClient.DeepSeek.LogicalHandler End processing HTTP request after 306.1842ms - 200
[16:23:35 INF] System.Net.Http.HttpClient.DeepSeek.LogicalHandler Start processing HTTP request POST https://api.deepseek.com/chat/completions
[16:23:35 INF] System.Net.Http.HttpClient.DeepSeek.ClientHandler Sending HTTP request POST https://api.deepseek.com/chat/completions
[16:23:35 INF] System.Net.Http.HttpClient.DeepSeek.ClientHandler Received HTTP response headers after 298.7196ms - 200
[16:23:35 INF] System.Net.Http.HttpClient.DeepSeek.LogicalHandler End processing HTTP request after 305.775ms - 200
[16:23:35 INF] System.Net.Http.HttpClient.DeepSeek.LogicalHandler Start processing HTTP request POST https://api.deepseek.com/chat/completions
[16:23:35 INF] System.Net.Http.HttpClient.DeepSeek.ClientHandler Sending HTTP request POST https://api.deepseek.com/chat/completions
[16:23:35 INF] System.Net.Http.HttpClient.DeepSeek.LogicalHandler Start processing HTTP request POST https://api.deepseek.com/chat/completions
[16:23:35 INF] System.Net.Http.HttpClient.DeepSeek.ClientHandler Sending HTTP request POST https://api.deepseek.com/chat/completions
[16:23:35 INF] System.Net.Http.HttpClient.DeepSeek.ClientHandler Received HTTP response headers after 279.6887ms - 200
[16:23:35 INF] System.Net.Http.HttpClient.DeepSeek.LogicalHandler End processing HTTP request after 287.0653ms - 200
[16:23:35 INF] System.Net.Http.HttpClient.DeepSeek.LogicalHandler Start processing HTTP request POST https://api.deepseek.com/chat/completions
[16:23:35 INF] System.Net.Http.HttpClient.DeepSeek.ClientHandler Sending HTTP request POST https://api.deepseek.com/chat/completions
[16:23:35 INF] System.Net.Http.HttpClient.DeepSeek.LogicalHandler Start processing HTTP request POST https://api.deepseek.com/chat/completions
[16:23:35 INF] System.Net.Http.HttpClient.DeepSeek.ClientHandler Sending HTTP request POST https://api.deepseek.com/chat/completions
[16:23:35 INF] System.Net.Http.HttpClient.DeepSeek.ClientHandler Received HTTP response headers after 290.4451ms - 200
[16:23:35 INF] System.Net.Http.HttpClient.DeepSeek.LogicalHandler End processing HTTP request after 297.3464ms - 200
[16:23:35 INF] System.Net.Http.HttpClient.DeepSeek.LogicalHandler Start processing HTTP request POST https://api.deepseek.com/chat/completions
[16:23:35 INF] System.Net.Http.HttpClient.DeepSeek.ClientHandler Sending HTTP request POST https://api.deepseek.com/chat/completions
[16:23:35 INF] System.Net.Http.HttpClient.DeepSeek.LogicalHandler Start processing HTTP request POST https://api.deepseek.com/chat/completions
[16:23:35 INF] System.Net.Http.HttpClient.DeepSeek.ClientHandler Sending HTTP request POST https://api.deepseek.com/chat/completions
[16:23:35 INF] System.Net.Http.HttpClient.DeepSeek.ClientHandler Received HTTP response headers after 288.8397ms - 200
[16:23:35 INF] System.Net.Http.HttpClient.DeepSeek.LogicalHandler End processing HTTP request after 296.0165ms - 200
[16:23:35 INF] System.Net.Http.HttpClient.DeepSeek.ClientHandler Received HTTP response headers after 278.1626ms - 200
[16:23:35 INF] System.Net.Http.HttpClient.DeepSeek.LogicalHandler End processing HTTP request after 285.8697ms - 200
[16:23:35 INF] System.Net.Http.HttpClient.DeepSeek.ClientHandler Received HTTP response headers after 282.5193ms - 200
[16:23:35 INF] System.Net.Http.HttpClient.DeepSeek.LogicalHandler End processing HTTP request after 289.5586ms - 200
[16:23:36 INF] System.Net.Http.HttpClient.DeepSeek.ClientHandler Received HTTP response headers after 294.064ms - 200
[16:23:36 INF] System.Net.Http.HttpClient.DeepSeek.LogicalHandler End processing HTTP request after 301.3376ms - 200
[16:23:36 INF] System.Net.Http.HttpClient.DeepSeek.ClientHandler Received HTTP response headers after 275.1424ms - 200
[16:23:36 INF] System.Net.Http.HttpClient.DeepSeek.LogicalHandler End processing HTTP request after 282.1399ms - 200
[16:23:36 INF] System.Net.Http.HttpClient.DeepSeek.LogicalHandler Start processing HTTP request POST https://api.deepseek.com/chat/completions
[16:23:36 INF] System.Net.Http.HttpClient.DeepSeek.ClientHandler Sending HTTP request POST https://api.deepseek.com/chat/completions
[16:23:36 INF] System.Net.Http.HttpClient.DeepSeek.LogicalHandler Start processing HTTP request POST https://api.deepseek.com/chat/completions
[16:23:36 INF] System.Net.Http.HttpClient.DeepSeek.ClientHandler Sending HTTP request POST https://api.deepseek.com/chat/completions
[16:23:36 INF] System.Net.Http.HttpClient.DeepSeek.LogicalHandler Start processing HTTP request POST https://api.deepseek.com/chat/completions
[16:23:36 INF] System.Net.Http.HttpClient.DeepSeek.ClientHandler Sending HTTP request POST https://api.deepseek.com/chat/completions
[16:23:36 INF] System.Net.Http.HttpClient.DeepSeek.ClientHandler Received HTTP response headers after 285.81ms - 200
[16:23:36 INF] System.Net.Http.HttpClient.DeepSeek.LogicalHandler End processing HTTP request after 293.6292ms - 200
[16:23:36 INF] System.Net.Http.HttpClient.DeepSeek.ClientHandler Received HTTP response headers after 273.5614ms - 200
[16:23:36 INF] System.Net.Http.HttpClient.DeepSeek.LogicalHandler End processing HTTP request after 281.0272ms - 200
[16:23:36 INF] System.Net.Http.HttpClient.DeepSeek.LogicalHandler Start processing HTTP request POST https://api.deepseek.com/chat/completions
[16:23:36 INF] System.Net.Http.HttpClient.DeepSeek.LogicalHandler Start processing HTTP request POST https://api.deepseek.com/chat/completions
[16:23:36 INF] System.Net.Http.HttpClient.DeepSeek.ClientHandler Sending HTTP request POST https://api.deepseek.com/chat/completions
[16:23:36 INF] System.Net.Http.HttpClient.DeepSeek.ClientHandler Sending HTTP request POST https://api.deepseek.com/chat/completions
[16:23:36 INF] System.Net.Http.HttpClient.DeepSeek.ClientHandler Received HTTP response headers after 286.19ms - 200
[16:23:36 INF] System.Net.Http.HttpClient.DeepSeek.LogicalHandler End processing HTTP request after 294.1386ms - 200
[16:23:36 INF] System.Net.Http.HttpClient.DeepSeek.LogicalHandler Start processing HTTP request POST https://api.deepseek.com/chat/completions
[16:23:36 INF] System.Net.Http.HttpClient.DeepSeek.ClientHandler Sending HTTP request POST https://api.deepseek.com/chat/completions
[16:23:36 INF] System.Net.Http.HttpClient.DeepSeek.ClientHandler Received HTTP response headers after 268.4641ms - 200
[16:23:36 INF] System.Net.Http.HttpClient.DeepSeek.LogicalHandler End processing HTTP request after 281.1411ms - 200
[16:23:36 INF] System.Net.Http.HttpClient.DeepSeek.ClientHandler Received HTTP response headers after 291.3574ms - 200
[16:23:36 INF] System.Net.Http.HttpClient.DeepSeek.LogicalHandler End processing HTTP request after 301.7015ms - 200
[16:23:37 INF] System.Net.Http.HttpClient.DeepSeek.LogicalHandler Start processing HTTP request POST https://api.deepseek.com/chat/completions
[16:23:37 INF] System.Net.Http.HttpClient.DeepSeek.ClientHandler Sending HTTP request POST https://api.deepseek.com/chat/completions
[16:23:37 INF] System.Net.Http.HttpClient.DeepSeek.ClientHandler Received HTTP response headers after 278.9431ms - 200
[16:23:37 INF] System.Net.Http.HttpClient.DeepSeek.LogicalHandler End processing HTTP request after 286.6426ms - 200
[16:23:37 INF] System.Net.Http.HttpClient.DeepSeek.LogicalHandler Start processing HTTP request POST https://api.deepseek.com/chat/completions
[16:23:37 INF] System.Net.Http.HttpClient.DeepSeek.ClientHandler Sending HTTP request POST https://api.deepseek.com/chat/completions
[16:23:37 INF] System.Net.Http.HttpClient.DeepSeek.ClientHandler Received HTTP response headers after 291.349ms - 200
[16:23:37 INF] System.Net.Http.HttpClient.DeepSeek.LogicalHandler End processing HTTP request after 299.4259ms - 200
[16:23:37 INF] System.Net.Http.HttpClient.DeepSeek.LogicalHandler Start processing HTTP request POST https://api.deepseek.com/chat/completions
[16:23:37 INF] System.Net.Http.HttpClient.DeepSeek.ClientHandler Sending HTTP request POST https://api.deepseek.com/chat/completions
[16:23:37 INF] System.Net.Http.HttpClient.DeepSeek.LogicalHandler Start processing HTTP request POST https://api.deepseek.com/chat/completions
[16:23:37 INF] System.Net.Http.HttpClient.DeepSeek.ClientHandler Sending HTTP request POST https://api.deepseek.com/chat/completions
[16:23:37 INF] System.Net.Http.HttpClient.DeepSeek.LogicalHandler Start processing HTTP request POST https://api.deepseek.com/chat/completions
[16:23:37 INF] System.Net.Http.HttpClient.DeepSeek.ClientHandler Sending HTTP request POST https://api.deepseek.com/chat/completions
[16:23:37 INF] System.Net.Http.HttpClient.DeepSeek.LogicalHandler Start processing HTTP request POST https://api.deepseek.com/chat/completions
[16:23:37 INF] System.Net.Http.HttpClient.DeepSeek.LogicalHandler Start processing HTTP request POST https://api.deepseek.com/chat/completions
[16:23:37 INF] System.Net.Http.HttpClient.DeepSeek.ClientHandler Sending HTTP request POST https://api.deepseek.com/chat/completions
[16:23:37 INF] System.Net.Http.HttpClient.DeepSeek.ClientHandler Sending HTTP request POST https://api.deepseek.com/chat/completions
[16:23:37 INF] System.Net.Http.HttpClient.DeepSeek.ClientHandler Received HTTP response headers after 279.236ms - 200
[16:23:37 INF] System.Net.Http.HttpClient.DeepSeek.LogicalHandler End processing HTTP request after 286.9569ms - 200
[16:23:37 INF] System.Net.Http.HttpClient.DeepSeek.ClientHandler Received HTTP response headers after 294.7365ms - 200
[16:23:37 INF] System.Net.Http.HttpClient.DeepSeek.LogicalHandler End processing HTTP request after 303.5615ms - 200
[16:23:37 INF] System.Net.Http.HttpClient.DeepSeek.ClientHandler Received HTTP response headers after 275.2873ms - 200
[16:23:37 INF] System.Net.Http.HttpClient.DeepSeek.LogicalHandler End processing HTTP request after 283.1304ms - 200
[16:23:37 INF] System.Net.Http.HttpClient.DeepSeek.ClientHandler Received HTTP response headers after 277.8408ms - 200
[16:23:37 INF] System.Net.Http.HttpClient.DeepSeek.LogicalHandler End processing HTTP request after 285.3187ms - 200
[16:23:37 INF] System.Net.Http.HttpClient.DeepSeek.ClientHandler Received HTTP response headers after 288.7412ms - 200
[16:23:37 INF] System.Net.Http.HttpClient.DeepSeek.LogicalHandler End processing HTTP request after 298.8974ms - 200
[16:23:37 INF] System.Net.Http.HttpClient.DeepSeek.ClientHandler Received HTTP response headers after 297.9765ms - 200
[16:23:37 INF] System.Net.Http.HttpClient.DeepSeek.LogicalHandler End processing HTTP request after 308.1531ms - 200
[16:23:37 INF] System.Net.Http.HttpClient.DeepSeek.LogicalHandler Start processing HTTP request POST https://api.deepseek.com/chat/completions
[16:23:37 INF] System.Net.Http.HttpClient.DeepSeek.ClientHandler Sending HTTP request POST https://api.deepseek.com/chat/completions
[16:23:38 INF] System.Net.Http.HttpClient.DeepSeek.LogicalHandler Start processing HTTP request POST https://api.deepseek.com/chat/completions
[16:23:38 INF] System.Net.Http.HttpClient.DeepSeek.ClientHandler Sending HTTP request POST https://api.deepseek.com/chat/completions
[16:23:38 INF] System.Net.Http.HttpClient.DeepSeek.ClientHandler Received HTTP response headers after 292.2443ms - 200
[16:23:38 INF] System.Net.Http.HttpClient.DeepSeek.LogicalHandler End processing HTTP request after 299.7517ms - 200
[16:23:38 INF] System.Net.Http.HttpClient.DeepSeek.LogicalHandler Start processing HTTP request POST https://api.deepseek.com/chat/completions
[16:23:38 INF] System.Net.Http.HttpClient.DeepSeek.ClientHandler Sending HTTP request POST https://api.deepseek.com/chat/completions
[16:23:38 INF] System.Net.Http.HttpClient.DeepSeek.ClientHandler Received HTTP response headers after 279.8824ms - 200
[16:23:38 INF] System.Net.Http.HttpClient.DeepSeek.LogicalHandler End processing HTTP request after 287.096ms - 200
[16:23:38 INF] System.Net.Http.HttpClient.DeepSeek.ClientHandler Received HTTP response headers after 278.4235ms - 200
[16:23:38 INF] System.Net.Http.HttpClient.DeepSeek.LogicalHandler End processing HTTP request after 285.4989ms - 200
[16:23:38 INF] System.Net.Http.HttpClient.DeepSeek.LogicalHandler Start processing HTTP request POST https://api.deepseek.com/chat/completions
[16:23:38 INF] System.Net.Http.HttpClient.DeepSeek.ClientHandler Sending HTTP request POST https://api.deepseek.com/chat/completions
[16:23:38 INF] System.Net.Http.HttpClient.DeepSeek.LogicalHandler Start processing HTTP request POST https://api.deepseek.com/chat/completions
[16:23:38 INF] System.Net.Http.HttpClient.DeepSeek.ClientHandler Sending HTTP request POST https://api.deepseek.com/chat/completions
[16:23:38 INF] System.Net.Http.HttpClient.DeepSeek.LogicalHandler Start processing HTTP request POST https://api.deepseek.com/chat/completions
[16:23:38 INF] System.Net.Http.HttpClient.DeepSeek.ClientHandler Sending HTTP request POST https://api.deepseek.com/chat/completions
[16:23:38 INF] System.Net.Http.HttpClient.DeepSeek.ClientHandler Received HTTP response headers after 288.0113ms - 200
[16:23:38 INF] System.Net.Http.HttpClient.DeepSeek.LogicalHandler End processing HTTP request after 295.7597ms - 200
[16:23:38 INF] System.Net.Http.HttpClient.DeepSeek.LogicalHandler Start processing HTTP request POST https://api.deepseek.com/chat/completions
[16:23:38 INF] System.Net.Http.HttpClient.DeepSeek.ClientHandler Sending HTTP request POST https://api.deepseek.com/chat/completions
[16:23:38 INF] System.Net.Http.HttpClient.DeepSeek.LogicalHandler Start processing HTTP request POST https://api.deepseek.com/chat/completions
[16:23:38 INF] System.Net.Http.HttpClient.DeepSeek.ClientHandler Sending HTTP request POST https://api.deepseek.com/chat/completions
[16:23:38 INF] System.Net.Http.HttpClient.DeepSeek.ClientHandler Received HTTP response headers after 280.6472ms - 200
[16:23:38 INF] System.Net.Http.HttpClient.DeepSeek.LogicalHandler End processing HTTP request after 287.6548ms - 200
[16:23:38 INF] System.Net.Http.HttpClient.DeepSeek.LogicalHandler Start processing HTTP request POST https://api.deepseek.com/chat/completions
[16:23:38 INF] System.Net.Http.HttpClient.DeepSeek.ClientHandler Sending HTTP request POST https://api.deepseek.com/chat/completions
[16:23:38 INF] System.Net.Http.HttpClient.DeepSeek.ClientHandler Received HTTP response headers after 275.5332ms - 200
[16:23:38 INF] System.Net.Http.HttpClient.DeepSeek.LogicalHandler End processing HTTP request after 283.3091ms - 200
[16:23:38 INF] System.Net.Http.HttpClient.DeepSeek.LogicalHandler Start processing HTTP request POST https://api.deepseek.com/chat/completions
[16:23:39 INF] System.Net.Http.HttpClient.DeepSeek.ClientHandler Sending HTTP request POST https://api.deepseek.com/chat/completions
[16:23:39 INF] System.Net.Http.HttpClient.DeepSeek.LogicalHandler Start processing HTTP request POST https://api.deepseek.com/chat/completions
[16:23:39 INF] System.Net.Http.HttpClient.DeepSeek.ClientHandler Sending HTTP request POST https://api.deepseek.com/chat/completions
[16:23:39 INF] System.Net.Http.HttpClient.DeepSeek.LogicalHandler Start processing HTTP request POST https://api.deepseek.com/chat/completions
[16:23:39 INF] System.Net.Http.HttpClient.DeepSeek.ClientHandler Sending HTTP request POST https://api.deepseek.com/chat/completions
[16:23:39 INF] System.Net.Http.HttpClient.DeepSeek.LogicalHandler Start processing HTTP request POST https://api.deepseek.com/chat/completions
[16:23:39 INF] System.Net.Http.HttpClient.DeepSeek.ClientHandler Sending HTTP request POST https://api.deepseek.com/chat/completions
[16:23:39 INF] System.Net.Http.HttpClient.DeepSeek.ClientHandler Received HTTP response headers after 277.355ms - 200
[16:23:39 INF] System.Net.Http.HttpClient.DeepSeek.LogicalHandler End processing HTTP request after 284.5015ms - 200
[16:23:39 INF] System.Net.Http.HttpClient.DeepSeek.ClientHandler Received HTTP response headers after 292.2392ms - 200
[16:23:39 INF] System.Net.Http.HttpClient.DeepSeek.LogicalHandler End processing HTTP request after 299.8263ms - 200
[16:23:39 INF] System.Net.Http.HttpClient.DeepSeek.ClientHandler Received HTTP response headers after 288.1506ms - 200
[16:23:39 INF] System.Net.Http.HttpClient.DeepSeek.LogicalHandler End processing HTTP request after 295.5382ms - 200
[16:23:39 INF] System.Net.Http.HttpClient.DeepSeek.ClientHandler Received HTTP response headers after 276.103ms - 200
[16:23:39 INF] System.Net.Http.HttpClient.DeepSeek.LogicalHandler End processing HTTP request after 284.1013ms - 200
[16:23:39 INF] System.Net.Http.HttpClient.DeepSeek.ClientHandler Received HTTP response headers after 273.8565ms - 200
[16:23:39 INF] System.Net.Http.HttpClient.DeepSeek.LogicalHandler End processing HTTP request after 281.5163ms - 200
[16:23:39 INF] System.Net.Http.HttpClient.DeepSeek.ClientHandler Received HTTP response headers after 273.6108ms - 200
[16:23:39 INF] System.Net.Http.HttpClient.DeepSeek.LogicalHandler End processing HTTP request after 281.2229ms - 200
[16:23:39 INF] System.Net.Http.HttpClient.DeepSeek.ClientHandler Received HTTP response headers after 277.8421ms - 200
[16:23:39 INF] System.Net.Http.HttpClient.DeepSeek.LogicalHandler End processing HTTP request after 285.9423ms - 200
[16:23:39 INF] System.Net.Http.HttpClient.DeepSeek.LogicalHandler Start processing HTTP request POST https://api.deepseek.com/chat/completions
[16:23:39 INF] System.Net.Http.HttpClient.DeepSeek.ClientHandler Sending HTTP request POST https://api.deepseek.com/chat/completions
[16:23:39 INF] System.Net.Http.HttpClient.DeepSeek.LogicalHandler Start processing HTTP request POST https://api.deepseek.com/chat/completions
[16:23:39 INF] System.Net.Http.HttpClient.DeepSeek.ClientHandler Sending HTTP request POST https://api.deepseek.com/chat/completions
[16:23:39 INF] System.Net.Http.HttpClient.DeepSeek.ClientHandler Received HTTP response headers after 328.8936ms - 200
[16:23:39 INF] System.Net.Http.HttpClient.DeepSeek.LogicalHandler End processing HTTP request after 336.2744ms - 200
[16:23:40 INF] System.Net.Http.HttpClient.DeepSeek.ClientHandler Received HTTP response headers after 282.8068ms - 200
[16:23:40 INF] System.Net.Http.HttpClient.DeepSeek.LogicalHandler End processing HTTP request after 290.6493ms - 200
[16:23:40 INF] System.Net.Http.HttpClient.DeepSeek.LogicalHandler Start processing HTTP request POST https://api.deepseek.com/chat/completions
[16:23:40 INF] System.Net.Http.HttpClient.DeepSeek.ClientHandler Sending HTTP request POST https://api.deepseek.com/chat/completions
[16:23:40 INF] System.Net.Http.HttpClient.DeepSeek.LogicalHandler Start processing HTTP request POST https://api.deepseek.com/chat/completions
[16:23:40 INF] System.Net.Http.HttpClient.DeepSeek.ClientHandler Sending HTTP request POST https://api.deepseek.com/chat/completions
[16:23:40 INF] System.Net.Http.HttpClient.DeepSeek.ClientHandler Received HTTP response headers after 281.0952ms - 200
[16:23:40 INF] System.Net.Http.HttpClient.DeepSeek.LogicalHandler End processing HTTP request after 288.649ms - 200
[16:23:40 INF] System.Net.Http.HttpClient.DeepSeek.LogicalHandler Start processing HTTP request POST https://api.deepseek.com/chat/completions
[16:23:40 INF] System.Net.Http.HttpClient.DeepSeek.ClientHandler Sending HTTP request POST https://api.deepseek.com/chat/completions
[16:23:40 INF] System.Net.Http.HttpClient.DeepSeek.ClientHandler Received HTTP response headers after 279.2588ms - 200
[16:23:40 INF] System.Net.Http.HttpClient.DeepSeek.LogicalHandler End processing HTTP request after 287.2275ms - 200
[16:23:40 INF] System.Net.Http.HttpClient.DeepSeek.ClientHandler Received HTTP response headers after 282.0314ms - 200
[16:23:40 INF] System.Net.Http.HttpClient.DeepSeek.LogicalHandler End processing HTTP request after 290.0638ms - 200
[16:23:41 INF] System.Net.Http.HttpClient.DeepSeek.LogicalHandler Start processing HTTP request POST https://api.deepseek.com/chat/completions
[16:23:41 INF] System.Net.Http.HttpClient.DeepSeek.ClientHandler Sending HTTP request POST https://api.deepseek.com/chat/completions
[16:23:41 INF] System.Net.Http.HttpClient.DeepSeek.LogicalHandler Start processing HTTP request POST https://api.deepseek.com/chat/completions
[16:23:41 INF] System.Net.Http.HttpClient.DeepSeek.ClientHandler Sending HTTP request POST https://api.deepseek.com/chat/completions
[16:23:41 INF] System.Net.Http.HttpClient.DeepSeek.ClientHandler Received HTTP response headers after 274.599ms - 200
[16:23:41 INF] System.Net.Http.HttpClient.DeepSeek.LogicalHandler End processing HTTP request after 283.3757ms - 200
[16:23:41 INF] System.Net.Http.HttpClient.DeepSeek.LogicalHandler Start processing HTTP request POST https://api.deepseek.com/chat/completions
[16:23:41 INF] System.Net.Http.HttpClient.DeepSeek.ClientHandler Sending HTTP request POST https://api.deepseek.com/chat/completions
[16:23:41 INF] System.Net.Http.HttpClient.DeepSeek.ClientHandler Received HTTP response headers after 269.3291ms - 200
[16:23:41 INF] System.Net.Http.HttpClient.DeepSeek.LogicalHandler End processing HTTP request after 277.0493ms - 200
[16:23:41 INF] System.Net.Http.HttpClient.DeepSeek.ClientHandler Received HTTP response headers after 294.5743ms - 200
[16:23:41 INF] System.Net.Http.HttpClient.DeepSeek.LogicalHandler End processing HTTP request after 303.002ms - 200
[16:23:41 INF] System.Net.Http.HttpClient.DeepSeek.LogicalHandler Start processing HTTP request POST https://api.deepseek.com/chat/completions
[16:23:41 INF] System.Net.Http.HttpClient.DeepSeek.ClientHandler Sending HTTP request POST https://api.deepseek.com/chat/completions
[16:23:42 INF] System.Net.Http.HttpClient.DeepSeek.LogicalHandler Start processing HTTP request POST https://api.deepseek.com/chat/completions
[16:23:42 INF] System.Net.Http.HttpClient.DeepSeek.ClientHandler Sending HTTP request POST https://api.deepseek.com/chat/completions
[16:23:42 INF] System.Net.Http.HttpClient.DeepSeek.ClientHandler Received HTTP response headers after 282.8113ms - 200
[16:23:42 INF] System.Net.Http.HttpClient.DeepSeek.LogicalHandler End processing HTTP request after 290.1748ms - 200
[16:23:42 INF] System.Net.Http.HttpClient.DeepSeek.ClientHandler Received HTTP response headers after 284.2714ms - 200
[16:23:42 INF] System.Net.Http.HttpClient.DeepSeek.LogicalHandler End processing HTTP request after 291.5336ms - 200
[16:23:42 INF] System.Net.Http.HttpClient.DeepSeek.LogicalHandler Start processing HTTP request POST https://api.deepseek.com/chat/completions
[16:23:42 INF] System.Net.Http.HttpClient.DeepSeek.ClientHandler Sending HTTP request POST https://api.deepseek.com/chat/completions
[16:23:42 INF] System.Net.Http.HttpClient.DeepSeek.LogicalHandler Start processing HTTP request POST https://api.deepseek.com/chat/completions
[16:23:42 INF] System.Net.Http.HttpClient.DeepSeek.ClientHandler Sending HTTP request POST https://api.deepseek.com/chat/completions
[16:23:42 INF] System.Net.Http.HttpClient.DeepSeek.LogicalHandler Start processing HTTP request POST https://api.deepseek.com/chat/completions
[16:23:42 INF] System.Net.Http.HttpClient.DeepSeek.ClientHandler Sending HTTP request POST https://api.deepseek.com/chat/completions
[16:23:42 INF] System.Net.Http.HttpClient.DeepSeek.LogicalHandler Start processing HTTP request POST https://api.deepseek.com/chat/completions
[16:23:42 INF] System.Net.Http.HttpClient.DeepSeek.ClientHandler Sending HTTP request POST https://api.deepseek.com/chat/completions
[16:23:42 INF] System.Net.Http.HttpClient.DeepSeek.ClientHandler Received HTTP response headers after 284.3285ms - 200
[16:23:42 INF] System.Net.Http.HttpClient.DeepSeek.LogicalHandler End processing HTTP request after 292.1078ms - 200
[16:23:42 INF] System.Net.Http.HttpClient.DeepSeek.ClientHandler Received HTTP response headers after 307.8792ms - 200
[16:23:42 INF] System.Net.Http.HttpClient.DeepSeek.LogicalHandler End processing HTTP request after 315.6204ms - 200
[16:23:42 INF] System.Net.Http.HttpClient.DeepSeek.ClientHandler Received HTTP response headers after 279.7203ms - 200
[16:23:42 INF] System.Net.Http.HttpClient.DeepSeek.LogicalHandler End processing HTTP request after 290.3556ms - 200
[16:23:42 INF] System.Net.Http.HttpClient.DeepSeek.ClientHandler Received HTTP response headers after 300.4055ms - 200
[16:23:42 INF] System.Net.Http.HttpClient.DeepSeek.LogicalHandler End processing HTTP request after 308.4495ms - 200
[16:23:43 INF] System.Net.Http.HttpClient.DeepSeek.LogicalHandler Start processing HTTP request POST https://api.deepseek.com/chat/completions
[16:23:43 INF] System.Net.Http.HttpClient.DeepSeek.ClientHandler Sending HTTP request POST https://api.deepseek.com/chat/completions
[16:23:43 INF] System.Net.Http.HttpClient.DeepSeek.ClientHandler Received HTTP response headers after 285.5855ms - 200
[16:23:43 INF] System.Net.Http.HttpClient.DeepSeek.LogicalHandler End processing HTTP request after 293.7234ms - 200
[16:23:43 INF] System.Net.Http.HttpClient.DeepSeek.LogicalHandler Start processing HTTP request POST https://api.deepseek.com/chat/completions
[16:23:43 INF] System.Net.Http.HttpClient.DeepSeek.ClientHandler Sending HTTP request POST https://api.deepseek.com/chat/completions
[16:23:43 INF] System.Net.Http.HttpClient.DeepSeek.LogicalHandler Start processing HTTP request POST https://api.deepseek.com/chat/completions
[16:23:43 INF] System.Net.Http.HttpClient.DeepSeek.ClientHandler Sending HTTP request POST https://api.deepseek.com/chat/completions
[16:23:43 INF] System.Net.Http.HttpClient.DeepSeek.LogicalHandler Start processing HTTP request POST https://api.deepseek.com/chat/completions
[16:23:43 INF] System.Net.Http.HttpClient.DeepSeek.ClientHandler Sending HTTP request POST https://api.deepseek.com/chat/completions
[16:23:44 INF] System.Net.Http.HttpClient.DeepSeek.LogicalHandler Start processing HTTP request POST https://api.deepseek.com/chat/completions
[16:23:44 INF] System.Net.Http.HttpClient.DeepSeek.ClientHandler Sending HTTP request POST https://api.deepseek.com/chat/completions
[16:23:44 INF] System.Net.Http.HttpClient.DeepSeek.LogicalHandler Start processing HTTP request POST https://api.deepseek.com/chat/completions
[16:23:44 INF] System.Net.Http.HttpClient.DeepSeek.ClientHandler Sending HTTP request POST https://api.deepseek.com/chat/completions
[16:23:44 INF] System.Net.Http.HttpClient.DeepSeek.ClientHandler Received HTTP response headers after 314.477ms - 200
[16:23:44 INF] System.Net.Http.HttpClient.DeepSeek.LogicalHandler End processing HTTP request after 322.1389ms - 200
[16:23:44 INF] System.Net.Http.HttpClient.DeepSeek.ClientHandler Received HTTP response headers after 288.777ms - 200
[16:23:44 INF] System.Net.Http.HttpClient.DeepSeek.LogicalHandler End processing HTTP request after 296.5709ms - 200
[16:23:44 INF] System.Net.Http.HttpClient.DeepSeek.ClientHandler Received HTTP response headers after 277.2403ms - 200
[16:23:44 INF] System.Net.Http.HttpClient.DeepSeek.LogicalHandler End processing HTTP request after 284.6876ms - 200
[16:23:44 INF] System.Net.Http.HttpClient.DeepSeek.LogicalHandler Start processing HTTP request POST https://api.deepseek.com/chat/completions
[16:23:44 INF] System.Net.Http.HttpClient.DeepSeek.ClientHandler Sending HTTP request POST https://api.deepseek.com/chat/completions
[16:23:44 INF] System.Net.Http.HttpClient.DeepSeek.LogicalHandler Start processing HTTP request POST https://api.deepseek.com/chat/completions
[16:23:44 INF] System.Net.Http.HttpClient.DeepSeek.ClientHandler Sending HTTP request POST https://api.deepseek.com/chat/completions
[16:23:44 INF] System.Net.Http.HttpClient.DeepSeek.ClientHandler Received HTTP response headers after 270.087ms - 200
[16:23:44 INF] System.Net.Http.HttpClient.DeepSeek.ClientHandler Received HTTP response headers after 298.9977ms - 200
[16:23:44 INF] System.Net.Http.HttpClient.DeepSeek.LogicalHandler End processing HTTP request after 277.7597ms - 200
[16:23:44 INF] System.Net.Http.HttpClient.DeepSeek.LogicalHandler End processing HTTP request after 309.2805ms - 200
[16:23:44 INF] System.Net.Http.HttpClient.DeepSeek.LogicalHandler Start processing HTTP request POST https://api.deepseek.com/chat/completions
[16:23:44 INF] System.Net.Http.HttpClient.DeepSeek.ClientHandler Sending HTTP request POST https://api.deepseek.com/chat/completions
[16:23:44 INF] System.Net.Http.HttpClient.DeepSeek.ClientHandler Received HTTP response headers after 301.4665ms - 200
[16:23:44 INF] System.Net.Http.HttpClient.DeepSeek.LogicalHandler End processing HTTP request after 309.2039ms - 200
[16:23:44 INF] System.Net.Http.HttpClient.DeepSeek.ClientHandler Received HTTP response headers after 297.4046ms - 200
[16:23:44 INF] System.Net.Http.HttpClient.DeepSeek.LogicalHandler End processing HTTP request after 304.9675ms - 200
[16:23:44 INF] System.Net.Http.HttpClient.DeepSeek.ClientHandler Received HTTP response headers after 309.5292ms - 200
[16:23:44 INF] System.Net.Http.HttpClient.DeepSeek.LogicalHandler End processing HTTP request after 317.3536ms - 200
[16:23:45 INF] System.Net.Http.HttpClient.DeepSeek.LogicalHandler Start processing HTTP request POST https://api.deepseek.com/chat/completions
[16:23:45 INF] System.Net.Http.HttpClient.DeepSeek.ClientHandler Sending HTTP request POST https://api.deepseek.com/chat/completions
[16:23:45 INF] System.Net.Http.HttpClient.DeepSeek.LogicalHandler Start processing HTTP request POST https://api.deepseek.com/chat/completions
[16:23:45 INF] System.Net.Http.HttpClient.DeepSeek.ClientHandler Sending HTTP request POST https://api.deepseek.com/chat/completions
[16:23:45 INF] System.Net.Http.HttpClient.DeepSeek.ClientHandler Received HTTP response headers after 292.0549ms - 200
[16:23:45 INF] System.Net.Http.HttpClient.DeepSeek.LogicalHandler End processing HTTP request after 299.3514ms - 200
[16:23:45 INF] System.Net.Http.HttpClient.DeepSeek.ClientHandler Received HTTP response headers after 296.3244ms - 200
[16:23:45 INF] System.Net.Http.HttpClient.DeepSeek.LogicalHandler End processing HTTP request after 303.8017ms - 200
[16:23:45 INF] System.Net.Http.HttpClient.DeepSeek.LogicalHandler Start processing HTTP request POST https://api.deepseek.com/chat/completions
[16:23:45 INF] System.Net.Http.HttpClient.DeepSeek.ClientHandler Sending HTTP request POST https://api.deepseek.com/chat/completions
[16:23:46 INF] System.Net.Http.HttpClient.DeepSeek.ClientHandler Received HTTP response headers after 281.1474ms - 200
[16:23:46 INF] System.Net.Http.HttpClient.DeepSeek.LogicalHandler End processing HTTP request after 289.1057ms - 200
[16:23:46 INF] System.Net.Http.HttpClient.DeepSeek.LogicalHandler Start processing HTTP request POST https://api.deepseek.com/chat/completions
[16:23:46 INF] System.Net.Http.HttpClient.DeepSeek.ClientHandler Sending HTTP request POST https://api.deepseek.com/chat/completions
[16:23:46 INF] System.Net.Http.HttpClient.DeepSeek.ClientHandler Received HTTP response headers after 346.4375ms - 200
[16:23:46 INF] System.Net.Http.HttpClient.DeepSeek.LogicalHandler End processing HTTP request after 353.9023ms - 200
[16:23:46 INF] System.Net.Http.HttpClient.DeepSeek.LogicalHandler Start processing HTTP request POST https://api.deepseek.com/chat/completions
[16:23:46 INF] System.Net.Http.HttpClient.DeepSeek.ClientHandler Sending HTTP request POST https://api.deepseek.com/chat/completions
[16:23:47 INF] System.Net.Http.HttpClient.DeepSeek.LogicalHandler Start processing HTTP request POST https://api.deepseek.com/chat/completions
[16:23:47 INF] System.Net.Http.HttpClient.DeepSeek.ClientHandler Sending HTTP request POST https://api.deepseek.com/chat/completions
[16:23:47 INF] System.Net.Http.HttpClient.DeepSeek.LogicalHandler Start processing HTTP request POST https://api.deepseek.com/chat/completions
[16:23:47 INF] System.Net.Http.HttpClient.DeepSeek.ClientHandler Sending HTTP request POST https://api.deepseek.com/chat/completions
[16:23:47 INF] System.Net.Http.HttpClient.DeepSeek.LogicalHandler Start processing HTTP request POST https://api.deepseek.com/chat/completions
[16:23:47 INF] System.Net.Http.HttpClient.DeepSeek.ClientHandler Sending HTTP request POST https://api.deepseek.com/chat/completions
[16:23:47 INF] System.Net.Http.HttpClient.DeepSeek.ClientHandler Received HTTP response headers after 427.4406ms - 200
[16:23:47 INF] System.Net.Http.HttpClient.DeepSeek.LogicalHandler End processing HTTP request after 435.2329ms - 200
[16:23:47 INF] System.Net.Http.HttpClient.DeepSeek.LogicalHandler Start processing HTTP request POST https://api.deepseek.com/chat/completions
[16:23:47 INF] System.Net.Http.HttpClient.DeepSeek.ClientHandler Sending HTTP request POST https://api.deepseek.com/chat/completions
[16:23:47 INF] System.Net.Http.HttpClient.DeepSeek.ClientHandler Received HTTP response headers after 288.2412ms - 200
[16:23:47 INF] System.Net.Http.HttpClient.DeepSeek.ClientHandler Received HTTP response headers after 302.3882ms - 200
[16:23:47 INF] System.Net.Http.HttpClient.DeepSeek.LogicalHandler End processing HTTP request after 296.319ms - 200
[16:23:47 INF] System.Net.Http.HttpClient.DeepSeek.LogicalHandler End processing HTTP request after 313.1759ms - 200
[16:23:47 INF] System.Net.Http.HttpClient.DeepSeek.ClientHandler Received HTTP response headers after 297.7348ms - 200
[16:23:47 INF] System.Net.Http.HttpClient.DeepSeek.LogicalHandler End processing HTTP request after 309.9234ms - 200
[16:23:47 INF] System.Net.Http.HttpClient.DeepSeek.ClientHandler Received HTTP response headers after 293.0277ms - 200
[16:23:47 INF] System.Net.Http.HttpClient.DeepSeek.LogicalHandler End processing HTTP request after 301.1804ms - 200
[16:23:48 INF] System.Net.Http.HttpClient.DeepSeek.LogicalHandler Start processing HTTP request POST https://api.deepseek.com/chat/completions
[16:23:48 INF] System.Net.Http.HttpClient.DeepSeek.ClientHandler Sending HTTP request POST https://api.deepseek.com/chat/completions
[16:23:48 INF] System.Net.Http.HttpClient.DeepSeek.LogicalHandler Start processing HTTP request POST https://api.deepseek.com/chat/completions
[16:23:48 INF] System.Net.Http.HttpClient.DeepSeek.ClientHandler Sending HTTP request POST https://api.deepseek.com/chat/completions
[16:23:48 INF] System.Net.Http.HttpClient.DeepSeek.ClientHandler Received HTTP response headers after 302.5798ms - 200
[16:23:48 INF] System.Net.Http.HttpClient.DeepSeek.LogicalHandler End processing HTTP request after 309.9101ms - 200
[16:23:48 INF] System.Net.Http.HttpClient.DeepSeek.ClientHandler Received HTTP response headers after 296.6302ms - 200
[16:23:48 INF] System.Net.Http.HttpClient.DeepSeek.LogicalHandler End processing HTTP request after 303.9956ms - 200
[16:23:48 INF] System.Net.Http.HttpClient.DeepSeek.LogicalHandler Start processing HTTP request POST https://api.deepseek.com/chat/completions
[16:23:48 INF] System.Net.Http.HttpClient.DeepSeek.ClientHandler Sending HTTP request POST https://api.deepseek.com/chat/completions
[16:23:49 INF] System.Net.Http.HttpClient.DeepSeek.ClientHandler Received HTTP response headers after 301.3123ms - 200
[16:23:49 INF] System.Net.Http.HttpClient.DeepSeek.LogicalHandler End processing HTTP request after 308.4545ms - 200
[16:23:49 INF] System.Net.Http.HttpClient.DeepSeek.LogicalHandler Start processing HTTP request POST https://api.deepseek.com/chat/completions
[16:23:49 INF] System.Net.Http.HttpClient.DeepSeek.ClientHandler Sending HTTP request POST https://api.deepseek.com/chat/completions
[16:23:49 INF] System.Net.Http.HttpClient.DeepSeek.LogicalHandler Start processing HTTP request POST https://api.deepseek.com/chat/completions
[16:23:49 INF] System.Net.Http.HttpClient.DeepSeek.ClientHandler Sending HTTP request POST https://api.deepseek.com/chat/completions
[16:23:49 INF] System.Net.Http.HttpClient.DeepSeek.ClientHandler Received HTTP response headers after 303.6143ms - 200
[16:23:49 INF] System.Net.Http.HttpClient.DeepSeek.LogicalHandler End processing HTTP request after 311.5575ms - 200
[16:23:49 INF] System.Net.Http.HttpClient.DeepSeek.ClientHandler Received HTTP response headers after 300.952ms - 200
[16:23:49 INF] System.Net.Http.HttpClient.DeepSeek.LogicalHandler End processing HTTP request after 308.315ms - 200
[16:23:50 INF] System.Net.Http.HttpClient.DeepSeek.LogicalHandler Start processing HTTP request POST https://api.deepseek.com/chat/completions
[16:23:50 INF] System.Net.Http.HttpClient.DeepSeek.ClientHandler Sending HTTP request POST https://api.deepseek.com/chat/completions
[16:23:50 INF] System.Net.Http.HttpClient.DeepSeek.ClientHandler Received HTTP response headers after 293.3316ms - 200
[16:23:50 INF] System.Net.Http.HttpClient.DeepSeek.LogicalHandler End processing HTTP request after 300.3043ms - 200
[16:23:50 INF] System.Net.Http.HttpClient.DeepSeek.LogicalHandler Start processing HTTP request POST https://api.deepseek.com/chat/completions
[16:23:50 INF] System.Net.Http.HttpClient.DeepSeek.ClientHandler Sending HTTP request POST https://api.deepseek.com/chat/completions
[16:23:50 INF] System.Net.Http.HttpClient.DeepSeek.LogicalHandler Start processing HTTP request POST https://api.deepseek.com/chat/completions
[16:23:50 INF] System.Net.Http.HttpClient.DeepSeek.ClientHandler Sending HTTP request POST https://api.deepseek.com/chat/completions
[16:23:50 INF] System.Net.Http.HttpClient.DeepSeek.ClientHandler Received HTTP response headers after 300.85ms - 200
[16:23:50 INF] System.Net.Http.HttpClient.DeepSeek.LogicalHandler End processing HTTP request after 308.325ms - 200
[16:23:51 INF] System.Net.Http.HttpClient.DeepSeek.ClientHandler Received HTTP response headers after 310.653ms - 200
[16:23:51 INF] System.Net.Http.HttpClient.DeepSeek.LogicalHandler End processing HTTP request after 317.8953ms - 200
[16:23:51 INF] System.Net.Http.HttpClient.DeepSeek.LogicalHandler Start processing HTTP request POST https://api.deepseek.com/chat/completions
[16:23:51 INF] System.Net.Http.HttpClient.DeepSeek.ClientHandler Sending HTTP request POST https://api.deepseek.com/chat/completions
[16:23:51 INF] System.Net.Http.HttpClient.DeepSeek.LogicalHandler Start processing HTTP request POST https://api.deepseek.com/chat/completions
[16:23:51 INF] System.Net.Http.HttpClient.DeepSeek.ClientHandler Sending HTTP request POST https://api.deepseek.com/chat/completions
[16:23:51 INF] System.Net.Http.HttpClient.DeepSeek.ClientHandler Received HTTP response headers after 284.6161ms - 200
[16:23:51 INF] System.Net.Http.HttpClient.DeepSeek.LogicalHandler End processing HTTP request after 293.3768ms - 200
[16:23:51 INF] System.Net.Http.HttpClient.DeepSeek.ClientHandler Received HTTP response headers after 271.3718ms - 200
[16:23:51 INF] System.Net.Http.HttpClient.DeepSeek.LogicalHandler End processing HTTP request after 279.0789ms - 200
[16:23:54 INF] System.Net.Http.HttpClient.DeepSeek.LogicalHandler Start processing HTTP request POST https://api.deepseek.com/chat/completions
[16:23:54 INF] System.Net.Http.HttpClient.DeepSeek.ClientHandler Sending HTTP request POST https://api.deepseek.com/chat/completions
[16:23:54 INF] System.Net.Http.HttpClient.DeepSeek.LogicalHandler Start processing HTTP request POST https://api.deepseek.com/chat/completions
[16:23:54 INF] System.Net.Http.HttpClient.DeepSeek.ClientHandler Sending HTTP request POST https://api.deepseek.com/chat/completions
[16:23:54 INF] System.Net.Http.HttpClient.DeepSeek.ClientHandler Received HTTP response headers after 281.8336ms - 200
[16:23:54 INF] System.Net.Http.HttpClient.DeepSeek.LogicalHandler End processing HTTP request after 289.7509ms - 200
[16:23:54 INF] System.Net.Http.HttpClient.DeepSeek.ClientHandler Received HTTP response headers after 297.1487ms - 200
[16:23:54 INF] System.Net.Http.HttpClient.DeepSeek.LogicalHandler End processing HTTP request after 305.1988ms - 200
[16:23:54 INF] System.Net.Http.HttpClient.DeepSeek.LogicalHandler Start processing HTTP request POST https://api.deepseek.com/chat/completions
[16:23:54 INF] System.Net.Http.HttpClient.DeepSeek.ClientHandler Sending HTTP request POST https://api.deepseek.com/chat/completions
[16:23:54 INF] System.Net.Http.HttpClient.DeepSeek.ClientHandler Received HTTP response headers after 362.7911ms - 200
[16:23:54 INF] System.Net.Http.HttpClient.DeepSeek.LogicalHandler End processing HTTP request after 371.4895ms - 200
[16:23:56 INF] System.Net.Http.HttpClient.DeepSeek.LogicalHandler Start processing HTTP request POST https://api.deepseek.com/chat/completions
[16:23:56 INF] System.Net.Http.HttpClient.DeepSeek.ClientHandler Sending HTTP request POST https://api.deepseek.com/chat/completions
[16:23:56 INF] System.Net.Http.HttpClient.DeepSeek.ClientHandler Received HTTP response headers after 279.5583ms - 200
[16:23:56 INF] System.Net.Http.HttpClient.DeepSeek.LogicalHandler End processing HTTP request after 287.5793ms - 200
[16:24:08 INF] simple_bloomberg_terminal.Services.Extraction.Measurement.CounterpartyMeasurementService Measurement lead agent starting for Super Micro Computer, Inc. run 5 using DeepSeek/deepseek-v4-pro | worker=directional-counterparty-worker-v2 | lead=counterparty-ledger-v1; digestChars=10072, contextChars=10074, maxTokens=16000
[16:24:08 INF] System.Net.Http.HttpClient.DeepSeek.LogicalHandler Start processing HTTP request POST https://api.deepseek.com/chat/completions
[16:24:08 INF] System.Net.Http.HttpClient.DeepSeek.ClientHandler Sending HTTP request POST https://api.deepseek.com/chat/completions
[16:24:08 INF] System.Net.Http.HttpClient.DeepSeek.ClientHandler Received HTTP response headers after 285.4151ms - 200
[16:24:08 INF] System.Net.Http.HttpClient.DeepSeek.LogicalHandler End processing HTTP request after 293.5487ms - 200
[16:24:11 INF] simple_bloomberg_terminal.Services.Extraction.Measurement.CounterpartyMeasurementService Measurement lead agent starting for Super Micro Computer, Inc. run 4 using DeepSeek/deepseek-v4-pro | worker=directional-counterparty-worker-v2 | lead=counterparty-ledger-v1; digestChars=7059, contextChars=7061, maxTokens=16000
[16:24:11 INF] System.Net.Http.HttpClient.DeepSeek.LogicalHandler Start processing HTTP request POST https://api.deepseek.com/chat/completions
[16:24:11 INF] System.Net.Http.HttpClient.DeepSeek.ClientHandler Sending HTTP request POST https://api.deepseek.com/chat/completions
[16:24:12 INF] System.Net.Http.HttpClient.DeepSeek.ClientHandler Received HTTP response headers after 287.2178ms - 200
[16:24:12 INF] System.Net.Http.HttpClient.DeepSeek.LogicalHandler End processing HTTP request after 295.9617ms - 200
[16:24:22 INF] simple_bloomberg_terminal.Services.Extraction.Measurement.CounterpartyMeasurementService Measurement lead agent starting for Super Micro Computer, Inc. run 3 using DeepSeek/deepseek-v4-pro | worker=directional-counterparty-worker-v2 | lead=counterparty-ledger-v1; digestChars=4678, contextChars=4680, maxTokens=16000
[16:24:22 INF] System.Net.Http.HttpClient.DeepSeek.LogicalHandler Start processing HTTP request POST https://api.deepseek.com/chat/completions
[16:24:22 INF] System.Net.Http.HttpClient.DeepSeek.ClientHandler Sending HTTP request POST https://api.deepseek.com/chat/completions
[16:24:22 INF] System.Net.Http.HttpClient.DeepSeek.ClientHandler Received HTTP response headers after 283.8874ms - 200
[16:24:22 INF] System.Net.Http.HttpClient.DeepSeek.LogicalHandler End processing HTTP request after 292.5084ms - 200
[16:24:58 INF] simple_bloomberg_terminal.Services.Extraction.Measurement.CounterpartyMeasurementService Measurement lead agent starting for Super Micro Computer, Inc. run 2 using DeepSeek/deepseek-v4-pro | worker=directional-counterparty-worker-v2 | lead=counterparty-ledger-v1; digestChars=3478, contextChars=3480, maxTokens=16000
[16:24:58 INF] System.Net.Http.HttpClient.DeepSeek.LogicalHandler Start processing HTTP request POST https://api.deepseek.com/chat/completions
[16:24:58 INF] System.Net.Http.HttpClient.DeepSeek.ClientHandler Sending HTTP request POST https://api.deepseek.com/chat/completions
[16:24:58 INF] System.Net.Http.HttpClient.DeepSeek.ClientHandler Received HTTP response headers after 287.8531ms - 200
[16:24:58 INF] System.Net.Http.HttpClient.DeepSeek.LogicalHandler End processing HTTP request after 296.3651ms - 200
[16:31:07 INF] Microsoft.Hosting.Lifetime Application is shutting down...
