[10:56:35 INF] Microsoft.Hosting.Lifetime Now listening on: http://localhost:5213
[10:56:35 INF] Microsoft.Hosting.Lifetime Application started. Press Ctrl+C to shut down.
[10:56:35 INF] Microsoft.Hosting.Lifetime Hosting environment: Development
[10:56:35 INF] Microsoft.Hosting.Lifetime Content root path: C:\Users\luka.osojnik\Documents\Coding\simple-bloomberg-terminal\simple-bloomberg-terminal
[10:56:35 INF] simple_bloomberg_terminal.Services.Provisioning.WeeklyVolumeRefreshService Weekly volume refresh: 1 companies with stale volume
[10:56:35 INF] System.Net.Http.HttpClient.IStockApiClient.LogicalHandler Start processing HTTP request GET https://www.sec.gov/files/company_tickers.json
[10:56:35 INF] System.Net.Http.HttpClient.IStockApiClient.ClientHandler Sending HTTP request GET https://www.sec.gov/files/company_tickers.json
[10:56:36 INF] System.Net.Http.HttpClient.IStockApiClient.ClientHandler Received HTTP response headers after 219.0143ms - 200
[10:56:36 INF] System.Net.Http.HttpClient.IStockApiClient.LogicalHandler End processing HTTP request after 245.9086ms - 200
[10:56:36 INF] System.Net.Http.HttpClient.IYahooFinanceClient.LogicalHandler Start processing HTTP request GET https://query1.finance.yahoo.com/v8/finance/chart/MMM?*
[10:56:36 INF] System.Net.Http.HttpClient.IYahooFinanceClient.ClientHandler Sending HTTP request GET https://query1.finance.yahoo.com/v8/finance/chart/MMM?*
[10:56:36 INF] System.Net.Http.HttpClient.IYahooFinanceClient.ClientHandler Received HTTP response headers after 364.3903ms - 200
[10:56:36 INF] System.Net.Http.HttpClient.IYahooFinanceClient.LogicalHandler End processing HTTP request after 377.8168ms - 200
[10:56:36 WRN] Microsoft.EntityFrameworkCore.Query Compiling a query which loads related collections for more than one collection navigation, either via 'Include' or through projection, but no 'QuerySplittingBehavior' has been configured. By default, Entity Framework will use 'QuerySplittingBehavior.SingleQuery', which can potentially result in slow query performance. See https://go.microsoft.com/fwlink/?linkid=2134277 for more information. To identify the query that's triggering this warning call 'ConfigureWarnings(w => w.Throw(RelationalEventId.MultipleCollectionIncludeWarning))'.
[10:56:45 INF] simple_bloomberg_terminal.Areas.Identity.Pages.Account.ExternalLoginModel Luka Osojnik signed in with Google.
[10:58:22 INF] Microsoft.Hosting.Lifetime Application is shutting down...
[11:46:17 INF] Microsoft.Hosting.Lifetime Now listening on: http://localhost:5213
[11:46:17 INF] Microsoft.Hosting.Lifetime Application started. Press Ctrl+C to shut down.
[11:46:17 INF] Microsoft.Hosting.Lifetime Hosting environment: Development
[11:46:17 INF] Microsoft.Hosting.Lifetime Content root path: C:\Users\luka.osojnik\Documents\Coding\simple-bloomberg-terminal\simple-bloomberg-terminal
[11:46:17 INF] simple_bloomberg_terminal.Services.Provisioning.WeeklyVolumeRefreshService Weekly volume refresh: 1 companies with stale volume
[11:46:18 INF] System.Net.Http.HttpClient.IStockApiClient.LogicalHandler Start processing HTTP request GET https://www.sec.gov/files/company_tickers.json
[11:46:18 INF] System.Net.Http.HttpClient.IStockApiClient.ClientHandler Sending HTTP request GET https://www.sec.gov/files/company_tickers.json
[11:46:18 INF] System.Net.Http.HttpClient.IStockApiClient.ClientHandler Received HTTP response headers after 438.6959ms - 200
[11:46:18 INF] System.Net.Http.HttpClient.IStockApiClient.LogicalHandler End processing HTTP request after 557.6411ms - 200
[11:46:19 INF] System.Net.Http.HttpClient.IYahooFinanceClient.LogicalHandler Start processing HTTP request GET https://query1.finance.yahoo.com/v8/finance/chart/MMM?*
[11:46:19 INF] System.Net.Http.HttpClient.IYahooFinanceClient.ClientHandler Sending HTTP request GET https://query1.finance.yahoo.com/v8/finance/chart/MMM?*
[11:46:19 WRN] Microsoft.EntityFrameworkCore.Query Compiling a query which loads related collections for more than one collection navigation, either via 'Include' or through projection, but no 'QuerySplittingBehavior' has been configured. By default, Entity Framework will use 'QuerySplittingBehavior.SingleQuery', which can potentially result in slow query performance. See https://go.microsoft.com/fwlink/?linkid=2134277 for more information. To identify the query that's triggering this warning call 'ConfigureWarnings(w => w.Throw(RelationalEventId.MultipleCollectionIncludeWarning))'.
[11:46:19 INF] System.Net.Http.HttpClient.IYahooFinanceClient.ClientHandler Received HTTP response headers after 736.8033ms - 200
[11:46:19 INF] System.Net.Http.HttpClient.IYahooFinanceClient.LogicalHandler End processing HTTP request after 753.2287ms - 200
[11:46:34 INF] simple_bloomberg_terminal.Areas.Identity.Pages.Account.ExternalLoginModel Luka Osojnik signed in with Google.
[11:46:54 INF] Microsoft.Hosting.Lifetime Application is shutting down...
[12:43:24 INF] Microsoft.Hosting.Lifetime Now listening on: http://localhost:5213
[12:43:24 INF] Microsoft.Hosting.Lifetime Application started. Press Ctrl+C to shut down.
[12:43:24 INF] Microsoft.Hosting.Lifetime Hosting environment: Development
[12:43:24 INF] Microsoft.Hosting.Lifetime Content root path: /Users/lukaosojnik/Documents/Coding/simple-bloomberg-terminal/simple-bloomberg-terminal
[12:43:26 WRN] Microsoft.EntityFrameworkCore.Query Compiling a query which loads related collections for more than one collection navigation, either via 'Include' or through projection, but no 'QuerySplittingBehavior' has been configured. By default, Entity Framework will use 'QuerySplittingBehavior.SingleQuery', which can potentially result in slow query performance. See https://go.microsoft.com/fwlink/?linkid=2134277 for more information. To identify the query that's triggering this warning call 'ConfigureWarnings(w => w.Throw(RelationalEventId.MultipleCollectionIncludeWarning))'.
[12:43:36 INF] System.Net.Http.HttpClient.IStockApiClient.LogicalHandler Start processing HTTP request GET https://data.sec.gov/submissions/CIK0001375365.json
[12:43:36 INF] System.Net.Http.HttpClient.IStockApiClient.ClientHandler Sending HTTP request GET https://data.sec.gov/submissions/CIK0001375365.json
[12:43:36 INF] System.Net.Http.HttpClient.IStockApiClient.ClientHandler Received HTTP response headers after 432.6381ms - 200
[12:43:36 INF] System.Net.Http.HttpClient.IStockApiClient.LogicalHandler End processing HTTP request after 449.2125ms - 200
[12:43:41 INF] System.Net.Http.HttpClient.IStockApiClient.LogicalHandler Start processing HTTP request GET https://www.sec.gov/Archives/edgar/data/1375365/000137536525000027/smci-20250630.htm
[12:43:41 INF] System.Net.Http.HttpClient.IStockApiClient.ClientHandler Sending HTTP request GET https://www.sec.gov/Archives/edgar/data/1375365/000137536525000027/smci-20250630.htm
[12:43:41 INF] System.Net.Http.HttpClient.IStockApiClient.ClientHandler Received HTTP response headers after 265.2387ms - 200
[12:43:41 INF] System.Net.Http.HttpClient.IStockApiClient.LogicalHandler End processing HTTP request after 265.998ms - 200
[12:43:44 INF] System.Net.Http.HttpClient.DeepSeek.LogicalHandler Start processing HTTP request POST https://api.deepseek.com/chat/completions
[12:43:44 INF] System.Net.Http.HttpClient.DeepSeek.ClientHandler Sending HTTP request POST https://api.deepseek.com/chat/completions
[12:43:44 INF] System.Net.Http.HttpClient.DeepSeek.LogicalHandler Start processing HTTP request POST https://api.deepseek.com/chat/completions
[12:43:44 INF] System.Net.Http.HttpClient.DeepSeek.ClientHandler Sending HTTP request POST https://api.deepseek.com/chat/completions
[12:43:44 INF] System.Net.Http.HttpClient.DeepSeek.LogicalHandler Start processing HTTP request POST https://api.deepseek.com/chat/completions
[12:43:44 INF] System.Net.Http.HttpClient.DeepSeek.ClientHandler Sending HTTP request POST https://api.deepseek.com/chat/completions
[12:43:44 INF] System.Net.Http.HttpClient.DeepSeek.LogicalHandler Start processing HTTP request POST https://api.deepseek.com/chat/completions
[12:43:44 INF] System.Net.Http.HttpClient.DeepSeek.ClientHandler Sending HTTP request POST https://api.deepseek.com/chat/completions
[12:43:44 INF] System.Net.Http.HttpClient.DeepSeek.LogicalHandler Start processing HTTP request POST https://api.deepseek.com/chat/completions
[12:43:44 INF] System.Net.Http.HttpClient.DeepSeek.ClientHandler Sending HTTP request POST https://api.deepseek.com/chat/completions
[12:43:44 INF] System.Net.Http.HttpClient.DeepSeek.LogicalHandler Start processing HTTP request POST https://api.deepseek.com/chat/completions
[12:43:44 INF] System.Net.Http.HttpClient.DeepSeek.ClientHandler Sending HTTP request POST https://api.deepseek.com/chat/completions
[12:43:44 INF] System.Net.Http.HttpClient.DeepSeek.ClientHandler Received HTTP response headers after 582.113ms - 200
[12:43:44 INF] System.Net.Http.HttpClient.DeepSeek.ClientHandler Received HTTP response headers after 582.6135ms - 200
[12:43:44 INF] System.Net.Http.HttpClient.DeepSeek.ClientHandler Received HTTP response headers after 582.3324ms - 200
[12:43:44 INF] System.Net.Http.HttpClient.DeepSeek.ClientHandler Received HTTP response headers after 580.5653ms - 200
[12:43:44 INF] System.Net.Http.HttpClient.DeepSeek.ClientHandler Received HTTP response headers after 582.2673ms - 200
[12:43:44 INF] System.Net.Http.HttpClient.DeepSeek.LogicalHandler End processing HTTP request after 582.4247ms - 200
[12:43:44 INF] System.Net.Http.HttpClient.DeepSeek.LogicalHandler End processing HTTP request after 583.0253ms - 200
[12:43:44 INF] System.Net.Http.HttpClient.DeepSeek.ClientHandler Received HTTP response headers after 581.088ms - 200
[12:43:44 INF] System.Net.Http.HttpClient.DeepSeek.LogicalHandler End processing HTTP request after 582.7497ms - 200
[12:43:44 INF] System.Net.Http.HttpClient.DeepSeek.LogicalHandler End processing HTTP request after 581.2259ms - 200
[12:43:44 INF] System.Net.Http.HttpClient.DeepSeek.LogicalHandler End processing HTTP request after 583.0609ms - 200
[12:43:44 INF] System.Net.Http.HttpClient.DeepSeek.LogicalHandler End processing HTTP request after 581.9543ms - 200
[12:43:46 INF] System.Net.Http.HttpClient.DeepSeek.LogicalHandler Start processing HTTP request POST https://api.deepseek.com/chat/completions
[12:43:46 INF] System.Net.Http.HttpClient.DeepSeek.ClientHandler Sending HTTP request POST https://api.deepseek.com/chat/completions
[12:43:46 INF] System.Net.Http.HttpClient.DeepSeek.LogicalHandler Start processing HTTP request POST https://api.deepseek.com/chat/completions
[12:43:46 INF] System.Net.Http.HttpClient.DeepSeek.ClientHandler Sending HTTP request POST https://api.deepseek.com/chat/completions
[12:43:46 INF] System.Net.Http.HttpClient.DeepSeek.ClientHandler Received HTTP response headers after 279.1708ms - 200
[12:43:46 INF] System.Net.Http.HttpClient.DeepSeek.LogicalHandler End processing HTTP request after 279.6142ms - 200
[12:43:47 INF] System.Net.Http.HttpClient.DeepSeek.ClientHandler Received HTTP response headers after 375.6416ms - 200
[12:43:47 INF] System.Net.Http.HttpClient.DeepSeek.LogicalHandler End processing HTTP request after 376.3592ms - 200
[12:43:47 INF] System.Net.Http.HttpClient.DeepSeek.LogicalHandler Start processing HTTP request POST https://api.deepseek.com/chat/completions
[12:43:47 INF] System.Net.Http.HttpClient.DeepSeek.ClientHandler Sending HTTP request POST https://api.deepseek.com/chat/completions
[12:43:47 INF] System.Net.Http.HttpClient.DeepSeek.ClientHandler Received HTTP response headers after 298.0729ms - 200
[12:43:47 INF] System.Net.Http.HttpClient.DeepSeek.LogicalHandler End processing HTTP request after 301.0311ms - 200
[12:43:48 INF] System.Net.Http.HttpClient.DeepSeek.LogicalHandler Start processing HTTP request POST https://api.deepseek.com/chat/completions
[12:43:48 INF] System.Net.Http.HttpClient.DeepSeek.ClientHandler Sending HTTP request POST https://api.deepseek.com/chat/completions
[12:43:49 INF] System.Net.Http.HttpClient.DeepSeek.ClientHandler Received HTTP response headers after 321.6312ms - 200
[12:43:49 INF] System.Net.Http.HttpClient.DeepSeek.LogicalHandler End processing HTTP request after 322.2375ms - 200
[12:43:49 INF] System.Net.Http.HttpClient.DeepSeek.LogicalHandler Start processing HTTP request POST https://api.deepseek.com/chat/completions
[12:43:49 INF] System.Net.Http.HttpClient.DeepSeek.ClientHandler Sending HTTP request POST https://api.deepseek.com/chat/completions
[12:43:49 INF] System.Net.Http.HttpClient.DeepSeek.ClientHandler Received HTTP response headers after 301.0763ms - 200
[12:43:49 INF] System.Net.Http.HttpClient.DeepSeek.LogicalHandler End processing HTTP request after 302.6264ms - 200
[12:43:49 INF] System.Net.Http.HttpClient.DeepSeek.LogicalHandler Start processing HTTP request POST https://api.deepseek.com/chat/completions
[12:43:49 INF] System.Net.Http.HttpClient.DeepSeek.ClientHandler Sending HTTP request POST https://api.deepseek.com/chat/completions
[12:43:50 INF] System.Net.Http.HttpClient.DeepSeek.ClientHandler Received HTTP response headers after 315.3349ms - 200
[12:43:50 INF] System.Net.Http.HttpClient.DeepSeek.LogicalHandler End processing HTTP request after 316.0721ms - 200
[12:43:50 INF] System.Net.Http.HttpClient.DeepSeek.LogicalHandler Start processing HTTP request POST https://api.deepseek.com/chat/completions
[12:43:50 INF] System.Net.Http.HttpClient.DeepSeek.ClientHandler Sending HTTP request POST https://api.deepseek.com/chat/completions
[12:43:50 INF] System.Net.Http.HttpClient.DeepSeek.ClientHandler Received HTTP response headers after 306.4808ms - 200
[12:43:50 INF] System.Net.Http.HttpClient.DeepSeek.LogicalHandler End processing HTTP request after 306.9417ms - 200
[12:43:52 INF] System.Net.Http.HttpClient.DeepSeek.LogicalHandler Start processing HTTP request POST https://api.deepseek.com/chat/completions
[12:43:52 INF] System.Net.Http.HttpClient.DeepSeek.LogicalHandler Start processing HTTP request POST https://api.deepseek.com/chat/completions
[12:43:52 INF] System.Net.Http.HttpClient.DeepSeek.ClientHandler Sending HTTP request POST https://api.deepseek.com/chat/completions
[12:43:52 INF] System.Net.Http.HttpClient.DeepSeek.ClientHandler Sending HTTP request POST https://api.deepseek.com/chat/completions
[12:43:52 INF] System.Net.Http.HttpClient.DeepSeek.LogicalHandler Start processing HTTP request POST https://api.deepseek.com/chat/completions
[12:43:52 INF] System.Net.Http.HttpClient.DeepSeek.ClientHandler Sending HTTP request POST https://api.deepseek.com/chat/completions
[12:43:52 INF] System.Net.Http.HttpClient.DeepSeek.ClientHandler Received HTTP response headers after 283.5691ms - 200
[12:43:52 INF] System.Net.Http.HttpClient.DeepSeek.LogicalHandler End processing HTTP request after 283.9257ms - 200
[12:43:52 INF] System.Net.Http.HttpClient.DeepSeek.ClientHandler Received HTTP response headers after 295.7877ms - 200
[12:43:52 INF] System.Net.Http.HttpClient.DeepSeek.LogicalHandler End processing HTTP request after 296.1581ms - 200
[12:43:52 INF] System.Net.Http.HttpClient.DeepSeek.ClientHandler Received HTTP response headers after 286.4961ms - 200
[12:43:52 INF] System.Net.Http.HttpClient.DeepSeek.LogicalHandler End processing HTTP request after 286.994ms - 200
[12:43:52 INF] System.Net.Http.HttpClient.DeepSeek.LogicalHandler Start processing HTTP request POST https://api.deepseek.com/chat/completions
[12:43:52 INF] System.Net.Http.HttpClient.DeepSeek.ClientHandler Sending HTTP request POST https://api.deepseek.com/chat/completions
[12:43:53 INF] System.Net.Http.HttpClient.DeepSeek.ClientHandler Received HTTP response headers after 304.1851ms - 200
[12:43:53 INF] System.Net.Http.HttpClient.DeepSeek.LogicalHandler End processing HTTP request after 304.5706ms - 200
[12:43:53 INF] System.Net.Http.HttpClient.DeepSeek.LogicalHandler Start processing HTTP request POST https://api.deepseek.com/chat/completions
[12:43:53 INF] System.Net.Http.HttpClient.DeepSeek.ClientHandler Sending HTTP request POST https://api.deepseek.com/chat/completions
[12:43:53 INF] System.Net.Http.HttpClient.DeepSeek.LogicalHandler Start processing HTTP request POST https://api.deepseek.com/chat/completions
[12:43:53 INF] System.Net.Http.HttpClient.DeepSeek.ClientHandler Sending HTTP request POST https://api.deepseek.com/chat/completions
[12:43:53 INF] System.Net.Http.HttpClient.DeepSeek.ClientHandler Received HTTP response headers after 284.6159ms - 200
[12:43:53 INF] System.Net.Http.HttpClient.DeepSeek.LogicalHandler End processing HTTP request after 284.9417ms - 200
[12:43:53 INF] System.Net.Http.HttpClient.DeepSeek.ClientHandler Received HTTP response headers after 293.3027ms - 200
[12:43:53 INF] System.Net.Http.HttpClient.DeepSeek.LogicalHandler End processing HTTP request after 293.704ms - 200
[12:43:54 INF] System.Net.Http.HttpClient.DeepSeek.LogicalHandler Start processing HTTP request POST https://api.deepseek.com/chat/completions
[12:43:54 INF] System.Net.Http.HttpClient.DeepSeek.ClientHandler Sending HTTP request POST https://api.deepseek.com/chat/completions
[12:43:54 INF] System.Net.Http.HttpClient.DeepSeek.ClientHandler Received HTTP response headers after 289.9979ms - 200
[12:43:54 INF] System.Net.Http.HttpClient.DeepSeek.LogicalHandler End processing HTTP request after 291.0413ms - 200
[12:43:54 INF] System.Net.Http.HttpClient.DeepSeek.LogicalHandler Start processing HTTP request POST https://api.deepseek.com/chat/completions
[12:43:54 INF] System.Net.Http.HttpClient.DeepSeek.ClientHandler Sending HTTP request POST https://api.deepseek.com/chat/completions
[12:43:54 INF] System.Net.Http.HttpClient.DeepSeek.LogicalHandler Start processing HTTP request POST https://api.deepseek.com/chat/completions
[12:43:54 INF] System.Net.Http.HttpClient.DeepSeek.ClientHandler Sending HTTP request POST https://api.deepseek.com/chat/completions
[12:43:54 INF] System.Net.Http.HttpClient.DeepSeek.ClientHandler Received HTTP response headers after 317.4291ms - 200
[12:43:54 INF] System.Net.Http.HttpClient.DeepSeek.LogicalHandler End processing HTTP request after 317.879ms - 200
[12:43:55 INF] System.Net.Http.HttpClient.DeepSeek.ClientHandler Received HTTP response headers after 362.8408ms - 200
[12:43:55 INF] System.Net.Http.HttpClient.DeepSeek.LogicalHandler End processing HTTP request after 363.2509ms - 200
[12:43:55 INF] System.Net.Http.HttpClient.DeepSeek.LogicalHandler Start processing HTTP request POST https://api.deepseek.com/chat/completions
[12:43:55 INF] System.Net.Http.HttpClient.DeepSeek.ClientHandler Sending HTTP request POST https://api.deepseek.com/chat/completions
[12:43:55 INF] System.Net.Http.HttpClient.DeepSeek.ClientHandler Received HTTP response headers after 275.1534ms - 200
[12:43:55 INF] System.Net.Http.HttpClient.DeepSeek.LogicalHandler End processing HTTP request after 275.7924ms - 200
[12:43:55 INF] System.Net.Http.HttpClient.DeepSeek.LogicalHandler Start processing HTTP request POST https://api.deepseek.com/chat/completions
[12:43:55 INF] System.Net.Http.HttpClient.DeepSeek.ClientHandler Sending HTTP request POST https://api.deepseek.com/chat/completions
[12:43:55 INF] System.Net.Http.HttpClient.DeepSeek.LogicalHandler Start processing HTTP request POST https://api.deepseek.com/chat/completions
[12:43:55 INF] System.Net.Http.HttpClient.DeepSeek.ClientHandler Sending HTTP request POST https://api.deepseek.com/chat/completions
[12:43:55 INF] System.Net.Http.HttpClient.DeepSeek.ClientHandler Received HTTP response headers after 288.8509ms - 200
[12:43:55 INF] System.Net.Http.HttpClient.DeepSeek.LogicalHandler End processing HTTP request after 289.4075ms - 200
[12:43:55 INF] System.Net.Http.HttpClient.DeepSeek.LogicalHandler Start processing HTTP request POST https://api.deepseek.com/chat/completions
[12:43:55 INF] System.Net.Http.HttpClient.DeepSeek.ClientHandler Sending HTTP request POST https://api.deepseek.com/chat/completions
[12:43:56 INF] System.Net.Http.HttpClient.DeepSeek.ClientHandler Received HTTP response headers after 274.1902ms - 200
[12:43:56 INF] System.Net.Http.HttpClient.DeepSeek.LogicalHandler End processing HTTP request after 274.5569ms - 200
[12:43:56 INF] System.Net.Http.HttpClient.DeepSeek.ClientHandler Received HTTP response headers after 285.1366ms - 200
[12:43:56 INF] System.Net.Http.HttpClient.DeepSeek.LogicalHandler End processing HTTP request after 285.6788ms - 200
[12:43:56 INF] System.Net.Http.HttpClient.DeepSeek.LogicalHandler Start processing HTTP request POST https://api.deepseek.com/chat/completions
[12:43:56 INF] System.Net.Http.HttpClient.DeepSeek.ClientHandler Sending HTTP request POST https://api.deepseek.com/chat/completions
[12:43:56 INF] System.Net.Http.HttpClient.DeepSeek.LogicalHandler Start processing HTTP request POST https://api.deepseek.com/chat/completions
[12:43:56 INF] System.Net.Http.HttpClient.DeepSeek.ClientHandler Sending HTTP request POST https://api.deepseek.com/chat/completions
[12:43:56 INF] System.Net.Http.HttpClient.DeepSeek.ClientHandler Received HTTP response headers after 290.091ms - 200
[12:43:56 INF] System.Net.Http.HttpClient.DeepSeek.LogicalHandler End processing HTTP request after 290.3697ms - 200
[12:43:56 INF] System.Net.Http.HttpClient.DeepSeek.ClientHandler Received HTTP response headers after 278.2977ms - 200
[12:43:56 INF] System.Net.Http.HttpClient.DeepSeek.LogicalHandler End processing HTTP request after 278.6454ms - 200
[12:43:57 INF] System.Net.Http.HttpClient.DeepSeek.LogicalHandler Start processing HTTP request POST https://api.deepseek.com/chat/completions
[12:43:57 INF] System.Net.Http.HttpClient.DeepSeek.ClientHandler Sending HTTP request POST https://api.deepseek.com/chat/completions
[12:43:57 INF] System.Net.Http.HttpClient.DeepSeek.ClientHandler Received HTTP response headers after 290.0233ms - 200
[12:43:57 INF] System.Net.Http.HttpClient.DeepSeek.LogicalHandler End processing HTTP request after 290.453ms - 200
[12:43:57 INF] System.Net.Http.HttpClient.DeepSeek.LogicalHandler Start processing HTTP request POST https://api.deepseek.com/chat/completions
[12:43:57 INF] System.Net.Http.HttpClient.DeepSeek.LogicalHandler Start processing HTTP request POST https://api.deepseek.com/chat/completions
[12:43:57 INF] System.Net.Http.HttpClient.DeepSeek.ClientHandler Sending HTTP request POST https://api.deepseek.com/chat/completions
[12:43:57 INF] System.Net.Http.HttpClient.DeepSeek.ClientHandler Sending HTTP request POST https://api.deepseek.com/chat/completions
[12:43:57 INF] System.Net.Http.HttpClient.DeepSeek.LogicalHandler Start processing HTTP request POST https://api.deepseek.com/chat/completions
[12:43:57 INF] System.Net.Http.HttpClient.DeepSeek.ClientHandler Sending HTTP request POST https://api.deepseek.com/chat/completions
[12:43:57 INF] System.Net.Http.HttpClient.DeepSeek.ClientHandler Received HTTP response headers after 286.7885ms - 200
[12:43:57 INF] System.Net.Http.HttpClient.DeepSeek.LogicalHandler End processing HTTP request after 287.4477ms - 200
[12:43:57 INF] System.Net.Http.HttpClient.DeepSeek.ClientHandler Received HTTP response headers after 299.3994ms - 200
[12:43:57 INF] System.Net.Http.HttpClient.DeepSeek.LogicalHandler End processing HTTP request after 300.4037ms - 200
[12:43:58 INF] System.Net.Http.HttpClient.DeepSeek.ClientHandler Received HTTP response headers after 287.5707ms - 200
[12:43:58 INF] System.Net.Http.HttpClient.DeepSeek.LogicalHandler End processing HTTP request after 288.0721ms - 200
[12:43:58 INF] System.Net.Http.HttpClient.DeepSeek.LogicalHandler Start processing HTTP request POST https://api.deepseek.com/chat/completions
[12:43:58 INF] System.Net.Http.HttpClient.DeepSeek.ClientHandler Sending HTTP request POST https://api.deepseek.com/chat/completions
[12:43:58 INF] System.Net.Http.HttpClient.DeepSeek.ClientHandler Received HTTP response headers after 309.4269ms - 200
[12:43:58 INF] System.Net.Http.HttpClient.DeepSeek.LogicalHandler End processing HTTP request after 310.1783ms - 200
[12:43:58 INF] System.Net.Http.HttpClient.DeepSeek.LogicalHandler Start processing HTTP request POST https://api.deepseek.com/chat/completions
[12:43:58 INF] System.Net.Http.HttpClient.DeepSeek.ClientHandler Sending HTTP request POST https://api.deepseek.com/chat/completions
[12:43:58 INF] System.Net.Http.HttpClient.DeepSeek.ClientHandler Received HTTP response headers after 344.5571ms - 200
[12:43:58 INF] System.Net.Http.HttpClient.DeepSeek.LogicalHandler End processing HTTP request after 344.9983ms - 200
[12:43:59 INF] System.Net.Http.HttpClient.DeepSeek.LogicalHandler Start processing HTTP request POST https://api.deepseek.com/chat/completions
[12:43:59 INF] System.Net.Http.HttpClient.DeepSeek.ClientHandler Sending HTTP request POST https://api.deepseek.com/chat/completions
[12:43:59 INF] System.Net.Http.HttpClient.DeepSeek.LogicalHandler Start processing HTTP request POST https://api.deepseek.com/chat/completions
[12:43:59 INF] System.Net.Http.HttpClient.DeepSeek.ClientHandler Sending HTTP request POST https://api.deepseek.com/chat/completions
[12:44:00 INF] System.Net.Http.HttpClient.DeepSeek.ClientHandler Received HTTP response headers after 282.1687ms - 200
[12:44:00 INF] System.Net.Http.HttpClient.DeepSeek.LogicalHandler End processing HTTP request after 282.6492ms - 200
[12:44:00 INF] System.Net.Http.HttpClient.DeepSeek.ClientHandler Received HTTP response headers after 292.3264ms - 200
[12:44:00 INF] System.Net.Http.HttpClient.DeepSeek.LogicalHandler End processing HTTP request after 292.7307ms - 200
[12:44:01 INF] System.Net.Http.HttpClient.DeepSeek.LogicalHandler Start processing HTTP request POST https://api.deepseek.com/chat/completions
[12:44:01 INF] System.Net.Http.HttpClient.DeepSeek.ClientHandler Sending HTTP request POST https://api.deepseek.com/chat/completions
[12:44:01 INF] System.Net.Http.HttpClient.DeepSeek.ClientHandler Received HTTP response headers after 272.4167ms - 200
[12:44:01 INF] System.Net.Http.HttpClient.DeepSeek.LogicalHandler End processing HTTP request after 273.0463ms - 200
[12:44:02 INF] System.Net.Http.HttpClient.DeepSeek.LogicalHandler Start processing HTTP request POST https://api.deepseek.com/chat/completions
[12:44:02 INF] System.Net.Http.HttpClient.DeepSeek.ClientHandler Sending HTTP request POST https://api.deepseek.com/chat/completions
[12:44:02 INF] System.Net.Http.HttpClient.DeepSeek.ClientHandler Received HTTP response headers after 294.2197ms - 200
[12:44:02 INF] System.Net.Http.HttpClient.DeepSeek.LogicalHandler End processing HTTP request after 294.9772ms - 200
[12:44:02 INF] System.Net.Http.HttpClient.DeepSeek.LogicalHandler Start processing HTTP request POST https://api.deepseek.com/chat/completions
[12:44:02 INF] System.Net.Http.HttpClient.DeepSeek.ClientHandler Sending HTTP request POST https://api.deepseek.com/chat/completions
[12:44:02 INF] System.Net.Http.HttpClient.DeepSeek.LogicalHandler Start processing HTTP request POST https://api.deepseek.com/chat/completions
[12:44:02 INF] System.Net.Http.HttpClient.DeepSeek.ClientHandler Sending HTTP request POST https://api.deepseek.com/chat/completions
[12:44:02 INF] System.Net.Http.HttpClient.DeepSeek.LogicalHandler Start processing HTTP request POST https://api.deepseek.com/chat/completions
[12:44:02 INF] System.Net.Http.HttpClient.DeepSeek.ClientHandler Sending HTTP request POST https://api.deepseek.com/chat/completions
[12:44:02 INF] System.Net.Http.HttpClient.DeepSeek.ClientHandler Received HTTP response headers after 280.4325ms - 200
[12:44:02 INF] System.Net.Http.HttpClient.DeepSeek.LogicalHandler End processing HTTP request after 280.8504ms - 200
[12:44:02 INF] System.Net.Http.HttpClient.DeepSeek.ClientHandler Received HTTP response headers after 284.0897ms - 200
[12:44:02 INF] System.Net.Http.HttpClient.DeepSeek.LogicalHandler End processing HTTP request after 284.6451ms - 200
[12:44:03 INF] System.Net.Http.HttpClient.DeepSeek.ClientHandler Received HTTP response headers after 337.4772ms - 200
[12:44:03 INF] System.Net.Http.HttpClient.DeepSeek.LogicalHandler End processing HTTP request after 338.1524ms - 200
[12:44:03 INF] System.Net.Http.HttpClient.DeepSeek.LogicalHandler Start processing HTTP request POST https://api.deepseek.com/chat/completions
[12:44:03 INF] System.Net.Http.HttpClient.DeepSeek.ClientHandler Sending HTTP request POST https://api.deepseek.com/chat/completions
[12:44:03 INF] System.Net.Http.HttpClient.DeepSeek.LogicalHandler Start processing HTTP request POST https://api.deepseek.com/chat/completions
[12:44:03 INF] System.Net.Http.HttpClient.DeepSeek.ClientHandler Sending HTTP request POST https://api.deepseek.com/chat/completions
[12:44:04 INF] System.Net.Http.HttpClient.DeepSeek.ClientHandler Received HTTP response headers after 274.3971ms - 200
[12:44:04 INF] System.Net.Http.HttpClient.DeepSeek.LogicalHandler End processing HTTP request after 274.9303ms - 200
[12:44:04 INF] System.Net.Http.HttpClient.DeepSeek.ClientHandler Received HTTP response headers after 282.7603ms - 200
[12:44:04 INF] System.Net.Http.HttpClient.DeepSeek.LogicalHandler End processing HTTP request after 283.2573ms - 200
[12:44:05 INF] System.Net.Http.HttpClient.DeepSeek.LogicalHandler Start processing HTTP request POST https://api.deepseek.com/chat/completions
[12:44:05 INF] System.Net.Http.HttpClient.DeepSeek.ClientHandler Sending HTTP request POST https://api.deepseek.com/chat/completions
[12:44:05 INF] System.Net.Http.HttpClient.DeepSeek.ClientHandler Received HTTP response headers after 291.6975ms - 200
[12:44:05 INF] System.Net.Http.HttpClient.DeepSeek.LogicalHandler End processing HTTP request after 292.3534ms - 200
[12:44:06 INF] System.Net.Http.HttpClient.DeepSeek.LogicalHandler Start processing HTTP request POST https://api.deepseek.com/chat/completions
[12:44:06 INF] System.Net.Http.HttpClient.DeepSeek.ClientHandler Sending HTTP request POST https://api.deepseek.com/chat/completions
[12:44:06 INF] System.Net.Http.HttpClient.DeepSeek.ClientHandler Received HTTP response headers after 278.3918ms - 200
[12:44:06 INF] System.Net.Http.HttpClient.DeepSeek.LogicalHandler End processing HTTP request after 278.7611ms - 200
[12:44:09 INF] System.Net.Http.HttpClient.DeepSeek.LogicalHandler Start processing HTTP request POST https://api.deepseek.com/chat/completions
[12:44:09 INF] System.Net.Http.HttpClient.DeepSeek.ClientHandler Sending HTTP request POST https://api.deepseek.com/chat/completions
[12:44:10 INF] System.Net.Http.HttpClient.DeepSeek.ClientHandler Received HTTP response headers after 298.5197ms - 200
[12:44:10 INF] System.Net.Http.HttpClient.DeepSeek.LogicalHandler End processing HTTP request after 299.4413ms - 200
[12:44:10 INF] System.Net.Http.HttpClient.DeepSeek.LogicalHandler Start processing HTTP request POST https://api.deepseek.com/chat/completions
[12:44:10 INF] System.Net.Http.HttpClient.DeepSeek.ClientHandler Sending HTTP request POST https://api.deepseek.com/chat/completions
[12:44:10 INF] System.Net.Http.HttpClient.DeepSeek.LogicalHandler Start processing HTTP request POST https://api.deepseek.com/chat/completions
[12:44:10 INF] System.Net.Http.HttpClient.DeepSeek.ClientHandler Sending HTTP request POST https://api.deepseek.com/chat/completions
[12:44:11 INF] System.Net.Http.HttpClient.DeepSeek.ClientHandler Received HTTP response headers after 361.622ms - 200
[12:44:11 INF] System.Net.Http.HttpClient.DeepSeek.LogicalHandler End processing HTTP request after 362.0265ms - 200
[12:44:11 INF] System.Net.Http.HttpClient.DeepSeek.ClientHandler Received HTTP response headers after 298.4987ms - 200
[12:44:11 INF] System.Net.Http.HttpClient.DeepSeek.LogicalHandler End processing HTTP request after 299.0017ms - 200
[12:45:05 INF] simple_bloomberg_terminal.Services.Extraction.Measurement.CounterpartyMeasurementService Measurement lead agent starting for Super Micro Computer, Inc. run 1 using DeepSeek/deepseek-v4-pro | worker=directional-counterparty-worker-v2 | lead=counterparty-ledger-v2; digestChars=5046, contextChars=5048, maxTokens=16000
[12:45:05 INF] System.Net.Http.HttpClient.DeepSeek.LogicalHandler Start processing HTTP request POST https://api.deepseek.com/chat/completions
[12:45:05 INF] System.Net.Http.HttpClient.DeepSeek.ClientHandler Sending HTTP request POST https://api.deepseek.com/chat/completions
[12:45:06 INF] System.Net.Http.HttpClient.DeepSeek.ClientHandler Received HTTP response headers after 295.462ms - 200
[12:45:06 INF] System.Net.Http.HttpClient.DeepSeek.LogicalHandler End processing HTTP request after 296.2931ms - 200
[12:47:50 INF] System.Net.Http.HttpClient.DeepSeek.LogicalHandler Start processing HTTP request POST https://api.deepseek.com/chat/completions
[12:47:50 INF] System.Net.Http.HttpClient.DeepSeek.ClientHandler Sending HTTP request POST https://api.deepseek.com/chat/completions
[12:47:50 INF] System.Net.Http.HttpClient.DeepSeek.LogicalHandler Start processing HTTP request POST https://api.deepseek.com/chat/completions
[12:47:50 INF] System.Net.Http.HttpClient.DeepSeek.ClientHandler Sending HTTP request POST https://api.deepseek.com/chat/completions
[12:47:50 INF] System.Net.Http.HttpClient.DeepSeek.LogicalHandler Start processing HTTP request POST https://api.deepseek.com/chat/completions
[12:47:50 INF] System.Net.Http.HttpClient.DeepSeek.ClientHandler Sending HTTP request POST https://api.deepseek.com/chat/completions
[12:47:50 INF] System.Net.Http.HttpClient.DeepSeek.LogicalHandler Start processing HTTP request POST https://api.deepseek.com/chat/completions
[12:47:50 INF] System.Net.Http.HttpClient.DeepSeek.ClientHandler Sending HTTP request POST https://api.deepseek.com/chat/completions
[12:47:50 INF] System.Net.Http.HttpClient.DeepSeek.LogicalHandler Start processing HTTP request POST https://api.deepseek.com/chat/completions
[12:47:50 INF] System.Net.Http.HttpClient.DeepSeek.ClientHandler Sending HTTP request POST https://api.deepseek.com/chat/completions
[12:47:50 INF] System.Net.Http.HttpClient.DeepSeek.LogicalHandler Start processing HTTP request POST https://api.deepseek.com/chat/completions
[12:47:50 INF] System.Net.Http.HttpClient.DeepSeek.ClientHandler Sending HTTP request POST https://api.deepseek.com/chat/completions
[12:47:51 INF] System.Net.Http.HttpClient.DeepSeek.ClientHandler Received HTTP response headers after 519.2356ms - 200
[12:47:51 INF] System.Net.Http.HttpClient.DeepSeek.ClientHandler Received HTTP response headers after 519.123ms - 200
[12:47:51 INF] System.Net.Http.HttpClient.DeepSeek.LogicalHandler End processing HTTP request after 519.4079ms - 200
[12:47:51 INF] System.Net.Http.HttpClient.DeepSeek.ClientHandler Received HTTP response headers after 518.6436ms - 200
[12:47:51 INF] System.Net.Http.HttpClient.DeepSeek.LogicalHandler End processing HTTP request after 519.3494ms - 200
[12:47:51 INF] System.Net.Http.HttpClient.DeepSeek.LogicalHandler End processing HTTP request after 518.9925ms - 200
[12:47:51 INF] System.Net.Http.HttpClient.DeepSeek.ClientHandler Received HTTP response headers after 519.5462ms - 200
[12:47:51 INF] System.Net.Http.HttpClient.DeepSeek.ClientHandler Received HTTP response headers after 518.4813ms - 200
[12:47:51 INF] System.Net.Http.HttpClient.DeepSeek.ClientHandler Received HTTP response headers after 518.6891ms - 200
[12:47:51 INF] System.Net.Http.HttpClient.DeepSeek.LogicalHandler End processing HTTP request after 520.4661ms - 200
[12:47:51 INF] System.Net.Http.HttpClient.DeepSeek.LogicalHandler End processing HTTP request after 518.9647ms - 200
[12:47:51 INF] System.Net.Http.HttpClient.DeepSeek.LogicalHandler End processing HTTP request after 518.909ms - 200
[12:47:52 INF] System.Net.Http.HttpClient.DeepSeek.LogicalHandler Start processing HTTP request POST https://api.deepseek.com/chat/completions
[12:47:52 INF] System.Net.Http.HttpClient.DeepSeek.ClientHandler Sending HTTP request POST https://api.deepseek.com/chat/completions
[12:47:52 INF] System.Net.Http.HttpClient.DeepSeek.LogicalHandler Start processing HTTP request POST https://api.deepseek.com/chat/completions
[12:47:52 INF] System.Net.Http.HttpClient.DeepSeek.ClientHandler Sending HTTP request POST https://api.deepseek.com/chat/completions
[12:47:52 INF] System.Net.Http.HttpClient.DeepSeek.LogicalHandler Start processing HTTP request POST https://api.deepseek.com/chat/completions
[12:47:52 INF] System.Net.Http.HttpClient.DeepSeek.ClientHandler Sending HTTP request POST https://api.deepseek.com/chat/completions
[12:47:52 INF] System.Net.Http.HttpClient.DeepSeek.LogicalHandler Start processing HTTP request POST https://api.deepseek.com/chat/completions
[12:47:52 INF] System.Net.Http.HttpClient.DeepSeek.ClientHandler Sending HTTP request POST https://api.deepseek.com/chat/completions
[12:47:52 INF] System.Net.Http.HttpClient.DeepSeek.LogicalHandler Start processing HTTP request POST https://api.deepseek.com/chat/completions
[12:47:52 INF] System.Net.Http.HttpClient.DeepSeek.ClientHandler Sending HTTP request POST https://api.deepseek.com/chat/completions
[12:47:52 INF] System.Net.Http.HttpClient.DeepSeek.LogicalHandler Start processing HTTP request POST https://api.deepseek.com/chat/completions
[12:47:52 INF] System.Net.Http.HttpClient.DeepSeek.ClientHandler Sending HTTP request POST https://api.deepseek.com/chat/completions
[12:47:52 INF] System.Net.Http.HttpClient.DeepSeek.LogicalHandler Start processing HTTP request POST https://api.deepseek.com/chat/completions
[12:47:52 INF] System.Net.Http.HttpClient.DeepSeek.ClientHandler Sending HTTP request POST https://api.deepseek.com/chat/completions
[12:47:52 INF] System.Net.Http.HttpClient.DeepSeek.ClientHandler Received HTTP response headers after 417.2525ms - 200
[12:47:52 INF] System.Net.Http.HttpClient.DeepSeek.LogicalHandler End processing HTTP request after 417.417ms - 200
[12:47:52 INF] System.Net.Http.HttpClient.DeepSeek.ClientHandler Received HTTP response headers after 423.1897ms - 200
[12:47:52 INF] System.Net.Http.HttpClient.DeepSeek.LogicalHandler End processing HTTP request after 423.2731ms - 200
[12:47:52 INF] System.Net.Http.HttpClient.DeepSeek.ClientHandler Received HTTP response headers after 429.7075ms - 200
[12:47:52 INF] System.Net.Http.HttpClient.DeepSeek.LogicalHandler End processing HTTP request after 429.8046ms - 200
[12:47:52 INF] System.Net.Http.HttpClient.DeepSeek.ClientHandler Received HTTP response headers after 431.9718ms - 200
[12:47:52 INF] System.Net.Http.HttpClient.DeepSeek.LogicalHandler End processing HTTP request after 432.1079ms - 200
[12:47:52 INF] System.Net.Http.HttpClient.DeepSeek.ClientHandler Received HTTP response headers after 434.1841ms - 200
[12:47:52 INF] System.Net.Http.HttpClient.DeepSeek.LogicalHandler End processing HTTP request after 434.2694ms - 200
[12:47:52 INF] System.Net.Http.HttpClient.DeepSeek.ClientHandler Received HTTP response headers after 460.0121ms - 200
[12:47:52 INF] System.Net.Http.HttpClient.DeepSeek.LogicalHandler End processing HTTP request after 460.1045ms - 200
[12:47:52 INF] System.Net.Http.HttpClient.DeepSeek.ClientHandler Received HTTP response headers after 284.014ms - 200
[12:47:52 INF] System.Net.Http.HttpClient.DeepSeek.LogicalHandler End processing HTTP request after 284.1874ms - 200
[12:47:52 INF] System.Net.Http.HttpClient.DeepSeek.LogicalHandler Start processing HTTP request POST https://api.deepseek.com/chat/completions
[12:47:52 INF] System.Net.Http.HttpClient.DeepSeek.ClientHandler Sending HTTP request POST https://api.deepseek.com/chat/completions
[12:47:53 INF] System.Net.Http.HttpClient.DeepSeek.ClientHandler Received HTTP response headers after 285.1947ms - 200
[12:47:53 INF] System.Net.Http.HttpClient.DeepSeek.LogicalHandler End processing HTTP request after 285.3722ms - 200
[12:47:53 INF] System.Net.Http.HttpClient.DeepSeek.LogicalHandler Start processing HTTP request POST https://api.deepseek.com/chat/completions
[12:47:53 INF] System.Net.Http.HttpClient.DeepSeek.ClientHandler Sending HTTP request POST https://api.deepseek.com/chat/completions
[12:47:53 INF] System.Net.Http.HttpClient.DeepSeek.LogicalHandler Start processing HTTP request POST https://api.deepseek.com/chat/completions
[12:47:53 INF] System.Net.Http.HttpClient.DeepSeek.ClientHandler Sending HTTP request POST https://api.deepseek.com/chat/completions
[12:47:53 INF] System.Net.Http.HttpClient.DeepSeek.LogicalHandler Start processing HTTP request POST https://api.deepseek.com/chat/completions
[12:47:53 INF] System.Net.Http.HttpClient.DeepSeek.ClientHandler Sending HTTP request POST https://api.deepseek.com/chat/completions
[12:47:53 INF] System.Net.Http.HttpClient.DeepSeek.LogicalHandler Start processing HTTP request POST https://api.deepseek.com/chat/completions
[12:47:53 INF] System.Net.Http.HttpClient.DeepSeek.ClientHandler Sending HTTP request POST https://api.deepseek.com/chat/completions
[12:47:53 INF] System.Net.Http.HttpClient.DeepSeek.LogicalHandler Start processing HTTP request POST https://api.deepseek.com/chat/completions
[12:47:53 INF] System.Net.Http.HttpClient.DeepSeek.ClientHandler Sending HTTP request POST https://api.deepseek.com/chat/completions
[12:47:53 INF] System.Net.Http.HttpClient.DeepSeek.LogicalHandler Start processing HTTP request POST https://api.deepseek.com/chat/completions
[12:47:53 INF] System.Net.Http.HttpClient.DeepSeek.ClientHandler Sending HTTP request POST https://api.deepseek.com/chat/completions
[12:47:54 INF] System.Net.Http.HttpClient.DeepSeek.LogicalHandler Start processing HTTP request POST https://api.deepseek.com/chat/completions
[12:47:54 INF] System.Net.Http.HttpClient.DeepSeek.ClientHandler Sending HTTP request POST https://api.deepseek.com/chat/completions
[12:47:54 INF] System.Net.Http.HttpClient.DeepSeek.LogicalHandler Start processing HTTP request POST https://api.deepseek.com/chat/completions
[12:47:54 INF] System.Net.Http.HttpClient.DeepSeek.ClientHandler Sending HTTP request POST https://api.deepseek.com/chat/completions
[12:47:54 INF] System.Net.Http.HttpClient.DeepSeek.ClientHandler Received HTTP response headers after 473.3059ms - 200
[12:47:54 INF] System.Net.Http.HttpClient.DeepSeek.LogicalHandler End processing HTTP request after 473.4275ms - 200
[12:47:54 INF] System.Net.Http.HttpClient.DeepSeek.ClientHandler Received HTTP response headers after 477.3355ms - 200
[12:47:54 INF] System.Net.Http.HttpClient.DeepSeek.LogicalHandler End processing HTTP request after 477.4176ms - 200
[12:47:54 INF] System.Net.Http.HttpClient.DeepSeek.ClientHandler Received HTTP response headers after 484.6272ms - 200
[12:47:54 INF] System.Net.Http.HttpClient.DeepSeek.LogicalHandler End processing HTTP request after 484.7205ms - 200
[12:47:54 INF] System.Net.Http.HttpClient.DeepSeek.ClientHandler Received HTTP response headers after 486.6223ms - 200
[12:47:54 INF] System.Net.Http.HttpClient.DeepSeek.LogicalHandler End processing HTTP request after 486.7168ms - 200
[12:47:54 INF] System.Net.Http.HttpClient.DeepSeek.ClientHandler Received HTTP response headers after 491.2457ms - 200
[12:47:54 INF] System.Net.Http.HttpClient.DeepSeek.LogicalHandler End processing HTTP request after 491.4113ms - 200
[12:47:54 INF] System.Net.Http.HttpClient.DeepSeek.ClientHandler Received HTTP response headers after 498.8425ms - 200
[12:47:54 INF] System.Net.Http.HttpClient.DeepSeek.LogicalHandler End processing HTTP request after 498.9412ms - 200
[12:47:54 INF] System.Net.Http.HttpClient.DeepSeek.LogicalHandler Start processing HTTP request POST https://api.deepseek.com/chat/completions
[12:47:54 INF] System.Net.Http.HttpClient.DeepSeek.ClientHandler Sending HTTP request POST https://api.deepseek.com/chat/completions
[12:47:54 INF] System.Net.Http.HttpClient.DeepSeek.ClientHandler Received HTTP response headers after 283.5472ms - 200
[12:47:54 INF] System.Net.Http.HttpClient.DeepSeek.LogicalHandler End processing HTTP request after 283.7065ms - 200
[12:47:54 INF] System.Net.Http.HttpClient.DeepSeek.ClientHandler Received HTTP response headers after 350.9615ms - 200
[12:47:54 INF] System.Net.Http.HttpClient.DeepSeek.LogicalHandler End processing HTTP request after 351.1087ms - 200
[12:47:54 INF] System.Net.Http.HttpClient.DeepSeek.ClientHandler Received HTTP response headers after 293.9741ms - 200
[12:47:54 INF] System.Net.Http.HttpClient.DeepSeek.LogicalHandler End processing HTTP request after 294.0692ms - 200
[12:47:55 INF] System.Net.Http.HttpClient.DeepSeek.LogicalHandler Start processing HTTP request POST https://api.deepseek.com/chat/completions
[12:47:55 INF] System.Net.Http.HttpClient.DeepSeek.ClientHandler Sending HTTP request POST https://api.deepseek.com/chat/completions
[12:47:55 INF] System.Net.Http.HttpClient.DeepSeek.LogicalHandler Start processing HTTP request POST https://api.deepseek.com/chat/completions
[12:47:55 INF] System.Net.Http.HttpClient.DeepSeek.ClientHandler Sending HTTP request POST https://api.deepseek.com/chat/completions
[12:47:55 INF] System.Net.Http.HttpClient.DeepSeek.LogicalHandler Start processing HTTP request POST https://api.deepseek.com/chat/completions
[12:47:55 INF] System.Net.Http.HttpClient.DeepSeek.ClientHandler Sending HTTP request POST https://api.deepseek.com/chat/completions
[12:47:55 INF] System.Net.Http.HttpClient.DeepSeek.LogicalHandler Start processing HTTP request POST https://api.deepseek.com/chat/completions
[12:47:55 INF] System.Net.Http.HttpClient.DeepSeek.ClientHandler Sending HTTP request POST https://api.deepseek.com/chat/completions
[12:47:55 INF] System.Net.Http.HttpClient.DeepSeek.LogicalHandler Start processing HTTP request POST https://api.deepseek.com/chat/completions
[12:47:55 INF] System.Net.Http.HttpClient.DeepSeek.ClientHandler Sending HTTP request POST https://api.deepseek.com/chat/completions
[12:47:55 INF] System.Net.Http.HttpClient.DeepSeek.LogicalHandler Start processing HTTP request POST https://api.deepseek.com/chat/completions
[12:47:55 INF] System.Net.Http.HttpClient.DeepSeek.ClientHandler Sending HTTP request POST https://api.deepseek.com/chat/completions
[12:47:55 INF] System.Net.Http.HttpClient.DeepSeek.LogicalHandler Start processing HTTP request POST https://api.deepseek.com/chat/completions
[12:47:55 INF] System.Net.Http.HttpClient.DeepSeek.ClientHandler Sending HTTP request POST https://api.deepseek.com/chat/completions
[12:47:55 INF] System.Net.Http.HttpClient.DeepSeek.LogicalHandler Start processing HTTP request POST https://api.deepseek.com/chat/completions
[12:47:55 INF] System.Net.Http.HttpClient.DeepSeek.ClientHandler Sending HTTP request POST https://api.deepseek.com/chat/completions
[12:47:55 INF] System.Net.Http.HttpClient.DeepSeek.LogicalHandler Start processing HTTP request POST https://api.deepseek.com/chat/completions
[12:47:55 INF] System.Net.Http.HttpClient.DeepSeek.ClientHandler Sending HTTP request POST https://api.deepseek.com/chat/completions
[12:47:55 INF] System.Net.Http.HttpClient.DeepSeek.LogicalHandler Start processing HTTP request POST https://api.deepseek.com/chat/completions
[12:47:55 INF] System.Net.Http.HttpClient.DeepSeek.ClientHandler Sending HTTP request POST https://api.deepseek.com/chat/completions
[12:47:55 INF] System.Net.Http.HttpClient.DeepSeek.LogicalHandler Start processing HTTP request POST https://api.deepseek.com/chat/completions
[12:47:55 INF] System.Net.Http.HttpClient.DeepSeek.ClientHandler Sending HTTP request POST https://api.deepseek.com/chat/completions
[12:47:55 INF] System.Net.Http.HttpClient.DeepSeek.ClientHandler Received HTTP response headers after 449.5205ms - 200
[12:47:55 INF] System.Net.Http.HttpClient.DeepSeek.ClientHandler Received HTTP response headers after 449.591ms - 200
[12:47:55 INF] System.Net.Http.HttpClient.DeepSeek.LogicalHandler End processing HTTP request after 449.6427ms - 200
[12:47:55 INF] System.Net.Http.HttpClient.DeepSeek.LogicalHandler End processing HTTP request after 449.8389ms - 200
[12:47:55 INF] System.Net.Http.HttpClient.DeepSeek.ClientHandler Received HTTP response headers after 450.3598ms - 200
[12:47:55 INF] System.Net.Http.HttpClient.DeepSeek.LogicalHandler End processing HTTP request after 450.4956ms - 200
[12:47:55 INF] System.Net.Http.HttpClient.DeepSeek.ClientHandler Received HTTP response headers after 454.5062ms - 200
[12:47:55 INF] System.Net.Http.HttpClient.DeepSeek.LogicalHandler End processing HTTP request after 454.6503ms - 200
[12:47:55 INF] System.Net.Http.HttpClient.DeepSeek.ClientHandler Received HTTP response headers after 455.4585ms - 200
[12:47:55 INF] System.Net.Http.HttpClient.DeepSeek.LogicalHandler End processing HTTP request after 455.5472ms - 200
[12:47:55 INF] System.Net.Http.HttpClient.DeepSeek.ClientHandler Received HTTP response headers after 454.999ms - 200
[12:47:55 INF] System.Net.Http.HttpClient.DeepSeek.LogicalHandler End processing HTTP request after 455.1491ms - 200
[12:47:55 INF] System.Net.Http.HttpClient.DeepSeek.ClientHandler Received HTTP response headers after 296.0332ms - 200
[12:47:55 INF] System.Net.Http.HttpClient.DeepSeek.LogicalHandler End processing HTTP request after 296.1753ms - 200
[12:47:55 INF] System.Net.Http.HttpClient.DeepSeek.ClientHandler Received HTTP response headers after 284.621ms - 200
[12:47:55 INF] System.Net.Http.HttpClient.DeepSeek.LogicalHandler End processing HTTP request after 284.7624ms - 200
[12:47:56 INF] System.Net.Http.HttpClient.DeepSeek.ClientHandler Received HTTP response headers after 281.1028ms - 200
[12:47:56 INF] System.Net.Http.HttpClient.DeepSeek.LogicalHandler End processing HTTP request after 281.2352ms - 200
[12:47:56 INF] System.Net.Http.HttpClient.DeepSeek.ClientHandler Received HTTP response headers after 277.2006ms - 200
[12:47:56 INF] System.Net.Http.HttpClient.DeepSeek.LogicalHandler End processing HTTP request after 277.3079ms - 200
[12:47:56 INF] System.Net.Http.HttpClient.DeepSeek.ClientHandler Received HTTP response headers after 301.9117ms - 200
[12:47:56 INF] System.Net.Http.HttpClient.DeepSeek.LogicalHandler End processing HTTP request after 302.0151ms - 200
[12:47:56 INF] System.Net.Http.HttpClient.DeepSeek.LogicalHandler Start processing HTTP request POST https://api.deepseek.com/chat/completions
[12:47:56 INF] System.Net.Http.HttpClient.DeepSeek.ClientHandler Sending HTTP request POST https://api.deepseek.com/chat/completions
[12:47:56 INF] System.Net.Http.HttpClient.DeepSeek.LogicalHandler Start processing HTTP request POST https://api.deepseek.com/chat/completions
[12:47:56 INF] System.Net.Http.HttpClient.DeepSeek.ClientHandler Sending HTTP request POST https://api.deepseek.com/chat/completions
[12:47:56 INF] System.Net.Http.HttpClient.DeepSeek.LogicalHandler Start processing HTTP request POST https://api.deepseek.com/chat/completions
[12:47:56 INF] System.Net.Http.HttpClient.DeepSeek.ClientHandler Sending HTTP request POST https://api.deepseek.com/chat/completions
[12:47:56 INF] System.Net.Http.HttpClient.DeepSeek.ClientHandler Received HTTP response headers after 292.1263ms - 200
[12:47:56 INF] System.Net.Http.HttpClient.DeepSeek.LogicalHandler End processing HTTP request after 292.2742ms - 200
[12:47:56 INF] System.Net.Http.HttpClient.DeepSeek.ClientHandler Received HTTP response headers after 278.4007ms - 200
[12:47:56 INF] System.Net.Http.HttpClient.DeepSeek.LogicalHandler End processing HTTP request after 278.5895ms - 200
[12:47:56 INF] System.Net.Http.HttpClient.DeepSeek.ClientHandler Received HTTP response headers after 283.8119ms - 200
[12:47:56 INF] System.Net.Http.HttpClient.DeepSeek.LogicalHandler End processing HTTP request after 283.966ms - 200
[12:47:57 INF] System.Net.Http.HttpClient.DeepSeek.LogicalHandler Start processing HTTP request POST https://api.deepseek.com/chat/completions
[12:47:57 INF] System.Net.Http.HttpClient.DeepSeek.ClientHandler Sending HTTP request POST https://api.deepseek.com/chat/completions
[12:47:57 INF] System.Net.Http.HttpClient.DeepSeek.LogicalHandler Start processing HTTP request POST https://api.deepseek.com/chat/completions
[12:47:57 INF] System.Net.Http.HttpClient.DeepSeek.ClientHandler Sending HTTP request POST https://api.deepseek.com/chat/completions
[12:47:57 INF] System.Net.Http.HttpClient.DeepSeek.LogicalHandler Start processing HTTP request POST https://api.deepseek.com/chat/completions
[12:47:57 INF] System.Net.Http.HttpClient.DeepSeek.ClientHandler Sending HTTP request POST https://api.deepseek.com/chat/completions
[12:47:57 INF] System.Net.Http.HttpClient.DeepSeek.LogicalHandler Start processing HTTP request POST https://api.deepseek.com/chat/completions
[12:47:57 INF] System.Net.Http.HttpClient.DeepSeek.ClientHandler Sending HTTP request POST https://api.deepseek.com/chat/completions
[12:47:57 INF] System.Net.Http.HttpClient.DeepSeek.LogicalHandler Start processing HTTP request POST https://api.deepseek.com/chat/completions
[12:47:57 INF] System.Net.Http.HttpClient.DeepSeek.ClientHandler Sending HTTP request POST https://api.deepseek.com/chat/completions
[12:47:57 INF] System.Net.Http.HttpClient.DeepSeek.LogicalHandler Start processing HTTP request POST https://api.deepseek.com/chat/completions
[12:47:57 INF] System.Net.Http.HttpClient.DeepSeek.ClientHandler Sending HTTP request POST https://api.deepseek.com/chat/completions
[12:47:57 INF] System.Net.Http.HttpClient.DeepSeek.LogicalHandler Start processing HTTP request POST https://api.deepseek.com/chat/completions
[12:47:57 INF] System.Net.Http.HttpClient.DeepSeek.ClientHandler Sending HTTP request POST https://api.deepseek.com/chat/completions
[12:47:57 INF] System.Net.Http.HttpClient.DeepSeek.LogicalHandler Start processing HTTP request POST https://api.deepseek.com/chat/completions
[12:47:57 INF] System.Net.Http.HttpClient.DeepSeek.ClientHandler Sending HTTP request POST https://api.deepseek.com/chat/completions
[12:47:57 INF] System.Net.Http.HttpClient.DeepSeek.ClientHandler Received HTTP response headers after 409.8342ms - 200
[12:47:57 INF] System.Net.Http.HttpClient.DeepSeek.LogicalHandler End processing HTTP request after 410.0279ms - 200
[12:47:57 INF] System.Net.Http.HttpClient.DeepSeek.ClientHandler Received HTTP response headers after 450.1589ms - 200
[12:47:57 INF] System.Net.Http.HttpClient.DeepSeek.LogicalHandler End processing HTTP request after 450.4037ms - 200
[12:47:57 INF] System.Net.Http.HttpClient.DeepSeek.ClientHandler Received HTTP response headers after 385.123ms - 200
[12:47:57 INF] System.Net.Http.HttpClient.DeepSeek.LogicalHandler End processing HTTP request after 385.4664ms - 200
[12:47:57 INF] System.Net.Http.HttpClient.DeepSeek.ClientHandler Received HTTP response headers after 460.1875ms - 200
[12:47:57 INF] System.Net.Http.HttpClient.DeepSeek.LogicalHandler End processing HTTP request after 460.3398ms - 200
[12:47:57 INF] System.Net.Http.HttpClient.DeepSeek.ClientHandler Received HTTP response headers after 461.1522ms - 200
[12:47:57 INF] System.Net.Http.HttpClient.DeepSeek.LogicalHandler End processing HTTP request after 461.2341ms - 200
[12:47:57 INF] System.Net.Http.HttpClient.DeepSeek.ClientHandler Received HTTP response headers after 466.5894ms - 200
[12:47:57 INF] System.Net.Http.HttpClient.DeepSeek.LogicalHandler End processing HTTP request after 466.6746ms - 200
[12:47:57 INF] System.Net.Http.HttpClient.DeepSeek.ClientHandler Received HTTP response headers after 468.1699ms - 200
[12:47:57 INF] System.Net.Http.HttpClient.DeepSeek.LogicalHandler End processing HTTP request after 468.2601ms - 200
[12:47:57 INF] System.Net.Http.HttpClient.DeepSeek.LogicalHandler Start processing HTTP request POST https://api.deepseek.com/chat/completions
[12:47:57 INF] System.Net.Http.HttpClient.DeepSeek.ClientHandler Sending HTTP request POST https://api.deepseek.com/chat/completions
[12:47:57 INF] System.Net.Http.HttpClient.DeepSeek.ClientHandler Received HTTP response headers after 413.7668ms - 200
[12:47:57 INF] System.Net.Http.HttpClient.DeepSeek.LogicalHandler End processing HTTP request after 413.9015ms - 200
[12:47:57 INF] System.Net.Http.HttpClient.DeepSeek.LogicalHandler Start processing HTTP request POST https://api.deepseek.com/chat/completions
[12:47:57 INF] System.Net.Http.HttpClient.DeepSeek.ClientHandler Sending HTTP request POST https://api.deepseek.com/chat/completions
[12:47:57 INF] System.Net.Http.HttpClient.DeepSeek.LogicalHandler Start processing HTTP request POST https://api.deepseek.com/chat/completions
[12:47:57 INF] System.Net.Http.HttpClient.DeepSeek.ClientHandler Sending HTTP request POST https://api.deepseek.com/chat/completions
[12:47:57 INF] System.Net.Http.HttpClient.DeepSeek.ClientHandler Received HTTP response headers after 276.9575ms - 200
[12:47:57 INF] System.Net.Http.HttpClient.DeepSeek.LogicalHandler End processing HTTP request after 277.0691ms - 200
[12:47:57 INF] System.Net.Http.HttpClient.DeepSeek.ClientHandler Received HTTP response headers after 285.169ms - 200
[12:47:57 INF] System.Net.Http.HttpClient.DeepSeek.LogicalHandler End processing HTTP request after 285.2809ms - 200
[12:47:58 INF] System.Net.Http.HttpClient.DeepSeek.ClientHandler Received HTTP response headers after 287.0231ms - 200
[12:47:58 INF] System.Net.Http.HttpClient.DeepSeek.LogicalHandler End processing HTTP request after 287.137ms - 200
[12:47:58 INF] System.Net.Http.HttpClient.DeepSeek.LogicalHandler Start processing HTTP request POST https://api.deepseek.com/chat/completions
[12:47:58 INF] System.Net.Http.HttpClient.DeepSeek.ClientHandler Sending HTTP request POST https://api.deepseek.com/chat/completions
[12:47:58 INF] System.Net.Http.HttpClient.DeepSeek.LogicalHandler Start processing HTTP request POST https://api.deepseek.com/chat/completions
[12:47:58 INF] System.Net.Http.HttpClient.DeepSeek.ClientHandler Sending HTTP request POST https://api.deepseek.com/chat/completions
[12:47:58 INF] System.Net.Http.HttpClient.DeepSeek.LogicalHandler Start processing HTTP request POST https://api.deepseek.com/chat/completions
[12:47:58 INF] System.Net.Http.HttpClient.DeepSeek.ClientHandler Sending HTTP request POST https://api.deepseek.com/chat/completions
[12:47:58 INF] System.Net.Http.HttpClient.DeepSeek.LogicalHandler Start processing HTTP request POST https://api.deepseek.com/chat/completions
[12:47:58 INF] System.Net.Http.HttpClient.DeepSeek.ClientHandler Sending HTTP request POST https://api.deepseek.com/chat/completions
[12:47:58 INF] System.Net.Http.HttpClient.DeepSeek.ClientHandler Received HTTP response headers after 276.3588ms - 200
[12:47:58 INF] System.Net.Http.HttpClient.DeepSeek.LogicalHandler End processing HTTP request after 276.4623ms - 200
[12:47:58 INF] System.Net.Http.HttpClient.DeepSeek.ClientHandler Received HTTP response headers after 284.9653ms - 200
[12:47:58 INF] System.Net.Http.HttpClient.DeepSeek.LogicalHandler End processing HTTP request after 285.0888ms - 200
[12:47:58 INF] System.Net.Http.HttpClient.DeepSeek.LogicalHandler Start processing HTTP request POST https://api.deepseek.com/chat/completions
[12:47:58 INF] System.Net.Http.HttpClient.DeepSeek.ClientHandler Sending HTTP request POST https://api.deepseek.com/chat/completions
[12:47:58 INF] System.Net.Http.HttpClient.DeepSeek.ClientHandler Received HTTP response headers after 282.8515ms - 200
[12:47:58 INF] System.Net.Http.HttpClient.DeepSeek.LogicalHandler End processing HTTP request after 282.9603ms - 200
[12:47:58 INF] System.Net.Http.HttpClient.DeepSeek.ClientHandler Received HTTP response headers after 308.1877ms - 200
[12:47:58 INF] System.Net.Http.HttpClient.DeepSeek.LogicalHandler End processing HTTP request after 308.3011ms - 200
[12:47:58 INF] System.Net.Http.HttpClient.DeepSeek.LogicalHandler Start processing HTTP request POST https://api.deepseek.com/chat/completions
[12:47:58 INF] System.Net.Http.HttpClient.DeepSeek.ClientHandler Sending HTTP request POST https://api.deepseek.com/chat/completions
[12:47:58 INF] System.Net.Http.HttpClient.DeepSeek.LogicalHandler Start processing HTTP request POST https://api.deepseek.com/chat/completions
[12:47:58 INF] System.Net.Http.HttpClient.DeepSeek.ClientHandler Sending HTTP request POST https://api.deepseek.com/chat/completions
[12:47:58 INF] System.Net.Http.HttpClient.DeepSeek.LogicalHandler Start processing HTTP request POST https://api.deepseek.com/chat/completions
[12:47:58 INF] System.Net.Http.HttpClient.DeepSeek.ClientHandler Sending HTTP request POST https://api.deepseek.com/chat/completions
[12:47:58 INF] System.Net.Http.HttpClient.DeepSeek.LogicalHandler Start processing HTTP request POST https://api.deepseek.com/chat/completions
[12:47:58 INF] System.Net.Http.HttpClient.DeepSeek.ClientHandler Sending HTTP request POST https://api.deepseek.com/chat/completions
[12:47:58 INF] System.Net.Http.HttpClient.DeepSeek.LogicalHandler Start processing HTTP request POST https://api.deepseek.com/chat/completions
[12:47:58 INF] System.Net.Http.HttpClient.DeepSeek.ClientHandler Sending HTTP request POST https://api.deepseek.com/chat/completions
[12:47:58 INF] System.Net.Http.HttpClient.DeepSeek.LogicalHandler Start processing HTTP request POST https://api.deepseek.com/chat/completions
[12:47:58 INF] System.Net.Http.HttpClient.DeepSeek.ClientHandler Sending HTTP request POST https://api.deepseek.com/chat/completions
[12:47:58 INF] System.Net.Http.HttpClient.DeepSeek.LogicalHandler Start processing HTTP request POST https://api.deepseek.com/chat/completions
[12:47:58 INF] System.Net.Http.HttpClient.DeepSeek.ClientHandler Sending HTTP request POST https://api.deepseek.com/chat/completions
[12:47:58 INF] System.Net.Http.HttpClient.DeepSeek.ClientHandler Received HTTP response headers after 281.0541ms - 200
[12:47:58 INF] System.Net.Http.HttpClient.DeepSeek.LogicalHandler End processing HTTP request after 281.2089ms - 200
[12:47:58 INF] System.Net.Http.HttpClient.DeepSeek.LogicalHandler Start processing HTTP request POST https://api.deepseek.com/chat/completions
[12:47:58 INF] System.Net.Http.HttpClient.DeepSeek.ClientHandler Sending HTTP request POST https://api.deepseek.com/chat/completions
[12:47:59 INF] System.Net.Http.HttpClient.DeepSeek.LogicalHandler Start processing HTTP request POST https://api.deepseek.com/chat/completions
[12:47:59 INF] System.Net.Http.HttpClient.DeepSeek.ClientHandler Sending HTTP request POST https://api.deepseek.com/chat/completions
[12:47:59 INF] System.Net.Http.HttpClient.DeepSeek.ClientHandler Received HTTP response headers after 371.1984ms - 200
[12:47:59 INF] System.Net.Http.HttpClient.DeepSeek.LogicalHandler End processing HTTP request after 371.338ms - 200
[12:47:59 INF] System.Net.Http.HttpClient.DeepSeek.ClientHandler Received HTTP response headers after 458.8842ms - 200
[12:47:59 INF] System.Net.Http.HttpClient.DeepSeek.LogicalHandler End processing HTTP request after 459.1712ms - 200
[12:47:59 INF] System.Net.Http.HttpClient.DeepSeek.ClientHandler Received HTTP response headers after 464.0811ms - 200
[12:47:59 INF] System.Net.Http.HttpClient.DeepSeek.LogicalHandler End processing HTTP request after 464.5128ms - 200
[12:47:59 INF] System.Net.Http.HttpClient.DeepSeek.ClientHandler Received HTTP response headers after 466.4768ms - 200
[12:47:59 INF] System.Net.Http.HttpClient.DeepSeek.LogicalHandler End processing HTTP request after 466.5626ms - 200
[12:47:59 INF] System.Net.Http.HttpClient.DeepSeek.ClientHandler Received HTTP response headers after 467.4077ms - 200
[12:47:59 INF] System.Net.Http.HttpClient.DeepSeek.LogicalHandler End processing HTTP request after 468.2341ms - 200
[12:47:59 INF] System.Net.Http.HttpClient.DeepSeek.ClientHandler Received HTTP response headers after 469.1725ms - 200
[12:47:59 INF] System.Net.Http.HttpClient.DeepSeek.LogicalHandler End processing HTTP request after 469.2547ms - 200
[12:47:59 INF] System.Net.Http.HttpClient.DeepSeek.ClientHandler Received HTTP response headers after 447.8346ms - 200
[12:47:59 INF] System.Net.Http.HttpClient.DeepSeek.LogicalHandler End processing HTTP request after 447.9728ms - 200
[12:47:59 INF] System.Net.Http.HttpClient.DeepSeek.LogicalHandler Start processing HTTP request POST https://api.deepseek.com/chat/completions
[12:47:59 INF] System.Net.Http.HttpClient.DeepSeek.ClientHandler Sending HTTP request POST https://api.deepseek.com/chat/completions
[12:47:59 INF] System.Net.Http.HttpClient.DeepSeek.ClientHandler Received HTTP response headers after 282.6817ms - 200
[12:47:59 INF] System.Net.Http.HttpClient.DeepSeek.LogicalHandler End processing HTTP request after 282.8299ms - 200
[12:47:59 INF] System.Net.Http.HttpClient.DeepSeek.ClientHandler Received HTTP response headers after 299.362ms - 200
[12:47:59 INF] System.Net.Http.HttpClient.DeepSeek.LogicalHandler End processing HTTP request after 299.4907ms - 200
[12:47:59 INF] System.Net.Http.HttpClient.DeepSeek.LogicalHandler Start processing HTTP request POST https://api.deepseek.com/chat/completions
[12:47:59 INF] System.Net.Http.HttpClient.DeepSeek.ClientHandler Sending HTTP request POST https://api.deepseek.com/chat/completions
[12:47:59 INF] System.Net.Http.HttpClient.DeepSeek.LogicalHandler Start processing HTTP request POST https://api.deepseek.com/chat/completions
[12:47:59 INF] System.Net.Http.HttpClient.DeepSeek.ClientHandler Sending HTTP request POST https://api.deepseek.com/chat/completions
[12:47:59 INF] System.Net.Http.HttpClient.DeepSeek.LogicalHandler Start processing HTTP request POST https://api.deepseek.com/chat/completions
[12:47:59 INF] System.Net.Http.HttpClient.DeepSeek.ClientHandler Sending HTTP request POST https://api.deepseek.com/chat/completions
[12:47:59 INF] System.Net.Http.HttpClient.DeepSeek.ClientHandler Received HTTP response headers after 275.4226ms - 200
[12:47:59 INF] System.Net.Http.HttpClient.DeepSeek.LogicalHandler End processing HTTP request after 275.5147ms - 200
[12:47:59 INF] System.Net.Http.HttpClient.DeepSeek.LogicalHandler Start processing HTTP request POST https://api.deepseek.com/chat/completions
[12:47:59 INF] System.Net.Http.HttpClient.DeepSeek.ClientHandler Sending HTTP request POST https://api.deepseek.com/chat/completions
[12:47:59 INF] System.Net.Http.HttpClient.DeepSeek.LogicalHandler Start processing HTTP request POST https://api.deepseek.com/chat/completions
[12:47:59 INF] System.Net.Http.HttpClient.DeepSeek.ClientHandler Sending HTTP request POST https://api.deepseek.com/chat/completions
[12:47:59 INF] System.Net.Http.HttpClient.DeepSeek.LogicalHandler Start processing HTTP request POST https://api.deepseek.com/chat/completions
[12:47:59 INF] System.Net.Http.HttpClient.DeepSeek.ClientHandler Sending HTTP request POST https://api.deepseek.com/chat/completions
[12:47:59 INF] System.Net.Http.HttpClient.DeepSeek.ClientHandler Received HTTP response headers after 280.077ms - 200
[12:47:59 INF] System.Net.Http.HttpClient.DeepSeek.LogicalHandler End processing HTTP request after 280.1819ms - 200
[12:47:59 INF] System.Net.Http.HttpClient.DeepSeek.ClientHandler Received HTTP response headers after 296.1629ms - 200
[12:47:59 INF] System.Net.Http.HttpClient.DeepSeek.LogicalHandler End processing HTTP request after 296.278ms - 200
[12:47:59 INF] System.Net.Http.HttpClient.DeepSeek.ClientHandler Received HTTP response headers after 274.3976ms - 200
[12:47:59 INF] System.Net.Http.HttpClient.DeepSeek.LogicalHandler End processing HTTP request after 274.4967ms - 200
[12:47:59 INF] System.Net.Http.HttpClient.DeepSeek.ClientHandler Received HTTP response headers after 355.0437ms - 200
[12:47:59 INF] System.Net.Http.HttpClient.DeepSeek.LogicalHandler End processing HTTP request after 355.1337ms - 200
[12:47:59 INF] System.Net.Http.HttpClient.DeepSeek.ClientHandler Received HTTP response headers after 309.9156ms - 200
[12:47:59 INF] System.Net.Http.HttpClient.DeepSeek.LogicalHandler End processing HTTP request after 310.0033ms - 200
[12:47:59 INF] System.Net.Http.HttpClient.DeepSeek.LogicalHandler Start processing HTTP request POST https://api.deepseek.com/chat/completions
[12:47:59 INF] System.Net.Http.HttpClient.DeepSeek.ClientHandler Sending HTTP request POST https://api.deepseek.com/chat/completions
[12:47:59 INF] System.Net.Http.HttpClient.DeepSeek.ClientHandler Received HTTP response headers after 283.1323ms - 200
[12:47:59 INF] System.Net.Http.HttpClient.DeepSeek.LogicalHandler End processing HTTP request after 283.2207ms - 200
[12:47:59 INF] System.Net.Http.HttpClient.DeepSeek.LogicalHandler Start processing HTTP request POST https://api.deepseek.com/chat/completions
[12:47:59 INF] System.Net.Http.HttpClient.DeepSeek.ClientHandler Sending HTTP request POST https://api.deepseek.com/chat/completions
[12:48:00 INF] System.Net.Http.HttpClient.DeepSeek.LogicalHandler Start processing HTTP request POST https://api.deepseek.com/chat/completions
[12:48:00 INF] System.Net.Http.HttpClient.DeepSeek.ClientHandler Sending HTTP request POST https://api.deepseek.com/chat/completions
[12:48:00 INF] System.Net.Http.HttpClient.DeepSeek.LogicalHandler Start processing HTTP request POST https://api.deepseek.com/chat/completions
[12:48:00 INF] System.Net.Http.HttpClient.DeepSeek.ClientHandler Sending HTTP request POST https://api.deepseek.com/chat/completions
[12:48:00 INF] System.Net.Http.HttpClient.DeepSeek.ClientHandler Received HTTP response headers after 282.4952ms - 200
[12:48:00 INF] System.Net.Http.HttpClient.DeepSeek.LogicalHandler End processing HTTP request after 282.5958ms - 200
[12:48:00 INF] System.Net.Http.HttpClient.DeepSeek.LogicalHandler Start processing HTTP request POST https://api.deepseek.com/chat/completions
[12:48:00 INF] System.Net.Http.HttpClient.DeepSeek.ClientHandler Sending HTTP request POST https://api.deepseek.com/chat/completions
[12:48:00 INF] System.Net.Http.HttpClient.DeepSeek.LogicalHandler Start processing HTTP request POST https://api.deepseek.com/chat/completions
[12:48:00 INF] System.Net.Http.HttpClient.DeepSeek.ClientHandler Sending HTTP request POST https://api.deepseek.com/chat/completions
[12:48:00 INF] System.Net.Http.HttpClient.DeepSeek.ClientHandler Received HTTP response headers after 297.6231ms - 200
[12:48:00 INF] System.Net.Http.HttpClient.DeepSeek.LogicalHandler End processing HTTP request after 297.7129ms - 200
[12:48:00 INF] System.Net.Http.HttpClient.DeepSeek.LogicalHandler Start processing HTTP request POST https://api.deepseek.com/chat/completions
[12:48:00 INF] System.Net.Http.HttpClient.DeepSeek.ClientHandler Sending HTTP request POST https://api.deepseek.com/chat/completions
[12:48:00 INF] System.Net.Http.HttpClient.DeepSeek.LogicalHandler Start processing HTTP request POST https://api.deepseek.com/chat/completions
[12:48:00 INF] System.Net.Http.HttpClient.DeepSeek.ClientHandler Sending HTTP request POST https://api.deepseek.com/chat/completions
[12:48:00 INF] System.Net.Http.HttpClient.DeepSeek.LogicalHandler Start processing HTTP request POST https://api.deepseek.com/chat/completions
[12:48:00 INF] System.Net.Http.HttpClient.DeepSeek.ClientHandler Sending HTTP request POST https://api.deepseek.com/chat/completions
[12:48:00 INF] System.Net.Http.HttpClient.DeepSeek.LogicalHandler Start processing HTTP request POST https://api.deepseek.com/chat/completions
[12:48:00 INF] System.Net.Http.HttpClient.DeepSeek.ClientHandler Sending HTTP request POST https://api.deepseek.com/chat/completions
[12:48:00 INF] System.Net.Http.HttpClient.DeepSeek.LogicalHandler Start processing HTTP request POST https://api.deepseek.com/chat/completions
[12:48:00 INF] System.Net.Http.HttpClient.DeepSeek.ClientHandler Sending HTTP request POST https://api.deepseek.com/chat/completions
[12:48:00 INF] System.Net.Http.HttpClient.DeepSeek.LogicalHandler Start processing HTTP request POST https://api.deepseek.com/chat/completions
[12:48:00 INF] System.Net.Http.HttpClient.DeepSeek.ClientHandler Sending HTTP request POST https://api.deepseek.com/chat/completions
[12:48:00 INF] System.Net.Http.HttpClient.DeepSeek.LogicalHandler Start processing HTTP request POST https://api.deepseek.com/chat/completions
[12:48:00 INF] System.Net.Http.HttpClient.DeepSeek.ClientHandler Sending HTTP request POST https://api.deepseek.com/chat/completions
[12:48:00 INF] System.Net.Http.HttpClient.DeepSeek.ClientHandler Received HTTP response headers after 291.4577ms - 200
[12:48:00 INF] System.Net.Http.HttpClient.DeepSeek.LogicalHandler End processing HTTP request after 291.6246ms - 200
[12:48:00 INF] System.Net.Http.HttpClient.DeepSeek.ClientHandler Received HTTP response headers after 283.614ms - 200
[12:48:00 INF] System.Net.Http.HttpClient.DeepSeek.LogicalHandler End processing HTTP request after 283.7232ms - 200
[12:48:00 INF] System.Net.Http.HttpClient.DeepSeek.LogicalHandler Start processing HTTP request POST https://api.deepseek.com/chat/completions
[12:48:00 INF] System.Net.Http.HttpClient.DeepSeek.ClientHandler Sending HTTP request POST https://api.deepseek.com/chat/completions
[12:48:00 INF] System.Net.Http.HttpClient.DeepSeek.LogicalHandler Start processing HTTP request POST https://api.deepseek.com/chat/completions
[12:48:00 INF] System.Net.Http.HttpClient.DeepSeek.ClientHandler Sending HTTP request POST https://api.deepseek.com/chat/completions
[12:48:00 INF] System.Net.Http.HttpClient.DeepSeek.ClientHandler Received HTTP response headers after 280.3638ms - 200
[12:48:00 INF] System.Net.Http.HttpClient.DeepSeek.LogicalHandler End processing HTTP request after 280.5068ms - 200
[12:48:00 INF] System.Net.Http.HttpClient.DeepSeek.LogicalHandler Start processing HTTP request POST https://api.deepseek.com/chat/completions
[12:48:00 INF] System.Net.Http.HttpClient.DeepSeek.ClientHandler Sending HTTP request POST https://api.deepseek.com/chat/completions
[12:48:00 INF] System.Net.Http.HttpClient.DeepSeek.ClientHandler Received HTTP response headers after 290.6632ms - 200
[12:48:00 INF] System.Net.Http.HttpClient.DeepSeek.LogicalHandler End processing HTTP request after 290.785ms - 200
[12:48:00 INF] System.Net.Http.HttpClient.DeepSeek.ClientHandler Received HTTP response headers after 322.8339ms - 200
[12:48:00 INF] System.Net.Http.HttpClient.DeepSeek.LogicalHandler End processing HTTP request after 322.9752ms - 200
[12:48:00 INF] System.Net.Http.HttpClient.DeepSeek.LogicalHandler Start processing HTTP request POST https://api.deepseek.com/chat/completions
[12:48:00 INF] System.Net.Http.HttpClient.DeepSeek.ClientHandler Sending HTTP request POST https://api.deepseek.com/chat/completions
[12:48:00 INF] System.Net.Http.HttpClient.DeepSeek.ClientHandler Received HTTP response headers after 399.8255ms - 200
[12:48:00 INF] System.Net.Http.HttpClient.DeepSeek.LogicalHandler End processing HTTP request after 399.9209ms - 200
[12:48:00 INF] System.Net.Http.HttpClient.DeepSeek.ClientHandler Received HTTP response headers after 423.4417ms - 200
[12:48:00 INF] System.Net.Http.HttpClient.DeepSeek.LogicalHandler End processing HTTP request after 423.5339ms - 200
[12:48:00 INF] System.Net.Http.HttpClient.DeepSeek.ClientHandler Received HTTP response headers after 427.8702ms - 200
[12:48:00 INF] System.Net.Http.HttpClient.DeepSeek.LogicalHandler End processing HTTP request after 427.9463ms - 200
[12:48:00 INF] System.Net.Http.HttpClient.DeepSeek.ClientHandler Received HTTP response headers after 414.2419ms - 200
[12:48:00 INF] System.Net.Http.HttpClient.DeepSeek.LogicalHandler End processing HTTP request after 414.4251ms - 200
[12:48:00 INF] System.Net.Http.HttpClient.DeepSeek.ClientHandler Received HTTP response headers after 430.6442ms - 200
[12:48:00 INF] System.Net.Http.HttpClient.DeepSeek.LogicalHandler End processing HTTP request after 430.722ms - 200
[12:48:00 INF] System.Net.Http.HttpClient.DeepSeek.ClientHandler Received HTTP response headers after 436.4178ms - 200
[12:48:00 INF] System.Net.Http.HttpClient.DeepSeek.LogicalHandler End processing HTTP request after 436.4936ms - 200
[12:48:00 INF] System.Net.Http.HttpClient.DeepSeek.ClientHandler Received HTTP response headers after 338.6705ms - 200
[12:48:00 INF] System.Net.Http.HttpClient.DeepSeek.LogicalHandler End processing HTTP request after 338.7945ms - 200
[12:48:00 INF] System.Net.Http.HttpClient.DeepSeek.ClientHandler Received HTTP response headers after 375.1694ms - 200
[12:48:00 INF] System.Net.Http.HttpClient.DeepSeek.LogicalHandler End processing HTTP request after 375.3577ms - 200
[12:48:00 INF] System.Net.Http.HttpClient.DeepSeek.ClientHandler Received HTTP response headers after 292.6879ms - 200
[12:48:00 INF] System.Net.Http.HttpClient.DeepSeek.LogicalHandler End processing HTTP request after 292.7922ms - 200
[12:48:00 INF] System.Net.Http.HttpClient.DeepSeek.LogicalHandler Start processing HTTP request POST https://api.deepseek.com/chat/completions
[12:48:00 INF] System.Net.Http.HttpClient.DeepSeek.ClientHandler Sending HTTP request POST https://api.deepseek.com/chat/completions
[12:48:00 INF] System.Net.Http.HttpClient.DeepSeek.LogicalHandler Start processing HTTP request POST https://api.deepseek.com/chat/completions
[12:48:00 INF] System.Net.Http.HttpClient.DeepSeek.ClientHandler Sending HTTP request POST https://api.deepseek.com/chat/completions
[12:48:00 INF] System.Net.Http.HttpClient.DeepSeek.ClientHandler Received HTTP response headers after 280.9612ms - 200
[12:48:00 INF] System.Net.Http.HttpClient.DeepSeek.LogicalHandler End processing HTTP request after 281.0835ms - 200
[12:48:00 INF] System.Net.Http.HttpClient.DeepSeek.LogicalHandler Start processing HTTP request POST https://api.deepseek.com/chat/completions
[12:48:00 INF] System.Net.Http.HttpClient.DeepSeek.ClientHandler Sending HTTP request POST https://api.deepseek.com/chat/completions
[12:48:00 INF] System.Net.Http.HttpClient.DeepSeek.LogicalHandler Start processing HTTP request POST https://api.deepseek.com/chat/completions
[12:48:00 INF] System.Net.Http.HttpClient.DeepSeek.ClientHandler Sending HTTP request POST https://api.deepseek.com/chat/completions
[12:48:01 INF] System.Net.Http.HttpClient.DeepSeek.ClientHandler Received HTTP response headers after 280.9269ms - 200
[12:48:01 INF] System.Net.Http.HttpClient.DeepSeek.LogicalHandler End processing HTTP request after 281.019ms - 200
[12:48:01 INF] System.Net.Http.HttpClient.DeepSeek.LogicalHandler Start processing HTTP request POST https://api.deepseek.com/chat/completions
[12:48:01 INF] System.Net.Http.HttpClient.DeepSeek.ClientHandler Sending HTTP request POST https://api.deepseek.com/chat/completions
[12:48:01 INF] System.Net.Http.HttpClient.DeepSeek.ClientHandler Received HTTP response headers after 282.313ms - 200
[12:48:01 INF] System.Net.Http.HttpClient.DeepSeek.LogicalHandler End processing HTTP request after 282.4045ms - 200
[12:48:01 INF] System.Net.Http.HttpClient.DeepSeek.LogicalHandler Start processing HTTP request POST https://api.deepseek.com/chat/completions
[12:48:01 INF] System.Net.Http.HttpClient.DeepSeek.ClientHandler Sending HTTP request POST https://api.deepseek.com/chat/completions
[12:48:01 INF] System.Net.Http.HttpClient.DeepSeek.LogicalHandler Start processing HTTP request POST https://api.deepseek.com/chat/completions
[12:48:01 INF] System.Net.Http.HttpClient.DeepSeek.ClientHandler Sending HTTP request POST https://api.deepseek.com/chat/completions
[12:48:01 INF] System.Net.Http.HttpClient.DeepSeek.ClientHandler Received HTTP response headers after 289.7816ms - 200
[12:48:01 INF] System.Net.Http.HttpClient.DeepSeek.LogicalHandler End processing HTTP request after 289.8812ms - 200
[12:48:01 INF] System.Net.Http.HttpClient.DeepSeek.LogicalHandler Start processing HTTP request POST https://api.deepseek.com/chat/completions
[12:48:01 INF] System.Net.Http.HttpClient.DeepSeek.ClientHandler Sending HTTP request POST https://api.deepseek.com/chat/completions
[12:48:01 INF] System.Net.Http.HttpClient.DeepSeek.ClientHandler Received HTTP response headers after 284.0369ms - 200
[12:48:01 INF] System.Net.Http.HttpClient.DeepSeek.LogicalHandler End processing HTTP request after 284.1251ms - 200
[12:48:01 INF] System.Net.Http.HttpClient.DeepSeek.ClientHandler Received HTTP response headers after 285.0979ms - 200
[12:48:01 INF] System.Net.Http.HttpClient.DeepSeek.LogicalHandler End processing HTTP request after 285.2209ms - 200
[12:48:01 INF] System.Net.Http.HttpClient.DeepSeek.LogicalHandler Start processing HTTP request POST https://api.deepseek.com/chat/completions
[12:48:01 INF] System.Net.Http.HttpClient.DeepSeek.ClientHandler Sending HTTP request POST https://api.deepseek.com/chat/completions
[12:48:01 INF] System.Net.Http.HttpClient.DeepSeek.LogicalHandler Start processing HTTP request POST https://api.deepseek.com/chat/completions
[12:48:01 INF] System.Net.Http.HttpClient.DeepSeek.ClientHandler Sending HTTP request POST https://api.deepseek.com/chat/completions
[12:48:01 INF] System.Net.Http.HttpClient.DeepSeek.ClientHandler Received HTTP response headers after 281.6421ms - 200
[12:48:01 INF] System.Net.Http.HttpClient.DeepSeek.LogicalHandler End processing HTTP request after 281.7614ms - 200
[12:48:01 INF] System.Net.Http.HttpClient.DeepSeek.LogicalHandler Start processing HTTP request POST https://api.deepseek.com/chat/completions
[12:48:01 INF] System.Net.Http.HttpClient.DeepSeek.ClientHandler Sending HTTP request POST https://api.deepseek.com/chat/completions
[12:48:01 INF] System.Net.Http.HttpClient.DeepSeek.ClientHandler Received HTTP response headers after 278.3447ms - 200
[12:48:01 INF] System.Net.Http.HttpClient.DeepSeek.LogicalHandler End processing HTTP request after 278.463ms - 200
[12:48:01 INF] System.Net.Http.HttpClient.DeepSeek.ClientHandler Received HTTP response headers after 285.1663ms - 200
[12:48:01 INF] System.Net.Http.HttpClient.DeepSeek.LogicalHandler End processing HTTP request after 285.2535ms - 200
[12:48:01 INF] System.Net.Http.HttpClient.DeepSeek.LogicalHandler Start processing HTTP request POST https://api.deepseek.com/chat/completions
[12:48:01 INF] System.Net.Http.HttpClient.DeepSeek.ClientHandler Sending HTTP request POST https://api.deepseek.com/chat/completions
[12:48:01 INF] System.Net.Http.HttpClient.DeepSeek.ClientHandler Received HTTP response headers after 282.1686ms - 200
[12:48:01 INF] System.Net.Http.HttpClient.DeepSeek.LogicalHandler End processing HTTP request after 282.2692ms - 200
[12:48:01 INF] System.Net.Http.HttpClient.DeepSeek.LogicalHandler Start processing HTTP request POST https://api.deepseek.com/chat/completions
[12:48:01 INF] System.Net.Http.HttpClient.DeepSeek.ClientHandler Sending HTTP request POST https://api.deepseek.com/chat/completions
[12:48:01 INF] System.Net.Http.HttpClient.DeepSeek.ClientHandler Received HTTP response headers after 296.0705ms - 200
[12:48:01 INF] System.Net.Http.HttpClient.DeepSeek.LogicalHandler End processing HTTP request after 296.1626ms - 200
[12:48:01 INF] System.Net.Http.HttpClient.DeepSeek.ClientHandler Received HTTP response headers after 322.0276ms - 200
[12:48:01 INF] System.Net.Http.HttpClient.DeepSeek.LogicalHandler End processing HTTP request after 322.1216ms - 200
[12:48:01 INF] System.Net.Http.HttpClient.DeepSeek.LogicalHandler Start processing HTTP request POST https://api.deepseek.com/chat/completions
[12:48:01 INF] System.Net.Http.HttpClient.DeepSeek.ClientHandler Sending HTTP request POST https://api.deepseek.com/chat/completions
[12:48:01 INF] System.Net.Http.HttpClient.DeepSeek.ClientHandler Received HTTP response headers after 296.6259ms - 200
[12:48:01 INF] System.Net.Http.HttpClient.DeepSeek.LogicalHandler End processing HTTP request after 296.743ms - 200
[12:48:01 INF] System.Net.Http.HttpClient.DeepSeek.ClientHandler Received HTTP response headers after 289.2745ms - 200
[12:48:01 INF] System.Net.Http.HttpClient.DeepSeek.LogicalHandler End processing HTTP request after 289.362ms - 200
[12:48:01 INF] System.Net.Http.HttpClient.DeepSeek.LogicalHandler Start processing HTTP request POST https://api.deepseek.com/chat/completions
[12:48:01 INF] System.Net.Http.HttpClient.DeepSeek.ClientHandler Sending HTTP request POST https://api.deepseek.com/chat/completions
[12:48:02 INF] System.Net.Http.HttpClient.DeepSeek.LogicalHandler Start processing HTTP request POST https://api.deepseek.com/chat/completions
[12:48:02 INF] System.Net.Http.HttpClient.DeepSeek.ClientHandler Sending HTTP request POST https://api.deepseek.com/chat/completions
[12:48:02 INF] System.Net.Http.HttpClient.DeepSeek.LogicalHandler Start processing HTTP request POST https://api.deepseek.com/chat/completions
[12:48:02 INF] System.Net.Http.HttpClient.DeepSeek.ClientHandler Sending HTTP request POST https://api.deepseek.com/chat/completions
[12:48:02 INF] System.Net.Http.HttpClient.DeepSeek.LogicalHandler Start processing HTTP request POST https://api.deepseek.com/chat/completions
[12:48:02 INF] System.Net.Http.HttpClient.DeepSeek.ClientHandler Sending HTTP request POST https://api.deepseek.com/chat/completions
[12:48:02 INF] System.Net.Http.HttpClient.DeepSeek.LogicalHandler Start processing HTTP request POST https://api.deepseek.com/chat/completions
[12:48:02 INF] System.Net.Http.HttpClient.DeepSeek.ClientHandler Sending HTTP request POST https://api.deepseek.com/chat/completions
[12:48:02 INF] System.Net.Http.HttpClient.DeepSeek.LogicalHandler Start processing HTTP request POST https://api.deepseek.com/chat/completions
[12:48:02 INF] System.Net.Http.HttpClient.DeepSeek.ClientHandler Sending HTTP request POST https://api.deepseek.com/chat/completions
[12:48:02 INF] System.Net.Http.HttpClient.DeepSeek.LogicalHandler Start processing HTTP request POST https://api.deepseek.com/chat/completions
[12:48:02 INF] System.Net.Http.HttpClient.DeepSeek.ClientHandler Sending HTTP request POST https://api.deepseek.com/chat/completions
[12:48:02 INF] System.Net.Http.HttpClient.DeepSeek.LogicalHandler Start processing HTTP request POST https://api.deepseek.com/chat/completions
[12:48:02 INF] System.Net.Http.HttpClient.DeepSeek.ClientHandler Sending HTTP request POST https://api.deepseek.com/chat/completions
[12:48:02 INF] System.Net.Http.HttpClient.DeepSeek.LogicalHandler Start processing HTTP request POST https://api.deepseek.com/chat/completions
[12:48:02 INF] System.Net.Http.HttpClient.DeepSeek.ClientHandler Sending HTTP request POST https://api.deepseek.com/chat/completions
[12:48:02 INF] System.Net.Http.HttpClient.DeepSeek.ClientHandler Received HTTP response headers after 283.2372ms - 200
[12:48:02 INF] System.Net.Http.HttpClient.DeepSeek.LogicalHandler End processing HTTP request after 283.624ms - 200
[12:48:02 INF] System.Net.Http.HttpClient.DeepSeek.LogicalHandler Start processing HTTP request POST https://api.deepseek.com/chat/completions
[12:48:02 INF] System.Net.Http.HttpClient.DeepSeek.ClientHandler Sending HTTP request POST https://api.deepseek.com/chat/completions
[12:48:02 INF] System.Net.Http.HttpClient.DeepSeek.LogicalHandler Start processing HTTP request POST https://api.deepseek.com/chat/completions
[12:48:02 INF] System.Net.Http.HttpClient.DeepSeek.ClientHandler Sending HTTP request POST https://api.deepseek.com/chat/completions
[12:48:02 INF] System.Net.Http.HttpClient.DeepSeek.ClientHandler Received HTTP response headers after 286.2341ms - 200
[12:48:02 INF] System.Net.Http.HttpClient.DeepSeek.LogicalHandler End processing HTTP request after 286.3658ms - 200
[12:48:02 INF] System.Net.Http.HttpClient.DeepSeek.LogicalHandler Start processing HTTP request POST https://api.deepseek.com/chat/completions
[12:48:02 INF] System.Net.Http.HttpClient.DeepSeek.ClientHandler Sending HTTP request POST https://api.deepseek.com/chat/completions
[12:48:02 INF] System.Net.Http.HttpClient.DeepSeek.ClientHandler Received HTTP response headers after 363.338ms - 200
[12:48:02 INF] System.Net.Http.HttpClient.DeepSeek.LogicalHandler End processing HTTP request after 363.5024ms - 200
[12:48:02 INF] System.Net.Http.HttpClient.DeepSeek.ClientHandler Received HTTP response headers after 373.5175ms - 200
[12:48:02 INF] System.Net.Http.HttpClient.DeepSeek.LogicalHandler End processing HTTP request after 373.6124ms - 200
[12:48:02 INF] System.Net.Http.HttpClient.DeepSeek.LogicalHandler Start processing HTTP request POST https://api.deepseek.com/chat/completions
[12:48:02 INF] System.Net.Http.HttpClient.DeepSeek.ClientHandler Sending HTTP request POST https://api.deepseek.com/chat/completions
[12:48:02 INF] System.Net.Http.HttpClient.DeepSeek.ClientHandler Received HTTP response headers after 489.4195ms - 200
[12:48:02 INF] System.Net.Http.HttpClient.DeepSeek.LogicalHandler End processing HTTP request after 489.6375ms - 200
[12:48:02 INF] System.Net.Http.HttpClient.DeepSeek.ClientHandler Received HTTP response headers after 476.8084ms - 200
[12:48:02 INF] System.Net.Http.HttpClient.DeepSeek.LogicalHandler End processing HTTP request after 476.9151ms - 200
[12:48:02 INF] System.Net.Http.HttpClient.DeepSeek.ClientHandler Received HTTP response headers after 493.0422ms - 200
[12:48:02 INF] System.Net.Http.HttpClient.DeepSeek.LogicalHandler End processing HTTP request after 493.1417ms - 200
[12:48:02 INF] System.Net.Http.HttpClient.DeepSeek.ClientHandler Received HTTP response headers after 493.4485ms - 200
[12:48:02 INF] System.Net.Http.HttpClient.DeepSeek.ClientHandler Received HTTP response headers after 493.154ms - 200
[12:48:02 INF] System.Net.Http.HttpClient.DeepSeek.LogicalHandler End processing HTTP request after 493.5741ms - 200
[12:48:02 INF] System.Net.Http.HttpClient.DeepSeek.LogicalHandler End processing HTTP request after 493.3093ms - 200
[12:48:02 INF] System.Net.Http.HttpClient.DeepSeek.ClientHandler Received HTTP response headers after 489.3978ms - 200
[12:48:02 INF] System.Net.Http.HttpClient.DeepSeek.LogicalHandler End processing HTTP request after 489.5149ms - 200
[12:48:02 INF] System.Net.Http.HttpClient.DeepSeek.ClientHandler Received HTTP response headers after 295.9182ms - 200
[12:48:02 INF] System.Net.Http.HttpClient.DeepSeek.LogicalHandler End processing HTTP request after 296.045ms - 200
[12:48:02 INF] System.Net.Http.HttpClient.DeepSeek.LogicalHandler Start processing HTTP request POST https://api.deepseek.com/chat/completions
[12:48:02 INF] System.Net.Http.HttpClient.DeepSeek.ClientHandler Sending HTTP request POST https://api.deepseek.com/chat/completions
[12:48:02 INF] System.Net.Http.HttpClient.DeepSeek.ClientHandler Received HTTP response headers after 294.2598ms - 200
[12:48:02 INF] System.Net.Http.HttpClient.DeepSeek.LogicalHandler End processing HTTP request after 294.3888ms - 200
[12:48:02 INF] System.Net.Http.HttpClient.DeepSeek.ClientHandler Received HTTP response headers after 280.8043ms - 200
[12:48:02 INF] System.Net.Http.HttpClient.DeepSeek.LogicalHandler End processing HTTP request after 280.9406ms - 200
[12:48:02 INF] System.Net.Http.HttpClient.DeepSeek.LogicalHandler Start processing HTTP request POST https://api.deepseek.com/chat/completions
[12:48:02 INF] System.Net.Http.HttpClient.DeepSeek.ClientHandler Sending HTTP request POST https://api.deepseek.com/chat/completions
[12:48:02 INF] System.Net.Http.HttpClient.DeepSeek.LogicalHandler Start processing HTTP request POST https://api.deepseek.com/chat/completions
[12:48:02 INF] System.Net.Http.HttpClient.DeepSeek.ClientHandler Sending HTTP request POST https://api.deepseek.com/chat/completions
[12:48:02 INF] System.Net.Http.HttpClient.DeepSeek.LogicalHandler Start processing HTTP request POST https://api.deepseek.com/chat/completions
[12:48:02 INF] System.Net.Http.HttpClient.DeepSeek.ClientHandler Sending HTTP request POST https://api.deepseek.com/chat/completions
[12:48:02 INF] System.Net.Http.HttpClient.DeepSeek.LogicalHandler Start processing HTTP request POST https://api.deepseek.com/chat/completions
[12:48:02 INF] System.Net.Http.HttpClient.DeepSeek.ClientHandler Sending HTTP request POST https://api.deepseek.com/chat/completions
[12:48:02 INF] System.Net.Http.HttpClient.DeepSeek.ClientHandler Received HTTP response headers after 278.4683ms - 200
[12:48:02 INF] System.Net.Http.HttpClient.DeepSeek.LogicalHandler End processing HTTP request after 278.6297ms - 200
[12:48:02 INF] System.Net.Http.HttpClient.DeepSeek.ClientHandler Received HTTP response headers after 286.8614ms - 200
[12:48:02 INF] System.Net.Http.HttpClient.DeepSeek.LogicalHandler End processing HTTP request after 286.9929ms - 200
[12:48:02 INF] System.Net.Http.HttpClient.DeepSeek.LogicalHandler Start processing HTTP request POST https://api.deepseek.com/chat/completions
[12:48:02 INF] System.Net.Http.HttpClient.DeepSeek.ClientHandler Sending HTTP request POST https://api.deepseek.com/chat/completions
[12:48:02 INF] System.Net.Http.HttpClient.DeepSeek.ClientHandler Received HTTP response headers after 280.2067ms - 200
[12:48:02 INF] System.Net.Http.HttpClient.DeepSeek.LogicalHandler End processing HTTP request after 280.4266ms - 200
[12:48:02 INF] System.Net.Http.HttpClient.DeepSeek.ClientHandler Received HTTP response headers after 287.767ms - 200
[12:48:02 INF] System.Net.Http.HttpClient.DeepSeek.LogicalHandler End processing HTTP request after 287.9198ms - 200
[12:48:02 INF] System.Net.Http.HttpClient.DeepSeek.LogicalHandler Start processing HTTP request POST https://api.deepseek.com/chat/completions
[12:48:02 INF] System.Net.Http.HttpClient.DeepSeek.ClientHandler Sending HTTP request POST https://api.deepseek.com/chat/completions
[12:48:03 INF] System.Net.Http.HttpClient.DeepSeek.ClientHandler Received HTTP response headers after 308.9603ms - 200
[12:48:03 INF] System.Net.Http.HttpClient.DeepSeek.LogicalHandler End processing HTTP request after 309.0983ms - 200
[12:48:03 INF] System.Net.Http.HttpClient.DeepSeek.LogicalHandler Start processing HTTP request POST https://api.deepseek.com/chat/completions
[12:48:03 INF] System.Net.Http.HttpClient.DeepSeek.ClientHandler Sending HTTP request POST https://api.deepseek.com/chat/completions
[12:48:03 INF] System.Net.Http.HttpClient.DeepSeek.ClientHandler Received HTTP response headers after 279.8047ms - 200
[12:48:03 INF] System.Net.Http.HttpClient.DeepSeek.LogicalHandler End processing HTTP request after 279.9714ms - 200
[12:48:03 INF] System.Net.Http.HttpClient.DeepSeek.ClientHandler Received HTTP response headers after 286.8265ms - 200
[12:48:03 INF] System.Net.Http.HttpClient.DeepSeek.LogicalHandler End processing HTTP request after 286.9448ms - 200
[12:48:03 INF] System.Net.Http.HttpClient.DeepSeek.LogicalHandler Start processing HTTP request POST https://api.deepseek.com/chat/completions
[12:48:03 INF] System.Net.Http.HttpClient.DeepSeek.ClientHandler Sending HTTP request POST https://api.deepseek.com/chat/completions
[12:48:03 INF] System.Net.Http.HttpClient.DeepSeek.ClientHandler Received HTTP response headers after 281.3823ms - 200
[12:48:03 INF] System.Net.Http.HttpClient.DeepSeek.LogicalHandler End processing HTTP request after 281.5307ms - 200
[12:48:03 INF] System.Net.Http.HttpClient.DeepSeek.ClientHandler Received HTTP response headers after 287.0836ms - 200
[12:48:03 INF] System.Net.Http.HttpClient.DeepSeek.LogicalHandler End processing HTTP request after 287.4261ms - 200
[12:48:03 INF] System.Net.Http.HttpClient.DeepSeek.LogicalHandler Start processing HTTP request POST https://api.deepseek.com/chat/completions
[12:48:03 INF] System.Net.Http.HttpClient.DeepSeek.ClientHandler Sending HTTP request POST https://api.deepseek.com/chat/completions
[12:48:03 INF] System.Net.Http.HttpClient.DeepSeek.LogicalHandler Start processing HTTP request POST https://api.deepseek.com/chat/completions
[12:48:03 INF] System.Net.Http.HttpClient.DeepSeek.ClientHandler Sending HTTP request POST https://api.deepseek.com/chat/completions
[12:48:03 INF] System.Net.Http.HttpClient.DeepSeek.ClientHandler Received HTTP response headers after 289.1711ms - 200
[12:48:03 INF] System.Net.Http.HttpClient.DeepSeek.LogicalHandler End processing HTTP request after 289.2944ms - 200
[12:48:03 INF] System.Net.Http.HttpClient.DeepSeek.LogicalHandler Start processing HTTP request POST https://api.deepseek.com/chat/completions
[12:48:03 INF] System.Net.Http.HttpClient.DeepSeek.ClientHandler Sending HTTP request POST https://api.deepseek.com/chat/completions
[12:48:03 INF] System.Net.Http.HttpClient.DeepSeek.LogicalHandler Start processing HTTP request POST https://api.deepseek.com/chat/completions
[12:48:03 INF] System.Net.Http.HttpClient.DeepSeek.ClientHandler Sending HTTP request POST https://api.deepseek.com/chat/completions
[12:48:03 INF] System.Net.Http.HttpClient.DeepSeek.LogicalHandler Start processing HTTP request POST https://api.deepseek.com/chat/completions
[12:48:03 INF] System.Net.Http.HttpClient.DeepSeek.ClientHandler Sending HTTP request POST https://api.deepseek.com/chat/completions
[12:48:03 INF] System.Net.Http.HttpClient.DeepSeek.LogicalHandler Start processing HTTP request POST https://api.deepseek.com/chat/completions
[12:48:03 INF] System.Net.Http.HttpClient.DeepSeek.ClientHandler Sending HTTP request POST https://api.deepseek.com/chat/completions
[12:48:03 INF] System.Net.Http.HttpClient.DeepSeek.LogicalHandler Start processing HTTP request POST https://api.deepseek.com/chat/completions
[12:48:03 INF] System.Net.Http.HttpClient.DeepSeek.ClientHandler Sending HTTP request POST https://api.deepseek.com/chat/completions
[12:48:03 INF] System.Net.Http.HttpClient.DeepSeek.LogicalHandler Start processing HTTP request POST https://api.deepseek.com/chat/completions
[12:48:03 INF] System.Net.Http.HttpClient.DeepSeek.ClientHandler Sending HTTP request POST https://api.deepseek.com/chat/completions
[12:48:03 INF] System.Net.Http.HttpClient.DeepSeek.LogicalHandler Start processing HTTP request POST https://api.deepseek.com/chat/completions
[12:48:03 INF] System.Net.Http.HttpClient.DeepSeek.ClientHandler Sending HTTP request POST https://api.deepseek.com/chat/completions
[12:48:03 INF] System.Net.Http.HttpClient.DeepSeek.LogicalHandler Start processing HTTP request POST https://api.deepseek.com/chat/completions
[12:48:03 INF] System.Net.Http.HttpClient.DeepSeek.ClientHandler Sending HTTP request POST https://api.deepseek.com/chat/completions
[12:48:03 INF] System.Net.Http.HttpClient.DeepSeek.LogicalHandler Start processing HTTP request POST https://api.deepseek.com/chat/completions
[12:48:03 INF] System.Net.Http.HttpClient.DeepSeek.ClientHandler Sending HTTP request POST https://api.deepseek.com/chat/completions
[12:48:03 INF] System.Net.Http.HttpClient.DeepSeek.ClientHandler Received HTTP response headers after 302.0779ms - 200
[12:48:03 INF] System.Net.Http.HttpClient.DeepSeek.LogicalHandler End processing HTTP request after 302.2305ms - 200
[12:48:03 INF] System.Net.Http.HttpClient.DeepSeek.LogicalHandler Start processing HTTP request POST https://api.deepseek.com/chat/completions
[12:48:03 INF] System.Net.Http.HttpClient.DeepSeek.ClientHandler Sending HTTP request POST https://api.deepseek.com/chat/completions
[12:48:03 INF] System.Net.Http.HttpClient.DeepSeek.LogicalHandler Start processing HTTP request POST https://api.deepseek.com/chat/completions
[12:48:03 INF] System.Net.Http.HttpClient.DeepSeek.ClientHandler Sending HTTP request POST https://api.deepseek.com/chat/completions
[12:48:03 INF] System.Net.Http.HttpClient.DeepSeek.ClientHandler Received HTTP response headers after 302.4872ms - 200
[12:48:03 INF] System.Net.Http.HttpClient.DeepSeek.LogicalHandler End processing HTTP request after 302.6753ms - 200
[12:48:03 INF] System.Net.Http.HttpClient.DeepSeek.ClientHandler Received HTTP response headers after 296.5979ms - 200
[12:48:03 INF] System.Net.Http.HttpClient.DeepSeek.LogicalHandler End processing HTTP request after 296.7428ms - 200
[12:48:03 INF] System.Net.Http.HttpClient.DeepSeek.ClientHandler Received HTTP response headers after 278.0343ms - 200
[12:48:03 INF] System.Net.Http.HttpClient.DeepSeek.LogicalHandler End processing HTTP request after 278.152ms - 200
[12:48:03 INF] System.Net.Http.HttpClient.DeepSeek.LogicalHandler Start processing HTTP request POST https://api.deepseek.com/chat/completions
[12:48:03 INF] System.Net.Http.HttpClient.DeepSeek.ClientHandler Sending HTTP request POST https://api.deepseek.com/chat/completions
[12:48:03 INF] System.Net.Http.HttpClient.DeepSeek.LogicalHandler Start processing HTTP request POST https://api.deepseek.com/chat/completions
[12:48:03 INF] System.Net.Http.HttpClient.DeepSeek.ClientHandler Sending HTTP request POST https://api.deepseek.com/chat/completions
[12:48:03 INF] System.Net.Http.HttpClient.DeepSeek.LogicalHandler Start processing HTTP request POST https://api.deepseek.com/chat/completions
[12:48:03 INF] System.Net.Http.HttpClient.DeepSeek.ClientHandler Sending HTTP request POST https://api.deepseek.com/chat/completions
[12:48:03 INF] System.Net.Http.HttpClient.DeepSeek.LogicalHandler Start processing HTTP request POST https://api.deepseek.com/chat/completions
[12:48:03 INF] System.Net.Http.HttpClient.DeepSeek.ClientHandler Sending HTTP request POST https://api.deepseek.com/chat/completions
[12:48:03 INF] System.Net.Http.HttpClient.DeepSeek.ClientHandler Received HTTP response headers after 295.8932ms - 200
[12:48:03 INF] System.Net.Http.HttpClient.DeepSeek.LogicalHandler End processing HTTP request after 296.099ms - 200
[12:48:03 INF] System.Net.Http.HttpClient.DeepSeek.LogicalHandler Start processing HTTP request POST https://api.deepseek.com/chat/completions
[12:48:03 INF] System.Net.Http.HttpClient.DeepSeek.ClientHandler Sending HTTP request POST https://api.deepseek.com/chat/completions
[12:48:03 INF] System.Net.Http.HttpClient.DeepSeek.ClientHandler Received HTTP response headers after 344.2748ms - 200
[12:48:03 INF] System.Net.Http.HttpClient.DeepSeek.LogicalHandler End processing HTTP request after 344.4116ms - 200
[12:48:03 INF] System.Net.Http.HttpClient.DeepSeek.ClientHandler Received HTTP response headers after 357.3349ms - 200
[12:48:03 INF] System.Net.Http.HttpClient.DeepSeek.LogicalHandler End processing HTTP request after 357.5262ms - 200
[12:48:04 INF] System.Net.Http.HttpClient.DeepSeek.ClientHandler Received HTTP response headers after 447.9181ms - 200
[12:48:04 INF] System.Net.Http.HttpClient.DeepSeek.LogicalHandler End processing HTTP request after 448.293ms - 200
[12:48:04 INF] System.Net.Http.HttpClient.DeepSeek.ClientHandler Received HTTP response headers after 439.7415ms - 200
[12:48:04 INF] System.Net.Http.HttpClient.DeepSeek.LogicalHandler End processing HTTP request after 439.9545ms - 200
[12:48:04 INF] System.Net.Http.HttpClient.DeepSeek.ClientHandler Received HTTP response headers after 441.8874ms - 200
[12:48:04 INF] System.Net.Http.HttpClient.DeepSeek.LogicalHandler End processing HTTP request after 442.1052ms - 200
[12:48:04 INF] System.Net.Http.HttpClient.DeepSeek.ClientHandler Received HTTP response headers after 463.9934ms - 200
[12:48:04 INF] System.Net.Http.HttpClient.DeepSeek.ClientHandler Received HTTP response headers after 303.7899ms - 200
[12:48:04 INF] System.Net.Http.HttpClient.DeepSeek.LogicalHandler End processing HTTP request after 464.268ms - 200
[12:48:04 INF] System.Net.Http.HttpClient.DeepSeek.LogicalHandler End processing HTTP request after 304.0718ms - 200
[12:48:04 INF] System.Net.Http.HttpClient.DeepSeek.LogicalHandler Start processing HTTP request POST https://api.deepseek.com/chat/completions
[12:48:04 INF] System.Net.Http.HttpClient.DeepSeek.ClientHandler Sending HTTP request POST https://api.deepseek.com/chat/completions
[12:48:04 INF] System.Net.Http.HttpClient.DeepSeek.ClientHandler Received HTTP response headers after 469.334ms - 200
[12:48:04 INF] System.Net.Http.HttpClient.DeepSeek.LogicalHandler End processing HTTP request after 469.5098ms - 200
[12:48:04 INF] System.Net.Http.HttpClient.DeepSeek.ClientHandler Received HTTP response headers after 290.477ms - 200
[12:48:04 INF] System.Net.Http.HttpClient.DeepSeek.LogicalHandler End processing HTTP request after 290.7998ms - 200
[12:48:04 INF] System.Net.Http.HttpClient.DeepSeek.LogicalHandler Start processing HTTP request POST https://api.deepseek.com/chat/completions
[12:48:04 INF] System.Net.Http.HttpClient.DeepSeek.ClientHandler Sending HTTP request POST https://api.deepseek.com/chat/completions
[12:48:04 INF] System.Net.Http.HttpClient.DeepSeek.ClientHandler Received HTTP response headers after 299.7987ms - 200
[12:48:04 INF] System.Net.Http.HttpClient.DeepSeek.LogicalHandler End processing HTTP request after 300.1207ms - 200
[12:48:04 INF] System.Net.Http.HttpClient.DeepSeek.ClientHandler Received HTTP response headers after 279.1758ms - 200
[12:48:04 INF] System.Net.Http.HttpClient.DeepSeek.LogicalHandler End processing HTTP request after 279.4055ms - 200
[12:48:04 INF] System.Net.Http.HttpClient.DeepSeek.ClientHandler Received HTTP response headers after 518.4785ms - 200
[12:48:04 INF] System.Net.Http.HttpClient.DeepSeek.LogicalHandler End processing HTTP request after 518.7395ms - 200
[12:48:04 INF] System.Net.Http.HttpClient.DeepSeek.LogicalHandler Start processing HTTP request POST https://api.deepseek.com/chat/completions
[12:48:04 INF] System.Net.Http.HttpClient.DeepSeek.ClientHandler Sending HTTP request POST https://api.deepseek.com/chat/completions
[12:48:04 INF] System.Net.Http.HttpClient.DeepSeek.LogicalHandler Start processing HTTP request POST https://api.deepseek.com/chat/completions
[12:48:04 INF] System.Net.Http.HttpClient.DeepSeek.ClientHandler Sending HTTP request POST https://api.deepseek.com/chat/completions
[12:48:04 INF] System.Net.Http.HttpClient.DeepSeek.ClientHandler Received HTTP response headers after 278.3398ms - 200
[12:48:04 INF] System.Net.Http.HttpClient.DeepSeek.LogicalHandler End processing HTTP request after 278.584ms - 200
[12:48:04 INF] System.Net.Http.HttpClient.DeepSeek.LogicalHandler Start processing HTTP request POST https://api.deepseek.com/chat/completions
[12:48:04 INF] System.Net.Http.HttpClient.DeepSeek.ClientHandler Sending HTTP request POST https://api.deepseek.com/chat/completions
[12:48:04 INF] System.Net.Http.HttpClient.DeepSeek.LogicalHandler Start processing HTTP request POST https://api.deepseek.com/chat/completions
[12:48:04 INF] System.Net.Http.HttpClient.DeepSeek.ClientHandler Sending HTTP request POST https://api.deepseek.com/chat/completions
[12:48:04 INF] System.Net.Http.HttpClient.DeepSeek.LogicalHandler Start processing HTTP request POST https://api.deepseek.com/chat/completions
[12:48:04 INF] System.Net.Http.HttpClient.DeepSeek.ClientHandler Sending HTTP request POST https://api.deepseek.com/chat/completions
[12:48:04 INF] System.Net.Http.HttpClient.DeepSeek.ClientHandler Received HTTP response headers after 288.8002ms - 200
[12:48:04 INF] System.Net.Http.HttpClient.DeepSeek.LogicalHandler End processing HTTP request after 289.1505ms - 200
[12:48:04 INF] System.Net.Http.HttpClient.DeepSeek.LogicalHandler Start processing HTTP request POST https://api.deepseek.com/chat/completions
[12:48:04 INF] System.Net.Http.HttpClient.DeepSeek.ClientHandler Sending HTTP request POST https://api.deepseek.com/chat/completions
[12:48:04 INF] System.Net.Http.HttpClient.DeepSeek.ClientHandler Received HTTP response headers after 275.7439ms - 200
[12:48:04 INF] System.Net.Http.HttpClient.DeepSeek.LogicalHandler End processing HTTP request after 276.6194ms - 200
[12:48:04 INF] System.Net.Http.HttpClient.DeepSeek.LogicalHandler Start processing HTTP request POST https://api.deepseek.com/chat/completions
[12:48:04 INF] System.Net.Http.HttpClient.DeepSeek.ClientHandler Sending HTTP request POST https://api.deepseek.com/chat/completions
[12:48:04 INF] System.Net.Http.HttpClient.DeepSeek.ClientHandler Received HTTP response headers after 288.44ms - 200
[12:48:04 INF] System.Net.Http.HttpClient.DeepSeek.LogicalHandler End processing HTTP request after 288.844ms - 200
[12:48:04 INF] System.Net.Http.HttpClient.DeepSeek.ClientHandler Received HTTP response headers after 285.3592ms - 200
[12:48:04 INF] System.Net.Http.HttpClient.DeepSeek.LogicalHandler End processing HTTP request after 285.5837ms - 200
[12:48:04 INF] System.Net.Http.HttpClient.DeepSeek.LogicalHandler Start processing HTTP request POST https://api.deepseek.com/chat/completions
[12:48:04 INF] System.Net.Http.HttpClient.DeepSeek.ClientHandler Sending HTTP request POST https://api.deepseek.com/chat/completions
[12:48:04 INF] System.Net.Http.HttpClient.DeepSeek.LogicalHandler Start processing HTTP request POST https://api.deepseek.com/chat/completions
[12:48:04 INF] System.Net.Http.HttpClient.DeepSeek.ClientHandler Sending HTTP request POST https://api.deepseek.com/chat/completions
[12:48:04 INF] System.Net.Http.HttpClient.DeepSeek.ClientHandler Received HTTP response headers after 279.6652ms - 200
[12:48:04 INF] System.Net.Http.HttpClient.DeepSeek.LogicalHandler End processing HTTP request after 279.9281ms - 200
[12:48:04 INF] System.Net.Http.HttpClient.DeepSeek.LogicalHandler Start processing HTTP request POST https://api.deepseek.com/chat/completions
[12:48:04 INF] System.Net.Http.HttpClient.DeepSeek.ClientHandler Sending HTTP request POST https://api.deepseek.com/chat/completions
[12:48:04 INF] System.Net.Http.HttpClient.DeepSeek.ClientHandler Received HTTP response headers after 284.9932ms - 200
[12:48:04 INF] System.Net.Http.HttpClient.DeepSeek.LogicalHandler End processing HTTP request after 285.2758ms - 200
[12:48:04 INF] System.Net.Http.HttpClient.DeepSeek.ClientHandler Received HTTP response headers after 279.5777ms - 200
[12:48:04 INF] System.Net.Http.HttpClient.DeepSeek.LogicalHandler End processing HTTP request after 279.9978ms - 200
[12:48:04 INF] System.Net.Http.HttpClient.DeepSeek.ClientHandler Received HTTP response headers after 282.9955ms - 200
[12:48:04 INF] System.Net.Http.HttpClient.DeepSeek.LogicalHandler End processing HTTP request after 283.4094ms - 200
[12:48:04 INF] System.Net.Http.HttpClient.DeepSeek.ClientHandler Received HTTP response headers after 289.8523ms - 200
[12:48:04 INF] System.Net.Http.HttpClient.DeepSeek.LogicalHandler End processing HTTP request after 290.1737ms - 200
[12:48:04 INF] System.Net.Http.HttpClient.DeepSeek.ClientHandler Received HTTP response headers after 289.9194ms - 200
[12:48:04 INF] System.Net.Http.HttpClient.DeepSeek.LogicalHandler End processing HTTP request after 290.4415ms - 200
[12:48:04 INF] System.Net.Http.HttpClient.DeepSeek.LogicalHandler Start processing HTTP request POST https://api.deepseek.com/chat/completions
[12:48:04 INF] System.Net.Http.HttpClient.DeepSeek.ClientHandler Sending HTTP request POST https://api.deepseek.com/chat/completions
[12:48:04 INF] System.Net.Http.HttpClient.DeepSeek.LogicalHandler Start processing HTTP request POST https://api.deepseek.com/chat/completions
[12:48:04 INF] System.Net.Http.HttpClient.DeepSeek.ClientHandler Sending HTTP request POST https://api.deepseek.com/chat/completions
[12:48:04 INF] System.Net.Http.HttpClient.DeepSeek.ClientHandler Received HTTP response headers after 285.5081ms - 200
[12:48:04 INF] System.Net.Http.HttpClient.DeepSeek.LogicalHandler End processing HTTP request after 285.8397ms - 200
[12:48:04 INF] System.Net.Http.HttpClient.DeepSeek.LogicalHandler Start processing HTTP request POST https://api.deepseek.com/chat/completions
[12:48:04 INF] System.Net.Http.HttpClient.DeepSeek.ClientHandler Sending HTTP request POST https://api.deepseek.com/chat/completions
[12:48:04 INF] System.Net.Http.HttpClient.DeepSeek.ClientHandler Received HTTP response headers after 286.2097ms - 200
[12:48:04 INF] System.Net.Http.HttpClient.DeepSeek.LogicalHandler End processing HTTP request after 286.5523ms - 200
[12:48:04 INF] System.Net.Http.HttpClient.DeepSeek.LogicalHandler Start processing HTTP request POST https://api.deepseek.com/chat/completions
[12:48:04 INF] System.Net.Http.HttpClient.DeepSeek.ClientHandler Sending HTTP request POST https://api.deepseek.com/chat/completions
[12:48:04 INF] System.Net.Http.HttpClient.DeepSeek.LogicalHandler Start processing HTTP request POST https://api.deepseek.com/chat/completions
[12:48:04 INF] System.Net.Http.HttpClient.DeepSeek.ClientHandler Sending HTTP request POST https://api.deepseek.com/chat/completions
[12:48:05 INF] System.Net.Http.HttpClient.DeepSeek.LogicalHandler Start processing HTTP request POST https://api.deepseek.com/chat/completions
[12:48:05 INF] System.Net.Http.HttpClient.DeepSeek.ClientHandler Sending HTTP request POST https://api.deepseek.com/chat/completions
[12:48:05 INF] System.Net.Http.HttpClient.DeepSeek.ClientHandler Received HTTP response headers after 277.3758ms - 200
[12:48:05 INF] System.Net.Http.HttpClient.DeepSeek.LogicalHandler End processing HTTP request after 278.0303ms - 200
[12:48:05 INF] System.Net.Http.HttpClient.DeepSeek.ClientHandler Received HTTP response headers after 283.3249ms - 200
[12:48:05 INF] System.Net.Http.HttpClient.DeepSeek.LogicalHandler End processing HTTP request after 284.1625ms - 200
[12:48:05 INF] System.Net.Http.HttpClient.DeepSeek.LogicalHandler Start processing HTTP request POST https://api.deepseek.com/chat/completions
[12:48:05 INF] System.Net.Http.HttpClient.DeepSeek.ClientHandler Sending HTTP request POST https://api.deepseek.com/chat/completions
[12:48:05 INF] System.Net.Http.HttpClient.DeepSeek.LogicalHandler Start processing HTTP request POST https://api.deepseek.com/chat/completions
[12:48:05 INF] System.Net.Http.HttpClient.DeepSeek.ClientHandler Sending HTTP request POST https://api.deepseek.com/chat/completions
[12:48:05 INF] System.Net.Http.HttpClient.DeepSeek.ClientHandler Received HTTP response headers after 281.5648ms - 200
[12:48:05 INF] System.Net.Http.HttpClient.DeepSeek.LogicalHandler End processing HTTP request after 282.4137ms - 200
[12:48:05 INF] System.Net.Http.HttpClient.DeepSeek.LogicalHandler Start processing HTTP request POST https://api.deepseek.com/chat/completions
[12:48:05 INF] System.Net.Http.HttpClient.DeepSeek.ClientHandler Sending HTTP request POST https://api.deepseek.com/chat/completions
[12:48:05 INF] System.Net.Http.HttpClient.DeepSeek.ClientHandler Received HTTP response headers after 291.5511ms - 200
[12:48:05 INF] System.Net.Http.HttpClient.DeepSeek.LogicalHandler End processing HTTP request after 292.0748ms - 200
[12:48:05 INF] System.Net.Http.HttpClient.DeepSeek.ClientHandler Received HTTP response headers after 283.4643ms - 200
[12:48:05 INF] System.Net.Http.HttpClient.DeepSeek.LogicalHandler End processing HTTP request after 284.0248ms - 200
[12:48:05 INF] System.Net.Http.HttpClient.DeepSeek.LogicalHandler Start processing HTTP request POST https://api.deepseek.com/chat/completions
[12:48:05 INF] System.Net.Http.HttpClient.DeepSeek.ClientHandler Sending HTTP request POST https://api.deepseek.com/chat/completions
[12:48:05 INF] System.Net.Http.HttpClient.DeepSeek.LogicalHandler Start processing HTTP request POST https://api.deepseek.com/chat/completions
[12:48:05 INF] System.Net.Http.HttpClient.DeepSeek.ClientHandler Sending HTTP request POST https://api.deepseek.com/chat/completions
[12:48:05 INF] System.Net.Http.HttpClient.DeepSeek.LogicalHandler Start processing HTTP request POST https://api.deepseek.com/chat/completions
[12:48:05 INF] System.Net.Http.HttpClient.DeepSeek.ClientHandler Sending HTTP request POST https://api.deepseek.com/chat/completions
[12:48:05 INF] System.Net.Http.HttpClient.DeepSeek.ClientHandler Received HTTP response headers after 298.5301ms - 200
[12:48:05 INF] System.Net.Http.HttpClient.DeepSeek.LogicalHandler End processing HTTP request after 299.419ms - 200
[12:48:05 INF] System.Net.Http.HttpClient.DeepSeek.ClientHandler Received HTTP response headers after 274.6205ms - 200
[12:48:05 INF] System.Net.Http.HttpClient.DeepSeek.LogicalHandler End processing HTTP request after 275.18ms - 200
[12:48:05 INF] System.Net.Http.HttpClient.DeepSeek.ClientHandler Received HTTP response headers after 300.3727ms - 200
[12:48:05 INF] System.Net.Http.HttpClient.DeepSeek.LogicalHandler End processing HTTP request after 301.0263ms - 200
[12:48:05 INF] System.Net.Http.HttpClient.DeepSeek.ClientHandler Received HTTP response headers after 285.0728ms - 200
[12:48:05 INF] System.Net.Http.HttpClient.DeepSeek.LogicalHandler End processing HTTP request after 285.594ms - 200
[12:48:05 INF] System.Net.Http.HttpClient.DeepSeek.ClientHandler Received HTTP response headers after 285.6571ms - 200
[12:48:05 INF] System.Net.Http.HttpClient.DeepSeek.LogicalHandler End processing HTTP request after 286.1513ms - 200
[12:48:05 INF] System.Net.Http.HttpClient.DeepSeek.ClientHandler Received HTTP response headers after 276.5267ms - 200
[12:48:05 INF] System.Net.Http.HttpClient.DeepSeek.LogicalHandler End processing HTTP request after 276.9569ms - 200
[12:48:05 INF] System.Net.Http.HttpClient.DeepSeek.LogicalHandler Start processing HTTP request POST https://api.deepseek.com/chat/completions
[12:48:05 INF] System.Net.Http.HttpClient.DeepSeek.ClientHandler Sending HTTP request POST https://api.deepseek.com/chat/completions
[12:48:05 INF] System.Net.Http.HttpClient.DeepSeek.ClientHandler Received HTTP response headers after 292.8548ms - 200
[12:48:05 INF] System.Net.Http.HttpClient.DeepSeek.LogicalHandler End processing HTTP request after 293.3297ms - 200
[12:48:05 INF] System.Net.Http.HttpClient.DeepSeek.LogicalHandler Start processing HTTP request POST https://api.deepseek.com/chat/completions
[12:48:05 INF] System.Net.Http.HttpClient.DeepSeek.ClientHandler Sending HTTP request POST https://api.deepseek.com/chat/completions
[12:48:05 INF] System.Net.Http.HttpClient.DeepSeek.ClientHandler Received HTTP response headers after 290.674ms - 200
[12:48:05 INF] System.Net.Http.HttpClient.DeepSeek.LogicalHandler End processing HTTP request after 291.1643ms - 200
[12:48:05 INF] System.Net.Http.HttpClient.DeepSeek.LogicalHandler Start processing HTTP request POST https://api.deepseek.com/chat/completions
[12:48:05 INF] System.Net.Http.HttpClient.DeepSeek.ClientHandler Sending HTTP request POST https://api.deepseek.com/chat/completions
[12:48:05 INF] System.Net.Http.HttpClient.DeepSeek.LogicalHandler Start processing HTTP request POST https://api.deepseek.com/chat/completions
[12:48:05 INF] System.Net.Http.HttpClient.DeepSeek.ClientHandler Sending HTTP request POST https://api.deepseek.com/chat/completions
[12:48:05 INF] System.Net.Http.HttpClient.DeepSeek.LogicalHandler Start processing HTTP request POST https://api.deepseek.com/chat/completions
[12:48:05 INF] System.Net.Http.HttpClient.DeepSeek.ClientHandler Sending HTTP request POST https://api.deepseek.com/chat/completions
[12:48:05 INF] System.Net.Http.HttpClient.DeepSeek.LogicalHandler Start processing HTTP request POST https://api.deepseek.com/chat/completions
[12:48:05 INF] System.Net.Http.HttpClient.DeepSeek.ClientHandler Sending HTTP request POST https://api.deepseek.com/chat/completions
[12:48:05 INF] System.Net.Http.HttpClient.DeepSeek.LogicalHandler Start processing HTTP request POST https://api.deepseek.com/chat/completions
[12:48:05 INF] System.Net.Http.HttpClient.DeepSeek.ClientHandler Sending HTTP request POST https://api.deepseek.com/chat/completions
[12:48:06 INF] System.Net.Http.HttpClient.DeepSeek.ClientHandler Received HTTP response headers after 286.0455ms - 200
[12:48:06 INF] System.Net.Http.HttpClient.DeepSeek.LogicalHandler End processing HTTP request after 286.8841ms - 200
[12:48:06 INF] System.Net.Http.HttpClient.DeepSeek.LogicalHandler Start processing HTTP request POST https://api.deepseek.com/chat/completions
[12:48:06 INF] System.Net.Http.HttpClient.DeepSeek.ClientHandler Sending HTTP request POST https://api.deepseek.com/chat/completions
[12:48:06 INF] System.Net.Http.HttpClient.DeepSeek.LogicalHandler Start processing HTTP request POST https://api.deepseek.com/chat/completions
[12:48:06 INF] System.Net.Http.HttpClient.DeepSeek.ClientHandler Sending HTTP request POST https://api.deepseek.com/chat/completions
[12:48:06 INF] System.Net.Http.HttpClient.DeepSeek.ClientHandler Received HTTP response headers after 286.9385ms - 200
[12:48:06 INF] System.Net.Http.HttpClient.DeepSeek.LogicalHandler End processing HTTP request after 287.6327ms - 200
[12:48:06 INF] System.Net.Http.HttpClient.DeepSeek.LogicalHandler Start processing HTTP request POST https://api.deepseek.com/chat/completions
[12:48:06 INF] System.Net.Http.HttpClient.DeepSeek.ClientHandler Sending HTTP request POST https://api.deepseek.com/chat/completions
[12:48:06 INF] System.Net.Http.HttpClient.DeepSeek.ClientHandler Received HTTP response headers after 330.8181ms - 200
[12:48:06 INF] System.Net.Http.HttpClient.DeepSeek.LogicalHandler End processing HTTP request after 332.3526ms - 200
[12:48:06 INF] System.Net.Http.HttpClient.DeepSeek.ClientHandler Received HTTP response headers after 284.759ms - 200
[12:48:06 INF] System.Net.Http.HttpClient.DeepSeek.LogicalHandler End processing HTTP request after 285.4432ms - 200
[12:48:06 INF] System.Net.Http.HttpClient.DeepSeek.LogicalHandler Start processing HTTP request POST https://api.deepseek.com/chat/completions
[12:48:06 INF] System.Net.Http.HttpClient.DeepSeek.ClientHandler Sending HTTP request POST https://api.deepseek.com/chat/completions
[12:48:06 INF] System.Net.Http.HttpClient.DeepSeek.ClientHandler Received HTTP response headers after 291.2629ms - 200
[12:48:06 INF] System.Net.Http.HttpClient.DeepSeek.LogicalHandler End processing HTTP request after 291.9043ms - 200
[12:48:06 INF] System.Net.Http.HttpClient.DeepSeek.ClientHandler Received HTTP response headers after 288.5071ms - 200
[12:48:06 INF] System.Net.Http.HttpClient.DeepSeek.LogicalHandler End processing HTTP request after 289.1225ms - 200
[12:48:06 INF] System.Net.Http.HttpClient.DeepSeek.LogicalHandler Start processing HTTP request POST https://api.deepseek.com/chat/completions
[12:48:06 INF] System.Net.Http.HttpClient.DeepSeek.ClientHandler Sending HTTP request POST https://api.deepseek.com/chat/completions
[12:48:06 INF] System.Net.Http.HttpClient.DeepSeek.LogicalHandler Start processing HTTP request POST https://api.deepseek.com/chat/completions
[12:48:06 INF] System.Net.Http.HttpClient.DeepSeek.ClientHandler Sending HTTP request POST https://api.deepseek.com/chat/completions
[12:48:06 INF] System.Net.Http.HttpClient.DeepSeek.ClientHandler Received HTTP response headers after 277.3698ms - 200
[12:48:06 INF] System.Net.Http.HttpClient.DeepSeek.LogicalHandler Start processing HTTP request POST https://api.deepseek.com/chat/completions
[12:48:06 INF] System.Net.Http.HttpClient.DeepSeek.LogicalHandler End processing HTTP request after 278.0638ms - 200
[12:48:06 INF] System.Net.Http.HttpClient.DeepSeek.ClientHandler Sending HTTP request POST https://api.deepseek.com/chat/completions
[12:48:06 INF] System.Net.Http.HttpClient.DeepSeek.ClientHandler Received HTTP response headers after 288.9593ms - 200
[12:48:06 INF] System.Net.Http.HttpClient.DeepSeek.LogicalHandler End processing HTTP request after 289.6429ms - 200
[12:48:06 INF] System.Net.Http.HttpClient.DeepSeek.LogicalHandler Start processing HTTP request POST https://api.deepseek.com/chat/completions
[12:48:06 INF] System.Net.Http.HttpClient.DeepSeek.ClientHandler Sending HTTP request POST https://api.deepseek.com/chat/completions
[12:48:06 INF] System.Net.Http.HttpClient.DeepSeek.ClientHandler Received HTTP response headers after 283.0025ms - 200
[12:48:06 INF] System.Net.Http.HttpClient.DeepSeek.LogicalHandler End processing HTTP request after 283.569ms - 200
[12:48:06 INF] System.Net.Http.HttpClient.DeepSeek.LogicalHandler Start processing HTTP request POST https://api.deepseek.com/chat/completions
[12:48:06 INF] System.Net.Http.HttpClient.DeepSeek.ClientHandler Sending HTTP request POST https://api.deepseek.com/chat/completions
[12:48:06 INF] System.Net.Http.HttpClient.DeepSeek.ClientHandler Received HTTP response headers after 290.0655ms - 200
[12:48:06 INF] System.Net.Http.HttpClient.DeepSeek.LogicalHandler End processing HTTP request after 290.5819ms - 200
[12:48:06 INF] System.Net.Http.HttpClient.DeepSeek.ClientHandler Received HTTP response headers after 275.9901ms - 200
[12:48:06 INF] System.Net.Http.HttpClient.DeepSeek.LogicalHandler End processing HTTP request after 276.3548ms - 200
[12:48:06 INF] System.Net.Http.HttpClient.DeepSeek.ClientHandler Received HTTP response headers after 289.6935ms - 200
[12:48:06 INF] System.Net.Http.HttpClient.DeepSeek.LogicalHandler End processing HTTP request after 290.0248ms - 200
[12:48:06 INF] System.Net.Http.HttpClient.DeepSeek.ClientHandler Received HTTP response headers after 284.5467ms - 200
[12:48:06 INF] System.Net.Http.HttpClient.DeepSeek.LogicalHandler End processing HTTP request after 285.107ms - 200
[12:48:06 INF] System.Net.Http.HttpClient.DeepSeek.LogicalHandler Start processing HTTP request POST https://api.deepseek.com/chat/completions
[12:48:06 INF] System.Net.Http.HttpClient.DeepSeek.ClientHandler Sending HTTP request POST https://api.deepseek.com/chat/completions
[12:48:06 INF] System.Net.Http.HttpClient.DeepSeek.LogicalHandler Start processing HTTP request POST https://api.deepseek.com/chat/completions
[12:48:06 INF] System.Net.Http.HttpClient.DeepSeek.ClientHandler Sending HTTP request POST https://api.deepseek.com/chat/completions
[12:48:06 INF] System.Net.Http.HttpClient.DeepSeek.ClientHandler Received HTTP response headers after 286.7535ms - 200
[12:48:06 INF] System.Net.Http.HttpClient.DeepSeek.LogicalHandler End processing HTTP request after 287.1183ms - 200
[12:48:06 INF] System.Net.Http.HttpClient.DeepSeek.ClientHandler Received HTTP response headers after 283.5777ms - 200
[12:48:06 INF] System.Net.Http.HttpClient.DeepSeek.LogicalHandler End processing HTTP request after 283.9793ms - 200
[12:48:06 INF] System.Net.Http.HttpClient.DeepSeek.LogicalHandler Start processing HTTP request POST https://api.deepseek.com/chat/completions
[12:48:06 INF] System.Net.Http.HttpClient.DeepSeek.ClientHandler Sending HTTP request POST https://api.deepseek.com/chat/completions
[12:48:06 INF] System.Net.Http.HttpClient.DeepSeek.LogicalHandler Start processing HTTP request POST https://api.deepseek.com/chat/completions
[12:48:06 INF] System.Net.Http.HttpClient.DeepSeek.ClientHandler Sending HTTP request POST https://api.deepseek.com/chat/completions
[12:48:06 INF] System.Net.Http.HttpClient.DeepSeek.LogicalHandler Start processing HTTP request POST https://api.deepseek.com/chat/completions
[12:48:06 INF] System.Net.Http.HttpClient.DeepSeek.ClientHandler Sending HTTP request POST https://api.deepseek.com/chat/completions
[12:48:06 INF] System.Net.Http.HttpClient.DeepSeek.LogicalHandler Start processing HTTP request POST https://api.deepseek.com/chat/completions
[12:48:06 INF] System.Net.Http.HttpClient.DeepSeek.ClientHandler Sending HTTP request POST https://api.deepseek.com/chat/completions
[12:48:06 INF] System.Net.Http.HttpClient.DeepSeek.LogicalHandler Start processing HTTP request POST https://api.deepseek.com/chat/completions
[12:48:06 INF] System.Net.Http.HttpClient.DeepSeek.ClientHandler Sending HTTP request POST https://api.deepseek.com/chat/completions
[12:48:06 INF] System.Net.Http.HttpClient.DeepSeek.ClientHandler Received HTTP response headers after 283.7041ms - 200
[12:48:06 INF] System.Net.Http.HttpClient.DeepSeek.LogicalHandler End processing HTTP request after 284.4967ms - 200
[12:48:06 INF] System.Net.Http.HttpClient.DeepSeek.ClientHandler Received HTTP response headers after 312.3438ms - 200
[12:48:06 INF] System.Net.Http.HttpClient.DeepSeek.LogicalHandler End processing HTTP request after 312.8902ms - 200
[12:48:07 INF] System.Net.Http.HttpClient.DeepSeek.LogicalHandler Start processing HTTP request POST https://api.deepseek.com/chat/completions
[12:48:07 INF] System.Net.Http.HttpClient.DeepSeek.ClientHandler Sending HTTP request POST https://api.deepseek.com/chat/completions
[12:48:07 INF] System.Net.Http.HttpClient.DeepSeek.ClientHandler Received HTTP response headers after 282.9778ms - 200
[12:48:07 INF] System.Net.Http.HttpClient.DeepSeek.LogicalHandler End processing HTTP request after 283.6829ms - 200
[12:48:07 INF] System.Net.Http.HttpClient.DeepSeek.ClientHandler Received HTTP response headers after 287.9035ms - 200
[12:48:07 INF] System.Net.Http.HttpClient.DeepSeek.LogicalHandler End processing HTTP request after 288.6088ms - 200
[12:48:07 INF] System.Net.Http.HttpClient.DeepSeek.ClientHandler Received HTTP response headers after 277.4975ms - 200
[12:48:07 INF] System.Net.Http.HttpClient.DeepSeek.LogicalHandler End processing HTTP request after 278.366ms - 200
[12:48:07 INF] System.Net.Http.HttpClient.DeepSeek.ClientHandler Received HTTP response headers after 280.0263ms - 200
[12:48:07 INF] System.Net.Http.HttpClient.DeepSeek.LogicalHandler End processing HTTP request after 280.7745ms - 200
[12:48:07 INF] System.Net.Http.HttpClient.DeepSeek.ClientHandler Received HTTP response headers after 283.5314ms - 200
[12:48:07 INF] System.Net.Http.HttpClient.DeepSeek.LogicalHandler End processing HTTP request after 284.3607ms - 200
[12:48:07 INF] System.Net.Http.HttpClient.DeepSeek.ClientHandler Received HTTP response headers after 284.5617ms - 200
[12:48:07 INF] System.Net.Http.HttpClient.DeepSeek.LogicalHandler End processing HTTP request after 285.2805ms - 200
[12:48:07 INF] System.Net.Http.HttpClient.DeepSeek.LogicalHandler Start processing HTTP request POST https://api.deepseek.com/chat/completions
[12:48:07 INF] System.Net.Http.HttpClient.DeepSeek.ClientHandler Sending HTTP request POST https://api.deepseek.com/chat/completions
[12:48:07 INF] System.Net.Http.HttpClient.DeepSeek.LogicalHandler Start processing HTTP request POST https://api.deepseek.com/chat/completions
[12:48:07 INF] System.Net.Http.HttpClient.DeepSeek.ClientHandler Sending HTTP request POST https://api.deepseek.com/chat/completions
[12:48:07 INF] System.Net.Http.HttpClient.DeepSeek.LogicalHandler Start processing HTTP request POST https://api.deepseek.com/chat/completions
[12:48:07 INF] System.Net.Http.HttpClient.DeepSeek.ClientHandler Sending HTTP request POST https://api.deepseek.com/chat/completions
[12:48:07 INF] System.Net.Http.HttpClient.DeepSeek.LogicalHandler Start processing HTTP request POST https://api.deepseek.com/chat/completions
[12:48:07 INF] System.Net.Http.HttpClient.DeepSeek.ClientHandler Sending HTTP request POST https://api.deepseek.com/chat/completions
[12:48:07 INF] System.Net.Http.HttpClient.DeepSeek.ClientHandler Received HTTP response headers after 284.1477ms - 200
[12:48:07 INF] System.Net.Http.HttpClient.DeepSeek.LogicalHandler End processing HTTP request after 284.7162ms - 200
[12:48:07 INF] System.Net.Http.HttpClient.DeepSeek.LogicalHandler Start processing HTTP request POST https://api.deepseek.com/chat/completions
[12:48:07 INF] System.Net.Http.HttpClient.DeepSeek.ClientHandler Sending HTTP request POST https://api.deepseek.com/chat/completions
[12:48:07 INF] System.Net.Http.HttpClient.DeepSeek.ClientHandler Received HTTP response headers after 277.9315ms - 200
[12:48:07 INF] System.Net.Http.HttpClient.DeepSeek.LogicalHandler End processing HTTP request after 278.3481ms - 200
[12:48:07 INF] System.Net.Http.HttpClient.DeepSeek.LogicalHandler Start processing HTTP request POST https://api.deepseek.com/chat/completions
[12:48:07 INF] System.Net.Http.HttpClient.DeepSeek.ClientHandler Sending HTTP request POST https://api.deepseek.com/chat/completions
[12:48:07 INF] System.Net.Http.HttpClient.DeepSeek.ClientHandler Received HTTP response headers after 281.575ms - 200
[12:48:07 INF] System.Net.Http.HttpClient.DeepSeek.LogicalHandler End processing HTTP request after 282.0288ms - 200
[12:48:07 INF] System.Net.Http.HttpClient.DeepSeek.ClientHandler Received HTTP response headers after 314.7102ms - 200
[12:48:07 INF] System.Net.Http.HttpClient.DeepSeek.LogicalHandler End processing HTTP request after 315.2022ms - 200
[12:48:07 INF] System.Net.Http.HttpClient.DeepSeek.LogicalHandler Start processing HTTP request POST https://api.deepseek.com/chat/completions
[12:48:07 INF] System.Net.Http.HttpClient.DeepSeek.ClientHandler Sending HTTP request POST https://api.deepseek.com/chat/completions
[12:48:07 INF] System.Net.Http.HttpClient.DeepSeek.LogicalHandler Start processing HTTP request POST https://api.deepseek.com/chat/completions
[12:48:07 INF] System.Net.Http.HttpClient.DeepSeek.ClientHandler Sending HTTP request POST https://api.deepseek.com/chat/completions
[12:48:07 INF] System.Net.Http.HttpClient.DeepSeek.LogicalHandler Start processing HTTP request POST https://api.deepseek.com/chat/completions
[12:48:07 INF] System.Net.Http.HttpClient.DeepSeek.ClientHandler Sending HTTP request POST https://api.deepseek.com/chat/completions
[12:48:07 INF] System.Net.Http.HttpClient.DeepSeek.ClientHandler Received HTTP response headers after 283.5768ms - 200
[12:48:07 INF] System.Net.Http.HttpClient.DeepSeek.LogicalHandler End processing HTTP request after 284.0996ms - 200
[12:48:07 INF] System.Net.Http.HttpClient.DeepSeek.LogicalHandler Start processing HTTP request POST https://api.deepseek.com/chat/completions
[12:48:07 INF] System.Net.Http.HttpClient.DeepSeek.ClientHandler Sending HTTP request POST https://api.deepseek.com/chat/completions
[12:48:08 INF] System.Net.Http.HttpClient.DeepSeek.ClientHandler Received HTTP response headers after 279.9648ms - 200
[12:48:08 INF] System.Net.Http.HttpClient.DeepSeek.LogicalHandler End processing HTTP request after 280.7919ms - 200
[12:48:08 INF] System.Net.Http.HttpClient.DeepSeek.LogicalHandler Start processing HTTP request POST https://api.deepseek.com/chat/completions
[12:48:08 INF] System.Net.Http.HttpClient.DeepSeek.ClientHandler Sending HTTP request POST https://api.deepseek.com/chat/completions
[12:48:08 INF] System.Net.Http.HttpClient.DeepSeek.LogicalHandler Start processing HTTP request POST https://api.deepseek.com/chat/completions
[12:48:08 INF] System.Net.Http.HttpClient.DeepSeek.ClientHandler Sending HTTP request POST https://api.deepseek.com/chat/completions
[12:48:08 INF] System.Net.Http.HttpClient.DeepSeek.ClientHandler Received HTTP response headers after 273.4759ms - 200
[12:48:08 INF] System.Net.Http.HttpClient.DeepSeek.LogicalHandler Start processing HTTP request POST https://api.deepseek.com/chat/completions
[12:48:08 INF] System.Net.Http.HttpClient.DeepSeek.LogicalHandler End processing HTTP request after 274.3032ms - 200
[12:48:08 INF] System.Net.Http.HttpClient.DeepSeek.ClientHandler Sending HTTP request POST https://api.deepseek.com/chat/completions
[12:48:08 INF] System.Net.Http.HttpClient.DeepSeek.ClientHandler Received HTTP response headers after 287.7877ms - 200
[12:48:08 INF] System.Net.Http.HttpClient.DeepSeek.LogicalHandler End processing HTTP request after 288.384ms - 200
[12:48:08 INF] System.Net.Http.HttpClient.DeepSeek.ClientHandler Received HTTP response headers after 281.4078ms - 200
[12:48:08 INF] System.Net.Http.HttpClient.DeepSeek.LogicalHandler End processing HTTP request after 282.0217ms - 200
[12:48:08 INF] System.Net.Http.HttpClient.DeepSeek.LogicalHandler Start processing HTTP request POST https://api.deepseek.com/chat/completions
[12:48:08 INF] System.Net.Http.HttpClient.DeepSeek.LogicalHandler Start processing HTTP request POST https://api.deepseek.com/chat/completions
[12:48:08 INF] System.Net.Http.HttpClient.DeepSeek.ClientHandler Sending HTTP request POST https://api.deepseek.com/chat/completions
[12:48:08 INF] System.Net.Http.HttpClient.DeepSeek.ClientHandler Sending HTTP request POST https://api.deepseek.com/chat/completions
[12:48:08 INF] System.Net.Http.HttpClient.DeepSeek.ClientHandler Received HTTP response headers after 281.2229ms - 200
[12:48:08 INF] System.Net.Http.HttpClient.DeepSeek.LogicalHandler End processing HTTP request after 281.8177ms - 200
[12:48:08 INF] System.Net.Http.HttpClient.DeepSeek.ClientHandler Received HTTP response headers after 273.6716ms - 200
[12:48:08 INF] System.Net.Http.HttpClient.DeepSeek.LogicalHandler End processing HTTP request after 274.4867ms - 200
[12:48:08 INF] System.Net.Http.HttpClient.DeepSeek.ClientHandler Received HTTP response headers after 289.5012ms - 200
[12:48:08 INF] System.Net.Http.HttpClient.DeepSeek.LogicalHandler End processing HTTP request after 290.222ms - 200
[12:48:08 INF] System.Net.Http.HttpClient.DeepSeek.LogicalHandler Start processing HTTP request POST https://api.deepseek.com/chat/completions
[12:48:08 INF] System.Net.Http.HttpClient.DeepSeek.ClientHandler Sending HTTP request POST https://api.deepseek.com/chat/completions
[12:48:08 INF] System.Net.Http.HttpClient.DeepSeek.ClientHandler Received HTTP response headers after 287.5519ms - 200
[12:48:08 INF] System.Net.Http.HttpClient.DeepSeek.LogicalHandler End processing HTTP request after 288.2101ms - 200
[12:48:08 INF] System.Net.Http.HttpClient.DeepSeek.LogicalHandler Start processing HTTP request POST https://api.deepseek.com/chat/completions
[12:48:08 INF] System.Net.Http.HttpClient.DeepSeek.ClientHandler Sending HTTP request POST https://api.deepseek.com/chat/completions
[12:48:08 INF] System.Net.Http.HttpClient.DeepSeek.ClientHandler Received HTTP response headers after 286.9198ms - 200
[12:48:08 INF] System.Net.Http.HttpClient.DeepSeek.LogicalHandler End processing HTTP request after 287.9784ms - 200
[12:48:08 INF] System.Net.Http.HttpClient.DeepSeek.ClientHandler Received HTTP response headers after 288.2385ms - 200
[12:48:08 INF] System.Net.Http.HttpClient.DeepSeek.LogicalHandler End processing HTTP request after 288.8865ms - 200
[12:48:08 INF] System.Net.Http.HttpClient.DeepSeek.LogicalHandler Start processing HTTP request POST https://api.deepseek.com/chat/completions
[12:48:08 INF] System.Net.Http.HttpClient.DeepSeek.ClientHandler Sending HTTP request POST https://api.deepseek.com/chat/completions
[12:48:08 INF] System.Net.Http.HttpClient.DeepSeek.LogicalHandler Start processing HTTP request POST https://api.deepseek.com/chat/completions
[12:48:08 INF] System.Net.Http.HttpClient.DeepSeek.ClientHandler Sending HTTP request POST https://api.deepseek.com/chat/completions
[12:48:08 INF] System.Net.Http.HttpClient.DeepSeek.LogicalHandler Start processing HTTP request POST https://api.deepseek.com/chat/completions
[12:48:08 INF] System.Net.Http.HttpClient.DeepSeek.ClientHandler Sending HTTP request POST https://api.deepseek.com/chat/completions
[12:48:08 INF] System.Net.Http.HttpClient.DeepSeek.LogicalHandler Start processing HTTP request POST https://api.deepseek.com/chat/completions
[12:48:08 INF] System.Net.Http.HttpClient.DeepSeek.ClientHandler Sending HTTP request POST https://api.deepseek.com/chat/completions
[12:48:08 INF] System.Net.Http.HttpClient.DeepSeek.LogicalHandler Start processing HTTP request POST https://api.deepseek.com/chat/completions
[12:48:08 INF] System.Net.Http.HttpClient.DeepSeek.ClientHandler Sending HTTP request POST https://api.deepseek.com/chat/completions
[12:48:08 INF] System.Net.Http.HttpClient.DeepSeek.ClientHandler Received HTTP response headers after 290.4718ms - 200
[12:48:08 INF] System.Net.Http.HttpClient.DeepSeek.ClientHandler Received HTTP response headers after 319.6136ms - 200
[12:48:08 INF] System.Net.Http.HttpClient.DeepSeek.LogicalHandler End processing HTTP request after 291.6437ms - 200
[12:48:08 INF] System.Net.Http.HttpClient.DeepSeek.LogicalHandler End processing HTTP request after 320.2598ms - 200
[12:48:08 INF] System.Net.Http.HttpClient.DeepSeek.LogicalHandler Start processing HTTP request POST https://api.deepseek.com/chat/completions
[12:48:08 INF] System.Net.Http.HttpClient.DeepSeek.ClientHandler Sending HTTP request POST https://api.deepseek.com/chat/completions
[12:48:08 INF] System.Net.Http.HttpClient.DeepSeek.ClientHandler Received HTTP response headers after 290.5647ms - 200
[12:48:08 INF] System.Net.Http.HttpClient.DeepSeek.LogicalHandler End processing HTTP request after 290.9422ms - 200
[12:48:08 INF] System.Net.Http.HttpClient.DeepSeek.ClientHandler Received HTTP response headers after 281.6652ms - 200
[12:48:08 INF] System.Net.Http.HttpClient.DeepSeek.LogicalHandler End processing HTTP request after 282.0308ms - 200
[12:48:08 INF] System.Net.Http.HttpClient.DeepSeek.ClientHandler Received HTTP response headers after 292.4052ms - 200
[12:48:08 INF] System.Net.Http.HttpClient.DeepSeek.LogicalHandler End processing HTTP request after 292.8406ms - 200
[12:48:08 INF] System.Net.Http.HttpClient.DeepSeek.ClientHandler Received HTTP response headers after 280.9804ms - 200
[12:48:08 INF] System.Net.Http.HttpClient.DeepSeek.LogicalHandler End processing HTTP request after 281.3415ms - 200
[12:48:09 INF] System.Net.Http.HttpClient.DeepSeek.ClientHandler Received HTTP response headers after 298.0622ms - 200
[12:48:09 INF] System.Net.Http.HttpClient.DeepSeek.LogicalHandler End processing HTTP request after 298.4621ms - 200
[12:48:09 INF] System.Net.Http.HttpClient.DeepSeek.LogicalHandler Start processing HTTP request POST https://api.deepseek.com/chat/completions
[12:48:09 INF] System.Net.Http.HttpClient.DeepSeek.ClientHandler Sending HTTP request POST https://api.deepseek.com/chat/completions
[12:48:09 INF] System.Net.Http.HttpClient.DeepSeek.ClientHandler Received HTTP response headers after 275.6364ms - 200
[12:48:09 INF] System.Net.Http.HttpClient.DeepSeek.LogicalHandler End processing HTTP request after 276.2777ms - 200
[12:48:09 INF] System.Net.Http.HttpClient.DeepSeek.LogicalHandler Start processing HTTP request POST https://api.deepseek.com/chat/completions
[12:48:09 INF] System.Net.Http.HttpClient.DeepSeek.ClientHandler Sending HTTP request POST https://api.deepseek.com/chat/completions
[12:48:09 INF] System.Net.Http.HttpClient.DeepSeek.LogicalHandler Start processing HTTP request POST https://api.deepseek.com/chat/completions
[12:48:09 INF] System.Net.Http.HttpClient.DeepSeek.ClientHandler Sending HTTP request POST https://api.deepseek.com/chat/completions
[12:48:09 INF] System.Net.Http.HttpClient.DeepSeek.LogicalHandler Start processing HTTP request POST https://api.deepseek.com/chat/completions
[12:48:09 INF] System.Net.Http.HttpClient.DeepSeek.ClientHandler Sending HTTP request POST https://api.deepseek.com/chat/completions
[12:48:09 INF] System.Net.Http.HttpClient.DeepSeek.LogicalHandler Start processing HTTP request POST https://api.deepseek.com/chat/completions
[12:48:09 INF] System.Net.Http.HttpClient.DeepSeek.ClientHandler Sending HTTP request POST https://api.deepseek.com/chat/completions
[12:48:09 INF] System.Net.Http.HttpClient.DeepSeek.LogicalHandler Start processing HTTP request POST https://api.deepseek.com/chat/completions
[12:48:09 INF] System.Net.Http.HttpClient.DeepSeek.ClientHandler Sending HTTP request POST https://api.deepseek.com/chat/completions
[12:48:09 INF] System.Net.Http.HttpClient.DeepSeek.ClientHandler Received HTTP response headers after 284.1425ms - 200
[12:48:09 INF] System.Net.Http.HttpClient.DeepSeek.LogicalHandler End processing HTTP request after 284.9832ms - 200
[12:48:09 INF] System.Net.Http.HttpClient.DeepSeek.LogicalHandler Start processing HTTP request POST https://api.deepseek.com/chat/completions
[12:48:09 INF] System.Net.Http.HttpClient.DeepSeek.ClientHandler Sending HTTP request POST https://api.deepseek.com/chat/completions
[12:48:09 INF] System.Net.Http.HttpClient.DeepSeek.ClientHandler Received HTTP response headers after 292.0574ms - 200
[12:48:09 INF] System.Net.Http.HttpClient.DeepSeek.LogicalHandler End processing HTTP request after 292.5322ms - 200
[12:48:09 INF] System.Net.Http.HttpClient.DeepSeek.LogicalHandler Start processing HTTP request POST https://api.deepseek.com/chat/completions
[12:48:09 INF] System.Net.Http.HttpClient.DeepSeek.ClientHandler Sending HTTP request POST https://api.deepseek.com/chat/completions
[12:48:09 INF] System.Net.Http.HttpClient.DeepSeek.ClientHandler Received HTTP response headers after 289.6791ms - 200
[12:48:09 INF] System.Net.Http.HttpClient.DeepSeek.LogicalHandler End processing HTTP request after 290.2106ms - 200
[12:48:09 INF] System.Net.Http.HttpClient.DeepSeek.ClientHandler Received HTTP response headers after 293.7519ms - 200
[12:48:09 INF] System.Net.Http.HttpClient.DeepSeek.LogicalHandler End processing HTTP request after 294.2071ms - 200
[12:48:09 INF] System.Net.Http.HttpClient.DeepSeek.LogicalHandler Start processing HTTP request POST https://api.deepseek.com/chat/completions
[12:48:09 INF] System.Net.Http.HttpClient.DeepSeek.ClientHandler Sending HTTP request POST https://api.deepseek.com/chat/completions
[12:48:09 INF] System.Net.Http.HttpClient.DeepSeek.LogicalHandler Start processing HTTP request POST https://api.deepseek.com/chat/completions
[12:48:09 INF] System.Net.Http.HttpClient.DeepSeek.ClientHandler Sending HTTP request POST https://api.deepseek.com/chat/completions
[12:48:09 INF] System.Net.Http.HttpClient.DeepSeek.ClientHandler Received HTTP response headers after 274.0024ms - 200
[12:48:09 INF] System.Net.Http.HttpClient.DeepSeek.LogicalHandler End processing HTTP request after 274.3337ms - 200
[12:48:09 INF] System.Net.Http.HttpClient.DeepSeek.ClientHandler Received HTTP response headers after 278.789ms - 200
[12:48:09 INF] System.Net.Http.HttpClient.DeepSeek.LogicalHandler End processing HTTP request after 279.3088ms - 200
[12:48:09 INF] System.Net.Http.HttpClient.DeepSeek.ClientHandler Received HTTP response headers after 304.04ms - 200
[12:48:09 INF] System.Net.Http.HttpClient.DeepSeek.LogicalHandler End processing HTTP request after 304.6331ms - 200
[12:48:09 INF] System.Net.Http.HttpClient.DeepSeek.LogicalHandler Start processing HTTP request POST https://api.deepseek.com/chat/completions
[12:48:09 INF] System.Net.Http.HttpClient.DeepSeek.ClientHandler Sending HTTP request POST https://api.deepseek.com/chat/completions
[12:48:09 INF] System.Net.Http.HttpClient.DeepSeek.ClientHandler Received HTTP response headers after 280.2609ms - 200
[12:48:09 INF] System.Net.Http.HttpClient.DeepSeek.LogicalHandler End processing HTTP request after 280.6197ms - 200
[12:48:09 INF] System.Net.Http.HttpClient.DeepSeek.LogicalHandler Start processing HTTP request POST https://api.deepseek.com/chat/completions
[12:48:09 INF] System.Net.Http.HttpClient.DeepSeek.ClientHandler Sending HTTP request POST https://api.deepseek.com/chat/completions
[12:48:09 INF] System.Net.Http.HttpClient.DeepSeek.LogicalHandler Start processing HTTP request POST https://api.deepseek.com/chat/completions
[12:48:09 INF] System.Net.Http.HttpClient.DeepSeek.ClientHandler Sending HTTP request POST https://api.deepseek.com/chat/completions
[12:48:09 INF] System.Net.Http.HttpClient.DeepSeek.LogicalHandler Start processing HTTP request POST https://api.deepseek.com/chat/completions
[12:48:09 INF] System.Net.Http.HttpClient.DeepSeek.ClientHandler Sending HTTP request POST https://api.deepseek.com/chat/completions
[12:48:09 INF] System.Net.Http.HttpClient.DeepSeek.ClientHandler Received HTTP response headers after 281.4057ms - 200
[12:48:09 INF] System.Net.Http.HttpClient.DeepSeek.LogicalHandler End processing HTTP request after 281.7123ms - 200
[12:48:09 INF] System.Net.Http.HttpClient.DeepSeek.ClientHandler Received HTTP response headers after 279.7372ms - 200
[12:48:09 INF] System.Net.Http.HttpClient.DeepSeek.LogicalHandler End processing HTTP request after 280.0914ms - 200
[12:48:09 INF] System.Net.Http.HttpClient.DeepSeek.LogicalHandler Start processing HTTP request POST https://api.deepseek.com/chat/completions
[12:48:09 INF] System.Net.Http.HttpClient.DeepSeek.ClientHandler Sending HTTP request POST https://api.deepseek.com/chat/completions
[12:48:09 INF] System.Net.Http.HttpClient.DeepSeek.LogicalHandler Start processing HTTP request POST https://api.deepseek.com/chat/completions
[12:48:09 INF] System.Net.Http.HttpClient.DeepSeek.ClientHandler Sending HTTP request POST https://api.deepseek.com/chat/completions
[12:48:09 INF] System.Net.Http.HttpClient.DeepSeek.ClientHandler Received HTTP response headers after 277.5135ms - 200
[12:48:09 INF] System.Net.Http.HttpClient.DeepSeek.LogicalHandler End processing HTTP request after 277.9021ms - 200
[12:48:10 INF] System.Net.Http.HttpClient.DeepSeek.ClientHandler Received HTTP response headers after 279.3778ms - 200
[12:48:10 INF] System.Net.Http.HttpClient.DeepSeek.LogicalHandler End processing HTTP request after 280.2039ms - 200
[12:48:10 INF] System.Net.Http.HttpClient.DeepSeek.LogicalHandler Start processing HTTP request POST https://api.deepseek.com/chat/completions
[12:48:10 INF] System.Net.Http.HttpClient.DeepSeek.ClientHandler Sending HTTP request POST https://api.deepseek.com/chat/completions
[12:48:10 INF] System.Net.Http.HttpClient.DeepSeek.ClientHandler Received HTTP response headers after 281.8051ms - 200
[12:48:10 INF] System.Net.Http.HttpClient.DeepSeek.LogicalHandler End processing HTTP request after 282.4786ms - 200
[12:48:10 INF] System.Net.Http.HttpClient.DeepSeek.LogicalHandler Start processing HTTP request POST https://api.deepseek.com/chat/completions
[12:48:10 INF] System.Net.Http.HttpClient.DeepSeek.ClientHandler Sending HTTP request POST https://api.deepseek.com/chat/completions
[12:48:10 INF] System.Net.Http.HttpClient.DeepSeek.LogicalHandler Start processing HTTP request POST https://api.deepseek.com/chat/completions
[12:48:10 INF] System.Net.Http.HttpClient.DeepSeek.ClientHandler Sending HTTP request POST https://api.deepseek.com/chat/completions
[12:48:10 INF] System.Net.Http.HttpClient.DeepSeek.ClientHandler Received HTTP response headers after 365.5802ms - 200
[12:48:10 INF] System.Net.Http.HttpClient.DeepSeek.LogicalHandler End processing HTTP request after 366.2155ms - 200
[12:48:10 INF] System.Net.Http.HttpClient.DeepSeek.LogicalHandler Start processing HTTP request POST https://api.deepseek.com/chat/completions
[12:48:10 INF] System.Net.Http.HttpClient.DeepSeek.ClientHandler Sending HTTP request POST https://api.deepseek.com/chat/completions
[12:48:10 INF] System.Net.Http.HttpClient.DeepSeek.ClientHandler Received HTTP response headers after 289.1719ms - 200
[12:48:10 INF] System.Net.Http.HttpClient.DeepSeek.LogicalHandler End processing HTTP request after 289.7929ms - 200
[12:48:10 INF] System.Net.Http.HttpClient.DeepSeek.ClientHandler Received HTTP response headers after 278.216ms - 200
[12:48:10 INF] System.Net.Http.HttpClient.DeepSeek.LogicalHandler End processing HTTP request after 278.8751ms - 200
[12:48:10 INF] System.Net.Http.HttpClient.DeepSeek.LogicalHandler Start processing HTTP request POST https://api.deepseek.com/chat/completions
[12:48:10 INF] System.Net.Http.HttpClient.DeepSeek.ClientHandler Sending HTTP request POST https://api.deepseek.com/chat/completions
[12:48:10 INF] System.Net.Http.HttpClient.DeepSeek.ClientHandler Received HTTP response headers after 282.2292ms - 200
[12:48:10 INF] System.Net.Http.HttpClient.DeepSeek.LogicalHandler End processing HTTP request after 282.9691ms - 200
[12:48:10 INF] System.Net.Http.HttpClient.DeepSeek.ClientHandler Received HTTP response headers after 280.9922ms - 200
[12:48:10 INF] System.Net.Http.HttpClient.DeepSeek.LogicalHandler End processing HTTP request after 281.6616ms - 200
[12:48:10 INF] System.Net.Http.HttpClient.DeepSeek.ClientHandler Received HTTP response headers after 286.1471ms - 200
[12:48:10 INF] System.Net.Http.HttpClient.DeepSeek.LogicalHandler End processing HTTP request after 286.8023ms - 200
[12:48:10 INF] System.Net.Http.HttpClient.DeepSeek.ClientHandler Received HTTP response headers after 357.9571ms - 200
[12:48:10 INF] System.Net.Http.HttpClient.DeepSeek.LogicalHandler End processing HTTP request after 358.4658ms - 200
[12:48:10 INF] System.Net.Http.HttpClient.DeepSeek.ClientHandler Received HTTP response headers after 280.2432ms - 200
[12:48:10 INF] System.Net.Http.HttpClient.DeepSeek.LogicalHandler End processing HTTP request after 280.8165ms - 200
[12:48:10 INF] System.Net.Http.HttpClient.DeepSeek.LogicalHandler Start processing HTTP request POST https://api.deepseek.com/chat/completions
[12:48:10 INF] System.Net.Http.HttpClient.DeepSeek.ClientHandler Sending HTTP request POST https://api.deepseek.com/chat/completions
[12:48:10 INF] System.Net.Http.HttpClient.DeepSeek.LogicalHandler Start processing HTTP request POST https://api.deepseek.com/chat/completions
[12:48:10 INF] System.Net.Http.HttpClient.DeepSeek.ClientHandler Sending HTTP request POST https://api.deepseek.com/chat/completions
[12:48:10 INF] System.Net.Http.HttpClient.DeepSeek.LogicalHandler Start processing HTTP request POST https://api.deepseek.com/chat/completions
[12:48:10 INF] System.Net.Http.HttpClient.DeepSeek.ClientHandler Sending HTTP request POST https://api.deepseek.com/chat/completions
[12:48:10 INF] System.Net.Http.HttpClient.DeepSeek.LogicalHandler Start processing HTTP request POST https://api.deepseek.com/chat/completions
[12:48:10 INF] System.Net.Http.HttpClient.DeepSeek.ClientHandler Sending HTTP request POST https://api.deepseek.com/chat/completions
[12:48:10 INF] System.Net.Http.HttpClient.DeepSeek.LogicalHandler Start processing HTTP request POST https://api.deepseek.com/chat/completions
[12:48:10 INF] System.Net.Http.HttpClient.DeepSeek.ClientHandler Sending HTTP request POST https://api.deepseek.com/chat/completions
[12:48:10 INF] System.Net.Http.HttpClient.DeepSeek.LogicalHandler Start processing HTTP request POST https://api.deepseek.com/chat/completions
[12:48:10 INF] System.Net.Http.HttpClient.DeepSeek.ClientHandler Sending HTTP request POST https://api.deepseek.com/chat/completions
[12:48:10 INF] System.Net.Http.HttpClient.DeepSeek.ClientHandler Received HTTP response headers after 279.9967ms - 200
[12:48:10 INF] System.Net.Http.HttpClient.DeepSeek.LogicalHandler End processing HTTP request after 280.3119ms - 200
[12:48:10 INF] System.Net.Http.HttpClient.DeepSeek.ClientHandler Received HTTP response headers after 274.718ms - 200
[12:48:10 INF] System.Net.Http.HttpClient.DeepSeek.LogicalHandler End processing HTTP request after 275.1755ms - 200
[12:48:10 INF] System.Net.Http.HttpClient.DeepSeek.LogicalHandler Start processing HTTP request POST https://api.deepseek.com/chat/completions
[12:48:10 INF] System.Net.Http.HttpClient.DeepSeek.ClientHandler Sending HTTP request POST https://api.deepseek.com/chat/completions
[12:48:10 INF] System.Net.Http.HttpClient.DeepSeek.LogicalHandler Start processing HTTP request POST https://api.deepseek.com/chat/completions
[12:48:11 INF] System.Net.Http.HttpClient.DeepSeek.ClientHandler Sending HTTP request POST https://api.deepseek.com/chat/completions
[12:48:11 INF] System.Net.Http.HttpClient.DeepSeek.LogicalHandler Start processing HTTP request POST https://api.deepseek.com/chat/completions
[12:48:11 INF] System.Net.Http.HttpClient.DeepSeek.ClientHandler Sending HTTP request POST https://api.deepseek.com/chat/completions
[12:48:11 INF] System.Net.Http.HttpClient.DeepSeek.ClientHandler Received HTTP response headers after 284.1793ms - 200
[12:48:11 INF] System.Net.Http.HttpClient.DeepSeek.LogicalHandler End processing HTTP request after 284.6315ms - 200
[12:48:11 INF] System.Net.Http.HttpClient.DeepSeek.LogicalHandler Start processing HTTP request POST https://api.deepseek.com/chat/completions
[12:48:11 INF] System.Net.Http.HttpClient.DeepSeek.ClientHandler Sending HTTP request POST https://api.deepseek.com/chat/completions
[12:48:11 INF] System.Net.Http.HttpClient.DeepSeek.ClientHandler Received HTTP response headers after 298.3578ms - 200
[12:48:11 INF] System.Net.Http.HttpClient.DeepSeek.LogicalHandler End processing HTTP request after 298.9031ms - 200
[12:48:11 INF] System.Net.Http.HttpClient.DeepSeek.ClientHandler Received HTTP response headers after 273.0483ms - 200
[12:48:11 INF] System.Net.Http.HttpClient.DeepSeek.LogicalHandler End processing HTTP request after 273.5107ms - 200
[12:48:11 INF] System.Net.Http.HttpClient.DeepSeek.ClientHandler Received HTTP response headers after 285.6593ms - 200
[12:48:11 INF] System.Net.Http.HttpClient.DeepSeek.LogicalHandler End processing HTTP request after 286.1051ms - 200
[12:48:11 INF] System.Net.Http.HttpClient.DeepSeek.LogicalHandler Start processing HTTP request POST https://api.deepseek.com/chat/completions
[12:48:11 INF] System.Net.Http.HttpClient.DeepSeek.ClientHandler Sending HTTP request POST https://api.deepseek.com/chat/completions
[12:48:11 INF] System.Net.Http.HttpClient.DeepSeek.ClientHandler Received HTTP response headers after 288.7353ms - 200
[12:48:11 INF] System.Net.Http.HttpClient.DeepSeek.LogicalHandler End processing HTTP request after 289.3169ms - 200
[12:48:11 INF] System.Net.Http.HttpClient.DeepSeek.ClientHandler Received HTTP response headers after 290.7301ms - 200
[12:48:11 INF] System.Net.Http.HttpClient.DeepSeek.LogicalHandler End processing HTTP request after 291.2559ms - 200
[12:48:11 INF] System.Net.Http.HttpClient.DeepSeek.ClientHandler Received HTTP response headers after 291.1297ms - 200
[12:48:11 INF] System.Net.Http.HttpClient.DeepSeek.LogicalHandler End processing HTTP request after 291.7637ms - 200
[12:48:11 INF] System.Net.Http.HttpClient.DeepSeek.ClientHandler Received HTTP response headers after 279.7299ms - 200
[12:48:11 INF] System.Net.Http.HttpClient.DeepSeek.LogicalHandler End processing HTTP request after 280.4423ms - 200
[12:48:11 INF] System.Net.Http.HttpClient.DeepSeek.LogicalHandler Start processing HTTP request POST https://api.deepseek.com/chat/completions
[12:48:11 INF] System.Net.Http.HttpClient.DeepSeek.ClientHandler Sending HTTP request POST https://api.deepseek.com/chat/completions
[12:48:11 INF] System.Net.Http.HttpClient.DeepSeek.LogicalHandler Start processing HTTP request POST https://api.deepseek.com/chat/completions
[12:48:11 INF] System.Net.Http.HttpClient.DeepSeek.ClientHandler Sending HTTP request POST https://api.deepseek.com/chat/completions
[12:48:11 INF] System.Net.Http.HttpClient.DeepSeek.ClientHandler Received HTTP response headers after 277.8754ms - 200
[12:48:11 INF] System.Net.Http.HttpClient.DeepSeek.LogicalHandler End processing HTTP request after 278.1013ms - 200
[12:48:11 INF] System.Net.Http.HttpClient.DeepSeek.LogicalHandler Start processing HTTP request POST https://api.deepseek.com/chat/completions
[12:48:11 INF] System.Net.Http.HttpClient.DeepSeek.ClientHandler Sending HTTP request POST https://api.deepseek.com/chat/completions
[12:48:11 INF] System.Net.Http.HttpClient.DeepSeek.LogicalHandler Start processing HTTP request POST https://api.deepseek.com/chat/completions
[12:48:11 INF] System.Net.Http.HttpClient.DeepSeek.ClientHandler Sending HTTP request POST https://api.deepseek.com/chat/completions
[12:48:11 INF] System.Net.Http.HttpClient.DeepSeek.LogicalHandler Start processing HTTP request POST https://api.deepseek.com/chat/completions
[12:48:11 INF] System.Net.Http.HttpClient.DeepSeek.ClientHandler Sending HTTP request POST https://api.deepseek.com/chat/completions
[12:48:11 INF] System.Net.Http.HttpClient.DeepSeek.ClientHandler Received HTTP response headers after 285.3552ms - 200
[12:48:11 INF] System.Net.Http.HttpClient.DeepSeek.LogicalHandler End processing HTTP request after 285.8205ms - 200
[12:48:11 INF] System.Net.Http.HttpClient.DeepSeek.LogicalHandler Start processing HTTP request POST https://api.deepseek.com/chat/completions
[12:48:11 INF] System.Net.Http.HttpClient.DeepSeek.ClientHandler Sending HTTP request POST https://api.deepseek.com/chat/completions
[12:48:11 INF] System.Net.Http.HttpClient.DeepSeek.ClientHandler Received HTTP response headers after 354.7277ms - 200
[12:48:11 INF] System.Net.Http.HttpClient.DeepSeek.LogicalHandler End processing HTTP request after 355.4281ms - 200
[12:48:11 INF] System.Net.Http.HttpClient.DeepSeek.ClientHandler Received HTTP response headers after 285.8981ms - 200
[12:48:11 INF] System.Net.Http.HttpClient.DeepSeek.LogicalHandler End processing HTTP request after 286.3755ms - 200
[12:48:11 INF] System.Net.Http.HttpClient.DeepSeek.LogicalHandler Start processing HTTP request POST https://api.deepseek.com/chat/completions
[12:48:11 INF] System.Net.Http.HttpClient.DeepSeek.ClientHandler Sending HTTP request POST https://api.deepseek.com/chat/completions
[12:48:11 INF] System.Net.Http.HttpClient.DeepSeek.LogicalHandler Start processing HTTP request POST https://api.deepseek.com/chat/completions
[12:48:11 INF] System.Net.Http.HttpClient.DeepSeek.ClientHandler Sending HTTP request POST https://api.deepseek.com/chat/completions
[12:48:11 INF] System.Net.Http.HttpClient.DeepSeek.LogicalHandler Start processing HTTP request POST https://api.deepseek.com/chat/completions
[12:48:11 INF] System.Net.Http.HttpClient.DeepSeek.ClientHandler Sending HTTP request POST https://api.deepseek.com/chat/completions
[12:48:11 INF] System.Net.Http.HttpClient.DeepSeek.LogicalHandler Start processing HTTP request POST https://api.deepseek.com/chat/completions
[12:48:11 INF] System.Net.Http.HttpClient.DeepSeek.ClientHandler Sending HTTP request POST https://api.deepseek.com/chat/completions
[12:48:11 INF] System.Net.Http.HttpClient.DeepSeek.ClientHandler Received HTTP response headers after 273.4951ms - 200
[12:48:11 INF] System.Net.Http.HttpClient.DeepSeek.LogicalHandler End processing HTTP request after 273.8782ms - 200
[12:48:11 INF] System.Net.Http.HttpClient.DeepSeek.ClientHandler Received HTTP response headers after 287.0206ms - 200
[12:48:11 INF] System.Net.Http.HttpClient.DeepSeek.LogicalHandler End processing HTTP request after 287.3452ms - 200
[12:48:11 INF] System.Net.Http.HttpClient.DeepSeek.ClientHandler Received HTTP response headers after 281.309ms - 200
[12:48:11 INF] System.Net.Http.HttpClient.DeepSeek.LogicalHandler End processing HTTP request after 281.7642ms - 200
[12:48:11 INF] System.Net.Http.HttpClient.DeepSeek.LogicalHandler Start processing HTTP request POST https://api.deepseek.com/chat/completions
[12:48:11 INF] System.Net.Http.HttpClient.DeepSeek.ClientHandler Sending HTTP request POST https://api.deepseek.com/chat/completions
[12:48:12 INF] System.Net.Http.HttpClient.DeepSeek.ClientHandler Received HTTP response headers after 278.4956ms - 200
[12:48:12 INF] System.Net.Http.HttpClient.DeepSeek.LogicalHandler End processing HTTP request after 279.2642ms - 200
[12:48:12 INF] System.Net.Http.HttpClient.DeepSeek.ClientHandler Received HTTP response headers after 280.8885ms - 200
[12:48:12 INF] System.Net.Http.HttpClient.DeepSeek.LogicalHandler End processing HTTP request after 281.5722ms - 200
[12:48:12 INF] System.Net.Http.HttpClient.DeepSeek.LogicalHandler Start processing HTTP request POST https://api.deepseek.com/chat/completions
[12:48:12 INF] System.Net.Http.HttpClient.DeepSeek.ClientHandler Sending HTTP request POST https://api.deepseek.com/chat/completions
[12:48:12 INF] System.Net.Http.HttpClient.DeepSeek.ClientHandler Received HTTP response headers after 279.1167ms - 200
[12:48:12 INF] System.Net.Http.HttpClient.DeepSeek.LogicalHandler End processing HTTP request after 279.7075ms - 200
[12:48:12 INF] System.Net.Http.HttpClient.DeepSeek.ClientHandler Received HTTP response headers after 309.2852ms - 200
[12:48:12 INF] System.Net.Http.HttpClient.DeepSeek.LogicalHandler End processing HTTP request after 309.9385ms - 200
[12:48:12 INF] System.Net.Http.HttpClient.DeepSeek.LogicalHandler Start processing HTTP request POST https://api.deepseek.com/chat/completions
[12:48:12 INF] System.Net.Http.HttpClient.DeepSeek.ClientHandler Sending HTTP request POST https://api.deepseek.com/chat/completions
[12:48:12 INF] System.Net.Http.HttpClient.DeepSeek.LogicalHandler Start processing HTTP request POST https://api.deepseek.com/chat/completions
[12:48:12 INF] System.Net.Http.HttpClient.DeepSeek.ClientHandler Sending HTTP request POST https://api.deepseek.com/chat/completions
[12:48:12 INF] System.Net.Http.HttpClient.DeepSeek.ClientHandler Received HTTP response headers after 281.5987ms - 200
[12:48:12 INF] System.Net.Http.HttpClient.DeepSeek.LogicalHandler End processing HTTP request after 282.3758ms - 200
[12:48:12 INF] System.Net.Http.HttpClient.DeepSeek.ClientHandler Received HTTP response headers after 287.261ms - 200
[12:48:12 INF] System.Net.Http.HttpClient.DeepSeek.LogicalHandler End processing HTTP request after 288.0906ms - 200
[12:48:12 INF] System.Net.Http.HttpClient.DeepSeek.LogicalHandler Start processing HTTP request POST https://api.deepseek.com/chat/completions
[12:48:12 INF] System.Net.Http.HttpClient.DeepSeek.ClientHandler Sending HTTP request POST https://api.deepseek.com/chat/completions
[12:48:12 INF] System.Net.Http.HttpClient.DeepSeek.ClientHandler Received HTTP response headers after 277.1064ms - 200
[12:48:12 INF] System.Net.Http.HttpClient.DeepSeek.LogicalHandler End processing HTTP request after 277.7111ms - 200
[12:48:12 INF] System.Net.Http.HttpClient.DeepSeek.LogicalHandler Start processing HTTP request POST https://api.deepseek.com/chat/completions
[12:48:12 INF] System.Net.Http.HttpClient.DeepSeek.ClientHandler Sending HTTP request POST https://api.deepseek.com/chat/completions
[12:48:12 INF] System.Net.Http.HttpClient.DeepSeek.ClientHandler Received HTTP response headers after 288.6602ms - 200
[12:48:12 INF] System.Net.Http.HttpClient.DeepSeek.LogicalHandler End processing HTTP request after 289.2237ms - 200
[12:48:12 INF] System.Net.Http.HttpClient.DeepSeek.LogicalHandler Start processing HTTP request POST https://api.deepseek.com/chat/completions
[12:48:12 INF] System.Net.Http.HttpClient.DeepSeek.ClientHandler Sending HTTP request POST https://api.deepseek.com/chat/completions
[12:48:12 INF] System.Net.Http.HttpClient.DeepSeek.LogicalHandler Start processing HTTP request POST https://api.deepseek.com/chat/completions
[12:48:12 INF] System.Net.Http.HttpClient.DeepSeek.ClientHandler Sending HTTP request POST https://api.deepseek.com/chat/completions
[12:48:12 INF] System.Net.Http.HttpClient.DeepSeek.LogicalHandler Start processing HTTP request POST https://api.deepseek.com/chat/completions
[12:48:12 INF] System.Net.Http.HttpClient.DeepSeek.ClientHandler Sending HTTP request POST https://api.deepseek.com/chat/completions
[12:48:12 INF] System.Net.Http.HttpClient.DeepSeek.ClientHandler Received HTTP response headers after 283.1165ms - 200
[12:48:12 INF] System.Net.Http.HttpClient.DeepSeek.LogicalHandler End processing HTTP request after 283.7522ms - 200
[12:48:12 INF] System.Net.Http.HttpClient.DeepSeek.ClientHandler Received HTTP response headers after 271.1655ms - 200
[12:48:12 INF] System.Net.Http.HttpClient.DeepSeek.LogicalHandler End processing HTTP request after 271.5166ms - 200
[12:48:12 INF] System.Net.Http.HttpClient.DeepSeek.LogicalHandler Start processing HTTP request POST https://api.deepseek.com/chat/completions
[12:48:12 INF] System.Net.Http.HttpClient.DeepSeek.ClientHandler Sending HTTP request POST https://api.deepseek.com/chat/completions
[12:48:12 INF] System.Net.Http.HttpClient.DeepSeek.LogicalHandler Start processing HTTP request POST https://api.deepseek.com/chat/completions
[12:48:12 INF] System.Net.Http.HttpClient.DeepSeek.ClientHandler Sending HTTP request POST https://api.deepseek.com/chat/completions
[12:48:12 INF] System.Net.Http.HttpClient.DeepSeek.LogicalHandler Start processing HTTP request POST https://api.deepseek.com/chat/completions
[12:48:12 INF] System.Net.Http.HttpClient.DeepSeek.ClientHandler Sending HTTP request POST https://api.deepseek.com/chat/completions
[12:48:12 INF] System.Net.Http.HttpClient.DeepSeek.ClientHandler Received HTTP response headers after 276.7714ms - 200
[12:48:12 INF] System.Net.Http.HttpClient.DeepSeek.LogicalHandler End processing HTTP request after 277.155ms - 200
[12:48:12 INF] System.Net.Http.HttpClient.DeepSeek.ClientHandler Received HTTP response headers after 278.5983ms - 200
[12:48:12 INF] System.Net.Http.HttpClient.DeepSeek.LogicalHandler End processing HTTP request after 278.9332ms - 200
[12:48:12 INF] System.Net.Http.HttpClient.DeepSeek.LogicalHandler Start processing HTTP request POST https://api.deepseek.com/chat/completions
[12:48:12 INF] System.Net.Http.HttpClient.DeepSeek.ClientHandler Sending HTTP request POST https://api.deepseek.com/chat/completions
[12:48:12 INF] System.Net.Http.HttpClient.DeepSeek.LogicalHandler Start processing HTTP request POST https://api.deepseek.com/chat/completions
[12:48:12 INF] System.Net.Http.HttpClient.DeepSeek.ClientHandler Sending HTTP request POST https://api.deepseek.com/chat/completions
[12:48:12 INF] System.Net.Http.HttpClient.DeepSeek.LogicalHandler Start processing HTTP request POST https://api.deepseek.com/chat/completions
[12:48:12 INF] System.Net.Http.HttpClient.DeepSeek.ClientHandler Sending HTTP request POST https://api.deepseek.com/chat/completions
[12:48:12 INF] System.Net.Http.HttpClient.DeepSeek.LogicalHandler Start processing HTTP request POST https://api.deepseek.com/chat/completions
[12:48:12 INF] System.Net.Http.HttpClient.DeepSeek.ClientHandler Sending HTTP request POST https://api.deepseek.com/chat/completions
[12:48:13 INF] System.Net.Http.HttpClient.DeepSeek.ClientHandler Received HTTP response headers after 290.515ms - 200
[12:48:13 INF] System.Net.Http.HttpClient.DeepSeek.LogicalHandler End processing HTTP request after 290.8236ms - 200
[12:48:13 INF] System.Net.Http.HttpClient.DeepSeek.LogicalHandler Start processing HTTP request POST https://api.deepseek.com/chat/completions
[12:48:13 INF] System.Net.Http.HttpClient.DeepSeek.ClientHandler Sending HTTP request POST https://api.deepseek.com/chat/completions
[12:48:13 INF] System.Net.Http.HttpClient.DeepSeek.ClientHandler Received HTTP response headers after 283.3747ms - 200
[12:48:13 INF] System.Net.Http.HttpClient.DeepSeek.LogicalHandler End processing HTTP request after 283.8662ms - 200
[12:48:13 INF] System.Net.Http.HttpClient.DeepSeek.LogicalHandler Start processing HTTP request POST https://api.deepseek.com/chat/completions
[12:48:13 INF] System.Net.Http.HttpClient.DeepSeek.ClientHandler Sending HTTP request POST https://api.deepseek.com/chat/completions
[12:48:13 INF] System.Net.Http.HttpClient.DeepSeek.ClientHandler Received HTTP response headers after 278.3351ms - 200
[12:48:13 INF] System.Net.Http.HttpClient.DeepSeek.LogicalHandler End processing HTTP request after 279.006ms - 200
[12:48:13 INF] System.Net.Http.HttpClient.DeepSeek.ClientHandler Received HTTP response headers after 276.9729ms - 200
[12:48:13 INF] System.Net.Http.HttpClient.DeepSeek.LogicalHandler End processing HTTP request after 277.5ms - 200
[12:48:13 INF] System.Net.Http.HttpClient.DeepSeek.ClientHandler Received HTTP response headers after 282.4254ms - 200
[12:48:13 INF] System.Net.Http.HttpClient.DeepSeek.LogicalHandler End processing HTTP request after 282.9297ms - 200
[12:48:13 INF] System.Net.Http.HttpClient.DeepSeek.ClientHandler Received HTTP response headers after 276.8343ms - 200
[12:48:13 INF] System.Net.Http.HttpClient.DeepSeek.LogicalHandler End processing HTTP request after 277.4242ms - 200
[12:48:13 INF] System.Net.Http.HttpClient.DeepSeek.ClientHandler Received HTTP response headers after 274.3527ms - 200
[12:48:13 INF] System.Net.Http.HttpClient.DeepSeek.LogicalHandler End processing HTTP request after 274.8529ms - 200
[12:48:13 INF] System.Net.Http.HttpClient.DeepSeek.ClientHandler Received HTTP response headers after 285.5977ms - 200
[12:48:13 INF] System.Net.Http.HttpClient.DeepSeek.LogicalHandler End processing HTTP request after 286.2731ms - 200
[12:48:13 INF] System.Net.Http.HttpClient.DeepSeek.ClientHandler Received HTTP response headers after 288.1127ms - 200
[12:48:13 INF] System.Net.Http.HttpClient.DeepSeek.LogicalHandler End processing HTTP request after 288.5824ms - 200
[12:48:13 INF] System.Net.Http.HttpClient.DeepSeek.ClientHandler Received HTTP response headers after 291.0034ms - 200
[12:48:13 INF] System.Net.Http.HttpClient.DeepSeek.LogicalHandler End processing HTTP request after 291.591ms - 200
[12:48:13 INF] System.Net.Http.HttpClient.DeepSeek.LogicalHandler Start processing HTTP request POST https://api.deepseek.com/chat/completions
[12:48:13 INF] System.Net.Http.HttpClient.DeepSeek.ClientHandler Sending HTTP request POST https://api.deepseek.com/chat/completions
[12:48:13 INF] System.Net.Http.HttpClient.DeepSeek.LogicalHandler Start processing HTTP request POST https://api.deepseek.com/chat/completions
[12:48:13 INF] System.Net.Http.HttpClient.DeepSeek.ClientHandler Sending HTTP request POST https://api.deepseek.com/chat/completions
[12:48:13 INF] System.Net.Http.HttpClient.DeepSeek.LogicalHandler Start processing HTTP request POST https://api.deepseek.com/chat/completions
[12:48:13 INF] System.Net.Http.HttpClient.DeepSeek.ClientHandler Sending HTTP request POST https://api.deepseek.com/chat/completions
[12:48:13 INF] System.Net.Http.HttpClient.DeepSeek.LogicalHandler Start processing HTTP request POST https://api.deepseek.com/chat/completions
[12:48:13 INF] System.Net.Http.HttpClient.DeepSeek.ClientHandler Sending HTTP request POST https://api.deepseek.com/chat/completions
[12:48:13 INF] System.Net.Http.HttpClient.DeepSeek.ClientHandler Received HTTP response headers after 293.6494ms - 200
[12:48:13 INF] System.Net.Http.HttpClient.DeepSeek.LogicalHandler End processing HTTP request after 293.9697ms - 200
[12:48:13 INF] System.Net.Http.HttpClient.DeepSeek.ClientHandler Received HTTP response headers after 284.5131ms - 200
[12:48:13 INF] System.Net.Http.HttpClient.DeepSeek.LogicalHandler End processing HTTP request after 284.9953ms - 200
[12:48:13 INF] System.Net.Http.HttpClient.DeepSeek.ClientHandler Received HTTP response headers after 283.0152ms - 200
[12:48:13 INF] System.Net.Http.HttpClient.DeepSeek.LogicalHandler End processing HTTP request after 283.3524ms - 200
[12:48:13 INF] System.Net.Http.HttpClient.DeepSeek.ClientHandler Received HTTP response headers after 301.4877ms - 200
[12:48:13 INF] System.Net.Http.HttpClient.DeepSeek.LogicalHandler End processing HTTP request after 302.0061ms - 200
[12:48:13 INF] System.Net.Http.HttpClient.DeepSeek.LogicalHandler Start processing HTTP request POST https://api.deepseek.com/chat/completions
[12:48:13 INF] System.Net.Http.HttpClient.DeepSeek.ClientHandler Sending HTTP request POST https://api.deepseek.com/chat/completions
[12:48:14 INF] System.Net.Http.HttpClient.DeepSeek.LogicalHandler Start processing HTTP request POST https://api.deepseek.com/chat/completions
[12:48:14 INF] System.Net.Http.HttpClient.DeepSeek.ClientHandler Sending HTTP request POST https://api.deepseek.com/chat/completions
[12:48:14 INF] System.Net.Http.HttpClient.DeepSeek.LogicalHandler Start processing HTTP request POST https://api.deepseek.com/chat/completions
[12:48:14 INF] System.Net.Http.HttpClient.DeepSeek.ClientHandler Sending HTTP request POST https://api.deepseek.com/chat/completions
[12:48:14 INF] System.Net.Http.HttpClient.DeepSeek.LogicalHandler Start processing HTTP request POST https://api.deepseek.com/chat/completions
[12:48:14 INF] System.Net.Http.HttpClient.DeepSeek.ClientHandler Sending HTTP request POST https://api.deepseek.com/chat/completions
[12:48:14 INF] System.Net.Http.HttpClient.DeepSeek.ClientHandler Received HTTP response headers after 285.1255ms - 200
[12:48:14 INF] System.Net.Http.HttpClient.DeepSeek.LogicalHandler End processing HTTP request after 285.6959ms - 200
[12:48:14 INF] System.Net.Http.HttpClient.DeepSeek.LogicalHandler Start processing HTTP request POST https://api.deepseek.com/chat/completions
[12:48:14 INF] System.Net.Http.HttpClient.DeepSeek.ClientHandler Sending HTTP request POST https://api.deepseek.com/chat/completions
[12:48:14 INF] System.Net.Http.HttpClient.DeepSeek.LogicalHandler Start processing HTTP request POST https://api.deepseek.com/chat/completions
[12:48:14 INF] System.Net.Http.HttpClient.DeepSeek.ClientHandler Sending HTTP request POST https://api.deepseek.com/chat/completions
[12:48:14 INF] System.Net.Http.HttpClient.DeepSeek.LogicalHandler Start processing HTTP request POST https://api.deepseek.com/chat/completions
[12:48:14 INF] System.Net.Http.HttpClient.DeepSeek.ClientHandler Sending HTTP request POST https://api.deepseek.com/chat/completions
[12:48:14 INF] System.Net.Http.HttpClient.DeepSeek.ClientHandler Received HTTP response headers after 288.3359ms - 200
[12:48:14 INF] System.Net.Http.HttpClient.DeepSeek.LogicalHandler End processing HTTP request after 289.0239ms - 200
[12:48:14 INF] System.Net.Http.HttpClient.DeepSeek.LogicalHandler Start processing HTTP request POST https://api.deepseek.com/chat/completions
[12:48:14 INF] System.Net.Http.HttpClient.DeepSeek.ClientHandler Sending HTTP request POST https://api.deepseek.com/chat/completions
[12:48:14 INF] System.Net.Http.HttpClient.DeepSeek.ClientHandler Received HTTP response headers after 289.1981ms - 200
[12:48:14 INF] System.Net.Http.HttpClient.DeepSeek.LogicalHandler End processing HTTP request after 290.05ms - 200
[12:48:14 INF] System.Net.Http.HttpClient.DeepSeek.LogicalHandler Start processing HTTP request POST https://api.deepseek.com/chat/completions
[12:48:14 INF] System.Net.Http.HttpClient.DeepSeek.ClientHandler Sending HTTP request POST https://api.deepseek.com/chat/completions
[12:48:14 INF] System.Net.Http.HttpClient.DeepSeek.LogicalHandler Start processing HTTP request POST https://api.deepseek.com/chat/completions
[12:48:14 INF] System.Net.Http.HttpClient.DeepSeek.ClientHandler Sending HTTP request POST https://api.deepseek.com/chat/completions
[12:48:14 INF] System.Net.Http.HttpClient.DeepSeek.ClientHandler Received HTTP response headers after 290.2902ms - 200
[12:48:14 INF] System.Net.Http.HttpClient.DeepSeek.LogicalHandler End processing HTTP request after 290.8846ms - 200
[12:48:14 INF] System.Net.Http.HttpClient.DeepSeek.ClientHandler Received HTTP response headers after 294.7528ms - 200
[12:48:14 INF] System.Net.Http.HttpClient.DeepSeek.LogicalHandler End processing HTTP request after 295.3702ms - 200
[12:48:14 INF] System.Net.Http.HttpClient.DeepSeek.LogicalHandler Start processing HTTP request POST https://api.deepseek.com/chat/completions
[12:48:14 INF] System.Net.Http.HttpClient.DeepSeek.ClientHandler Sending HTTP request POST https://api.deepseek.com/chat/completions
[12:48:14 INF] System.Net.Http.HttpClient.DeepSeek.ClientHandler Received HTTP response headers after 295.3633ms - 200
[12:48:14 INF] System.Net.Http.HttpClient.DeepSeek.LogicalHandler End processing HTTP request after 296.0171ms - 200
[12:48:14 INF] System.Net.Http.HttpClient.DeepSeek.LogicalHandler Start processing HTTP request POST https://api.deepseek.com/chat/completions
[12:48:14 INF] System.Net.Http.HttpClient.DeepSeek.ClientHandler Sending HTTP request POST https://api.deepseek.com/chat/completions
[12:48:14 INF] System.Net.Http.HttpClient.DeepSeek.ClientHandler Received HTTP response headers after 291.303ms - 200
[12:48:14 INF] System.Net.Http.HttpClient.DeepSeek.LogicalHandler End processing HTTP request after 291.5637ms - 200
[12:48:14 INF] System.Net.Http.HttpClient.DeepSeek.ClientHandler Received HTTP response headers after 282.6579ms - 200
[12:48:14 INF] System.Net.Http.HttpClient.DeepSeek.LogicalHandler End processing HTTP request after 283.0615ms - 200
[12:48:14 INF] System.Net.Http.HttpClient.DeepSeek.ClientHandler Received HTTP response headers after 290.2545ms - 200
[12:48:14 INF] System.Net.Http.HttpClient.DeepSeek.LogicalHandler End processing HTTP request after 291.09ms - 200
[12:48:14 INF] System.Net.Http.HttpClient.DeepSeek.ClientHandler Received HTTP response headers after 318.5068ms - 200
[12:48:14 INF] System.Net.Http.HttpClient.DeepSeek.LogicalHandler End processing HTTP request after 318.9374ms - 200
[12:48:14 INF] System.Net.Http.HttpClient.DeepSeek.LogicalHandler Start processing HTTP request POST https://api.deepseek.com/chat/completions
[12:48:14 INF] System.Net.Http.HttpClient.DeepSeek.ClientHandler Sending HTTP request POST https://api.deepseek.com/chat/completions
[12:48:14 INF] System.Net.Http.HttpClient.DeepSeek.ClientHandler Received HTTP response headers after 287.9108ms - 200
[12:48:14 INF] System.Net.Http.HttpClient.DeepSeek.LogicalHandler End processing HTTP request after 288.0927ms - 200
[12:48:14 INF] System.Net.Http.HttpClient.DeepSeek.ClientHandler Received HTTP response headers after 293.2902ms - 200
[12:48:14 INF] System.Net.Http.HttpClient.DeepSeek.LogicalHandler End processing HTTP request after 293.459ms - 200
[12:48:14 INF] System.Net.Http.HttpClient.DeepSeek.LogicalHandler Start processing HTTP request POST https://api.deepseek.com/chat/completions
[12:48:14 INF] System.Net.Http.HttpClient.DeepSeek.ClientHandler Sending HTTP request POST https://api.deepseek.com/chat/completions
[12:48:15 INF] System.Net.Http.HttpClient.DeepSeek.LogicalHandler Start processing HTTP request POST https://api.deepseek.com/chat/completions
[12:48:15 INF] System.Net.Http.HttpClient.DeepSeek.ClientHandler Sending HTTP request POST https://api.deepseek.com/chat/completions
[12:48:15 INF] System.Net.Http.HttpClient.DeepSeek.LogicalHandler Start processing HTTP request POST https://api.deepseek.com/chat/completions
[12:48:15 INF] System.Net.Http.HttpClient.DeepSeek.ClientHandler Sending HTTP request POST https://api.deepseek.com/chat/completions
[12:48:15 INF] System.Net.Http.HttpClient.DeepSeek.LogicalHandler Start processing HTTP request POST https://api.deepseek.com/chat/completions
[12:48:15 INF] System.Net.Http.HttpClient.DeepSeek.ClientHandler Sending HTTP request POST https://api.deepseek.com/chat/completions
[12:48:15 INF] System.Net.Http.HttpClient.DeepSeek.LogicalHandler Start processing HTTP request POST https://api.deepseek.com/chat/completions
[12:48:15 INF] System.Net.Http.HttpClient.DeepSeek.ClientHandler Sending HTTP request POST https://api.deepseek.com/chat/completions
[12:48:15 INF] System.Net.Http.HttpClient.DeepSeek.ClientHandler Received HTTP response headers after 293.5087ms - 200
[12:48:15 INF] System.Net.Http.HttpClient.DeepSeek.LogicalHandler End processing HTTP request after 293.8964ms - 200
[12:48:15 INF] System.Net.Http.HttpClient.DeepSeek.LogicalHandler Start processing HTTP request POST https://api.deepseek.com/chat/completions
[12:48:15 INF] System.Net.Http.HttpClient.DeepSeek.ClientHandler Sending HTTP request POST https://api.deepseek.com/chat/completions
[12:48:15 INF] System.Net.Http.HttpClient.DeepSeek.ClientHandler Received HTTP response headers after 277.8417ms - 200
[12:48:15 INF] System.Net.Http.HttpClient.DeepSeek.LogicalHandler End processing HTTP request after 278.4579ms - 200
[12:48:15 INF] System.Net.Http.HttpClient.DeepSeek.ClientHandler Received HTTP response headers after 289.7087ms - 200
[12:48:15 INF] System.Net.Http.HttpClient.DeepSeek.LogicalHandler End processing HTTP request after 290.3019ms - 200
[12:48:15 INF] System.Net.Http.HttpClient.DeepSeek.ClientHandler Received HTTP response headers after 286.5161ms - 200
[12:48:15 INF] System.Net.Http.HttpClient.DeepSeek.LogicalHandler End processing HTTP request after 287.3217ms - 200
[12:48:15 INF] System.Net.Http.HttpClient.DeepSeek.ClientHandler Received HTTP response headers after 275.9516ms - 200
[12:48:15 INF] System.Net.Http.HttpClient.DeepSeek.LogicalHandler End processing HTTP request after 277.0552ms - 200
[12:48:15 INF] System.Net.Http.HttpClient.DeepSeek.LogicalHandler Start processing HTTP request POST https://api.deepseek.com/chat/completions
[12:48:15 INF] System.Net.Http.HttpClient.DeepSeek.ClientHandler Sending HTTP request POST https://api.deepseek.com/chat/completions
[12:48:15 INF] System.Net.Http.HttpClient.DeepSeek.ClientHandler Received HTTP response headers after 286.3172ms - 200
[12:48:15 INF] System.Net.Http.HttpClient.DeepSeek.LogicalHandler End processing HTTP request after 288.0233ms - 200
[12:48:15 INF] System.Net.Http.HttpClient.DeepSeek.ClientHandler Received HTTP response headers after 288.3523ms - 200
[12:48:15 INF] System.Net.Http.HttpClient.DeepSeek.LogicalHandler Start processing HTTP request POST https://api.deepseek.com/chat/completions
[12:48:15 INF] System.Net.Http.HttpClient.DeepSeek.LogicalHandler End processing HTTP request after 289.5709ms - 200
[12:48:15 INF] System.Net.Http.HttpClient.DeepSeek.ClientHandler Sending HTTP request POST https://api.deepseek.com/chat/completions
[12:48:15 INF] System.Net.Http.HttpClient.DeepSeek.LogicalHandler Start processing HTTP request POST https://api.deepseek.com/chat/completions
[12:48:15 INF] System.Net.Http.HttpClient.DeepSeek.ClientHandler Sending HTTP request POST https://api.deepseek.com/chat/completions
[12:48:15 INF] System.Net.Http.HttpClient.DeepSeek.LogicalHandler Start processing HTTP request POST https://api.deepseek.com/chat/completions
[12:48:15 INF] System.Net.Http.HttpClient.DeepSeek.ClientHandler Sending HTTP request POST https://api.deepseek.com/chat/completions
[12:48:15 INF] System.Net.Http.HttpClient.DeepSeek.ClientHandler Received HTTP response headers after 288.4335ms - 200
[12:48:15 INF] System.Net.Http.HttpClient.DeepSeek.LogicalHandler End processing HTTP request after 288.8946ms - 200
[12:48:15 INF] System.Net.Http.HttpClient.DeepSeek.LogicalHandler Start processing HTTP request POST https://api.deepseek.com/chat/completions
[12:48:15 INF] System.Net.Http.HttpClient.DeepSeek.ClientHandler Sending HTTP request POST https://api.deepseek.com/chat/completions
[12:48:15 INF] System.Net.Http.HttpClient.DeepSeek.LogicalHandler Start processing HTTP request POST https://api.deepseek.com/chat/completions
[12:48:15 INF] System.Net.Http.HttpClient.DeepSeek.ClientHandler Sending HTTP request POST https://api.deepseek.com/chat/completions
[12:48:15 INF] System.Net.Http.HttpClient.DeepSeek.ClientHandler Received HTTP response headers after 281.0292ms - 200
[12:48:15 INF] System.Net.Http.HttpClient.DeepSeek.LogicalHandler End processing HTTP request after 282.0485ms - 200
[12:48:15 INF] System.Net.Http.HttpClient.DeepSeek.LogicalHandler Start processing HTTP request POST https://api.deepseek.com/chat/completions
[12:48:15 INF] System.Net.Http.HttpClient.DeepSeek.ClientHandler Sending HTTP request POST https://api.deepseek.com/chat/completions
[12:48:15 INF] System.Net.Http.HttpClient.DeepSeek.ClientHandler Received HTTP response headers after 304.2573ms - 200
[12:48:15 INF] System.Net.Http.HttpClient.DeepSeek.LogicalHandler End processing HTTP request after 305.548ms - 200
[12:48:15 INF] System.Net.Http.HttpClient.DeepSeek.ClientHandler Received HTTP response headers after 276.5567ms - 200
[12:48:15 INF] System.Net.Http.HttpClient.DeepSeek.LogicalHandler End processing HTTP request after 277.1065ms - 200
[12:48:16 INF] System.Net.Http.HttpClient.DeepSeek.ClientHandler Received HTTP response headers after 282.1261ms - 200
[12:48:16 INF] System.Net.Http.HttpClient.DeepSeek.LogicalHandler End processing HTTP request after 282.499ms - 200
[12:48:16 INF] System.Net.Http.HttpClient.DeepSeek.ClientHandler Received HTTP response headers after 291.2206ms - 200
[12:48:16 INF] System.Net.Http.HttpClient.DeepSeek.LogicalHandler End processing HTTP request after 291.6035ms - 200
[12:48:16 INF] System.Net.Http.HttpClient.DeepSeek.LogicalHandler Start processing HTTP request POST https://api.deepseek.com/chat/completions
[12:48:16 INF] System.Net.Http.HttpClient.DeepSeek.ClientHandler Sending HTTP request POST https://api.deepseek.com/chat/completions
[12:48:16 INF] System.Net.Http.HttpClient.DeepSeek.LogicalHandler Start processing HTTP request POST https://api.deepseek.com/chat/completions
[12:48:16 INF] System.Net.Http.HttpClient.DeepSeek.ClientHandler Sending HTTP request POST https://api.deepseek.com/chat/completions
[12:48:16 INF] System.Net.Http.HttpClient.DeepSeek.LogicalHandler Start processing HTTP request POST https://api.deepseek.com/chat/completions
[12:48:16 INF] System.Net.Http.HttpClient.DeepSeek.ClientHandler Sending HTTP request POST https://api.deepseek.com/chat/completions
[12:48:16 INF] System.Net.Http.HttpClient.DeepSeek.LogicalHandler Start processing HTTP request POST https://api.deepseek.com/chat/completions
[12:48:16 INF] System.Net.Http.HttpClient.DeepSeek.ClientHandler Sending HTTP request POST https://api.deepseek.com/chat/completions
[12:48:16 INF] System.Net.Http.HttpClient.DeepSeek.LogicalHandler Start processing HTTP request POST https://api.deepseek.com/chat/completions
[12:48:16 INF] System.Net.Http.HttpClient.DeepSeek.ClientHandler Sending HTTP request POST https://api.deepseek.com/chat/completions
[12:48:16 INF] System.Net.Http.HttpClient.DeepSeek.ClientHandler Received HTTP response headers after 365.892ms - 200
[12:48:16 INF] System.Net.Http.HttpClient.DeepSeek.LogicalHandler End processing HTTP request after 366.276ms - 200
[12:48:16 INF] System.Net.Http.HttpClient.DeepSeek.LogicalHandler Start processing HTTP request POST https://api.deepseek.com/chat/completions
[12:48:16 INF] System.Net.Http.HttpClient.DeepSeek.ClientHandler Sending HTTP request POST https://api.deepseek.com/chat/completions
[12:48:16 INF] System.Net.Http.HttpClient.DeepSeek.ClientHandler Received HTTP response headers after 277.771ms - 200
[12:48:16 INF] System.Net.Http.HttpClient.DeepSeek.ClientHandler Received HTTP response headers after 298.3514ms - 200
[12:48:16 INF] System.Net.Http.HttpClient.DeepSeek.LogicalHandler End processing HTTP request after 278.3075ms - 200
[12:48:16 INF] System.Net.Http.HttpClient.DeepSeek.LogicalHandler End processing HTTP request after 299.1765ms - 200
[12:48:16 INF] System.Net.Http.HttpClient.DeepSeek.ClientHandler Received HTTP response headers after 284.6755ms - 200
[12:48:16 INF] System.Net.Http.HttpClient.DeepSeek.LogicalHandler End processing HTTP request after 285.342ms - 200
[12:48:16 INF] System.Net.Http.HttpClient.DeepSeek.ClientHandler Received HTTP response headers after 292.5602ms - 200
[12:48:16 INF] System.Net.Http.HttpClient.DeepSeek.LogicalHandler End processing HTTP request after 292.9947ms - 200
[12:48:16 INF] System.Net.Http.HttpClient.DeepSeek.ClientHandler Received HTTP response headers after 282.5796ms - 200
[12:48:16 INF] System.Net.Http.HttpClient.DeepSeek.LogicalHandler End processing HTTP request after 283.271ms - 200
[12:48:16 INF] System.Net.Http.HttpClient.DeepSeek.ClientHandler Received HTTP response headers after 269.7219ms - 200
[12:48:16 INF] System.Net.Http.HttpClient.DeepSeek.LogicalHandler Start processing HTTP request POST https://api.deepseek.com/chat/completions
[12:48:16 INF] System.Net.Http.HttpClient.DeepSeek.LogicalHandler End processing HTTP request after 270.4483ms - 200
[12:48:16 INF] System.Net.Http.HttpClient.DeepSeek.ClientHandler Sending HTTP request POST https://api.deepseek.com/chat/completions
[12:48:16 INF] System.Net.Http.HttpClient.DeepSeek.LogicalHandler Start processing HTTP request POST https://api.deepseek.com/chat/completions
[12:48:16 INF] System.Net.Http.HttpClient.DeepSeek.ClientHandler Sending HTTP request POST https://api.deepseek.com/chat/completions
[12:48:16 INF] System.Net.Http.HttpClient.DeepSeek.LogicalHandler Start processing HTTP request POST https://api.deepseek.com/chat/completions
[12:48:16 INF] System.Net.Http.HttpClient.DeepSeek.ClientHandler Sending HTTP request POST https://api.deepseek.com/chat/completions
[12:48:16 INF] System.Net.Http.HttpClient.DeepSeek.LogicalHandler Start processing HTTP request POST https://api.deepseek.com/chat/completions
[12:48:16 INF] System.Net.Http.HttpClient.DeepSeek.ClientHandler Sending HTTP request POST https://api.deepseek.com/chat/completions
[12:48:16 INF] System.Net.Http.HttpClient.DeepSeek.LogicalHandler Start processing HTTP request POST https://api.deepseek.com/chat/completions
[12:48:16 INF] System.Net.Http.HttpClient.DeepSeek.ClientHandler Sending HTTP request POST https://api.deepseek.com/chat/completions
[12:48:16 INF] System.Net.Http.HttpClient.DeepSeek.LogicalHandler Start processing HTTP request POST https://api.deepseek.com/chat/completions
[12:48:16 INF] System.Net.Http.HttpClient.DeepSeek.ClientHandler Sending HTTP request POST https://api.deepseek.com/chat/completions
[12:48:16 INF] System.Net.Http.HttpClient.DeepSeek.LogicalHandler Start processing HTTP request POST https://api.deepseek.com/chat/completions
[12:48:16 INF] System.Net.Http.HttpClient.DeepSeek.ClientHandler Sending HTTP request POST https://api.deepseek.com/chat/completions
[12:48:16 INF] System.Net.Http.HttpClient.DeepSeek.ClientHandler Received HTTP response headers after 278.7152ms - 200
[12:48:16 INF] System.Net.Http.HttpClient.DeepSeek.LogicalHandler End processing HTTP request after 279.1322ms - 200
[12:48:16 INF] System.Net.Http.HttpClient.DeepSeek.ClientHandler Received HTTP response headers after 284.9246ms - 200
[12:48:16 INF] System.Net.Http.HttpClient.DeepSeek.LogicalHandler End processing HTTP request after 285.3839ms - 200
[12:48:16 INF] System.Net.Http.HttpClient.DeepSeek.ClientHandler Received HTTP response headers after 291.8523ms - 200
[12:48:16 INF] System.Net.Http.HttpClient.DeepSeek.LogicalHandler End processing HTTP request after 292.2477ms - 200
[12:48:16 INF] System.Net.Http.HttpClient.DeepSeek.ClientHandler Received HTTP response headers after 276.749ms - 200
[12:48:16 INF] System.Net.Http.HttpClient.DeepSeek.LogicalHandler End processing HTTP request after 277.1484ms - 200
[12:48:16 INF] System.Net.Http.HttpClient.DeepSeek.ClientHandler Received HTTP response headers after 284.6486ms - 200
[12:48:16 INF] System.Net.Http.HttpClient.DeepSeek.LogicalHandler End processing HTTP request after 285.0142ms - 200
[12:48:17 INF] System.Net.Http.HttpClient.DeepSeek.LogicalHandler Start processing HTTP request POST https://api.deepseek.com/chat/completions
[12:48:17 INF] System.Net.Http.HttpClient.DeepSeek.ClientHandler Sending HTTP request POST https://api.deepseek.com/chat/completions
[12:48:17 INF] System.Net.Http.HttpClient.DeepSeek.LogicalHandler Start processing HTTP request POST https://api.deepseek.com/chat/completions
[12:48:17 INF] System.Net.Http.HttpClient.DeepSeek.ClientHandler Sending HTTP request POST https://api.deepseek.com/chat/completions
[12:48:17 INF] System.Net.Http.HttpClient.DeepSeek.ClientHandler Received HTTP response headers after 288.0283ms - 200
[12:48:17 INF] System.Net.Http.HttpClient.DeepSeek.LogicalHandler End processing HTTP request after 288.4308ms - 200
[12:48:17 INF] System.Net.Http.HttpClient.DeepSeek.ClientHandler Received HTTP response headers after 278.4242ms - 200
[12:48:17 INF] System.Net.Http.HttpClient.DeepSeek.LogicalHandler End processing HTTP request after 278.8001ms - 200
[12:48:17 INF] System.Net.Http.HttpClient.DeepSeek.LogicalHandler Start processing HTTP request POST https://api.deepseek.com/chat/completions
[12:48:17 INF] System.Net.Http.HttpClient.DeepSeek.ClientHandler Sending HTTP request POST https://api.deepseek.com/chat/completions
[12:48:17 INF] System.Net.Http.HttpClient.DeepSeek.LogicalHandler Start processing HTTP request POST https://api.deepseek.com/chat/completions
[12:48:17 INF] System.Net.Http.HttpClient.DeepSeek.ClientHandler Sending HTTP request POST https://api.deepseek.com/chat/completions
[12:48:17 INF] System.Net.Http.HttpClient.DeepSeek.ClientHandler Received HTTP response headers after 291.2051ms - 200
[12:48:17 INF] System.Net.Http.HttpClient.DeepSeek.LogicalHandler End processing HTTP request after 291.9711ms - 200
[12:48:17 INF] System.Net.Http.HttpClient.DeepSeek.ClientHandler Received HTTP response headers after 306.917ms - 200
[12:48:17 INF] System.Net.Http.HttpClient.DeepSeek.LogicalHandler End processing HTTP request after 307.5388ms - 200
[12:48:17 INF] System.Net.Http.HttpClient.DeepSeek.ClientHandler Received HTTP response headers after 279.2282ms - 200
[12:48:17 INF] System.Net.Http.HttpClient.DeepSeek.LogicalHandler End processing HTTP request after 280.0365ms - 200
[12:48:17 INF] System.Net.Http.HttpClient.DeepSeek.LogicalHandler Start processing HTTP request POST https://api.deepseek.com/chat/completions
[12:48:17 INF] System.Net.Http.HttpClient.DeepSeek.ClientHandler Sending HTTP request POST https://api.deepseek.com/chat/completions
[12:48:17 INF] System.Net.Http.HttpClient.DeepSeek.ClientHandler Received HTTP response headers after 278.994ms - 200
[12:48:17 INF] System.Net.Http.HttpClient.DeepSeek.LogicalHandler End processing HTTP request after 279.7139ms - 200
[12:48:17 INF] System.Net.Http.HttpClient.DeepSeek.LogicalHandler Start processing HTTP request POST https://api.deepseek.com/chat/completions
[12:48:17 INF] System.Net.Http.HttpClient.DeepSeek.ClientHandler Sending HTTP request POST https://api.deepseek.com/chat/completions
[12:48:17 INF] System.Net.Http.HttpClient.DeepSeek.LogicalHandler Start processing HTTP request POST https://api.deepseek.com/chat/completions
[12:48:17 INF] System.Net.Http.HttpClient.DeepSeek.ClientHandler Sending HTTP request POST https://api.deepseek.com/chat/completions
[12:48:17 INF] System.Net.Http.HttpClient.DeepSeek.LogicalHandler Start processing HTTP request POST https://api.deepseek.com/chat/completions
[12:48:17 INF] System.Net.Http.HttpClient.DeepSeek.ClientHandler Sending HTTP request POST https://api.deepseek.com/chat/completions
[12:48:17 INF] System.Net.Http.HttpClient.DeepSeek.LogicalHandler Start processing HTTP request POST https://api.deepseek.com/chat/completions
[12:48:17 INF] System.Net.Http.HttpClient.DeepSeek.ClientHandler Sending HTTP request POST https://api.deepseek.com/chat/completions
[12:48:17 INF] System.Net.Http.HttpClient.DeepSeek.ClientHandler Received HTTP response headers after 289.3357ms - 200
[12:48:17 INF] System.Net.Http.HttpClient.DeepSeek.LogicalHandler End processing HTTP request after 289.7247ms - 200
[12:48:17 INF] System.Net.Http.HttpClient.DeepSeek.ClientHandler Received HTTP response headers after 296.3498ms - 200
[12:48:17 INF] System.Net.Http.HttpClient.DeepSeek.LogicalHandler End processing HTTP request after 296.7392ms - 200
[12:48:17 INF] System.Net.Http.HttpClient.DeepSeek.ClientHandler Received HTTP response headers after 284.5473ms - 200
[12:48:17 INF] System.Net.Http.HttpClient.DeepSeek.LogicalHandler End processing HTTP request after 286.314ms - 200
[12:48:18 INF] System.Net.Http.HttpClient.DeepSeek.LogicalHandler Start processing HTTP request POST https://api.deepseek.com/chat/completions
[12:48:18 INF] System.Net.Http.HttpClient.DeepSeek.ClientHandler Sending HTTP request POST https://api.deepseek.com/chat/completions
[12:48:18 INF] System.Net.Http.HttpClient.DeepSeek.ClientHandler Received HTTP response headers after 286.1834ms - 200
[12:48:18 INF] System.Net.Http.HttpClient.DeepSeek.LogicalHandler End processing HTTP request after 286.6838ms - 200
[12:48:18 INF] System.Net.Http.HttpClient.DeepSeek.ClientHandler Received HTTP response headers after 386.8717ms - 200
[12:48:18 INF] System.Net.Http.HttpClient.DeepSeek.LogicalHandler End processing HTTP request after 387.2849ms - 200
[12:48:18 INF] System.Net.Http.HttpClient.DeepSeek.LogicalHandler Start processing HTTP request POST https://api.deepseek.com/chat/completions
[12:48:18 INF] System.Net.Http.HttpClient.DeepSeek.ClientHandler Sending HTTP request POST https://api.deepseek.com/chat/completions
[12:48:18 INF] System.Net.Http.HttpClient.DeepSeek.LogicalHandler Start processing HTTP request POST https://api.deepseek.com/chat/completions
[12:48:18 INF] System.Net.Http.HttpClient.DeepSeek.ClientHandler Sending HTTP request POST https://api.deepseek.com/chat/completions
[12:48:18 INF] System.Net.Http.HttpClient.DeepSeek.ClientHandler Received HTTP response headers after 285.9852ms - 200
[12:48:18 INF] System.Net.Http.HttpClient.DeepSeek.LogicalHandler End processing HTTP request after 286.652ms - 200
[12:48:18 INF] System.Net.Http.HttpClient.DeepSeek.ClientHandler Received HTTP response headers after 277.5096ms - 200
[12:48:18 INF] System.Net.Http.HttpClient.DeepSeek.LogicalHandler End processing HTTP request after 278.1261ms - 200
[12:48:18 INF] System.Net.Http.HttpClient.DeepSeek.ClientHandler Received HTTP response headers after 300.5663ms - 200
[12:48:18 INF] System.Net.Http.HttpClient.DeepSeek.LogicalHandler End processing HTTP request after 301.226ms - 200
[12:48:18 INF] System.Net.Http.HttpClient.DeepSeek.LogicalHandler Start processing HTTP request POST https://api.deepseek.com/chat/completions
[12:48:18 INF] System.Net.Http.HttpClient.DeepSeek.ClientHandler Sending HTTP request POST https://api.deepseek.com/chat/completions
[12:48:18 INF] System.Net.Http.HttpClient.DeepSeek.LogicalHandler Start processing HTTP request POST https://api.deepseek.com/chat/completions
[12:48:18 INF] System.Net.Http.HttpClient.DeepSeek.ClientHandler Sending HTTP request POST https://api.deepseek.com/chat/completions
[12:48:18 INF] System.Net.Http.HttpClient.DeepSeek.LogicalHandler Start processing HTTP request POST https://api.deepseek.com/chat/completions
[12:48:18 INF] System.Net.Http.HttpClient.DeepSeek.ClientHandler Sending HTTP request POST https://api.deepseek.com/chat/completions
[12:48:18 INF] System.Net.Http.HttpClient.DeepSeek.LogicalHandler Start processing HTTP request POST https://api.deepseek.com/chat/completions
[12:48:18 INF] System.Net.Http.HttpClient.DeepSeek.ClientHandler Sending HTTP request POST https://api.deepseek.com/chat/completions
[12:48:18 INF] System.Net.Http.HttpClient.DeepSeek.LogicalHandler Start processing HTTP request POST https://api.deepseek.com/chat/completions
[12:48:18 INF] System.Net.Http.HttpClient.DeepSeek.ClientHandler Sending HTTP request POST https://api.deepseek.com/chat/completions
[12:48:18 INF] System.Net.Http.HttpClient.DeepSeek.ClientHandler Received HTTP response headers after 277.2372ms - 200
[12:48:18 INF] System.Net.Http.HttpClient.DeepSeek.LogicalHandler End processing HTTP request after 277.6719ms - 200
[12:48:18 INF] System.Net.Http.HttpClient.DeepSeek.ClientHandler Received HTTP response headers after 280.9197ms - 200
[12:48:18 INF] System.Net.Http.HttpClient.DeepSeek.LogicalHandler End processing HTTP request after 281.2607ms - 200
[12:48:18 INF] System.Net.Http.HttpClient.DeepSeek.ClientHandler Received HTTP response headers after 279.6625ms - 200
[12:48:18 INF] System.Net.Http.HttpClient.DeepSeek.LogicalHandler End processing HTTP request after 280.1779ms - 200
[12:48:18 INF] System.Net.Http.HttpClient.DeepSeek.LogicalHandler Start processing HTTP request POST https://api.deepseek.com/chat/completions
[12:48:18 INF] System.Net.Http.HttpClient.DeepSeek.ClientHandler Sending HTTP request POST https://api.deepseek.com/chat/completions
[12:48:19 INF] System.Net.Http.HttpClient.DeepSeek.ClientHandler Received HTTP response headers after 276.1251ms - 200
[12:48:19 INF] System.Net.Http.HttpClient.DeepSeek.LogicalHandler End processing HTTP request after 276.4608ms - 200
[12:48:19 INF] System.Net.Http.HttpClient.DeepSeek.LogicalHandler Start processing HTTP request POST https://api.deepseek.com/chat/completions
[12:48:19 INF] System.Net.Http.HttpClient.DeepSeek.ClientHandler Sending HTTP request POST https://api.deepseek.com/chat/completions
[12:48:19 INF] System.Net.Http.HttpClient.DeepSeek.ClientHandler Received HTTP response headers after 280.755ms - 200
[12:48:19 INF] System.Net.Http.HttpClient.DeepSeek.LogicalHandler End processing HTTP request after 281.0182ms - 200
[12:48:19 INF] System.Net.Http.HttpClient.DeepSeek.LogicalHandler Start processing HTTP request POST https://api.deepseek.com/chat/completions
[12:48:19 INF] System.Net.Http.HttpClient.DeepSeek.ClientHandler Sending HTTP request POST https://api.deepseek.com/chat/completions
[12:48:19 INF] System.Net.Http.HttpClient.DeepSeek.ClientHandler Received HTTP response headers after 303.3525ms - 200
[12:48:19 INF] System.Net.Http.HttpClient.DeepSeek.LogicalHandler End processing HTTP request after 303.7314ms - 200
[12:48:19 INF] System.Net.Http.HttpClient.DeepSeek.ClientHandler Received HTTP response headers after 305.7469ms - 200
[12:48:19 INF] System.Net.Http.HttpClient.DeepSeek.LogicalHandler End processing HTTP request after 306.2246ms - 200
[12:48:19 INF] System.Net.Http.HttpClient.DeepSeek.LogicalHandler Start processing HTTP request POST https://api.deepseek.com/chat/completions
[12:48:19 INF] System.Net.Http.HttpClient.DeepSeek.ClientHandler Sending HTTP request POST https://api.deepseek.com/chat/completions
[12:48:19 INF] System.Net.Http.HttpClient.DeepSeek.ClientHandler Received HTTP response headers after 292.8307ms - 200
[12:48:19 INF] System.Net.Http.HttpClient.DeepSeek.LogicalHandler End processing HTTP request after 293.2043ms - 200
[12:48:19 INF] System.Net.Http.HttpClient.DeepSeek.LogicalHandler Start processing HTTP request POST https://api.deepseek.com/chat/completions
[12:48:19 INF] System.Net.Http.HttpClient.DeepSeek.ClientHandler Sending HTTP request POST https://api.deepseek.com/chat/completions
[12:48:19 INF] System.Net.Http.HttpClient.DeepSeek.LogicalHandler Start processing HTTP request POST https://api.deepseek.com/chat/completions
[12:48:19 INF] System.Net.Http.HttpClient.DeepSeek.ClientHandler Sending HTTP request POST https://api.deepseek.com/chat/completions
[12:48:19 INF] System.Net.Http.HttpClient.DeepSeek.ClientHandler Received HTTP response headers after 288.6869ms - 200
[12:48:19 INF] System.Net.Http.HttpClient.DeepSeek.LogicalHandler End processing HTTP request after 289.0357ms - 200
[12:48:19 INF] System.Net.Http.HttpClient.DeepSeek.LogicalHandler Start processing HTTP request POST https://api.deepseek.com/chat/completions
[12:48:19 INF] System.Net.Http.HttpClient.DeepSeek.ClientHandler Sending HTTP request POST https://api.deepseek.com/chat/completions
[12:48:19 INF] System.Net.Http.HttpClient.DeepSeek.ClientHandler Received HTTP response headers after 280.618ms - 200
[12:48:19 INF] System.Net.Http.HttpClient.DeepSeek.LogicalHandler End processing HTTP request after 281.0308ms - 200
[12:48:19 INF] System.Net.Http.HttpClient.DeepSeek.ClientHandler Received HTTP response headers after 287.1772ms - 200
[12:48:19 INF] System.Net.Http.HttpClient.DeepSeek.LogicalHandler End processing HTTP request after 287.691ms - 200
[12:48:19 INF] System.Net.Http.HttpClient.DeepSeek.LogicalHandler Start processing HTTP request POST https://api.deepseek.com/chat/completions
[12:48:19 INF] System.Net.Http.HttpClient.DeepSeek.ClientHandler Sending HTTP request POST https://api.deepseek.com/chat/completions
[12:48:20 INF] System.Net.Http.HttpClient.DeepSeek.LogicalHandler Start processing HTTP request POST https://api.deepseek.com/chat/completions
[12:48:20 INF] System.Net.Http.HttpClient.DeepSeek.ClientHandler Sending HTTP request POST https://api.deepseek.com/chat/completions
[12:48:20 INF] System.Net.Http.HttpClient.DeepSeek.LogicalHandler Start processing HTTP request POST https://api.deepseek.com/chat/completions
[12:48:20 INF] System.Net.Http.HttpClient.DeepSeek.ClientHandler Sending HTTP request POST https://api.deepseek.com/chat/completions
[12:48:20 INF] System.Net.Http.HttpClient.DeepSeek.ClientHandler Received HTTP response headers after 281.0634ms - 200
[12:48:20 INF] System.Net.Http.HttpClient.DeepSeek.LogicalHandler End processing HTTP request after 281.461ms - 200
[12:48:20 INF] System.Net.Http.HttpClient.DeepSeek.LogicalHandler Start processing HTTP request POST https://api.deepseek.com/chat/completions
[12:48:20 INF] System.Net.Http.HttpClient.DeepSeek.ClientHandler Sending HTTP request POST https://api.deepseek.com/chat/completions
[12:48:20 INF] System.Net.Http.HttpClient.DeepSeek.LogicalHandler Start processing HTTP request POST https://api.deepseek.com/chat/completions
[12:48:20 INF] System.Net.Http.HttpClient.DeepSeek.ClientHandler Sending HTTP request POST https://api.deepseek.com/chat/completions
[12:48:20 INF] System.Net.Http.HttpClient.DeepSeek.ClientHandler Received HTTP response headers after 273.5214ms - 200
[12:48:20 INF] System.Net.Http.HttpClient.DeepSeek.LogicalHandler End processing HTTP request after 274.0557ms - 200
[12:48:20 INF] System.Net.Http.HttpClient.DeepSeek.ClientHandler Received HTTP response headers after 280.596ms - 200
[12:48:20 INF] System.Net.Http.HttpClient.DeepSeek.LogicalHandler End processing HTTP request after 281.4057ms - 200
[12:48:20 INF] System.Net.Http.HttpClient.DeepSeek.ClientHandler Received HTTP response headers after 361.2806ms - 200
[12:48:20 INF] System.Net.Http.HttpClient.DeepSeek.LogicalHandler End processing HTTP request after 361.8648ms - 200
[12:48:20 INF] System.Net.Http.HttpClient.DeepSeek.LogicalHandler Start processing HTTP request POST https://api.deepseek.com/chat/completions
[12:48:20 INF] System.Net.Http.HttpClient.DeepSeek.ClientHandler Sending HTTP request POST https://api.deepseek.com/chat/completions
[12:48:20 INF] System.Net.Http.HttpClient.DeepSeek.ClientHandler Received HTTP response headers after 272.1415ms - 200
[12:48:20 INF] System.Net.Http.HttpClient.DeepSeek.LogicalHandler End processing HTTP request after 272.7812ms - 200
[12:48:20 INF] System.Net.Http.HttpClient.DeepSeek.LogicalHandler Start processing HTTP request POST https://api.deepseek.com/chat/completions
[12:48:20 INF] System.Net.Http.HttpClient.DeepSeek.ClientHandler Sending HTTP request POST https://api.deepseek.com/chat/completions
[12:48:20 INF] System.Net.Http.HttpClient.DeepSeek.LogicalHandler Start processing HTTP request POST https://api.deepseek.com/chat/completions
[12:48:20 INF] System.Net.Http.HttpClient.DeepSeek.ClientHandler Sending HTTP request POST https://api.deepseek.com/chat/completions
[12:48:20 INF] System.Net.Http.HttpClient.DeepSeek.ClientHandler Received HTTP response headers after 290.177ms - 200
[12:48:20 INF] System.Net.Http.HttpClient.DeepSeek.LogicalHandler End processing HTTP request after 290.7871ms - 200
[12:48:20 INF] System.Net.Http.HttpClient.DeepSeek.ClientHandler Received HTTP response headers after 280.62ms - 200
[12:48:20 INF] System.Net.Http.HttpClient.DeepSeek.LogicalHandler End processing HTTP request after 281.0521ms - 200
[12:48:20 INF] System.Net.Http.HttpClient.DeepSeek.ClientHandler Received HTTP response headers after 281.6175ms - 200
[12:48:20 INF] System.Net.Http.HttpClient.DeepSeek.LogicalHandler End processing HTTP request after 282.0569ms - 200
[12:48:20 INF] System.Net.Http.HttpClient.DeepSeek.ClientHandler Received HTTP response headers after 289.2363ms - 200
[12:48:20 INF] System.Net.Http.HttpClient.DeepSeek.LogicalHandler End processing HTTP request after 289.71ms - 200
[12:48:20 INF] System.Net.Http.HttpClient.DeepSeek.LogicalHandler Start processing HTTP request POST https://api.deepseek.com/chat/completions
[12:48:20 INF] System.Net.Http.HttpClient.DeepSeek.ClientHandler Sending HTTP request POST https://api.deepseek.com/chat/completions
[12:48:21 INF] System.Net.Http.HttpClient.DeepSeek.LogicalHandler Start processing HTTP request POST https://api.deepseek.com/chat/completions
[12:48:21 INF] System.Net.Http.HttpClient.DeepSeek.ClientHandler Sending HTTP request POST https://api.deepseek.com/chat/completions
[12:48:21 INF] System.Net.Http.HttpClient.DeepSeek.ClientHandler Received HTTP response headers after 297.7335ms - 200
[12:48:21 INF] System.Net.Http.HttpClient.DeepSeek.LogicalHandler End processing HTTP request after 298.2435ms - 200
[12:48:21 INF] System.Net.Http.HttpClient.DeepSeek.LogicalHandler Start processing HTTP request POST https://api.deepseek.com/chat/completions
[12:48:21 INF] System.Net.Http.HttpClient.DeepSeek.ClientHandler Sending HTTP request POST https://api.deepseek.com/chat/completions
[12:48:21 INF] System.Net.Http.HttpClient.DeepSeek.ClientHandler Received HTTP response headers after 283.3826ms - 200
[12:48:21 INF] System.Net.Http.HttpClient.DeepSeek.LogicalHandler End processing HTTP request after 284.4788ms - 200
[12:48:21 INF] System.Net.Http.HttpClient.DeepSeek.LogicalHandler Start processing HTTP request POST https://api.deepseek.com/chat/completions
[12:48:21 INF] System.Net.Http.HttpClient.DeepSeek.ClientHandler Sending HTTP request POST https://api.deepseek.com/chat/completions
[12:48:21 INF] System.Net.Http.HttpClient.DeepSeek.LogicalHandler Start processing HTTP request POST https://api.deepseek.com/chat/completions
[12:48:21 INF] System.Net.Http.HttpClient.DeepSeek.ClientHandler Sending HTTP request POST https://api.deepseek.com/chat/completions
[12:48:21 INF] System.Net.Http.HttpClient.DeepSeek.ClientHandler Received HTTP response headers after 282.1001ms - 200
[12:48:21 INF] System.Net.Http.HttpClient.DeepSeek.LogicalHandler End processing HTTP request after 282.915ms - 200
[12:48:21 INF] System.Net.Http.HttpClient.DeepSeek.LogicalHandler Start processing HTTP request POST https://api.deepseek.com/chat/completions
[12:48:21 INF] System.Net.Http.HttpClient.DeepSeek.ClientHandler Sending HTTP request POST https://api.deepseek.com/chat/completions
[12:48:21 INF] System.Net.Http.HttpClient.DeepSeek.LogicalHandler Start processing HTTP request POST https://api.deepseek.com/chat/completions
[12:48:21 INF] System.Net.Http.HttpClient.DeepSeek.ClientHandler Sending HTTP request POST https://api.deepseek.com/chat/completions
[12:48:21 INF] System.Net.Http.HttpClient.DeepSeek.ClientHandler Received HTTP response headers after 293.549ms - 200
[12:48:21 INF] System.Net.Http.HttpClient.DeepSeek.LogicalHandler End processing HTTP request after 294.1685ms - 200
[12:48:21 INF] System.Net.Http.HttpClient.DeepSeek.ClientHandler Received HTTP response headers after 290.5956ms - 200
[12:48:21 INF] System.Net.Http.HttpClient.DeepSeek.LogicalHandler End processing HTTP request after 290.9968ms - 200
[12:48:21 INF] System.Net.Http.HttpClient.DeepSeek.ClientHandler Received HTTP response headers after 296.6852ms - 200
[12:48:21 INF] System.Net.Http.HttpClient.DeepSeek.LogicalHandler End processing HTTP request after 297.3138ms - 200
[12:48:21 INF] System.Net.Http.HttpClient.DeepSeek.ClientHandler Received HTTP response headers after 284.0725ms - 200
[12:48:21 INF] System.Net.Http.HttpClient.DeepSeek.LogicalHandler End processing HTTP request after 284.591ms - 200
[12:48:21 INF] System.Net.Http.HttpClient.DeepSeek.LogicalHandler Start processing HTTP request POST https://api.deepseek.com/chat/completions
[12:48:21 INF] System.Net.Http.HttpClient.DeepSeek.ClientHandler Sending HTTP request POST https://api.deepseek.com/chat/completions
[12:48:22 INF] System.Net.Http.HttpClient.DeepSeek.LogicalHandler Start processing HTTP request POST https://api.deepseek.com/chat/completions
[12:48:22 INF] System.Net.Http.HttpClient.DeepSeek.ClientHandler Sending HTTP request POST https://api.deepseek.com/chat/completions
[12:48:22 INF] System.Net.Http.HttpClient.DeepSeek.LogicalHandler Start processing HTTP request POST https://api.deepseek.com/chat/completions
[12:48:22 INF] System.Net.Http.HttpClient.DeepSeek.ClientHandler Sending HTTP request POST https://api.deepseek.com/chat/completions
[12:48:22 INF] System.Net.Http.HttpClient.DeepSeek.LogicalHandler Start processing HTTP request POST https://api.deepseek.com/chat/completions
[12:48:22 INF] System.Net.Http.HttpClient.DeepSeek.ClientHandler Sending HTTP request POST https://api.deepseek.com/chat/completions
[12:48:22 INF] System.Net.Http.HttpClient.DeepSeek.LogicalHandler Start processing HTTP request POST https://api.deepseek.com/chat/completions
[12:48:22 INF] System.Net.Http.HttpClient.DeepSeek.ClientHandler Sending HTTP request POST https://api.deepseek.com/chat/completions
[12:48:22 INF] System.Net.Http.HttpClient.DeepSeek.ClientHandler Received HTTP response headers after 298.8547ms - 200
[12:48:22 INF] System.Net.Http.HttpClient.DeepSeek.LogicalHandler End processing HTTP request after 299.1727ms - 200
[12:48:22 INF] System.Net.Http.HttpClient.DeepSeek.ClientHandler Received HTTP response headers after 285.5627ms - 200
[12:48:22 INF] System.Net.Http.HttpClient.DeepSeek.LogicalHandler End processing HTTP request after 286.378ms - 200
[12:48:22 INF] System.Net.Http.HttpClient.DeepSeek.ClientHandler Received HTTP response headers after 292.9964ms - 200
[12:48:22 INF] System.Net.Http.HttpClient.DeepSeek.LogicalHandler End processing HTTP request after 293.6776ms - 200
[12:48:22 INF] System.Net.Http.HttpClient.DeepSeek.ClientHandler Received HTTP response headers after 285.8609ms - 200
[12:48:22 INF] System.Net.Http.HttpClient.DeepSeek.LogicalHandler End processing HTTP request after 286.6097ms - 200
[12:48:22 INF] System.Net.Http.HttpClient.DeepSeek.ClientHandler Received HTTP response headers after 286.0282ms - 200
[12:48:22 INF] System.Net.Http.HttpClient.DeepSeek.LogicalHandler End processing HTTP request after 286.541ms - 200
[12:48:22 INF] System.Net.Http.HttpClient.DeepSeek.LogicalHandler Start processing HTTP request POST https://api.deepseek.com/chat/completions
[12:48:22 INF] System.Net.Http.HttpClient.DeepSeek.ClientHandler Sending HTTP request POST https://api.deepseek.com/chat/completions
[12:48:22 INF] System.Net.Http.HttpClient.DeepSeek.LogicalHandler Start processing HTTP request POST https://api.deepseek.com/chat/completions
[12:48:22 INF] System.Net.Http.HttpClient.DeepSeek.ClientHandler Sending HTTP request POST https://api.deepseek.com/chat/completions
[12:48:22 INF] System.Net.Http.HttpClient.DeepSeek.LogicalHandler Start processing HTTP request POST https://api.deepseek.com/chat/completions
[12:48:22 INF] System.Net.Http.HttpClient.DeepSeek.ClientHandler Sending HTTP request POST https://api.deepseek.com/chat/completions
[12:48:22 INF] System.Net.Http.HttpClient.DeepSeek.LogicalHandler Start processing HTTP request POST https://api.deepseek.com/chat/completions
[12:48:22 INF] System.Net.Http.HttpClient.DeepSeek.ClientHandler Sending HTTP request POST https://api.deepseek.com/chat/completions
[12:48:22 INF] System.Net.Http.HttpClient.DeepSeek.ClientHandler Received HTTP response headers after 272.6235ms - 200
[12:48:22 INF] System.Net.Http.HttpClient.DeepSeek.LogicalHandler End processing HTTP request after 273.1212ms - 200
[12:48:23 INF] System.Net.Http.HttpClient.DeepSeek.LogicalHandler Start processing HTTP request POST https://api.deepseek.com/chat/completions
[12:48:23 INF] System.Net.Http.HttpClient.DeepSeek.ClientHandler Sending HTTP request POST https://api.deepseek.com/chat/completions
[12:48:23 INF] System.Net.Http.HttpClient.DeepSeek.ClientHandler Received HTTP response headers after 303.4019ms - 200
[12:48:23 INF] System.Net.Http.HttpClient.DeepSeek.LogicalHandler End processing HTTP request after 304.4908ms - 200
[12:48:23 INF] System.Net.Http.HttpClient.DeepSeek.LogicalHandler Start processing HTTP request POST https://api.deepseek.com/chat/completions
[12:48:23 INF] System.Net.Http.HttpClient.DeepSeek.ClientHandler Sending HTTP request POST https://api.deepseek.com/chat/completions
[12:48:23 INF] System.Net.Http.HttpClient.DeepSeek.LogicalHandler Start processing HTTP request POST https://api.deepseek.com/chat/completions
[12:48:23 INF] System.Net.Http.HttpClient.DeepSeek.ClientHandler Sending HTTP request POST https://api.deepseek.com/chat/completions
[12:48:23 INF] System.Net.Http.HttpClient.DeepSeek.ClientHandler Received HTTP response headers after 288.0397ms - 200
[12:48:23 INF] System.Net.Http.HttpClient.DeepSeek.LogicalHandler End processing HTTP request after 288.255ms - 200
[12:48:23 INF] System.Net.Http.HttpClient.DeepSeek.ClientHandler Received HTTP response headers after 296.9312ms - 200
[12:48:23 INF] System.Net.Http.HttpClient.DeepSeek.LogicalHandler End processing HTTP request after 297.157ms - 200
[12:48:23 INF] System.Net.Http.HttpClient.DeepSeek.LogicalHandler Start processing HTTP request POST https://api.deepseek.com/chat/completions
[12:48:23 INF] System.Net.Http.HttpClient.DeepSeek.ClientHandler Sending HTTP request POST https://api.deepseek.com/chat/completions
[12:48:23 INF] System.Net.Http.HttpClient.DeepSeek.LogicalHandler Start processing HTTP request POST https://api.deepseek.com/chat/completions
[12:48:23 INF] System.Net.Http.HttpClient.DeepSeek.ClientHandler Sending HTTP request POST https://api.deepseek.com/chat/completions
[12:48:23 INF] System.Net.Http.HttpClient.DeepSeek.ClientHandler Received HTTP response headers after 299.1202ms - 200
[12:48:23 INF] System.Net.Http.HttpClient.DeepSeek.LogicalHandler End processing HTTP request after 299.4289ms - 200
[12:48:23 INF] System.Net.Http.HttpClient.DeepSeek.ClientHandler Received HTTP response headers after 298.6255ms - 200
[12:48:23 INF] System.Net.Http.HttpClient.DeepSeek.LogicalHandler End processing HTTP request after 299.1638ms - 200
[12:48:23 INF] System.Net.Http.HttpClient.DeepSeek.LogicalHandler Start processing HTTP request POST https://api.deepseek.com/chat/completions
[12:48:23 INF] System.Net.Http.HttpClient.DeepSeek.ClientHandler Sending HTTP request POST https://api.deepseek.com/chat/completions
[12:48:23 INF] System.Net.Http.HttpClient.DeepSeek.ClientHandler Received HTTP response headers after 291.0192ms - 200
[12:48:23 INF] System.Net.Http.HttpClient.DeepSeek.LogicalHandler End processing HTTP request after 291.4735ms - 200
[12:48:23 INF] System.Net.Http.HttpClient.DeepSeek.LogicalHandler Start processing HTTP request POST https://api.deepseek.com/chat/completions
[12:48:23 INF] System.Net.Http.HttpClient.DeepSeek.ClientHandler Sending HTTP request POST https://api.deepseek.com/chat/completions
[12:48:23 INF] System.Net.Http.HttpClient.DeepSeek.ClientHandler Received HTTP response headers after 364.6631ms - 200
[12:48:23 INF] System.Net.Http.HttpClient.DeepSeek.LogicalHandler End processing HTTP request after 365.3981ms - 200
[12:48:23 INF] System.Net.Http.HttpClient.DeepSeek.LogicalHandler Start processing HTTP request POST https://api.deepseek.com/chat/completions
[12:48:23 INF] System.Net.Http.HttpClient.DeepSeek.ClientHandler Sending HTTP request POST https://api.deepseek.com/chat/completions
[12:48:23 INF] System.Net.Http.HttpClient.DeepSeek.ClientHandler Received HTTP response headers after 369.3846ms - 200
[12:48:23 INF] System.Net.Http.HttpClient.DeepSeek.LogicalHandler End processing HTTP request after 369.9308ms - 200
[12:48:23 INF] System.Net.Http.HttpClient.DeepSeek.LogicalHandler Start processing HTTP request POST https://api.deepseek.com/chat/completions
[12:48:23 INF] System.Net.Http.HttpClient.DeepSeek.ClientHandler Sending HTTP request POST https://api.deepseek.com/chat/completions
[12:48:23 INF] System.Net.Http.HttpClient.DeepSeek.LogicalHandler Start processing HTTP request POST https://api.deepseek.com/chat/completions
[12:48:23 INF] System.Net.Http.HttpClient.DeepSeek.ClientHandler Sending HTTP request POST https://api.deepseek.com/chat/completions
[12:48:23 INF] System.Net.Http.HttpClient.DeepSeek.ClientHandler Received HTTP response headers after 280.3024ms - 200
[12:48:23 INF] System.Net.Http.HttpClient.DeepSeek.LogicalHandler End processing HTTP request after 280.967ms - 200
[12:48:23 INF] System.Net.Http.HttpClient.DeepSeek.ClientHandler Received HTTP response headers after 284.4499ms - 200
[12:48:23 INF] System.Net.Http.HttpClient.DeepSeek.LogicalHandler End processing HTTP request after 285.182ms - 200
[12:48:23 INF] System.Net.Http.HttpClient.DeepSeek.ClientHandler Received HTTP response headers after 290.4378ms - 200
[12:48:23 INF] System.Net.Http.HttpClient.DeepSeek.LogicalHandler End processing HTTP request after 290.9527ms - 200
[12:48:23 INF] System.Net.Http.HttpClient.DeepSeek.LogicalHandler Start processing HTTP request POST https://api.deepseek.com/chat/completions
[12:48:23 INF] System.Net.Http.HttpClient.DeepSeek.ClientHandler Sending HTTP request POST https://api.deepseek.com/chat/completions
[12:48:23 INF] System.Net.Http.HttpClient.DeepSeek.LogicalHandler Start processing HTTP request POST https://api.deepseek.com/chat/completions
[12:48:23 INF] System.Net.Http.HttpClient.DeepSeek.ClientHandler Sending HTTP request POST https://api.deepseek.com/chat/completions
[12:48:23 INF] System.Net.Http.HttpClient.DeepSeek.ClientHandler Received HTTP response headers after 281.8102ms - 200
[12:48:23 INF] System.Net.Http.HttpClient.DeepSeek.LogicalHandler End processing HTTP request after 282.2747ms - 200
[12:48:23 INF] System.Net.Http.HttpClient.DeepSeek.ClientHandler Received HTTP response headers after 288.0004ms - 200
[12:48:23 INF] System.Net.Http.HttpClient.DeepSeek.LogicalHandler End processing HTTP request after 288.4474ms - 200
[12:48:24 INF] System.Net.Http.HttpClient.DeepSeek.ClientHandler Received HTTP response headers after 283.8812ms - 200
[12:48:24 INF] System.Net.Http.HttpClient.DeepSeek.LogicalHandler End processing HTTP request after 284.1961ms - 200
[12:48:24 INF] System.Net.Http.HttpClient.DeepSeek.LogicalHandler Start processing HTTP request POST https://api.deepseek.com/chat/completions
[12:48:24 INF] System.Net.Http.HttpClient.DeepSeek.ClientHandler Sending HTTP request POST https://api.deepseek.com/chat/completions
[12:48:24 INF] System.Net.Http.HttpClient.DeepSeek.ClientHandler Received HTTP response headers after 285.7962ms - 200
[12:48:24 INF] System.Net.Http.HttpClient.DeepSeek.LogicalHandler End processing HTTP request after 286.0342ms - 200
[12:48:24 INF] System.Net.Http.HttpClient.DeepSeek.LogicalHandler Start processing HTTP request POST https://api.deepseek.com/chat/completions
[12:48:24 INF] System.Net.Http.HttpClient.DeepSeek.ClientHandler Sending HTTP request POST https://api.deepseek.com/chat/completions
[12:48:24 INF] System.Net.Http.HttpClient.DeepSeek.LogicalHandler Start processing HTTP request POST https://api.deepseek.com/chat/completions
[12:48:24 INF] System.Net.Http.HttpClient.DeepSeek.ClientHandler Sending HTTP request POST https://api.deepseek.com/chat/completions
[12:48:24 INF] System.Net.Http.HttpClient.DeepSeek.ClientHandler Received HTTP response headers after 285.0184ms - 200
[12:48:24 INF] System.Net.Http.HttpClient.DeepSeek.LogicalHandler End processing HTTP request after 285.5628ms - 200
[12:48:24 INF] System.Net.Http.HttpClient.DeepSeek.LogicalHandler Start processing HTTP request POST https://api.deepseek.com/chat/completions
[12:48:24 INF] System.Net.Http.HttpClient.DeepSeek.ClientHandler Sending HTTP request POST https://api.deepseek.com/chat/completions
[12:48:24 INF] System.Net.Http.HttpClient.DeepSeek.ClientHandler Received HTTP response headers after 296.9206ms - 200
[12:48:24 INF] System.Net.Http.HttpClient.DeepSeek.LogicalHandler End processing HTTP request after 297.5827ms - 200
[12:48:24 INF] System.Net.Http.HttpClient.DeepSeek.ClientHandler Received HTTP response headers after 286.3103ms - 200
[12:48:24 INF] System.Net.Http.HttpClient.DeepSeek.LogicalHandler End processing HTTP request after 286.7343ms - 200
[12:48:24 INF] System.Net.Http.HttpClient.DeepSeek.ClientHandler Received HTTP response headers after 295.0375ms - 200
[12:48:24 INF] System.Net.Http.HttpClient.DeepSeek.LogicalHandler End processing HTTP request after 295.6265ms - 200
[12:48:24 INF] System.Net.Http.HttpClient.DeepSeek.LogicalHandler Start processing HTTP request POST https://api.deepseek.com/chat/completions
[12:48:24 INF] System.Net.Http.HttpClient.DeepSeek.ClientHandler Sending HTTP request POST https://api.deepseek.com/chat/completions
[12:48:24 INF] System.Net.Http.HttpClient.DeepSeek.LogicalHandler Start processing HTTP request POST https://api.deepseek.com/chat/completions
[12:48:24 INF] System.Net.Http.HttpClient.DeepSeek.ClientHandler Sending HTTP request POST https://api.deepseek.com/chat/completions
[12:48:24 INF] System.Net.Http.HttpClient.DeepSeek.LogicalHandler Start processing HTTP request POST https://api.deepseek.com/chat/completions
[12:48:24 INF] System.Net.Http.HttpClient.DeepSeek.ClientHandler Sending HTTP request POST https://api.deepseek.com/chat/completions
[12:48:24 INF] System.Net.Http.HttpClient.DeepSeek.LogicalHandler Start processing HTTP request POST https://api.deepseek.com/chat/completions
[12:48:24 INF] System.Net.Http.HttpClient.DeepSeek.ClientHandler Sending HTTP request POST https://api.deepseek.com/chat/completions
[12:48:24 INF] System.Net.Http.HttpClient.DeepSeek.LogicalHandler Start processing HTTP request POST https://api.deepseek.com/chat/completions
[12:48:24 INF] System.Net.Http.HttpClient.DeepSeek.ClientHandler Sending HTTP request POST https://api.deepseek.com/chat/completions
[12:48:24 INF] System.Net.Http.HttpClient.DeepSeek.LogicalHandler Start processing HTTP request POST https://api.deepseek.com/chat/completions
[12:48:24 INF] System.Net.Http.HttpClient.DeepSeek.ClientHandler Sending HTTP request POST https://api.deepseek.com/chat/completions
[12:48:25 INF] System.Net.Http.HttpClient.DeepSeek.ClientHandler Received HTTP response headers after 295.6301ms - 200
[12:48:25 INF] System.Net.Http.HttpClient.DeepSeek.LogicalHandler End processing HTTP request after 296.294ms - 200
[12:48:25 INF] System.Net.Http.HttpClient.DeepSeek.ClientHandler Received HTTP response headers after 289.7171ms - 200
[12:48:25 INF] System.Net.Http.HttpClient.DeepSeek.LogicalHandler End processing HTTP request after 290.134ms - 200
[12:48:25 INF] System.Net.Http.HttpClient.DeepSeek.ClientHandler Received HTTP response headers after 287.511ms - 200
[12:48:25 INF] System.Net.Http.HttpClient.DeepSeek.LogicalHandler End processing HTTP request after 287.8045ms - 200
[12:48:25 INF] System.Net.Http.HttpClient.DeepSeek.LogicalHandler Start processing HTTP request POST https://api.deepseek.com/chat/completions
[12:48:25 INF] System.Net.Http.HttpClient.DeepSeek.ClientHandler Sending HTTP request POST https://api.deepseek.com/chat/completions
[12:48:25 INF] System.Net.Http.HttpClient.DeepSeek.ClientHandler Received HTTP response headers after 280.971ms - 200
[12:48:25 INF] System.Net.Http.HttpClient.DeepSeek.LogicalHandler End processing HTTP request after 281.2735ms - 200
[12:48:25 INF] System.Net.Http.HttpClient.DeepSeek.ClientHandler Received HTTP response headers after 283.4979ms - 200
[12:48:25 INF] System.Net.Http.HttpClient.DeepSeek.LogicalHandler End processing HTTP request after 283.8598ms - 200
[12:48:25 INF] System.Net.Http.HttpClient.DeepSeek.ClientHandler Received HTTP response headers after 291.4689ms - 200
[12:48:25 INF] System.Net.Http.HttpClient.DeepSeek.LogicalHandler End processing HTTP request after 291.836ms - 200
[12:48:25 INF] System.Net.Http.HttpClient.DeepSeek.LogicalHandler Start processing HTTP request POST https://api.deepseek.com/chat/completions
[12:48:25 INF] System.Net.Http.HttpClient.DeepSeek.ClientHandler Sending HTTP request POST https://api.deepseek.com/chat/completions
[12:48:25 INF] System.Net.Http.HttpClient.DeepSeek.ClientHandler Received HTTP response headers after 292.8426ms - 200
[12:48:25 INF] System.Net.Http.HttpClient.DeepSeek.LogicalHandler End processing HTTP request after 293.3363ms - 200
[12:48:25 INF] System.Net.Http.HttpClient.DeepSeek.ClientHandler Received HTTP response headers after 290.0411ms - 200
[12:48:25 INF] System.Net.Http.HttpClient.DeepSeek.LogicalHandler End processing HTTP request after 290.5509ms - 200
[12:48:25 INF] System.Net.Http.HttpClient.DeepSeek.LogicalHandler Start processing HTTP request POST https://api.deepseek.com/chat/completions
[12:48:25 INF] System.Net.Http.HttpClient.DeepSeek.ClientHandler Sending HTTP request POST https://api.deepseek.com/chat/completions
[12:48:25 INF] System.Net.Http.HttpClient.DeepSeek.LogicalHandler Start processing HTTP request POST https://api.deepseek.com/chat/completions
[12:48:25 INF] System.Net.Http.HttpClient.DeepSeek.ClientHandler Sending HTTP request POST https://api.deepseek.com/chat/completions
[12:48:25 INF] System.Net.Http.HttpClient.DeepSeek.LogicalHandler Start processing HTTP request POST https://api.deepseek.com/chat/completions
[12:48:25 INF] System.Net.Http.HttpClient.DeepSeek.ClientHandler Sending HTTP request POST https://api.deepseek.com/chat/completions
[12:48:25 INF] System.Net.Http.HttpClient.DeepSeek.LogicalHandler Start processing HTTP request POST https://api.deepseek.com/chat/completions
[12:48:25 INF] System.Net.Http.HttpClient.DeepSeek.ClientHandler Sending HTTP request POST https://api.deepseek.com/chat/completions
[12:48:25 INF] System.Net.Http.HttpClient.DeepSeek.LogicalHandler Start processing HTTP request POST https://api.deepseek.com/chat/completions
[12:48:25 INF] System.Net.Http.HttpClient.DeepSeek.ClientHandler Sending HTTP request POST https://api.deepseek.com/chat/completions
[12:48:25 INF] System.Net.Http.HttpClient.DeepSeek.LogicalHandler Start processing HTTP request POST https://api.deepseek.com/chat/completions
[12:48:25 INF] System.Net.Http.HttpClient.DeepSeek.ClientHandler Sending HTTP request POST https://api.deepseek.com/chat/completions
[12:48:25 INF] System.Net.Http.HttpClient.DeepSeek.LogicalHandler Start processing HTTP request POST https://api.deepseek.com/chat/completions
[12:48:25 INF] System.Net.Http.HttpClient.DeepSeek.ClientHandler Sending HTTP request POST https://api.deepseek.com/chat/completions
[12:48:25 INF] System.Net.Http.HttpClient.DeepSeek.ClientHandler Received HTTP response headers after 298.8605ms - 200
[12:48:25 INF] System.Net.Http.HttpClient.DeepSeek.LogicalHandler End processing HTTP request after 299.4246ms - 200
[12:48:25 INF] System.Net.Http.HttpClient.DeepSeek.ClientHandler Received HTTP response headers after 289.6286ms - 200
[12:48:25 INF] System.Net.Http.HttpClient.DeepSeek.LogicalHandler End processing HTTP request after 290.2304ms - 200
[12:48:25 INF] System.Net.Http.HttpClient.DeepSeek.LogicalHandler Start processing HTTP request POST https://api.deepseek.com/chat/completions
[12:48:25 INF] System.Net.Http.HttpClient.DeepSeek.ClientHandler Sending HTTP request POST https://api.deepseek.com/chat/completions
[12:48:26 INF] System.Net.Http.HttpClient.DeepSeek.ClientHandler Received HTTP response headers after 286.6358ms - 200
[12:48:26 INF] System.Net.Http.HttpClient.DeepSeek.LogicalHandler End processing HTTP request after 287.0377ms - 200
[12:48:26 INF] System.Net.Http.HttpClient.DeepSeek.ClientHandler Received HTTP response headers after 281.0402ms - 200
[12:48:26 INF] System.Net.Http.HttpClient.DeepSeek.LogicalHandler End processing HTTP request after 281.3984ms - 200
[12:48:26 INF] System.Net.Http.HttpClient.DeepSeek.ClientHandler Received HTTP response headers after 284.9549ms - 200
[12:48:26 INF] System.Net.Http.HttpClient.DeepSeek.LogicalHandler End processing HTTP request after 285.3605ms - 200
[12:48:26 INF] System.Net.Http.HttpClient.DeepSeek.ClientHandler Received HTTP response headers after 280.1707ms - 200
[12:48:26 INF] System.Net.Http.HttpClient.DeepSeek.LogicalHandler End processing HTTP request after 280.5324ms - 200
[12:48:26 INF] System.Net.Http.HttpClient.DeepSeek.ClientHandler Received HTTP response headers after 302.8087ms - 200
[12:48:26 INF] System.Net.Http.HttpClient.DeepSeek.LogicalHandler End processing HTTP request after 303.1595ms - 200
[12:48:26 INF] System.Net.Http.HttpClient.DeepSeek.ClientHandler Received HTTP response headers after 281.6493ms - 200
[12:48:26 INF] System.Net.Http.HttpClient.DeepSeek.LogicalHandler End processing HTTP request after 282.0746ms - 200
[12:48:26 INF] System.Net.Http.HttpClient.DeepSeek.LogicalHandler Start processing HTTP request POST https://api.deepseek.com/chat/completions
[12:48:26 INF] System.Net.Http.HttpClient.DeepSeek.ClientHandler Sending HTTP request POST https://api.deepseek.com/chat/completions
[12:48:26 INF] System.Net.Http.HttpClient.DeepSeek.LogicalHandler Start processing HTTP request POST https://api.deepseek.com/chat/completions
[12:48:26 INF] System.Net.Http.HttpClient.DeepSeek.ClientHandler Sending HTTP request POST https://api.deepseek.com/chat/completions
[12:48:26 INF] System.Net.Http.HttpClient.DeepSeek.LogicalHandler Start processing HTTP request POST https://api.deepseek.com/chat/completions
[12:48:26 INF] System.Net.Http.HttpClient.DeepSeek.ClientHandler Sending HTTP request POST https://api.deepseek.com/chat/completions
[12:48:26 INF] System.Net.Http.HttpClient.DeepSeek.ClientHandler Received HTTP response headers after 270.2653ms - 200
[12:48:26 INF] System.Net.Http.HttpClient.DeepSeek.LogicalHandler End processing HTTP request after 270.8221ms - 200
[12:48:26 INF] System.Net.Http.HttpClient.DeepSeek.ClientHandler Received HTTP response headers after 357.1387ms - 200
[12:48:26 INF] System.Net.Http.HttpClient.DeepSeek.LogicalHandler End processing HTTP request after 357.7223ms - 200
[12:48:26 INF] System.Net.Http.HttpClient.DeepSeek.ClientHandler Received HTTP response headers after 287.3751ms - 200
[12:48:26 INF] System.Net.Http.HttpClient.DeepSeek.LogicalHandler End processing HTTP request after 287.7835ms - 200
[12:48:26 INF] System.Net.Http.HttpClient.DeepSeek.LogicalHandler Start processing HTTP request POST https://api.deepseek.com/chat/completions
[12:48:26 INF] System.Net.Http.HttpClient.DeepSeek.ClientHandler Sending HTTP request POST https://api.deepseek.com/chat/completions
[12:48:26 INF] System.Net.Http.HttpClient.DeepSeek.LogicalHandler Start processing HTTP request POST https://api.deepseek.com/chat/completions
[12:48:26 INF] System.Net.Http.HttpClient.DeepSeek.ClientHandler Sending HTTP request POST https://api.deepseek.com/chat/completions
[12:48:26 INF] System.Net.Http.HttpClient.DeepSeek.LogicalHandler Start processing HTTP request POST https://api.deepseek.com/chat/completions
[12:48:26 INF] System.Net.Http.HttpClient.DeepSeek.ClientHandler Sending HTTP request POST https://api.deepseek.com/chat/completions
[12:48:27 INF] System.Net.Http.HttpClient.DeepSeek.LogicalHandler Start processing HTTP request POST https://api.deepseek.com/chat/completions
[12:48:27 INF] System.Net.Http.HttpClient.DeepSeek.ClientHandler Sending HTTP request POST https://api.deepseek.com/chat/completions
[12:48:27 INF] System.Net.Http.HttpClient.DeepSeek.ClientHandler Received HTTP response headers after 289.7328ms - 200
[12:48:27 INF] System.Net.Http.HttpClient.DeepSeek.LogicalHandler End processing HTTP request after 290.219ms - 200
[12:48:27 INF] System.Net.Http.HttpClient.DeepSeek.ClientHandler Received HTTP response headers after 278.4027ms - 200
[12:48:27 INF] System.Net.Http.HttpClient.DeepSeek.LogicalHandler End processing HTTP request after 278.843ms - 200
[12:48:27 INF] System.Net.Http.HttpClient.DeepSeek.ClientHandler Received HTTP response headers after 279.5443ms - 200
[12:48:27 INF] System.Net.Http.HttpClient.DeepSeek.LogicalHandler End processing HTTP request after 280.0097ms - 200
[12:48:27 INF] System.Net.Http.HttpClient.DeepSeek.ClientHandler Received HTTP response headers after 289.8755ms - 200
[12:48:27 INF] System.Net.Http.HttpClient.DeepSeek.LogicalHandler End processing HTTP request after 290.2852ms - 200
[12:48:27 INF] System.Net.Http.HttpClient.DeepSeek.LogicalHandler Start processing HTTP request POST https://api.deepseek.com/chat/completions
[12:48:27 INF] System.Net.Http.HttpClient.DeepSeek.ClientHandler Sending HTTP request POST https://api.deepseek.com/chat/completions
[12:48:27 INF] System.Net.Http.HttpClient.DeepSeek.LogicalHandler Start processing HTTP request POST https://api.deepseek.com/chat/completions
[12:48:27 INF] System.Net.Http.HttpClient.DeepSeek.ClientHandler Sending HTTP request POST https://api.deepseek.com/chat/completions
[12:48:27 INF] System.Net.Http.HttpClient.DeepSeek.ClientHandler Received HTTP response headers after 292.3265ms - 200
[12:48:27 INF] System.Net.Http.HttpClient.DeepSeek.LogicalHandler End processing HTTP request after 293.0538ms - 200
[12:48:27 INF] System.Net.Http.HttpClient.DeepSeek.LogicalHandler Start processing HTTP request POST https://api.deepseek.com/chat/completions
[12:48:27 INF] System.Net.Http.HttpClient.DeepSeek.ClientHandler Sending HTTP request POST https://api.deepseek.com/chat/completions
[12:48:27 INF] System.Net.Http.HttpClient.DeepSeek.LogicalHandler Start processing HTTP request POST https://api.deepseek.com/chat/completions
[12:48:27 INF] System.Net.Http.HttpClient.DeepSeek.ClientHandler Sending HTTP request POST https://api.deepseek.com/chat/completions
[12:48:27 INF] System.Net.Http.HttpClient.DeepSeek.LogicalHandler Start processing HTTP request POST https://api.deepseek.com/chat/completions
[12:48:27 INF] System.Net.Http.HttpClient.DeepSeek.ClientHandler Sending HTTP request POST https://api.deepseek.com/chat/completions
[12:48:27 INF] System.Net.Http.HttpClient.DeepSeek.ClientHandler Received HTTP response headers after 292.5677ms - 200
[12:48:27 INF] System.Net.Http.HttpClient.DeepSeek.LogicalHandler End processing HTTP request after 293.1226ms - 200
[12:48:27 INF] System.Net.Http.HttpClient.DeepSeek.ClientHandler Received HTTP response headers after 290.1625ms - 200
[12:48:27 INF] System.Net.Http.HttpClient.DeepSeek.LogicalHandler End processing HTTP request after 290.7169ms - 200
[12:48:27 INF] System.Net.Http.HttpClient.DeepSeek.LogicalHandler Start processing HTTP request POST https://api.deepseek.com/chat/completions
[12:48:27 INF] System.Net.Http.HttpClient.DeepSeek.ClientHandler Sending HTTP request POST https://api.deepseek.com/chat/completions
[12:48:28 INF] System.Net.Http.HttpClient.DeepSeek.ClientHandler Received HTTP response headers after 279.0345ms - 200
[12:48:28 INF] System.Net.Http.HttpClient.DeepSeek.LogicalHandler End processing HTTP request after 279.412ms - 200
[12:48:28 INF] System.Net.Http.HttpClient.DeepSeek.ClientHandler Received HTTP response headers after 311.0727ms - 200
[12:48:28 INF] System.Net.Http.HttpClient.DeepSeek.LogicalHandler End processing HTTP request after 311.4705ms - 200
[12:48:28 INF] System.Net.Http.HttpClient.DeepSeek.LogicalHandler Start processing HTTP request POST https://api.deepseek.com/chat/completions
[12:48:28 INF] System.Net.Http.HttpClient.DeepSeek.ClientHandler Sending HTTP request POST https://api.deepseek.com/chat/completions
[12:48:28 INF] System.Net.Http.HttpClient.DeepSeek.LogicalHandler Start processing HTTP request POST https://api.deepseek.com/chat/completions
[12:48:28 INF] System.Net.Http.HttpClient.DeepSeek.ClientHandler Sending HTTP request POST https://api.deepseek.com/chat/completions
[12:48:28 INF] System.Net.Http.HttpClient.DeepSeek.ClientHandler Received HTTP response headers after 275.3137ms - 200
[12:48:28 INF] System.Net.Http.HttpClient.DeepSeek.LogicalHandler End processing HTTP request after 275.679ms - 200
[12:48:28 INF] System.Net.Http.HttpClient.DeepSeek.LogicalHandler Start processing HTTP request POST https://api.deepseek.com/chat/completions
[12:48:28 INF] System.Net.Http.HttpClient.DeepSeek.ClientHandler Sending HTTP request POST https://api.deepseek.com/chat/completions
[12:48:28 INF] System.Net.Http.HttpClient.DeepSeek.ClientHandler Received HTTP response headers after 314.3545ms - 200
[12:48:28 INF] System.Net.Http.HttpClient.DeepSeek.LogicalHandler End processing HTTP request after 314.8687ms - 200
[12:48:28 INF] System.Net.Http.HttpClient.DeepSeek.ClientHandler Received HTTP response headers after 311.5897ms - 200
[12:48:28 INF] System.Net.Http.HttpClient.DeepSeek.LogicalHandler End processing HTTP request after 319.7687ms - 200
[12:48:28 INF] System.Net.Http.HttpClient.DeepSeek.ClientHandler Received HTTP response headers after 302.4159ms - 200
[12:48:28 INF] System.Net.Http.HttpClient.DeepSeek.LogicalHandler End processing HTTP request after 303.1777ms - 200
[12:48:28 INF] System.Net.Http.HttpClient.DeepSeek.LogicalHandler Start processing HTTP request POST https://api.deepseek.com/chat/completions
[12:48:28 INF] System.Net.Http.HttpClient.DeepSeek.ClientHandler Sending HTTP request POST https://api.deepseek.com/chat/completions
[12:48:28 INF] System.Net.Http.HttpClient.DeepSeek.LogicalHandler Start processing HTTP request POST https://api.deepseek.com/chat/completions
[12:48:28 INF] System.Net.Http.HttpClient.DeepSeek.ClientHandler Sending HTTP request POST https://api.deepseek.com/chat/completions
[12:48:29 INF] System.Net.Http.HttpClient.DeepSeek.LogicalHandler Start processing HTTP request POST https://api.deepseek.com/chat/completions
[12:48:29 INF] System.Net.Http.HttpClient.DeepSeek.ClientHandler Sending HTTP request POST https://api.deepseek.com/chat/completions
[12:48:29 INF] System.Net.Http.HttpClient.DeepSeek.LogicalHandler Start processing HTTP request POST https://api.deepseek.com/chat/completions
[12:48:29 INF] System.Net.Http.HttpClient.DeepSeek.ClientHandler Sending HTTP request POST https://api.deepseek.com/chat/completions
[12:48:29 INF] System.Net.Http.HttpClient.DeepSeek.ClientHandler Received HTTP response headers after 299.7107ms - 200
[12:48:29 INF] System.Net.Http.HttpClient.DeepSeek.LogicalHandler End processing HTTP request after 300.3213ms - 200
[12:48:29 INF] System.Net.Http.HttpClient.DeepSeek.LogicalHandler Start processing HTTP request POST https://api.deepseek.com/chat/completions
[12:48:29 INF] System.Net.Http.HttpClient.DeepSeek.ClientHandler Sending HTTP request POST https://api.deepseek.com/chat/completions
[12:48:29 INF] System.Net.Http.HttpClient.DeepSeek.ClientHandler Received HTTP response headers after 285.6858ms - 200
[12:48:29 INF] System.Net.Http.HttpClient.DeepSeek.LogicalHandler End processing HTTP request after 286.0346ms - 200
[12:48:29 INF] System.Net.Http.HttpClient.DeepSeek.ClientHandler Received HTTP response headers after 288.6882ms - 200
[12:48:29 INF] System.Net.Http.HttpClient.DeepSeek.LogicalHandler End processing HTTP request after 289.0215ms - 200
[12:48:29 INF] System.Net.Http.HttpClient.DeepSeek.ClientHandler Received HTTP response headers after 286.4313ms - 200
[12:48:29 INF] System.Net.Http.HttpClient.DeepSeek.LogicalHandler End processing HTTP request after 286.9199ms - 200
[12:48:29 INF] System.Net.Http.HttpClient.DeepSeek.LogicalHandler Start processing HTTP request POST https://api.deepseek.com/chat/completions
[12:48:29 INF] System.Net.Http.HttpClient.DeepSeek.ClientHandler Sending HTTP request POST https://api.deepseek.com/chat/completions
[12:48:29 INF] System.Net.Http.HttpClient.DeepSeek.ClientHandler Received HTTP response headers after 315.79ms - 200
[12:48:29 INF] System.Net.Http.HttpClient.DeepSeek.LogicalHandler End processing HTTP request after 317.0631ms - 200
[12:48:29 INF] System.Net.Http.HttpClient.DeepSeek.LogicalHandler Start processing HTTP request POST https://api.deepseek.com/chat/completions
[12:48:29 INF] System.Net.Http.HttpClient.DeepSeek.ClientHandler Sending HTTP request POST https://api.deepseek.com/chat/completions
[12:48:29 INF] System.Net.Http.HttpClient.DeepSeek.ClientHandler Received HTTP response headers after 289.2303ms - 200
[12:48:29 INF] System.Net.Http.HttpClient.DeepSeek.LogicalHandler End processing HTTP request after 289.9284ms - 200
[12:48:29 INF] System.Net.Http.HttpClient.DeepSeek.LogicalHandler Start processing HTTP request POST https://api.deepseek.com/chat/completions
[12:48:29 INF] System.Net.Http.HttpClient.DeepSeek.ClientHandler Sending HTTP request POST https://api.deepseek.com/chat/completions
[12:48:30 INF] System.Net.Http.HttpClient.DeepSeek.ClientHandler Received HTTP response headers after 272.7096ms - 200
[12:48:30 INF] System.Net.Http.HttpClient.DeepSeek.LogicalHandler End processing HTTP request after 273.2742ms - 200
[12:48:30 INF] System.Net.Http.HttpClient.DeepSeek.LogicalHandler Start processing HTTP request POST https://api.deepseek.com/chat/completions
[12:48:30 INF] System.Net.Http.HttpClient.DeepSeek.ClientHandler Sending HTTP request POST https://api.deepseek.com/chat/completions
[12:48:30 INF] System.Net.Http.HttpClient.DeepSeek.ClientHandler Received HTTP response headers after 280.346ms - 200
[12:48:30 INF] System.Net.Http.HttpClient.DeepSeek.LogicalHandler End processing HTTP request after 280.841ms - 200
[12:48:30 INF] System.Net.Http.HttpClient.DeepSeek.LogicalHandler Start processing HTTP request POST https://api.deepseek.com/chat/completions
[12:48:30 INF] System.Net.Http.HttpClient.DeepSeek.ClientHandler Sending HTTP request POST https://api.deepseek.com/chat/completions
[12:48:30 INF] System.Net.Http.HttpClient.DeepSeek.ClientHandler Received HTTP response headers after 278.0361ms - 200
[12:48:30 INF] System.Net.Http.HttpClient.DeepSeek.LogicalHandler End processing HTTP request after 278.5337ms - 200
[12:48:30 INF] System.Net.Http.HttpClient.DeepSeek.LogicalHandler Start processing HTTP request POST https://api.deepseek.com/chat/completions
[12:48:30 INF] System.Net.Http.HttpClient.DeepSeek.ClientHandler Sending HTTP request POST https://api.deepseek.com/chat/completions
[12:48:30 INF] System.Net.Http.HttpClient.DeepSeek.ClientHandler Received HTTP response headers after 295.1071ms - 200
[12:48:30 INF] System.Net.Http.HttpClient.DeepSeek.LogicalHandler End processing HTTP request after 295.7242ms - 200
[12:48:30 INF] System.Net.Http.HttpClient.DeepSeek.ClientHandler Received HTTP response headers after 280.8188ms - 200
[12:48:30 INF] System.Net.Http.HttpClient.DeepSeek.LogicalHandler End processing HTTP request after 281.4361ms - 200
[12:48:30 INF] System.Net.Http.HttpClient.DeepSeek.LogicalHandler Start processing HTTP request POST https://api.deepseek.com/chat/completions
[12:48:30 INF] System.Net.Http.HttpClient.DeepSeek.ClientHandler Sending HTTP request POST https://api.deepseek.com/chat/completions
[12:48:31 INF] System.Net.Http.HttpClient.DeepSeek.ClientHandler Received HTTP response headers after 394.7102ms - 200
[12:48:31 INF] System.Net.Http.HttpClient.DeepSeek.LogicalHandler End processing HTTP request after 395.0822ms - 200
[12:48:31 INF] System.Net.Http.HttpClient.DeepSeek.LogicalHandler Start processing HTTP request POST https://api.deepseek.com/chat/completions
[12:48:31 INF] System.Net.Http.HttpClient.DeepSeek.ClientHandler Sending HTTP request POST https://api.deepseek.com/chat/completions
[12:48:31 INF] System.Net.Http.HttpClient.DeepSeek.ClientHandler Received HTTP response headers after 375.4637ms - 200
[12:48:31 INF] System.Net.Http.HttpClient.DeepSeek.LogicalHandler End processing HTTP request after 376.2296ms - 200
[12:48:32 INF] System.Net.Http.HttpClient.DeepSeek.LogicalHandler Start processing HTTP request POST https://api.deepseek.com/chat/completions
[12:48:32 INF] System.Net.Http.HttpClient.DeepSeek.ClientHandler Sending HTTP request POST https://api.deepseek.com/chat/completions
[12:48:32 INF] System.Net.Http.HttpClient.DeepSeek.LogicalHandler Start processing HTTP request POST https://api.deepseek.com/chat/completions
[12:48:32 INF] System.Net.Http.HttpClient.DeepSeek.ClientHandler Sending HTTP request POST https://api.deepseek.com/chat/completions
[12:48:32 INF] System.Net.Http.HttpClient.DeepSeek.ClientHandler Received HTTP response headers after 282.324ms - 200
[12:48:32 INF] System.Net.Http.HttpClient.DeepSeek.LogicalHandler End processing HTTP request after 282.7129ms - 200
[12:48:32 INF] System.Net.Http.HttpClient.DeepSeek.LogicalHandler Start processing HTTP request POST https://api.deepseek.com/chat/completions
[12:48:32 INF] System.Net.Http.HttpClient.DeepSeek.ClientHandler Sending HTTP request POST https://api.deepseek.com/chat/completions
[12:48:32 INF] System.Net.Http.HttpClient.DeepSeek.ClientHandler Received HTTP response headers after 294.1938ms - 200
[12:48:32 INF] System.Net.Http.HttpClient.DeepSeek.LogicalHandler End processing HTTP request after 294.5618ms - 200
[12:48:32 INF] System.Net.Http.HttpClient.DeepSeek.LogicalHandler Start processing HTTP request POST https://api.deepseek.com/chat/completions
[12:48:32 INF] System.Net.Http.HttpClient.DeepSeek.ClientHandler Sending HTTP request POST https://api.deepseek.com/chat/completions
[12:48:32 INF] System.Net.Http.HttpClient.DeepSeek.ClientHandler Received HTTP response headers after 289.8075ms - 200
[12:48:32 INF] System.Net.Http.HttpClient.DeepSeek.LogicalHandler End processing HTTP request after 290.3038ms - 200
[12:48:32 INF] System.Net.Http.HttpClient.DeepSeek.ClientHandler Received HTTP response headers after 283.9212ms - 200
[12:48:32 INF] System.Net.Http.HttpClient.DeepSeek.LogicalHandler End processing HTTP request after 284.6952ms - 200
[12:48:32 INF] System.Net.Http.HttpClient.DeepSeek.LogicalHandler Start processing HTTP request POST https://api.deepseek.com/chat/completions
[12:48:32 INF] System.Net.Http.HttpClient.DeepSeek.ClientHandler Sending HTTP request POST https://api.deepseek.com/chat/completions
[12:48:33 INF] System.Net.Http.HttpClient.DeepSeek.ClientHandler Received HTTP response headers after 295.6812ms - 200
[12:48:33 INF] System.Net.Http.HttpClient.DeepSeek.LogicalHandler End processing HTTP request after 296.1166ms - 200
[12:48:33 INF] simple_bloomberg_terminal.Services.Extraction.Measurement.CounterpartyMeasurementService Measurement lead agent starting for Super Micro Computer, Inc. run 2 using DeepSeek/deepseek-v4-pro | worker=directional-counterparty-worker-v2 | lead=counterparty-ledger-v2; digestChars=4635, contextChars=4637, maxTokens=16000
[12:48:33 INF] System.Net.Http.HttpClient.DeepSeek.LogicalHandler Start processing HTTP request POST https://api.deepseek.com/chat/completions
[12:48:33 INF] System.Net.Http.HttpClient.DeepSeek.ClientHandler Sending HTTP request POST https://api.deepseek.com/chat/completions
[12:48:33 INF] System.Net.Http.HttpClient.DeepSeek.ClientHandler Received HTTP response headers after 288.713ms - 200
[12:48:33 INF] System.Net.Http.HttpClient.DeepSeek.LogicalHandler End processing HTTP request after 289.3678ms - 200
[12:48:33 INF] System.Net.Http.HttpClient.DeepSeek.LogicalHandler Start processing HTTP request POST https://api.deepseek.com/chat/completions
[12:48:33 INF] System.Net.Http.HttpClient.DeepSeek.ClientHandler Sending HTTP request POST https://api.deepseek.com/chat/completions
[12:48:33 INF] System.Net.Http.HttpClient.DeepSeek.ClientHandler Received HTTP response headers after 284.1592ms - 200
[12:48:33 INF] System.Net.Http.HttpClient.DeepSeek.LogicalHandler End processing HTTP request after 284.9449ms - 200
[12:48:34 INF] System.Net.Http.HttpClient.DeepSeek.LogicalHandler Start processing HTTP request POST https://api.deepseek.com/chat/completions
[12:48:34 INF] System.Net.Http.HttpClient.DeepSeek.ClientHandler Sending HTTP request POST https://api.deepseek.com/chat/completions
[12:48:34 INF] System.Net.Http.HttpClient.DeepSeek.ClientHandler Received HTTP response headers after 394.8545ms - 200
[12:48:34 INF] System.Net.Http.HttpClient.DeepSeek.LogicalHandler End processing HTTP request after 395.6451ms - 200
[12:48:35 INF] System.Net.Http.HttpClient.DeepSeek.LogicalHandler Start processing HTTP request POST https://api.deepseek.com/chat/completions
[12:48:35 INF] System.Net.Http.HttpClient.DeepSeek.ClientHandler Sending HTTP request POST https://api.deepseek.com/chat/completions
[12:48:36 INF] System.Net.Http.HttpClient.DeepSeek.ClientHandler Received HTTP response headers after 290.8412ms - 200
[12:48:36 INF] System.Net.Http.HttpClient.DeepSeek.LogicalHandler End processing HTTP request after 291.3773ms - 200
[12:48:37 INF] System.Net.Http.HttpClient.DeepSeek.LogicalHandler Start processing HTTP request POST https://api.deepseek.com/chat/completions
[12:48:37 INF] System.Net.Http.HttpClient.DeepSeek.ClientHandler Sending HTTP request POST https://api.deepseek.com/chat/completions
[12:48:37 INF] System.Net.Http.HttpClient.DeepSeek.ClientHandler Received HTTP response headers after 311.1941ms - 200
[12:48:37 INF] System.Net.Http.HttpClient.DeepSeek.LogicalHandler End processing HTTP request after 312.4215ms - 200
[12:48:38 INF] simple_bloomberg_terminal.Services.Extraction.Measurement.CounterpartyMeasurementService Measurement lead agent starting for Super Micro Computer, Inc. run 3 using DeepSeek/deepseek-v4-pro | worker=directional-counterparty-worker-v2 | lead=counterparty-ledger-v2; digestChars=4394, contextChars=4396, maxTokens=16000
[12:48:38 INF] System.Net.Http.HttpClient.DeepSeek.LogicalHandler Start processing HTTP request POST https://api.deepseek.com/chat/completions
[12:48:38 INF] System.Net.Http.HttpClient.DeepSeek.ClientHandler Sending HTTP request POST https://api.deepseek.com/chat/completions
[12:48:38 INF] System.Net.Http.HttpClient.DeepSeek.ClientHandler Received HTTP response headers after 402.0453ms - 200
[12:48:38 INF] System.Net.Http.HttpClient.DeepSeek.LogicalHandler End processing HTTP request after 402.4748ms - 200
[12:48:44 INF] simple_bloomberg_terminal.Services.Extraction.Measurement.CounterpartyMeasurementService Measurement lead agent starting for Super Micro Computer, Inc. run 8 using DeepSeek/deepseek-v4-pro | worker=directional-counterparty-worker-v2 | lead=counterparty-ledger-v2; digestChars=5399, contextChars=5401, maxTokens=16000
[12:48:44 INF] System.Net.Http.HttpClient.DeepSeek.LogicalHandler Start processing HTTP request POST https://api.deepseek.com/chat/completions
[12:48:44 INF] System.Net.Http.HttpClient.DeepSeek.ClientHandler Sending HTTP request POST https://api.deepseek.com/chat/completions
[12:48:45 INF] System.Net.Http.HttpClient.DeepSeek.ClientHandler Received HTTP response headers after 297.3986ms - 200
[12:48:45 INF] System.Net.Http.HttpClient.DeepSeek.LogicalHandler End processing HTTP request after 298.0412ms - 200
[12:48:45 INF] simple_bloomberg_terminal.Services.Extraction.Measurement.CounterpartyMeasurementService Measurement lead agent starting for Super Micro Computer, Inc. run 10 using DeepSeek/deepseek-v4-pro | worker=directional-counterparty-worker-v2 | lead=counterparty-ledger-v2; digestChars=4993, contextChars=4995, maxTokens=16000
[12:48:45 INF] System.Net.Http.HttpClient.DeepSeek.LogicalHandler Start processing HTTP request POST https://api.deepseek.com/chat/completions
[12:48:45 INF] System.Net.Http.HttpClient.DeepSeek.ClientHandler Sending HTTP request POST https://api.deepseek.com/chat/completions
[12:48:45 INF] System.Net.Http.HttpClient.DeepSeek.ClientHandler Received HTTP response headers after 292.6241ms - 200
[12:48:45 INF] System.Net.Http.HttpClient.DeepSeek.LogicalHandler End processing HTTP request after 293.0979ms - 200
[12:49:11 INF] simple_bloomberg_terminal.Services.Extraction.Measurement.CounterpartyMeasurementService Measurement lead agent starting for Super Micro Computer, Inc. run 5 using DeepSeek/deepseek-v4-pro | worker=directional-counterparty-worker-v2 | lead=counterparty-ledger-v2; digestChars=4327, contextChars=4329, maxTokens=16000
[12:49:11 INF] System.Net.Http.HttpClient.DeepSeek.LogicalHandler Start processing HTTP request POST https://api.deepseek.com/chat/completions
[12:49:11 INF] System.Net.Http.HttpClient.DeepSeek.ClientHandler Sending HTTP request POST https://api.deepseek.com/chat/completions
[12:49:11 INF] System.Net.Http.HttpClient.DeepSeek.ClientHandler Received HTTP response headers after 298.231ms - 200
[12:49:11 INF] System.Net.Http.HttpClient.DeepSeek.LogicalHandler End processing HTTP request after 299.2875ms - 200
[12:49:18 INF] simple_bloomberg_terminal.Services.Extraction.Measurement.CounterpartyMeasurementService Measurement lead agent starting for Super Micro Computer, Inc. run 4 using DeepSeek/deepseek-v4-pro | worker=directional-counterparty-worker-v2 | lead=counterparty-ledger-v2; digestChars=9701, contextChars=9703, maxTokens=16000
[12:49:18 INF] System.Net.Http.HttpClient.DeepSeek.LogicalHandler Start processing HTTP request POST https://api.deepseek.com/chat/completions
[12:49:18 INF] System.Net.Http.HttpClient.DeepSeek.ClientHandler Sending HTTP request POST https://api.deepseek.com/chat/completions
[12:49:18 INF] System.Net.Http.HttpClient.DeepSeek.ClientHandler Received HTTP response headers after 287.8362ms - 200
[12:49:18 INF] System.Net.Http.HttpClient.DeepSeek.LogicalHandler End processing HTTP request after 288.7915ms - 200
[12:49:33 INF] simple_bloomberg_terminal.Services.Extraction.Measurement.CounterpartyMeasurementService Measurement lead agent starting for Super Micro Computer, Inc. run 7 using DeepSeek/deepseek-v4-pro | worker=directional-counterparty-worker-v2 | lead=counterparty-ledger-v2; digestChars=5549, contextChars=5551, maxTokens=16000
[12:49:33 INF] System.Net.Http.HttpClient.DeepSeek.LogicalHandler Start processing HTTP request POST https://api.deepseek.com/chat/completions
[12:49:33 INF] System.Net.Http.HttpClient.DeepSeek.ClientHandler Sending HTTP request POST https://api.deepseek.com/chat/completions
[12:49:33 INF] System.Net.Http.HttpClient.DeepSeek.ClientHandler Received HTTP response headers after 289.4025ms - 200
[12:49:33 INF] System.Net.Http.HttpClient.DeepSeek.LogicalHandler End processing HTTP request after 290.1787ms - 200
[12:49:38 INF] simple_bloomberg_terminal.Services.Extraction.Measurement.CounterpartyMeasurementService Measurement lead agent starting for Super Micro Computer, Inc. run 6 using DeepSeek/deepseek-v4-pro | worker=directional-counterparty-worker-v2 | lead=counterparty-ledger-v2; digestChars=5608, contextChars=5610, maxTokens=16000
[12:49:38 INF] System.Net.Http.HttpClient.DeepSeek.LogicalHandler Start processing HTTP request POST https://api.deepseek.com/chat/completions
[12:49:38 INF] System.Net.Http.HttpClient.DeepSeek.ClientHandler Sending HTTP request POST https://api.deepseek.com/chat/completions
[12:49:38 INF] System.Net.Http.HttpClient.DeepSeek.ClientHandler Received HTTP response headers after 403.5775ms - 200
[12:49:38 INF] System.Net.Http.HttpClient.DeepSeek.LogicalHandler End processing HTTP request after 404.9992ms - 200
[12:49:49 INF] simple_bloomberg_terminal.Services.Extraction.Measurement.CounterpartyMeasurementService Measurement lead agent starting for Super Micro Computer, Inc. run 9 using DeepSeek/deepseek-v4-pro | worker=directional-counterparty-worker-v2 | lead=counterparty-ledger-v2; digestChars=4662, contextChars=4664, maxTokens=16000
[12:49:49 INF] System.Net.Http.HttpClient.DeepSeek.LogicalHandler Start processing HTTP request POST https://api.deepseek.com/chat/completions
[12:49:49 INF] System.Net.Http.HttpClient.DeepSeek.ClientHandler Sending HTTP request POST https://api.deepseek.com/chat/completions
[12:49:50 INF] System.Net.Http.HttpClient.DeepSeek.ClientHandler Received HTTP response headers after 289.4909ms - 200
[12:49:50 INF] System.Net.Http.HttpClient.DeepSeek.LogicalHandler End processing HTTP request after 290.0283ms - 200
[14:36:34 INF] Microsoft.Hosting.Lifetime Application is shutting down...
[15:36:55 INF] Microsoft.Hosting.Lifetime Now listening on: http://localhost:5213
[15:36:55 INF] Microsoft.Hosting.Lifetime Application started. Press Ctrl+C to shut down.
[15:36:55 INF] Microsoft.Hosting.Lifetime Hosting environment: Development
[15:36:55 INF] Microsoft.Hosting.Lifetime Content root path: /Users/lukaosojnik/Documents/Coding/simple-bloomberg-terminal/simple-bloomberg-terminal
[15:36:56 WRN] Microsoft.EntityFrameworkCore.Query Compiling a query which loads related collections for more than one collection navigation, either via 'Include' or through projection, but no 'QuerySplittingBehavior' has been configured. By default, Entity Framework will use 'QuerySplittingBehavior.SingleQuery', which can potentially result in slow query performance. See https://go.microsoft.com/fwlink/?linkid=2134277 for more information. To identify the query that's triggering this warning call 'ConfigureWarnings(w => w.Throw(RelationalEventId.MultipleCollectionIncludeWarning))'.
[15:37:36 INF] System.Net.Http.HttpClient.IStockApiClient.LogicalHandler Start processing HTTP request GET https://data.sec.gov/submissions/CIK0001375365.json
[15:37:36 INF] System.Net.Http.HttpClient.IStockApiClient.ClientHandler Sending HTTP request GET https://data.sec.gov/submissions/CIK0001375365.json
[15:37:36 INF] System.Net.Http.HttpClient.IStockApiClient.ClientHandler Received HTTP response headers after 305.1142ms - 200
[15:37:36 INF] System.Net.Http.HttpClient.IStockApiClient.LogicalHandler End processing HTTP request after 315.8355ms - 200
[15:37:46 INF] System.Net.Http.HttpClient.IStockApiClient.LogicalHandler Start processing HTTP request GET https://www.sec.gov/Archives/edgar/data/1375365/000137536525000027/smci-20250630.htm
[15:37:46 INF] System.Net.Http.HttpClient.IStockApiClient.ClientHandler Sending HTTP request GET https://www.sec.gov/Archives/edgar/data/1375365/000137536525000027/smci-20250630.htm
[15:37:46 INF] System.Net.Http.HttpClient.IStockApiClient.ClientHandler Received HTTP response headers after 265.6475ms - 200
[15:37:46 INF] System.Net.Http.HttpClient.IStockApiClient.LogicalHandler End processing HTTP request after 266.8422ms - 200
[15:37:49 INF] System.Net.Http.HttpClient.DeepSeek.LogicalHandler Start processing HTTP request POST https://api.deepseek.com/chat/completions
[15:37:49 INF] System.Net.Http.HttpClient.DeepSeek.ClientHandler Sending HTTP request POST https://api.deepseek.com/chat/completions
[15:37:49 INF] System.Net.Http.HttpClient.DeepSeek.LogicalHandler Start processing HTTP request POST https://api.deepseek.com/chat/completions
[15:37:49 INF] System.Net.Http.HttpClient.DeepSeek.ClientHandler Sending HTTP request POST https://api.deepseek.com/chat/completions
[15:37:49 INF] System.Net.Http.HttpClient.DeepSeek.LogicalHandler Start processing HTTP request POST https://api.deepseek.com/chat/completions
[15:37:49 INF] System.Net.Http.HttpClient.DeepSeek.ClientHandler Sending HTTP request POST https://api.deepseek.com/chat/completions
[15:37:49 INF] System.Net.Http.HttpClient.DeepSeek.LogicalHandler Start processing HTTP request POST https://api.deepseek.com/chat/completions
[15:37:49 INF] System.Net.Http.HttpClient.DeepSeek.ClientHandler Sending HTTP request POST https://api.deepseek.com/chat/completions
[15:37:49 INF] System.Net.Http.HttpClient.DeepSeek.LogicalHandler Start processing HTTP request POST https://api.deepseek.com/chat/completions
[15:37:49 INF] System.Net.Http.HttpClient.DeepSeek.ClientHandler Sending HTTP request POST https://api.deepseek.com/chat/completions
[15:37:49 INF] System.Net.Http.HttpClient.DeepSeek.LogicalHandler Start processing HTTP request POST https://api.deepseek.com/chat/completions
[15:37:49 INF] System.Net.Http.HttpClient.DeepSeek.ClientHandler Sending HTTP request POST https://api.deepseek.com/chat/completions
[15:37:49 INF] System.Net.Http.HttpClient.DeepSeek.ClientHandler Received HTTP response headers after 574.7192ms - 200
[15:37:49 INF] System.Net.Http.HttpClient.DeepSeek.LogicalHandler End processing HTTP request after 575.1047ms - 200
[15:37:49 INF] System.Net.Http.HttpClient.DeepSeek.ClientHandler Received HTTP response headers after 577.5562ms - 200
[15:37:49 INF] System.Net.Http.HttpClient.DeepSeek.LogicalHandler End processing HTTP request after 578.2745ms - 200
[15:37:49 INF] System.Net.Http.HttpClient.DeepSeek.ClientHandler Received HTTP response headers after 582.1859ms - 200
[15:37:49 INF] System.Net.Http.HttpClient.DeepSeek.ClientHandler Received HTTP response headers after 582.9311ms - 200
[15:37:49 INF] System.Net.Http.HttpClient.DeepSeek.LogicalHandler End processing HTTP request after 587.1566ms - 200
[15:37:49 INF] System.Net.Http.HttpClient.DeepSeek.ClientHandler Received HTTP response headers after 585.676ms - 200
[15:37:49 INF] System.Net.Http.HttpClient.DeepSeek.LogicalHandler End processing HTTP request after 587.0682ms - 200
[15:37:49 INF] System.Net.Http.HttpClient.DeepSeek.LogicalHandler End processing HTTP request after 587.0717ms - 200
[15:37:49 INF] System.Net.Http.HttpClient.DeepSeek.ClientHandler Received HTTP response headers after 590.3469ms - 200
[15:37:49 INF] System.Net.Http.HttpClient.DeepSeek.LogicalHandler End processing HTTP request after 590.7692ms - 200
[15:37:51 INF] System.Net.Http.HttpClient.DeepSeek.LogicalHandler Start processing HTTP request POST https://api.deepseek.com/chat/completions
[15:37:51 INF] System.Net.Http.HttpClient.DeepSeek.ClientHandler Sending HTTP request POST https://api.deepseek.com/chat/completions
[15:37:51 INF] System.Net.Http.HttpClient.DeepSeek.LogicalHandler Start processing HTTP request POST https://api.deepseek.com/chat/completions
[15:37:51 INF] System.Net.Http.HttpClient.DeepSeek.ClientHandler Sending HTTP request POST https://api.deepseek.com/chat/completions
[15:37:51 INF] System.Net.Http.HttpClient.DeepSeek.LogicalHandler Start processing HTTP request POST https://api.deepseek.com/chat/completions
[15:37:51 INF] System.Net.Http.HttpClient.DeepSeek.ClientHandler Sending HTTP request POST https://api.deepseek.com/chat/completions
[15:37:51 INF] System.Net.Http.HttpClient.DeepSeek.ClientHandler Received HTTP response headers after 275.0117ms - 200
[15:37:51 INF] System.Net.Http.HttpClient.DeepSeek.LogicalHandler End processing HTTP request after 275.6377ms - 200
[15:37:52 INF] System.Net.Http.HttpClient.DeepSeek.ClientHandler Received HTTP response headers after 301.4485ms - 200
[15:37:52 INF] System.Net.Http.HttpClient.DeepSeek.LogicalHandler End processing HTTP request after 302.262ms - 200
[15:37:52 INF] System.Net.Http.HttpClient.DeepSeek.ClientHandler Received HTTP response headers after 290.4602ms - 200
[15:37:52 INF] System.Net.Http.HttpClient.DeepSeek.LogicalHandler End processing HTTP request after 291.2261ms - 200
[15:37:53 INF] System.Net.Http.HttpClient.DeepSeek.LogicalHandler Start processing HTTP request POST https://api.deepseek.com/chat/completions
[15:37:53 INF] System.Net.Http.HttpClient.DeepSeek.ClientHandler Sending HTTP request POST https://api.deepseek.com/chat/completions
[15:37:53 INF] System.Net.Http.HttpClient.DeepSeek.LogicalHandler Start processing HTTP request POST https://api.deepseek.com/chat/completions
[15:37:53 INF] System.Net.Http.HttpClient.DeepSeek.ClientHandler Sending HTTP request POST https://api.deepseek.com/chat/completions
[15:37:53 INF] System.Net.Http.HttpClient.DeepSeek.ClientHandler Received HTTP response headers after 280.0624ms - 200
[15:37:53 INF] System.Net.Http.HttpClient.DeepSeek.LogicalHandler End processing HTTP request after 280.8514ms - 200
[15:37:53 INF] System.Net.Http.HttpClient.DeepSeek.ClientHandler Received HTTP response headers after 353.7261ms - 200
[15:37:53 INF] System.Net.Http.HttpClient.DeepSeek.LogicalHandler End processing HTTP request after 354.3956ms - 200
[15:37:53 INF] System.Net.Http.HttpClient.DeepSeek.LogicalHandler Start processing HTTP request POST https://api.deepseek.com/chat/completions
[15:37:53 INF] System.Net.Http.HttpClient.DeepSeek.ClientHandler Sending HTTP request POST https://api.deepseek.com/chat/completions
[15:37:54 INF] System.Net.Http.HttpClient.DeepSeek.ClientHandler Received HTTP response headers after 407.3387ms - 200
[15:37:54 INF] System.Net.Http.HttpClient.DeepSeek.LogicalHandler End processing HTTP request after 408.0131ms - 200
[15:37:54 INF] System.Net.Http.HttpClient.DeepSeek.LogicalHandler Start processing HTTP request POST https://api.deepseek.com/chat/completions
[15:37:54 INF] System.Net.Http.HttpClient.DeepSeek.ClientHandler Sending HTTP request POST https://api.deepseek.com/chat/completions
[15:37:55 INF] System.Net.Http.HttpClient.DeepSeek.ClientHandler Received HTTP response headers after 331.3357ms - 200
[15:37:55 INF] System.Net.Http.HttpClient.DeepSeek.LogicalHandler End processing HTTP request after 332.0533ms - 200
[15:37:55 INF] System.Net.Http.HttpClient.DeepSeek.LogicalHandler Start processing HTTP request POST https://api.deepseek.com/chat/completions
[15:37:55 INF] System.Net.Http.HttpClient.DeepSeek.ClientHandler Sending HTTP request POST https://api.deepseek.com/chat/completions
[15:37:56 INF] System.Net.Http.HttpClient.DeepSeek.ClientHandler Received HTTP response headers after 328.3765ms - 200
[15:37:56 INF] System.Net.Http.HttpClient.DeepSeek.LogicalHandler End processing HTTP request after 329.4775ms - 200
[15:37:56 INF] System.Net.Http.HttpClient.DeepSeek.LogicalHandler Start processing HTTP request POST https://api.deepseek.com/chat/completions
[15:37:56 INF] System.Net.Http.HttpClient.DeepSeek.ClientHandler Sending HTTP request POST https://api.deepseek.com/chat/completions
[15:37:56 INF] System.Net.Http.HttpClient.DeepSeek.ClientHandler Received HTTP response headers after 411.8587ms - 200
[15:37:56 INF] System.Net.Http.HttpClient.DeepSeek.LogicalHandler End processing HTTP request after 413.2366ms - 200
[15:37:57 INF] System.Net.Http.HttpClient.DeepSeek.LogicalHandler Start processing HTTP request POST https://api.deepseek.com/chat/completions
[15:37:57 INF] System.Net.Http.HttpClient.DeepSeek.ClientHandler Sending HTTP request POST https://api.deepseek.com/chat/completions
[15:37:57 INF] System.Net.Http.HttpClient.DeepSeek.ClientHandler Received HTTP response headers after 317.4784ms - 200
[15:37:57 INF] System.Net.Http.HttpClient.DeepSeek.LogicalHandler End processing HTTP request after 318.1297ms - 200
[15:37:58 INF] System.Net.Http.HttpClient.DeepSeek.LogicalHandler Start processing HTTP request POST https://api.deepseek.com/chat/completions
[15:37:58 INF] System.Net.Http.HttpClient.DeepSeek.ClientHandler Sending HTTP request POST https://api.deepseek.com/chat/completions
[15:37:59 INF] System.Net.Http.HttpClient.DeepSeek.ClientHandler Received HTTP response headers after 305.3437ms - 200
[15:37:59 INF] System.Net.Http.HttpClient.DeepSeek.LogicalHandler End processing HTTP request after 306.4819ms - 200
[15:37:59 INF] System.Net.Http.HttpClient.DeepSeek.LogicalHandler Start processing HTTP request POST https://api.deepseek.com/chat/completions
[15:37:59 INF] System.Net.Http.HttpClient.DeepSeek.ClientHandler Sending HTTP request POST https://api.deepseek.com/chat/completions
[15:37:59 INF] System.Net.Http.HttpClient.DeepSeek.ClientHandler Received HTTP response headers after 296.9085ms - 200
[15:37:59 INF] System.Net.Http.HttpClient.DeepSeek.LogicalHandler End processing HTTP request after 297.4242ms - 200
[15:38:00 INF] System.Net.Http.HttpClient.DeepSeek.LogicalHandler Start processing HTTP request POST https://api.deepseek.com/chat/completions
[15:38:00 INF] System.Net.Http.HttpClient.DeepSeek.ClientHandler Sending HTTP request POST https://api.deepseek.com/chat/completions
[15:38:01 INF] System.Net.Http.HttpClient.DeepSeek.ClientHandler Received HTTP response headers after 283.3404ms - 200
[15:38:01 INF] System.Net.Http.HttpClient.DeepSeek.LogicalHandler End processing HTTP request after 283.816ms - 200
[15:38:01 INF] System.Net.Http.HttpClient.DeepSeek.LogicalHandler Start processing HTTP request POST https://api.deepseek.com/chat/completions
[15:38:01 INF] System.Net.Http.HttpClient.DeepSeek.ClientHandler Sending HTTP request POST https://api.deepseek.com/chat/completions
[15:38:01 INF] System.Net.Http.HttpClient.DeepSeek.ClientHandler Received HTTP response headers after 324.9462ms - 200
[15:38:01 INF] System.Net.Http.HttpClient.DeepSeek.LogicalHandler End processing HTTP request after 325.6446ms - 200
[15:38:02 INF] System.Net.Http.HttpClient.DeepSeek.LogicalHandler Start processing HTTP request POST https://api.deepseek.com/chat/completions
[15:38:02 INF] System.Net.Http.HttpClient.DeepSeek.ClientHandler Sending HTTP request POST https://api.deepseek.com/chat/completions
[15:38:02 INF] System.Net.Http.HttpClient.DeepSeek.ClientHandler Received HTTP response headers after 358.1247ms - 200
[15:38:02 INF] System.Net.Http.HttpClient.DeepSeek.LogicalHandler End processing HTTP request after 358.6422ms - 200
[15:38:02 INF] System.Net.Http.HttpClient.DeepSeek.LogicalHandler Start processing HTTP request POST https://api.deepseek.com/chat/completions
[15:38:02 INF] System.Net.Http.HttpClient.DeepSeek.ClientHandler Sending HTTP request POST https://api.deepseek.com/chat/completions
[15:38:03 INF] System.Net.Http.HttpClient.DeepSeek.ClientHandler Received HTTP response headers after 283.8707ms - 200
[15:38:03 INF] System.Net.Http.HttpClient.DeepSeek.LogicalHandler End processing HTTP request after 284.4486ms - 200
[15:38:03 INF] System.Net.Http.HttpClient.DeepSeek.LogicalHandler Start processing HTTP request POST https://api.deepseek.com/chat/completions
[15:38:03 INF] System.Net.Http.HttpClient.DeepSeek.ClientHandler Sending HTTP request POST https://api.deepseek.com/chat/completions
[15:38:03 INF] System.Net.Http.HttpClient.DeepSeek.ClientHandler Received HTTP response headers after 289.8353ms - 200
[15:38:03 INF] System.Net.Http.HttpClient.DeepSeek.LogicalHandler End processing HTTP request after 290.4688ms - 200
[15:38:04 INF] System.Net.Http.HttpClient.DeepSeek.LogicalHandler Start processing HTTP request POST https://api.deepseek.com/chat/completions
[15:38:04 INF] System.Net.Http.HttpClient.DeepSeek.ClientHandler Sending HTTP request POST https://api.deepseek.com/chat/completions
[15:38:05 INF] System.Net.Http.HttpClient.DeepSeek.ClientHandler Received HTTP response headers after 396.136ms - 200
[15:38:05 INF] System.Net.Http.HttpClient.DeepSeek.LogicalHandler Start processing HTTP request POST https://api.deepseek.com/chat/completions
[15:38:05 INF] System.Net.Http.HttpClient.DeepSeek.ClientHandler Sending HTTP request POST https://api.deepseek.com/chat/completions
[15:38:05 INF] System.Net.Http.HttpClient.DeepSeek.LogicalHandler End processing HTTP request after 396.916ms - 200
[15:38:05 INF] System.Net.Http.HttpClient.DeepSeek.LogicalHandler Start processing HTTP request POST https://api.deepseek.com/chat/completions
[15:38:05 INF] System.Net.Http.HttpClient.DeepSeek.ClientHandler Sending HTTP request POST https://api.deepseek.com/chat/completions
[15:38:05 INF] System.Net.Http.HttpClient.DeepSeek.ClientHandler Received HTTP response headers after 299.6035ms - 200
[15:38:05 INF] System.Net.Http.HttpClient.DeepSeek.LogicalHandler End processing HTTP request after 300.1167ms - 200
[15:38:05 INF] System.Net.Http.HttpClient.DeepSeek.ClientHandler Received HTTP response headers after 285.9533ms - 200
[15:38:05 INF] System.Net.Http.HttpClient.DeepSeek.LogicalHandler End processing HTTP request after 287.0893ms - 200
[15:38:06 INF] System.Net.Http.HttpClient.DeepSeek.LogicalHandler Start processing HTTP request POST https://api.deepseek.com/chat/completions
[15:38:06 INF] System.Net.Http.HttpClient.DeepSeek.ClientHandler Sending HTTP request POST https://api.deepseek.com/chat/completions
[15:38:07 INF] System.Net.Http.HttpClient.DeepSeek.ClientHandler Received HTTP response headers after 408.4247ms - 200
[15:38:07 INF] System.Net.Http.HttpClient.DeepSeek.LogicalHandler Start processing HTTP request POST https://api.deepseek.com/chat/completions
[15:38:07 INF] System.Net.Http.HttpClient.DeepSeek.ClientHandler Sending HTTP request POST https://api.deepseek.com/chat/completions
[15:38:07 INF] System.Net.Http.HttpClient.DeepSeek.LogicalHandler End processing HTTP request after 409.0361ms - 200
[15:38:07 INF] System.Net.Http.HttpClient.DeepSeek.LogicalHandler Start processing HTTP request POST https://api.deepseek.com/chat/completions
[15:38:07 INF] System.Net.Http.HttpClient.DeepSeek.ClientHandler Sending HTTP request POST https://api.deepseek.com/chat/completions
[15:38:07 INF] System.Net.Http.HttpClient.DeepSeek.LogicalHandler Start processing HTTP request POST https://api.deepseek.com/chat/completions
[15:38:07 INF] System.Net.Http.HttpClient.DeepSeek.ClientHandler Sending HTTP request POST https://api.deepseek.com/chat/completions
[15:38:07 INF] System.Net.Http.HttpClient.DeepSeek.ClientHandler Received HTTP response headers after 289.9157ms - 200
[15:38:07 INF] System.Net.Http.HttpClient.DeepSeek.LogicalHandler End processing HTTP request after 291.2514ms - 200
[15:38:07 INF] System.Net.Http.HttpClient.DeepSeek.ClientHandler Received HTTP response headers after 293.4333ms - 200
[15:38:07 INF] System.Net.Http.HttpClient.DeepSeek.LogicalHandler End processing HTTP request after 293.7425ms - 200
[15:38:07 INF] System.Net.Http.HttpClient.DeepSeek.ClientHandler Received HTTP response headers after 287.6566ms - 200
[15:38:07 INF] System.Net.Http.HttpClient.DeepSeek.LogicalHandler End processing HTTP request after 288.0484ms - 200
[15:38:09 INF] System.Net.Http.HttpClient.DeepSeek.LogicalHandler Start processing HTTP request POST https://api.deepseek.com/chat/completions
[15:38:09 INF] System.Net.Http.HttpClient.DeepSeek.ClientHandler Sending HTTP request POST https://api.deepseek.com/chat/completions
[15:38:09 INF] System.Net.Http.HttpClient.DeepSeek.LogicalHandler Start processing HTTP request POST https://api.deepseek.com/chat/completions
[15:38:09 INF] System.Net.Http.HttpClient.DeepSeek.ClientHandler Sending HTTP request POST https://api.deepseek.com/chat/completions
[15:38:09 INF] System.Net.Http.HttpClient.DeepSeek.ClientHandler Received HTTP response headers after 407.3422ms - 200
[15:38:09 INF] System.Net.Http.HttpClient.DeepSeek.LogicalHandler End processing HTTP request after 407.9722ms - 200
[15:38:09 INF] System.Net.Http.HttpClient.DeepSeek.LogicalHandler Start processing HTTP request POST https://api.deepseek.com/chat/completions
[15:38:09 INF] System.Net.Http.HttpClient.DeepSeek.ClientHandler Sending HTTP request POST https://api.deepseek.com/chat/completions
[15:38:10 INF] System.Net.Http.HttpClient.DeepSeek.ClientHandler Received HTTP response headers after 307.101ms - 200
[15:38:10 INF] System.Net.Http.HttpClient.DeepSeek.LogicalHandler End processing HTTP request after 307.804ms - 200
[15:38:10 INF] System.Net.Http.HttpClient.DeepSeek.ClientHandler Received HTTP response headers after 1457.6095ms - 200
[15:38:10 INF] System.Net.Http.HttpClient.DeepSeek.LogicalHandler End processing HTTP request after 1458.5429ms - 200
[15:38:10 INF] System.Net.Http.HttpClient.DeepSeek.LogicalHandler Start processing HTTP request POST https://api.deepseek.com/chat/completions
[15:38:10 INF] System.Net.Http.HttpClient.DeepSeek.ClientHandler Sending HTTP request POST https://api.deepseek.com/chat/completions
[15:38:11 INF] System.Net.Http.HttpClient.DeepSeek.ClientHandler Received HTTP response headers after 341.9305ms - 200
[15:38:11 INF] System.Net.Http.HttpClient.DeepSeek.LogicalHandler End processing HTTP request after 342.2989ms - 200
[15:38:12 INF] System.Net.Http.HttpClient.DeepSeek.LogicalHandler Start processing HTTP request POST https://api.deepseek.com/chat/completions
[15:38:12 INF] System.Net.Http.HttpClient.DeepSeek.ClientHandler Sending HTTP request POST https://api.deepseek.com/chat/completions
[15:38:12 INF] System.Net.Http.HttpClient.DeepSeek.ClientHandler Received HTTP response headers after 281.1302ms - 200
[15:38:12 INF] System.Net.Http.HttpClient.DeepSeek.LogicalHandler End processing HTTP request after 281.6115ms - 200
[15:38:12 INF] System.Net.Http.HttpClient.DeepSeek.LogicalHandler Start processing HTTP request POST https://api.deepseek.com/chat/completions
[15:38:12 INF] System.Net.Http.HttpClient.DeepSeek.ClientHandler Sending HTTP request POST https://api.deepseek.com/chat/completions
[15:38:12 INF] System.Net.Http.HttpClient.DeepSeek.ClientHandler Received HTTP response headers after 279.4817ms - 200
[15:38:12 INF] System.Net.Http.HttpClient.DeepSeek.LogicalHandler End processing HTTP request after 280.04ms - 200
[15:38:13 INF] System.Net.Http.HttpClient.DeepSeek.LogicalHandler Start processing HTTP request POST https://api.deepseek.com/chat/completions
[15:38:13 INF] System.Net.Http.HttpClient.DeepSeek.ClientHandler Sending HTTP request POST https://api.deepseek.com/chat/completions
[15:38:13 INF] System.Net.Http.HttpClient.DeepSeek.ClientHandler Received HTTP response headers after 306.4873ms - 200
[15:38:13 INF] System.Net.Http.HttpClient.DeepSeek.LogicalHandler End processing HTTP request after 307.1158ms - 200
[15:38:13 INF] System.Net.Http.HttpClient.DeepSeek.LogicalHandler Start processing HTTP request POST https://api.deepseek.com/chat/completions
[15:38:13 INF] System.Net.Http.HttpClient.DeepSeek.ClientHandler Sending HTTP request POST https://api.deepseek.com/chat/completions
[15:38:14 INF] System.Net.Http.HttpClient.DeepSeek.ClientHandler Received HTTP response headers after 278.4642ms - 200
[15:38:14 INF] System.Net.Http.HttpClient.DeepSeek.LogicalHandler End processing HTTP request after 278.8955ms - 200
[15:38:14 INF] System.Net.Http.HttpClient.DeepSeek.LogicalHandler Start processing HTTP request POST https://api.deepseek.com/chat/completions
[15:38:14 INF] System.Net.Http.HttpClient.DeepSeek.ClientHandler Sending HTTP request POST https://api.deepseek.com/chat/completions
[15:38:14 INF] System.Net.Http.HttpClient.DeepSeek.ClientHandler Received HTTP response headers after 303.5812ms - 200
[15:38:14 INF] System.Net.Http.HttpClient.DeepSeek.LogicalHandler End processing HTTP request after 304.025ms - 200
[15:38:15 INF] System.Net.Http.HttpClient.DeepSeek.LogicalHandler Start processing HTTP request POST https://api.deepseek.com/chat/completions
[15:38:15 INF] System.Net.Http.HttpClient.DeepSeek.ClientHandler Sending HTTP request POST https://api.deepseek.com/chat/completions
[15:38:15 INF] System.Net.Http.HttpClient.DeepSeek.LogicalHandler Start processing HTTP request POST https://api.deepseek.com/chat/completions
[15:38:15 INF] System.Net.Http.HttpClient.DeepSeek.ClientHandler Sending HTTP request POST https://api.deepseek.com/chat/completions
[15:38:15 INF] System.Net.Http.HttpClient.DeepSeek.LogicalHandler Start processing HTTP request POST https://api.deepseek.com/chat/completions
[15:38:15 INF] System.Net.Http.HttpClient.DeepSeek.ClientHandler Sending HTTP request POST https://api.deepseek.com/chat/completions
[15:38:15 INF] System.Net.Http.HttpClient.DeepSeek.ClientHandler Received HTTP response headers after 300.2643ms - 200
[15:38:15 INF] System.Net.Http.HttpClient.DeepSeek.LogicalHandler End processing HTTP request after 300.9585ms - 200
[15:38:15 INF] System.Net.Http.HttpClient.DeepSeek.ClientHandler Received HTTP response headers after 280.2033ms - 200
[15:38:15 INF] System.Net.Http.HttpClient.DeepSeek.LogicalHandler End processing HTTP request after 280.711ms - 200
[15:38:15 INF] System.Net.Http.HttpClient.DeepSeek.ClientHandler Received HTTP response headers after 275.6755ms - 200
[15:38:15 INF] System.Net.Http.HttpClient.DeepSeek.LogicalHandler End processing HTTP request after 276.2365ms - 200
[15:38:16 INF] System.Net.Http.HttpClient.DeepSeek.LogicalHandler Start processing HTTP request POST https://api.deepseek.com/chat/completions
[15:38:16 INF] System.Net.Http.HttpClient.DeepSeek.ClientHandler Sending HTTP request POST https://api.deepseek.com/chat/completions
[15:38:17 INF] System.Net.Http.HttpClient.DeepSeek.ClientHandler Received HTTP response headers after 409.6545ms - 200
[15:38:17 INF] System.Net.Http.HttpClient.DeepSeek.LogicalHandler Start processing HTTP request POST https://api.deepseek.com/chat/completions
[15:38:17 INF] System.Net.Http.HttpClient.DeepSeek.ClientHandler Sending HTTP request POST https://api.deepseek.com/chat/completions
[15:38:17 INF] System.Net.Http.HttpClient.DeepSeek.LogicalHandler End processing HTTP request after 410.2405ms - 200
[15:38:17 INF] System.Net.Http.HttpClient.DeepSeek.ClientHandler Received HTTP response headers after 295.8245ms - 200
[15:38:17 INF] System.Net.Http.HttpClient.DeepSeek.LogicalHandler End processing HTTP request after 300.1418ms - 200
[15:38:18 INF] System.Net.Http.HttpClient.DeepSeek.LogicalHandler Start processing HTTP request POST https://api.deepseek.com/chat/completions
[15:38:18 INF] System.Net.Http.HttpClient.DeepSeek.ClientHandler Sending HTTP request POST https://api.deepseek.com/chat/completions
[15:38:18 INF] System.Net.Http.HttpClient.DeepSeek.ClientHandler Received HTTP response headers after 293.7572ms - 200
[15:38:18 INF] System.Net.Http.HttpClient.DeepSeek.LogicalHandler End processing HTTP request after 294.2207ms - 200
[15:38:20 INF] System.Net.Http.HttpClient.DeepSeek.LogicalHandler Start processing HTTP request POST https://api.deepseek.com/chat/completions
[15:38:20 INF] System.Net.Http.HttpClient.DeepSeek.ClientHandler Sending HTTP request POST https://api.deepseek.com/chat/completions
[15:38:20 INF] System.Net.Http.HttpClient.DeepSeek.LogicalHandler Start processing HTTP request POST https://api.deepseek.com/chat/completions
[15:38:20 INF] System.Net.Http.HttpClient.DeepSeek.ClientHandler Sending HTTP request POST https://api.deepseek.com/chat/completions
[15:38:21 INF] System.Net.Http.HttpClient.DeepSeek.ClientHandler Received HTTP response headers after 286.0856ms - 200
[15:38:21 INF] System.Net.Http.HttpClient.DeepSeek.LogicalHandler End processing HTTP request after 289.7427ms - 200
[15:38:21 INF] System.Net.Http.HttpClient.DeepSeek.ClientHandler Received HTTP response headers after 279.875ms - 200
[15:38:21 INF] System.Net.Http.HttpClient.DeepSeek.LogicalHandler End processing HTTP request after 280.2204ms - 200
[15:38:21 INF] System.Net.Http.HttpClient.DeepSeek.LogicalHandler Start processing HTTP request POST https://api.deepseek.com/chat/completions
[15:38:21 INF] System.Net.Http.HttpClient.DeepSeek.ClientHandler Sending HTTP request POST https://api.deepseek.com/chat/completions
[15:38:21 INF] System.Net.Http.HttpClient.DeepSeek.ClientHandler Received HTTP response headers after 401.0972ms - 200
[15:38:21 INF] System.Net.Http.HttpClient.DeepSeek.LogicalHandler End processing HTTP request after 401.642ms - 200
[15:38:31 INF] simple_bloomberg_terminal.Services.Extraction.Measurement.CounterpartyMeasurementService Measurement lead agent starting for Super Micro Computer, Inc. run 1 using DeepSeek/deepseek-v4-pro | worker=directional-counterparty-worker-v2 | lead=counterparty-ledger-v2; digestChars=4646, contextChars=4648, maxTokens=16000
[15:38:31 INF] System.Net.Http.HttpClient.DeepSeek.LogicalHandler Start processing HTTP request POST https://api.deepseek.com/chat/completions
[15:38:31 INF] System.Net.Http.HttpClient.DeepSeek.ClientHandler Sending HTTP request POST https://api.deepseek.com/chat/completions
[15:38:32 INF] System.Net.Http.HttpClient.DeepSeek.ClientHandler Received HTTP response headers after 296.0366ms - 200
[15:38:32 INF] System.Net.Http.HttpClient.DeepSeek.LogicalHandler End processing HTTP request after 296.8078ms - 200
[15:40:23 INF] System.Net.Http.HttpClient.DeepSeek.LogicalHandler Start processing HTTP request POST https://api.deepseek.com/chat/completions
[15:40:23 INF] System.Net.Http.HttpClient.DeepSeek.ClientHandler Sending HTTP request POST https://api.deepseek.com/chat/completions
[15:40:23 INF] System.Net.Http.HttpClient.DeepSeek.LogicalHandler Start processing HTTP request POST https://api.deepseek.com/chat/completions
[15:40:23 INF] System.Net.Http.HttpClient.DeepSeek.ClientHandler Sending HTTP request POST https://api.deepseek.com/chat/completions
[15:40:23 INF] System.Net.Http.HttpClient.DeepSeek.LogicalHandler Start processing HTTP request POST https://api.deepseek.com/chat/completions
[15:40:23 INF] System.Net.Http.HttpClient.DeepSeek.ClientHandler Sending HTTP request POST https://api.deepseek.com/chat/completions
[15:40:23 INF] System.Net.Http.HttpClient.DeepSeek.LogicalHandler Start processing HTTP request POST https://api.deepseek.com/chat/completions
[15:40:23 INF] System.Net.Http.HttpClient.DeepSeek.ClientHandler Sending HTTP request POST https://api.deepseek.com/chat/completions
[15:40:23 INF] System.Net.Http.HttpClient.DeepSeek.LogicalHandler Start processing HTTP request POST https://api.deepseek.com/chat/completions
[15:40:23 INF] System.Net.Http.HttpClient.DeepSeek.ClientHandler Sending HTTP request POST https://api.deepseek.com/chat/completions
[15:40:23 INF] System.Net.Http.HttpClient.DeepSeek.LogicalHandler Start processing HTTP request POST https://api.deepseek.com/chat/completions
[15:40:23 INF] System.Net.Http.HttpClient.DeepSeek.ClientHandler Sending HTTP request POST https://api.deepseek.com/chat/completions
[15:40:24 INF] System.Net.Http.HttpClient.DeepSeek.ClientHandler Received HTTP response headers after 612.3609ms - 200
[15:40:24 INF] System.Net.Http.HttpClient.DeepSeek.LogicalHandler End processing HTTP request after 612.762ms - 200
[15:40:24 INF] System.Net.Http.HttpClient.DeepSeek.ClientHandler Received HTTP response headers after 623.4162ms - 200
[15:40:24 INF] System.Net.Http.HttpClient.DeepSeek.LogicalHandler End processing HTTP request after 625.0158ms - 200
[15:40:24 INF] System.Net.Http.HttpClient.DeepSeek.ClientHandler Received HTTP response headers after 633.7077ms - 200
[15:40:24 INF] System.Net.Http.HttpClient.DeepSeek.LogicalHandler End processing HTTP request after 633.8467ms - 200
[15:40:24 INF] System.Net.Http.HttpClient.DeepSeek.ClientHandler Received HTTP response headers after 634.7377ms - 200
[15:40:24 INF] System.Net.Http.HttpClient.DeepSeek.LogicalHandler End processing HTTP request after 634.8462ms - 200
[15:40:24 INF] System.Net.Http.HttpClient.DeepSeek.ClientHandler Received HTTP response headers after 636.6524ms - 200
[15:40:24 INF] System.Net.Http.HttpClient.DeepSeek.LogicalHandler End processing HTTP request after 636.7514ms - 200
[15:40:24 INF] System.Net.Http.HttpClient.DeepSeek.ClientHandler Received HTTP response headers after 631.6131ms - 200
[15:40:24 INF] System.Net.Http.HttpClient.DeepSeek.LogicalHandler End processing HTTP request after 634.7472ms - 200
[15:40:25 INF] System.Net.Http.HttpClient.DeepSeek.LogicalHandler Start processing HTTP request POST https://api.deepseek.com/chat/completions
[15:40:25 INF] System.Net.Http.HttpClient.DeepSeek.ClientHandler Sending HTTP request POST https://api.deepseek.com/chat/completions
[15:40:25 INF] System.Net.Http.HttpClient.DeepSeek.LogicalHandler Start processing HTTP request POST https://api.deepseek.com/chat/completions
[15:40:25 INF] System.Net.Http.HttpClient.DeepSeek.ClientHandler Sending HTTP request POST https://api.deepseek.com/chat/completions
[15:40:25 INF] System.Net.Http.HttpClient.DeepSeek.LogicalHandler Start processing HTTP request POST https://api.deepseek.com/chat/completions
[15:40:25 INF] System.Net.Http.HttpClient.DeepSeek.ClientHandler Sending HTTP request POST https://api.deepseek.com/chat/completions
[15:40:25 INF] System.Net.Http.HttpClient.DeepSeek.LogicalHandler Start processing HTTP request POST https://api.deepseek.com/chat/completions
[15:40:25 INF] System.Net.Http.HttpClient.DeepSeek.ClientHandler Sending HTTP request POST https://api.deepseek.com/chat/completions
[15:40:25 INF] System.Net.Http.HttpClient.DeepSeek.LogicalHandler Start processing HTTP request POST https://api.deepseek.com/chat/completions
[15:40:25 INF] System.Net.Http.HttpClient.DeepSeek.ClientHandler Sending HTTP request POST https://api.deepseek.com/chat/completions
[15:40:25 INF] System.Net.Http.HttpClient.DeepSeek.LogicalHandler Start processing HTTP request POST https://api.deepseek.com/chat/completions
[15:40:25 INF] System.Net.Http.HttpClient.DeepSeek.ClientHandler Sending HTTP request POST https://api.deepseek.com/chat/completions
[15:40:25 INF] System.Net.Http.HttpClient.DeepSeek.LogicalHandler Start processing HTTP request POST https://api.deepseek.com/chat/completions
[15:40:25 INF] System.Net.Http.HttpClient.DeepSeek.ClientHandler Sending HTTP request POST https://api.deepseek.com/chat/completions
[15:40:25 INF] System.Net.Http.HttpClient.DeepSeek.LogicalHandler Start processing HTTP request POST https://api.deepseek.com/chat/completions
[15:40:25 INF] System.Net.Http.HttpClient.DeepSeek.ClientHandler Sending HTTP request POST https://api.deepseek.com/chat/completions
[15:40:25 INF] System.Net.Http.HttpClient.DeepSeek.ClientHandler Received HTTP response headers after 518.5972ms - 200
[15:40:25 INF] System.Net.Http.HttpClient.DeepSeek.LogicalHandler End processing HTTP request after 518.7538ms - 200
[15:40:25 INF] System.Net.Http.HttpClient.DeepSeek.ClientHandler Received HTTP response headers after 536.9175ms - 200
[15:40:25 INF] System.Net.Http.HttpClient.DeepSeek.LogicalHandler End processing HTTP request after 537.054ms - 200
[15:40:25 INF] System.Net.Http.HttpClient.DeepSeek.ClientHandler Received HTTP response headers after 541.5611ms - 200
[15:40:25 INF] System.Net.Http.HttpClient.DeepSeek.LogicalHandler End processing HTTP request after 541.9854ms - 200
[15:40:25 INF] System.Net.Http.HttpClient.DeepSeek.ClientHandler Received HTTP response headers after 544.9492ms - 200
[15:40:25 INF] System.Net.Http.HttpClient.DeepSeek.LogicalHandler End processing HTTP request after 545.0374ms - 200
[15:40:25 INF] System.Net.Http.HttpClient.DeepSeek.ClientHandler Received HTTP response headers after 550.0919ms - 200
[15:40:25 INF] System.Net.Http.HttpClient.DeepSeek.LogicalHandler End processing HTTP request after 550.366ms - 200
[15:40:25 INF] System.Net.Http.HttpClient.DeepSeek.ClientHandler Received HTTP response headers after 623.2573ms - 200
[15:40:25 INF] System.Net.Http.HttpClient.DeepSeek.LogicalHandler End processing HTTP request after 623.3856ms - 200
[15:40:25 INF] System.Net.Http.HttpClient.DeepSeek.ClientHandler Received HTTP response headers after 285.742ms - 200
[15:40:25 INF] System.Net.Http.HttpClient.DeepSeek.LogicalHandler End processing HTTP request after 285.9267ms - 200
[15:40:26 INF] System.Net.Http.HttpClient.DeepSeek.ClientHandler Received HTTP response headers after 280.194ms - 200
[15:40:26 INF] System.Net.Http.HttpClient.DeepSeek.LogicalHandler End processing HTTP request after 280.3841ms - 200
[15:40:27 INF] System.Net.Http.HttpClient.DeepSeek.LogicalHandler Start processing HTTP request POST https://api.deepseek.com/chat/completions
[15:40:27 INF] System.Net.Http.HttpClient.DeepSeek.ClientHandler Sending HTTP request POST https://api.deepseek.com/chat/completions
[15:40:27 INF] System.Net.Http.HttpClient.DeepSeek.LogicalHandler Start processing HTTP request POST https://api.deepseek.com/chat/completions
[15:40:27 INF] System.Net.Http.HttpClient.DeepSeek.ClientHandler Sending HTTP request POST https://api.deepseek.com/chat/completions
[15:40:27 INF] System.Net.Http.HttpClient.DeepSeek.LogicalHandler Start processing HTTP request POST https://api.deepseek.com/chat/completions
[15:40:27 INF] System.Net.Http.HttpClient.DeepSeek.ClientHandler Sending HTTP request POST https://api.deepseek.com/chat/completions
[15:40:27 INF] System.Net.Http.HttpClient.DeepSeek.LogicalHandler Start processing HTTP request POST https://api.deepseek.com/chat/completions
[15:40:27 INF] System.Net.Http.HttpClient.DeepSeek.ClientHandler Sending HTTP request POST https://api.deepseek.com/chat/completions
[15:40:27 INF] System.Net.Http.HttpClient.DeepSeek.LogicalHandler Start processing HTTP request POST https://api.deepseek.com/chat/completions
[15:40:27 INF] System.Net.Http.HttpClient.DeepSeek.ClientHandler Sending HTTP request POST https://api.deepseek.com/chat/completions
[15:40:27 INF] System.Net.Http.HttpClient.DeepSeek.LogicalHandler Start processing HTTP request POST https://api.deepseek.com/chat/completions
[15:40:27 INF] System.Net.Http.HttpClient.DeepSeek.ClientHandler Sending HTTP request POST https://api.deepseek.com/chat/completions
[15:40:27 INF] System.Net.Http.HttpClient.DeepSeek.LogicalHandler Start processing HTTP request POST https://api.deepseek.com/chat/completions
[15:40:27 INF] System.Net.Http.HttpClient.DeepSeek.ClientHandler Sending HTTP request POST https://api.deepseek.com/chat/completions
[15:40:27 INF] System.Net.Http.HttpClient.DeepSeek.LogicalHandler Start processing HTTP request POST https://api.deepseek.com/chat/completions
[15:40:27 INF] System.Net.Http.HttpClient.DeepSeek.ClientHandler Sending HTTP request POST https://api.deepseek.com/chat/completions
[15:40:27 INF] System.Net.Http.HttpClient.DeepSeek.ClientHandler Received HTTP response headers after 464.8662ms - 200
[15:40:27 INF] System.Net.Http.HttpClient.DeepSeek.LogicalHandler End processing HTTP request after 465.1673ms - 200
[15:40:27 INF] System.Net.Http.HttpClient.DeepSeek.ClientHandler Received HTTP response headers after 468.2566ms - 200
[15:40:27 INF] System.Net.Http.HttpClient.DeepSeek.LogicalHandler End processing HTTP request after 468.6057ms - 200
[15:40:27 INF] System.Net.Http.HttpClient.DeepSeek.ClientHandler Received HTTP response headers after 476.3529ms - 200
[15:40:27 INF] System.Net.Http.HttpClient.DeepSeek.LogicalHandler End processing HTTP request after 476.6763ms - 200
[15:40:27 INF] System.Net.Http.HttpClient.DeepSeek.ClientHandler Received HTTP response headers after 483.4557ms - 200
[15:40:27 INF] System.Net.Http.HttpClient.DeepSeek.LogicalHandler End processing HTTP request after 483.7833ms - 200
[15:40:27 INF] System.Net.Http.HttpClient.DeepSeek.ClientHandler Received HTTP response headers after 484.1916ms - 200
[15:40:27 INF] System.Net.Http.HttpClient.DeepSeek.LogicalHandler End processing HTTP request after 484.4953ms - 200
[15:40:27 INF] System.Net.Http.HttpClient.DeepSeek.ClientHandler Received HTTP response headers after 491.6697ms - 200
[15:40:27 INF] System.Net.Http.HttpClient.DeepSeek.LogicalHandler End processing HTTP request after 492.1865ms - 200
[15:40:27 INF] System.Net.Http.HttpClient.DeepSeek.ClientHandler Received HTTP response headers after 284.2222ms - 200
[15:40:27 INF] System.Net.Http.HttpClient.DeepSeek.LogicalHandler End processing HTTP request after 284.7348ms - 200
[15:40:27 INF] System.Net.Http.HttpClient.DeepSeek.ClientHandler Received HTTP response headers after 286.5406ms - 200
[15:40:27 INF] System.Net.Http.HttpClient.DeepSeek.LogicalHandler End processing HTTP request after 287.0495ms - 200
[15:40:27 INF] System.Net.Http.HttpClient.DeepSeek.LogicalHandler Start processing HTTP request POST https://api.deepseek.com/chat/completions
[15:40:27 INF] System.Net.Http.HttpClient.DeepSeek.ClientHandler Sending HTTP request POST https://api.deepseek.com/chat/completions
[15:40:28 INF] System.Net.Http.HttpClient.DeepSeek.ClientHandler Received HTTP response headers after 306.152ms - 200
[15:40:28 INF] System.Net.Http.HttpClient.DeepSeek.LogicalHandler End processing HTTP request after 306.5091ms - 200
[15:40:28 INF] System.Net.Http.HttpClient.DeepSeek.LogicalHandler Start processing HTTP request POST https://api.deepseek.com/chat/completions
[15:40:28 INF] System.Net.Http.HttpClient.DeepSeek.ClientHandler Sending HTTP request POST https://api.deepseek.com/chat/completions
[15:40:28 INF] System.Net.Http.HttpClient.DeepSeek.LogicalHandler Start processing HTTP request POST https://api.deepseek.com/chat/completions
[15:40:28 INF] System.Net.Http.HttpClient.DeepSeek.ClientHandler Sending HTTP request POST https://api.deepseek.com/chat/completions
[15:40:28 INF] System.Net.Http.HttpClient.DeepSeek.ClientHandler Received HTTP response headers after 276.3857ms - 200
[15:40:28 INF] System.Net.Http.HttpClient.DeepSeek.LogicalHandler End processing HTTP request after 276.9927ms - 200
[15:40:28 INF] System.Net.Http.HttpClient.DeepSeek.LogicalHandler Start processing HTTP request POST https://api.deepseek.com/chat/completions
[15:40:28 INF] System.Net.Http.HttpClient.DeepSeek.ClientHandler Sending HTTP request POST https://api.deepseek.com/chat/completions
[15:40:28 INF] System.Net.Http.HttpClient.DeepSeek.LogicalHandler Start processing HTTP request POST https://api.deepseek.com/chat/completions
[15:40:28 INF] System.Net.Http.HttpClient.DeepSeek.ClientHandler Sending HTTP request POST https://api.deepseek.com/chat/completions
[15:40:28 INF] System.Net.Http.HttpClient.DeepSeek.ClientHandler Received HTTP response headers after 288.4698ms - 200
[15:40:28 INF] System.Net.Http.HttpClient.DeepSeek.LogicalHandler End processing HTTP request after 288.8846ms - 200
[15:40:29 INF] System.Net.Http.HttpClient.DeepSeek.LogicalHandler Start processing HTTP request POST https://api.deepseek.com/chat/completions
[15:40:29 INF] System.Net.Http.HttpClient.DeepSeek.ClientHandler Sending HTTP request POST https://api.deepseek.com/chat/completions
[15:40:29 INF] System.Net.Http.HttpClient.DeepSeek.ClientHandler Received HTTP response headers after 290.9254ms - 200
[15:40:29 INF] System.Net.Http.HttpClient.DeepSeek.LogicalHandler End processing HTTP request after 291.349ms - 200
[15:40:29 INF] System.Net.Http.HttpClient.DeepSeek.ClientHandler Received HTTP response headers after 284.8419ms - 200
[15:40:29 INF] System.Net.Http.HttpClient.DeepSeek.LogicalHandler End processing HTTP request after 286.048ms - 200
[15:40:29 INF] System.Net.Http.HttpClient.DeepSeek.LogicalHandler Start processing HTTP request POST https://api.deepseek.com/chat/completions
[15:40:29 INF] System.Net.Http.HttpClient.DeepSeek.ClientHandler Sending HTTP request POST https://api.deepseek.com/chat/completions
[15:40:29 INF] System.Net.Http.HttpClient.DeepSeek.ClientHandler Received HTTP response headers after 295.3184ms - 200
[15:40:29 INF] System.Net.Http.HttpClient.DeepSeek.LogicalHandler End processing HTTP request after 295.7367ms - 200
[15:40:29 INF] System.Net.Http.HttpClient.DeepSeek.ClientHandler Received HTTP response headers after 284.0564ms - 200
[15:40:29 INF] System.Net.Http.HttpClient.DeepSeek.LogicalHandler End processing HTTP request after 284.5735ms - 200
[15:40:29 INF] System.Net.Http.HttpClient.DeepSeek.LogicalHandler Start processing HTTP request POST https://api.deepseek.com/chat/completions
[15:40:29 INF] System.Net.Http.HttpClient.DeepSeek.ClientHandler Sending HTTP request POST https://api.deepseek.com/chat/completions
[15:40:29 INF] System.Net.Http.HttpClient.DeepSeek.ClientHandler Received HTTP response headers after 353.2518ms - 200
[15:40:29 INF] System.Net.Http.HttpClient.DeepSeek.LogicalHandler End processing HTTP request after 353.8861ms - 200
[15:40:29 INF] System.Net.Http.HttpClient.DeepSeek.LogicalHandler Start processing HTTP request POST https://api.deepseek.com/chat/completions
[15:40:29 INF] System.Net.Http.HttpClient.DeepSeek.ClientHandler Sending HTTP request POST https://api.deepseek.com/chat/completions
[15:40:29 INF] System.Net.Http.HttpClient.DeepSeek.LogicalHandler Start processing HTTP request POST https://api.deepseek.com/chat/completions
[15:40:29 INF] System.Net.Http.HttpClient.DeepSeek.ClientHandler Sending HTTP request POST https://api.deepseek.com/chat/completions
[15:40:29 INF] System.Net.Http.HttpClient.DeepSeek.LogicalHandler Start processing HTTP request POST https://api.deepseek.com/chat/completions
[15:40:29 INF] System.Net.Http.HttpClient.DeepSeek.ClientHandler Sending HTTP request POST https://api.deepseek.com/chat/completions
[15:40:30 INF] System.Net.Http.HttpClient.DeepSeek.LogicalHandler Start processing HTTP request POST https://api.deepseek.com/chat/completions
[15:40:30 INF] System.Net.Http.HttpClient.DeepSeek.ClientHandler Sending HTTP request POST https://api.deepseek.com/chat/completions
[15:40:30 INF] System.Net.Http.HttpClient.DeepSeek.ClientHandler Received HTTP response headers after 285.7028ms - 200
[15:40:30 INF] System.Net.Http.HttpClient.DeepSeek.LogicalHandler End processing HTTP request after 286.2172ms - 200
[15:40:30 INF] System.Net.Http.HttpClient.DeepSeek.ClientHandler Received HTTP response headers after 275.0978ms - 200
[15:40:30 INF] System.Net.Http.HttpClient.DeepSeek.LogicalHandler End processing HTTP request after 275.6684ms - 200
[15:40:30 INF] System.Net.Http.HttpClient.DeepSeek.LogicalHandler Start processing HTTP request POST https://api.deepseek.com/chat/completions
[15:40:30 INF] System.Net.Http.HttpClient.DeepSeek.ClientHandler Sending HTTP request POST https://api.deepseek.com/chat/completions
[15:40:30 INF] System.Net.Http.HttpClient.DeepSeek.ClientHandler Received HTTP response headers after 289.721ms - 200
[15:40:30 INF] System.Net.Http.HttpClient.DeepSeek.LogicalHandler End processing HTTP request after 290.0536ms - 200
[15:40:30 INF] System.Net.Http.HttpClient.DeepSeek.ClientHandler Received HTTP response headers after 283.5686ms - 200
[15:40:30 INF] System.Net.Http.HttpClient.DeepSeek.LogicalHandler End processing HTTP request after 284.1022ms - 200
[15:40:30 INF] System.Net.Http.HttpClient.DeepSeek.ClientHandler Received HTTP response headers after 291.1588ms - 200
[15:40:30 INF] System.Net.Http.HttpClient.DeepSeek.LogicalHandler End processing HTTP request after 291.7274ms - 200
[15:40:30 INF] System.Net.Http.HttpClient.DeepSeek.LogicalHandler Start processing HTTP request POST https://api.deepseek.com/chat/completions
[15:40:30 INF] System.Net.Http.HttpClient.DeepSeek.ClientHandler Sending HTTP request POST https://api.deepseek.com/chat/completions
[15:40:30 INF] System.Net.Http.HttpClient.DeepSeek.ClientHandler Received HTTP response headers after 319.5964ms - 200
[15:40:30 INF] System.Net.Http.HttpClient.DeepSeek.LogicalHandler End processing HTTP request after 320.2657ms - 200
[15:40:31 INF] System.Net.Http.HttpClient.DeepSeek.LogicalHandler Start processing HTTP request POST https://api.deepseek.com/chat/completions
[15:40:31 INF] System.Net.Http.HttpClient.DeepSeek.LogicalHandler Start processing HTTP request POST https://api.deepseek.com/chat/completions
[15:40:31 INF] System.Net.Http.HttpClient.DeepSeek.ClientHandler Sending HTTP request POST https://api.deepseek.com/chat/completions
[15:40:31 INF] System.Net.Http.HttpClient.DeepSeek.ClientHandler Sending HTTP request POST https://api.deepseek.com/chat/completions
[15:40:31 INF] System.Net.Http.HttpClient.DeepSeek.LogicalHandler Start processing HTTP request POST https://api.deepseek.com/chat/completions
[15:40:31 INF] System.Net.Http.HttpClient.DeepSeek.ClientHandler Sending HTTP request POST https://api.deepseek.com/chat/completions
[15:40:31 INF] System.Net.Http.HttpClient.DeepSeek.ClientHandler Received HTTP response headers after 282.2702ms - 200
[15:40:31 INF] System.Net.Http.HttpClient.DeepSeek.LogicalHandler End processing HTTP request after 283.2432ms - 200
[15:40:31 INF] System.Net.Http.HttpClient.DeepSeek.ClientHandler Received HTTP response headers after 291.2997ms - 200
[15:40:31 INF] System.Net.Http.HttpClient.DeepSeek.LogicalHandler End processing HTTP request after 291.8615ms - 200
[15:40:31 INF] System.Net.Http.HttpClient.DeepSeek.ClientHandler Received HTTP response headers after 284.589ms - 200
[15:40:31 INF] System.Net.Http.HttpClient.DeepSeek.LogicalHandler End processing HTTP request after 285.1775ms - 200
[15:40:31 INF] System.Net.Http.HttpClient.DeepSeek.LogicalHandler Start processing HTTP request POST https://api.deepseek.com/chat/completions
[15:40:31 INF] System.Net.Http.HttpClient.DeepSeek.ClientHandler Sending HTTP request POST https://api.deepseek.com/chat/completions
[15:40:31 INF] System.Net.Http.HttpClient.DeepSeek.ClientHandler Received HTTP response headers after 300.3949ms - 200
[15:40:31 INF] System.Net.Http.HttpClient.DeepSeek.LogicalHandler End processing HTTP request after 300.8585ms - 200
[15:40:32 INF] System.Net.Http.HttpClient.DeepSeek.LogicalHandler Start processing HTTP request POST https://api.deepseek.com/chat/completions
[15:40:32 INF] System.Net.Http.HttpClient.DeepSeek.ClientHandler Sending HTTP request POST https://api.deepseek.com/chat/completions
[15:40:32 INF] System.Net.Http.HttpClient.DeepSeek.LogicalHandler Start processing HTTP request POST https://api.deepseek.com/chat/completions
[15:40:32 INF] System.Net.Http.HttpClient.DeepSeek.ClientHandler Sending HTTP request POST https://api.deepseek.com/chat/completions
[15:40:32 INF] System.Net.Http.HttpClient.DeepSeek.LogicalHandler Start processing HTTP request POST https://api.deepseek.com/chat/completions
[15:40:32 INF] System.Net.Http.HttpClient.DeepSeek.ClientHandler Sending HTTP request POST https://api.deepseek.com/chat/completions
[15:40:32 INF] System.Net.Http.HttpClient.DeepSeek.ClientHandler Received HTTP response headers after 291.2188ms - 200
[15:40:32 INF] System.Net.Http.HttpClient.DeepSeek.LogicalHandler End processing HTTP request after 291.7842ms - 200
[15:40:32 INF] System.Net.Http.HttpClient.DeepSeek.ClientHandler Received HTTP response headers after 285.6415ms - 200
[15:40:32 INF] System.Net.Http.HttpClient.DeepSeek.LogicalHandler End processing HTTP request after 286.1615ms - 200
[15:40:32 INF] System.Net.Http.HttpClient.DeepSeek.ClientHandler Received HTTP response headers after 279.4742ms - 200
[15:40:32 INF] System.Net.Http.HttpClient.DeepSeek.LogicalHandler End processing HTTP request after 280.191ms - 200
[15:40:33 INF] System.Net.Http.HttpClient.DeepSeek.LogicalHandler Start processing HTTP request POST https://api.deepseek.com/chat/completions
[15:40:33 INF] System.Net.Http.HttpClient.DeepSeek.ClientHandler Sending HTTP request POST https://api.deepseek.com/chat/completions
[15:40:33 INF] System.Net.Http.HttpClient.DeepSeek.LogicalHandler Start processing HTTP request POST https://api.deepseek.com/chat/completions
[15:40:33 INF] System.Net.Http.HttpClient.DeepSeek.ClientHandler Sending HTTP request POST https://api.deepseek.com/chat/completions
[15:40:33 INF] System.Net.Http.HttpClient.DeepSeek.LogicalHandler Start processing HTTP request POST https://api.deepseek.com/chat/completions
[15:40:33 INF] System.Net.Http.HttpClient.DeepSeek.ClientHandler Sending HTTP request POST https://api.deepseek.com/chat/completions
[15:40:33 INF] System.Net.Http.HttpClient.DeepSeek.LogicalHandler Start processing HTTP request POST https://api.deepseek.com/chat/completions
[15:40:33 INF] System.Net.Http.HttpClient.DeepSeek.ClientHandler Sending HTTP request POST https://api.deepseek.com/chat/completions
[15:40:33 INF] System.Net.Http.HttpClient.DeepSeek.ClientHandler Received HTTP response headers after 289.9443ms - 200
[15:40:33 INF] System.Net.Http.HttpClient.DeepSeek.LogicalHandler End processing HTTP request after 290.6877ms - 200
[15:40:33 INF] System.Net.Http.HttpClient.DeepSeek.ClientHandler Received HTTP response headers after 286.0129ms - 200
[15:40:33 INF] System.Net.Http.HttpClient.DeepSeek.LogicalHandler End processing HTTP request after 286.6887ms - 200
[15:40:33 INF] System.Net.Http.HttpClient.DeepSeek.ClientHandler Received HTTP response headers after 290.2667ms - 200
[15:40:33 INF] System.Net.Http.HttpClient.DeepSeek.LogicalHandler End processing HTTP request after 290.9239ms - 200
[15:40:33 INF] System.Net.Http.HttpClient.DeepSeek.ClientHandler Received HTTP response headers after 287.7392ms - 200
[15:40:33 INF] System.Net.Http.HttpClient.DeepSeek.LogicalHandler End processing HTTP request after 290.441ms - 200
[15:40:33 INF] System.Net.Http.HttpClient.DeepSeek.LogicalHandler Start processing HTTP request POST https://api.deepseek.com/chat/completions
[15:40:33 INF] System.Net.Http.HttpClient.DeepSeek.ClientHandler Sending HTTP request POST https://api.deepseek.com/chat/completions
[15:40:33 INF] System.Net.Http.HttpClient.DeepSeek.LogicalHandler Start processing HTTP request POST https://api.deepseek.com/chat/completions
[15:40:33 INF] System.Net.Http.HttpClient.DeepSeek.ClientHandler Sending HTTP request POST https://api.deepseek.com/chat/completions
[15:40:34 INF] System.Net.Http.HttpClient.DeepSeek.LogicalHandler Start processing HTTP request POST https://api.deepseek.com/chat/completions
[15:40:34 INF] System.Net.Http.HttpClient.DeepSeek.ClientHandler Sending HTTP request POST https://api.deepseek.com/chat/completions
[15:40:34 INF] System.Net.Http.HttpClient.DeepSeek.ClientHandler Received HTTP response headers after 280.3401ms - 200
[15:40:34 INF] System.Net.Http.HttpClient.DeepSeek.LogicalHandler End processing HTTP request after 281.1018ms - 200
[15:40:34 INF] System.Net.Http.HttpClient.DeepSeek.ClientHandler Received HTTP response headers after 279.5717ms - 200
[15:40:34 INF] System.Net.Http.HttpClient.DeepSeek.LogicalHandler End processing HTTP request after 280.064ms - 200
[15:40:34 INF] System.Net.Http.HttpClient.DeepSeek.ClientHandler Received HTTP response headers after 291.4934ms - 200
[15:40:34 INF] System.Net.Http.HttpClient.DeepSeek.LogicalHandler End processing HTTP request after 291.9862ms - 200
[15:40:34 INF] System.Net.Http.HttpClient.DeepSeek.LogicalHandler Start processing HTTP request POST https://api.deepseek.com/chat/completions
[15:40:34 INF] System.Net.Http.HttpClient.DeepSeek.ClientHandler Sending HTTP request POST https://api.deepseek.com/chat/completions
[15:40:34 INF] System.Net.Http.HttpClient.DeepSeek.LogicalHandler Start processing HTTP request POST https://api.deepseek.com/chat/completions
[15:40:34 INF] System.Net.Http.HttpClient.DeepSeek.ClientHandler Sending HTTP request POST https://api.deepseek.com/chat/completions
[15:40:34 INF] System.Net.Http.HttpClient.DeepSeek.ClientHandler Received HTTP response headers after 281.0568ms - 200
[15:40:34 INF] System.Net.Http.HttpClient.DeepSeek.LogicalHandler End processing HTTP request after 281.831ms - 200
[15:40:35 INF] System.Net.Http.HttpClient.DeepSeek.ClientHandler Received HTTP response headers after 310.2392ms - 200
[15:40:35 INF] System.Net.Http.HttpClient.DeepSeek.LogicalHandler End processing HTTP request after 311.189ms - 200
[15:40:35 INF] System.Net.Http.HttpClient.DeepSeek.LogicalHandler Start processing HTTP request POST https://api.deepseek.com/chat/completions
[15:40:35 INF] System.Net.Http.HttpClient.DeepSeek.ClientHandler Sending HTTP request POST https://api.deepseek.com/chat/completions
[15:40:35 INF] System.Net.Http.HttpClient.DeepSeek.ClientHandler Received HTTP response headers after 281.9346ms - 200
[15:40:35 INF] System.Net.Http.HttpClient.DeepSeek.LogicalHandler End processing HTTP request after 282.4486ms - 200
[15:40:35 INF] System.Net.Http.HttpClient.DeepSeek.LogicalHandler Start processing HTTP request POST https://api.deepseek.com/chat/completions
[15:40:35 INF] System.Net.Http.HttpClient.DeepSeek.ClientHandler Sending HTTP request POST https://api.deepseek.com/chat/completions
[15:40:35 INF] System.Net.Http.HttpClient.DeepSeek.LogicalHandler Start processing HTTP request POST https://api.deepseek.com/chat/completions
[15:40:35 INF] System.Net.Http.HttpClient.DeepSeek.ClientHandler Sending HTTP request POST https://api.deepseek.com/chat/completions
[15:40:35 INF] System.Net.Http.HttpClient.DeepSeek.LogicalHandler Start processing HTTP request POST https://api.deepseek.com/chat/completions
[15:40:35 INF] System.Net.Http.HttpClient.DeepSeek.ClientHandler Sending HTTP request POST https://api.deepseek.com/chat/completions
[15:40:36 INF] System.Net.Http.HttpClient.DeepSeek.ClientHandler Received HTTP response headers after 293.413ms - 200
[15:40:36 INF] System.Net.Http.HttpClient.DeepSeek.LogicalHandler End processing HTTP request after 293.9082ms - 200
[15:40:36 INF] System.Net.Http.HttpClient.DeepSeek.ClientHandler Received HTTP response headers after 287.7762ms - 200
[15:40:36 INF] System.Net.Http.HttpClient.DeepSeek.LogicalHandler End processing HTTP request after 288.2995ms - 200
[15:40:36 INF] System.Net.Http.HttpClient.DeepSeek.ClientHandler Received HTTP response headers after 282.3665ms - 200
[15:40:36 INF] System.Net.Http.HttpClient.DeepSeek.LogicalHandler End processing HTTP request after 282.8289ms - 200
[15:40:36 INF] System.Net.Http.HttpClient.DeepSeek.LogicalHandler Start processing HTTP request POST https://api.deepseek.com/chat/completions
[15:40:36 INF] System.Net.Http.HttpClient.DeepSeek.ClientHandler Sending HTTP request POST https://api.deepseek.com/chat/completions
[15:40:36 INF] System.Net.Http.HttpClient.DeepSeek.LogicalHandler Start processing HTTP request POST https://api.deepseek.com/chat/completions
[15:40:36 INF] System.Net.Http.HttpClient.DeepSeek.ClientHandler Sending HTTP request POST https://api.deepseek.com/chat/completions
[15:40:36 INF] System.Net.Http.HttpClient.DeepSeek.ClientHandler Received HTTP response headers after 277.462ms - 200
[15:40:36 INF] System.Net.Http.HttpClient.DeepSeek.LogicalHandler End processing HTTP request after 278.0422ms - 200
[15:40:36 INF] System.Net.Http.HttpClient.DeepSeek.ClientHandler Received HTTP response headers after 286.6976ms - 200
[15:40:36 INF] System.Net.Http.HttpClient.DeepSeek.LogicalHandler End processing HTTP request after 289.0982ms - 200
[15:40:36 INF] System.Net.Http.HttpClient.DeepSeek.LogicalHandler Start processing HTTP request POST https://api.deepseek.com/chat/completions
[15:40:36 INF] System.Net.Http.HttpClient.DeepSeek.ClientHandler Sending HTTP request POST https://api.deepseek.com/chat/completions
[15:40:36 INF] System.Net.Http.HttpClient.DeepSeek.LogicalHandler Start processing HTTP request POST https://api.deepseek.com/chat/completions
[15:40:36 INF] System.Net.Http.HttpClient.DeepSeek.ClientHandler Sending HTTP request POST https://api.deepseek.com/chat/completions
[15:40:36 INF] System.Net.Http.HttpClient.DeepSeek.ClientHandler Received HTTP response headers after 284.3675ms - 200
[15:40:36 INF] System.Net.Http.HttpClient.DeepSeek.LogicalHandler End processing HTTP request after 284.95ms - 200
[15:40:36 INF] System.Net.Http.HttpClient.DeepSeek.LogicalHandler Start processing HTTP request POST https://api.deepseek.com/chat/completions
[15:40:36 INF] System.Net.Http.HttpClient.DeepSeek.ClientHandler Sending HTTP request POST https://api.deepseek.com/chat/completions
[15:40:36 INF] System.Net.Http.HttpClient.DeepSeek.ClientHandler Received HTTP response headers after 279.2928ms - 200
[15:40:36 INF] System.Net.Http.HttpClient.DeepSeek.LogicalHandler End processing HTTP request after 280.1951ms - 200
[15:40:37 INF] System.Net.Http.HttpClient.DeepSeek.ClientHandler Received HTTP response headers after 312.4737ms - 200
[15:40:37 INF] System.Net.Http.HttpClient.DeepSeek.LogicalHandler End processing HTTP request after 314.662ms - 200
[15:40:37 INF] System.Net.Http.HttpClient.DeepSeek.LogicalHandler Start processing HTTP request POST https://api.deepseek.com/chat/completions
[15:40:37 INF] System.Net.Http.HttpClient.DeepSeek.ClientHandler Sending HTTP request POST https://api.deepseek.com/chat/completions
[15:40:37 INF] System.Net.Http.HttpClient.DeepSeek.ClientHandler Received HTTP response headers after 309.5508ms - 200
[15:40:37 INF] System.Net.Http.HttpClient.DeepSeek.LogicalHandler End processing HTTP request after 310.1772ms - 200
[15:40:37 INF] System.Net.Http.HttpClient.DeepSeek.LogicalHandler Start processing HTTP request POST https://api.deepseek.com/chat/completions
[15:40:37 INF] System.Net.Http.HttpClient.DeepSeek.ClientHandler Sending HTTP request POST https://api.deepseek.com/chat/completions
[15:40:37 INF] System.Net.Http.HttpClient.DeepSeek.LogicalHandler Start processing HTTP request POST https://api.deepseek.com/chat/completions
[15:40:37 INF] System.Net.Http.HttpClient.DeepSeek.ClientHandler Sending HTTP request POST https://api.deepseek.com/chat/completions
[15:40:38 INF] System.Net.Http.HttpClient.DeepSeek.LogicalHandler Start processing HTTP request POST https://api.deepseek.com/chat/completions
[15:40:38 INF] System.Net.Http.HttpClient.DeepSeek.ClientHandler Sending HTTP request POST https://api.deepseek.com/chat/completions
[15:40:38 INF] System.Net.Http.HttpClient.DeepSeek.ClientHandler Received HTTP response headers after 280.209ms - 200
[15:40:38 INF] System.Net.Http.HttpClient.DeepSeek.LogicalHandler End processing HTTP request after 280.6446ms - 200
[15:40:38 INF] System.Net.Http.HttpClient.DeepSeek.ClientHandler Received HTTP response headers after 281.4492ms - 200
[15:40:38 INF] System.Net.Http.HttpClient.DeepSeek.LogicalHandler End processing HTTP request after 281.9196ms - 200
[15:40:38 INF] System.Net.Http.HttpClient.DeepSeek.ClientHandler Received HTTP response headers after 286.9504ms - 200
[15:40:38 INF] System.Net.Http.HttpClient.DeepSeek.LogicalHandler End processing HTTP request after 287.3636ms - 200
[15:40:38 INF] System.Net.Http.HttpClient.DeepSeek.LogicalHandler Start processing HTTP request POST https://api.deepseek.com/chat/completions
[15:40:38 INF] System.Net.Http.HttpClient.DeepSeek.ClientHandler Sending HTTP request POST https://api.deepseek.com/chat/completions
[15:40:38 INF] System.Net.Http.HttpClient.DeepSeek.ClientHandler Received HTTP response headers after 279.8489ms - 200
[15:40:38 INF] System.Net.Http.HttpClient.DeepSeek.LogicalHandler End processing HTTP request after 281.8065ms - 200
[15:40:38 INF] System.Net.Http.HttpClient.DeepSeek.LogicalHandler Start processing HTTP request POST https://api.deepseek.com/chat/completions
[15:40:38 INF] System.Net.Http.HttpClient.DeepSeek.ClientHandler Sending HTTP request POST https://api.deepseek.com/chat/completions
[15:40:38 INF] System.Net.Http.HttpClient.DeepSeek.LogicalHandler Start processing HTTP request POST https://api.deepseek.com/chat/completions
[15:40:38 INF] System.Net.Http.HttpClient.DeepSeek.ClientHandler Sending HTTP request POST https://api.deepseek.com/chat/completions
[15:40:38 INF] System.Net.Http.HttpClient.DeepSeek.LogicalHandler Start processing HTTP request POST https://api.deepseek.com/chat/completions
[15:40:38 INF] System.Net.Http.HttpClient.DeepSeek.ClientHandler Sending HTTP request POST https://api.deepseek.com/chat/completions
[15:40:39 INF] System.Net.Http.HttpClient.DeepSeek.ClientHandler Received HTTP response headers after 289.2758ms - 200
[15:40:39 INF] System.Net.Http.HttpClient.DeepSeek.LogicalHandler End processing HTTP request after 289.6995ms - 200
[15:40:39 INF] System.Net.Http.HttpClient.DeepSeek.ClientHandler Received HTTP response headers after 279.7339ms - 200
[15:40:39 INF] System.Net.Http.HttpClient.DeepSeek.LogicalHandler End processing HTTP request after 280.2017ms - 200
[15:40:39 INF] System.Net.Http.HttpClient.DeepSeek.ClientHandler Received HTTP response headers after 288.2711ms - 200
[15:40:39 INF] System.Net.Http.HttpClient.DeepSeek.LogicalHandler End processing HTTP request after 288.9248ms - 200
[15:40:39 INF] System.Net.Http.HttpClient.DeepSeek.LogicalHandler Start processing HTTP request POST https://api.deepseek.com/chat/completions
[15:40:39 INF] System.Net.Http.HttpClient.DeepSeek.ClientHandler Sending HTTP request POST https://api.deepseek.com/chat/completions
[15:40:39 INF] System.Net.Http.HttpClient.DeepSeek.LogicalHandler Start processing HTTP request POST https://api.deepseek.com/chat/completions
[15:40:39 INF] System.Net.Http.HttpClient.DeepSeek.ClientHandler Sending HTTP request POST https://api.deepseek.com/chat/completions
[15:40:39 INF] System.Net.Http.HttpClient.DeepSeek.LogicalHandler Start processing HTTP request POST https://api.deepseek.com/chat/completions
[15:40:39 INF] System.Net.Http.HttpClient.DeepSeek.ClientHandler Sending HTTP request POST https://api.deepseek.com/chat/completions
[15:40:39 INF] System.Net.Http.HttpClient.DeepSeek.ClientHandler Received HTTP response headers after 294.7677ms - 200
[15:40:39 INF] System.Net.Http.HttpClient.DeepSeek.LogicalHandler End processing HTTP request after 295.469ms - 200
[15:40:39 INF] System.Net.Http.HttpClient.DeepSeek.LogicalHandler Start processing HTTP request POST https://api.deepseek.com/chat/completions
[15:40:39 INF] System.Net.Http.HttpClient.DeepSeek.ClientHandler Sending HTTP request POST https://api.deepseek.com/chat/completions
[15:40:39 INF] System.Net.Http.HttpClient.DeepSeek.ClientHandler Received HTTP response headers after 287.2835ms - 200
[15:40:39 INF] System.Net.Http.HttpClient.DeepSeek.LogicalHandler End processing HTTP request after 287.8202ms - 200
[15:40:39 INF] System.Net.Http.HttpClient.DeepSeek.ClientHandler Received HTTP response headers after 297.9048ms - 200
[15:40:39 INF] System.Net.Http.HttpClient.DeepSeek.LogicalHandler End processing HTTP request after 298.613ms - 200
[15:40:39 INF] System.Net.Http.HttpClient.DeepSeek.LogicalHandler Start processing HTTP request POST https://api.deepseek.com/chat/completions
[15:40:39 INF] System.Net.Http.HttpClient.DeepSeek.ClientHandler Sending HTTP request POST https://api.deepseek.com/chat/completions
[15:40:40 INF] System.Net.Http.HttpClient.DeepSeek.ClientHandler Received HTTP response headers after 295.4575ms - 200
[15:40:40 INF] System.Net.Http.HttpClient.DeepSeek.LogicalHandler End processing HTTP request after 298.3476ms - 200
[15:40:40 INF] System.Net.Http.HttpClient.DeepSeek.ClientHandler Received HTTP response headers after 282.268ms - 200
[15:40:40 INF] System.Net.Http.HttpClient.DeepSeek.LogicalHandler End processing HTTP request after 282.9339ms - 200
[15:40:40 INF] System.Net.Http.HttpClient.DeepSeek.LogicalHandler Start processing HTTP request POST https://api.deepseek.com/chat/completions
[15:40:40 INF] System.Net.Http.HttpClient.DeepSeek.ClientHandler Sending HTTP request POST https://api.deepseek.com/chat/completions
[15:40:40 INF] System.Net.Http.HttpClient.DeepSeek.LogicalHandler Start processing HTTP request POST https://api.deepseek.com/chat/completions
[15:40:40 INF] System.Net.Http.HttpClient.DeepSeek.ClientHandler Sending HTTP request POST https://api.deepseek.com/chat/completions
[15:40:40 INF] System.Net.Http.HttpClient.DeepSeek.LogicalHandler Start processing HTTP request POST https://api.deepseek.com/chat/completions
[15:40:40 INF] System.Net.Http.HttpClient.DeepSeek.ClientHandler Sending HTTP request POST https://api.deepseek.com/chat/completions
[15:40:40 INF] System.Net.Http.HttpClient.DeepSeek.LogicalHandler Start processing HTTP request POST https://api.deepseek.com/chat/completions
[15:40:40 INF] System.Net.Http.HttpClient.DeepSeek.ClientHandler Sending HTTP request POST https://api.deepseek.com/chat/completions
[15:40:40 INF] System.Net.Http.HttpClient.DeepSeek.ClientHandler Received HTTP response headers after 290.7416ms - 200
[15:40:40 INF] System.Net.Http.HttpClient.DeepSeek.LogicalHandler End processing HTTP request after 291.3305ms - 200
[15:40:40 INF] System.Net.Http.HttpClient.DeepSeek.ClientHandler Received HTTP response headers after 283.3389ms - 200
[15:40:40 INF] System.Net.Http.HttpClient.DeepSeek.LogicalHandler End processing HTTP request after 283.8935ms - 200
[15:40:40 INF] System.Net.Http.HttpClient.DeepSeek.ClientHandler Received HTTP response headers after 283.2676ms - 200
[15:40:40 INF] System.Net.Http.HttpClient.DeepSeek.LogicalHandler End processing HTTP request after 283.8812ms - 200
[15:40:40 INF] System.Net.Http.HttpClient.DeepSeek.ClientHandler Received HTTP response headers after 299.2561ms - 200
[15:40:40 INF] System.Net.Http.HttpClient.DeepSeek.LogicalHandler End processing HTTP request after 300.3659ms - 200
[15:40:41 INF] System.Net.Http.HttpClient.DeepSeek.LogicalHandler Start processing HTTP request POST https://api.deepseek.com/chat/completions
[15:40:41 INF] System.Net.Http.HttpClient.DeepSeek.ClientHandler Sending HTTP request POST https://api.deepseek.com/chat/completions
[15:40:41 INF] System.Net.Http.HttpClient.DeepSeek.LogicalHandler Start processing HTTP request POST https://api.deepseek.com/chat/completions
[15:40:41 INF] System.Net.Http.HttpClient.DeepSeek.ClientHandler Sending HTTP request POST https://api.deepseek.com/chat/completions
[15:40:41 INF] System.Net.Http.HttpClient.DeepSeek.LogicalHandler Start processing HTTP request POST https://api.deepseek.com/chat/completions
[15:40:41 INF] System.Net.Http.HttpClient.DeepSeek.ClientHandler Sending HTTP request POST https://api.deepseek.com/chat/completions
[15:40:41 INF] System.Net.Http.HttpClient.DeepSeek.ClientHandler Received HTTP response headers after 279.0593ms - 200
[15:40:41 INF] System.Net.Http.HttpClient.DeepSeek.LogicalHandler End processing HTTP request after 279.5748ms - 200
[15:40:41 INF] System.Net.Http.HttpClient.DeepSeek.ClientHandler Received HTTP response headers after 299.3809ms - 200
[15:40:41 INF] System.Net.Http.HttpClient.DeepSeek.LogicalHandler End processing HTTP request after 299.9092ms - 200
[15:40:41 INF] System.Net.Http.HttpClient.DeepSeek.ClientHandler Received HTTP response headers after 295.89ms - 200
[15:40:41 INF] System.Net.Http.HttpClient.DeepSeek.LogicalHandler End processing HTTP request after 296.2762ms - 200
[15:40:41 INF] System.Net.Http.HttpClient.DeepSeek.LogicalHandler Start processing HTTP request POST https://api.deepseek.com/chat/completions
[15:40:41 INF] System.Net.Http.HttpClient.DeepSeek.ClientHandler Sending HTTP request POST https://api.deepseek.com/chat/completions
[15:40:41 INF] System.Net.Http.HttpClient.DeepSeek.LogicalHandler Start processing HTTP request POST https://api.deepseek.com/chat/completions
[15:40:41 INF] System.Net.Http.HttpClient.DeepSeek.ClientHandler Sending HTTP request POST https://api.deepseek.com/chat/completions
[15:40:41 INF] System.Net.Http.HttpClient.DeepSeek.ClientHandler Received HTTP response headers after 292.6096ms - 200
[15:40:41 INF] System.Net.Http.HttpClient.DeepSeek.LogicalHandler End processing HTTP request after 293.2886ms - 200
[15:40:42 INF] System.Net.Http.HttpClient.DeepSeek.ClientHandler Received HTTP response headers after 290.1818ms - 200
[15:40:42 INF] System.Net.Http.HttpClient.DeepSeek.LogicalHandler End processing HTTP request after 291.3119ms - 200
[15:40:42 INF] System.Net.Http.HttpClient.DeepSeek.LogicalHandler Start processing HTTP request POST https://api.deepseek.com/chat/completions
[15:40:42 INF] System.Net.Http.HttpClient.DeepSeek.ClientHandler Sending HTTP request POST https://api.deepseek.com/chat/completions
[15:40:42 INF] System.Net.Http.HttpClient.DeepSeek.LogicalHandler Start processing HTTP request POST https://api.deepseek.com/chat/completions
[15:40:42 INF] System.Net.Http.HttpClient.DeepSeek.ClientHandler Sending HTTP request POST https://api.deepseek.com/chat/completions
[15:40:42 INF] System.Net.Http.HttpClient.DeepSeek.LogicalHandler Start processing HTTP request POST https://api.deepseek.com/chat/completions
[15:40:42 INF] System.Net.Http.HttpClient.DeepSeek.ClientHandler Sending HTTP request POST https://api.deepseek.com/chat/completions
[15:40:42 INF] System.Net.Http.HttpClient.DeepSeek.ClientHandler Received HTTP response headers after 280.1146ms - 200
[15:40:42 INF] System.Net.Http.HttpClient.DeepSeek.LogicalHandler End processing HTTP request after 282.793ms - 200
[15:40:42 INF] System.Net.Http.HttpClient.DeepSeek.ClientHandler Received HTTP response headers after 279.5829ms - 200
[15:40:42 INF] System.Net.Http.HttpClient.DeepSeek.LogicalHandler End processing HTTP request after 280.0454ms - 200
[15:40:42 INF] System.Net.Http.HttpClient.DeepSeek.LogicalHandler Start processing HTTP request POST https://api.deepseek.com/chat/completions
[15:40:42 INF] System.Net.Http.HttpClient.DeepSeek.ClientHandler Sending HTTP request POST https://api.deepseek.com/chat/completions
[15:40:42 INF] System.Net.Http.HttpClient.DeepSeek.ClientHandler Received HTTP response headers after 286.6175ms - 200
[15:40:42 INF] System.Net.Http.HttpClient.DeepSeek.LogicalHandler End processing HTTP request after 287.2324ms - 200
[15:40:42 INF] System.Net.Http.HttpClient.DeepSeek.LogicalHandler Start processing HTTP request POST https://api.deepseek.com/chat/completions
[15:40:42 INF] System.Net.Http.HttpClient.DeepSeek.ClientHandler Sending HTTP request POST https://api.deepseek.com/chat/completions
[15:40:42 INF] System.Net.Http.HttpClient.DeepSeek.ClientHandler Received HTTP response headers after 288.2052ms - 200
[15:40:42 INF] System.Net.Http.HttpClient.DeepSeek.LogicalHandler End processing HTTP request after 288.7384ms - 200
[15:40:42 INF] System.Net.Http.HttpClient.DeepSeek.LogicalHandler Start processing HTTP request POST https://api.deepseek.com/chat/completions
[15:40:42 INF] System.Net.Http.HttpClient.DeepSeek.ClientHandler Sending HTTP request POST https://api.deepseek.com/chat/completions
[15:40:43 INF] System.Net.Http.HttpClient.DeepSeek.ClientHandler Received HTTP response headers after 280.9999ms - 200
[15:40:43 INF] System.Net.Http.HttpClient.DeepSeek.LogicalHandler End processing HTTP request after 282.0419ms - 200
[15:40:43 INF] System.Net.Http.HttpClient.DeepSeek.ClientHandler Received HTTP response headers after 282.4962ms - 200
[15:40:43 INF] System.Net.Http.HttpClient.DeepSeek.LogicalHandler End processing HTTP request after 282.9788ms - 200
[15:40:43 INF] System.Net.Http.HttpClient.DeepSeek.LogicalHandler Start processing HTTP request POST https://api.deepseek.com/chat/completions
[15:40:43 INF] System.Net.Http.HttpClient.DeepSeek.ClientHandler Sending HTTP request POST https://api.deepseek.com/chat/completions
[15:40:43 INF] System.Net.Http.HttpClient.DeepSeek.ClientHandler Received HTTP response headers after 384.1479ms - 200
[15:40:43 INF] System.Net.Http.HttpClient.DeepSeek.LogicalHandler End processing HTTP request after 384.5333ms - 200
[15:40:44 INF] System.Net.Http.HttpClient.DeepSeek.LogicalHandler Start processing HTTP request POST https://api.deepseek.com/chat/completions
[15:40:44 INF] System.Net.Http.HttpClient.DeepSeek.ClientHandler Sending HTTP request POST https://api.deepseek.com/chat/completions
[15:40:44 INF] System.Net.Http.HttpClient.DeepSeek.LogicalHandler Start processing HTTP request POST https://api.deepseek.com/chat/completions
[15:40:44 INF] System.Net.Http.HttpClient.DeepSeek.ClientHandler Sending HTTP request POST https://api.deepseek.com/chat/completions
[15:40:44 INF] System.Net.Http.HttpClient.DeepSeek.LogicalHandler Start processing HTTP request POST https://api.deepseek.com/chat/completions
[15:40:44 INF] System.Net.Http.HttpClient.DeepSeek.ClientHandler Sending HTTP request POST https://api.deepseek.com/chat/completions
[15:40:44 INF] System.Net.Http.HttpClient.DeepSeek.ClientHandler Received HTTP response headers after 276.0132ms - 200
[15:40:44 INF] System.Net.Http.HttpClient.DeepSeek.LogicalHandler End processing HTTP request after 276.4212ms - 200
[15:40:44 INF] System.Net.Http.HttpClient.DeepSeek.ClientHandler Received HTTP response headers after 286.0425ms - 200
[15:40:44 INF] System.Net.Http.HttpClient.DeepSeek.LogicalHandler End processing HTTP request after 286.6408ms - 200
[15:40:44 INF] System.Net.Http.HttpClient.DeepSeek.LogicalHandler Start processing HTTP request POST https://api.deepseek.com/chat/completions
[15:40:44 INF] System.Net.Http.HttpClient.DeepSeek.ClientHandler Sending HTTP request POST https://api.deepseek.com/chat/completions
[15:40:44 INF] System.Net.Http.HttpClient.DeepSeek.LogicalHandler Start processing HTTP request POST https://api.deepseek.com/chat/completions
[15:40:44 INF] System.Net.Http.HttpClient.DeepSeek.ClientHandler Sending HTTP request POST https://api.deepseek.com/chat/completions
[15:40:44 INF] System.Net.Http.HttpClient.DeepSeek.ClientHandler Received HTTP response headers after 302.9974ms - 200
[15:40:44 INF] System.Net.Http.HttpClient.DeepSeek.LogicalHandler End processing HTTP request after 303.3645ms - 200
[15:40:44 INF] System.Net.Http.HttpClient.DeepSeek.ClientHandler Received HTTP response headers after 294.7454ms - 200
[15:40:44 INF] System.Net.Http.HttpClient.DeepSeek.LogicalHandler End processing HTTP request after 295.4885ms - 200
[15:40:44 INF] System.Net.Http.HttpClient.DeepSeek.ClientHandler Received HTTP response headers after 285.0552ms - 200
[15:40:44 INF] System.Net.Http.HttpClient.DeepSeek.LogicalHandler End processing HTTP request after 285.5938ms - 200
[15:40:44 INF] System.Net.Http.HttpClient.DeepSeek.LogicalHandler Start processing HTTP request POST https://api.deepseek.com/chat/completions
[15:40:44 INF] System.Net.Http.HttpClient.DeepSeek.ClientHandler Sending HTTP request POST https://api.deepseek.com/chat/completions
[15:40:44 INF] System.Net.Http.HttpClient.DeepSeek.LogicalHandler Start processing HTTP request POST https://api.deepseek.com/chat/completions
[15:40:44 INF] System.Net.Http.HttpClient.DeepSeek.ClientHandler Sending HTTP request POST https://api.deepseek.com/chat/completions
[15:40:45 INF] System.Net.Http.HttpClient.DeepSeek.ClientHandler Received HTTP response headers after 296.2589ms - 200
[15:40:45 INF] System.Net.Http.HttpClient.DeepSeek.LogicalHandler End processing HTTP request after 297.9629ms - 200
[15:40:45 INF] System.Net.Http.HttpClient.DeepSeek.LogicalHandler Start processing HTTP request POST https://api.deepseek.com/chat/completions
[15:40:45 INF] System.Net.Http.HttpClient.DeepSeek.ClientHandler Sending HTTP request POST https://api.deepseek.com/chat/completions
[15:40:45 INF] System.Net.Http.HttpClient.DeepSeek.ClientHandler Received HTTP response headers after 295.883ms - 200
[15:40:45 INF] System.Net.Http.HttpClient.DeepSeek.LogicalHandler End processing HTTP request after 296.1933ms - 200
[15:40:45 INF] System.Net.Http.HttpClient.DeepSeek.ClientHandler Received HTTP response headers after 332.1173ms - 200
[15:40:45 INF] System.Net.Http.HttpClient.DeepSeek.LogicalHandler End processing HTTP request after 332.6578ms - 200
[15:40:46 INF] System.Net.Http.HttpClient.DeepSeek.LogicalHandler Start processing HTTP request POST https://api.deepseek.com/chat/completions
[15:40:46 INF] System.Net.Http.HttpClient.DeepSeek.ClientHandler Sending HTTP request POST https://api.deepseek.com/chat/completions
[15:40:46 INF] System.Net.Http.HttpClient.DeepSeek.LogicalHandler Start processing HTTP request POST https://api.deepseek.com/chat/completions
[15:40:46 INF] System.Net.Http.HttpClient.DeepSeek.ClientHandler Sending HTTP request POST https://api.deepseek.com/chat/completions
[15:40:46 INF] System.Net.Http.HttpClient.DeepSeek.LogicalHandler Start processing HTTP request POST https://api.deepseek.com/chat/completions
[15:40:46 INF] System.Net.Http.HttpClient.DeepSeek.ClientHandler Sending HTTP request POST https://api.deepseek.com/chat/completions
[15:40:46 INF] System.Net.Http.HttpClient.DeepSeek.ClientHandler Received HTTP response headers after 283.5112ms - 200
[15:40:46 INF] System.Net.Http.HttpClient.DeepSeek.LogicalHandler End processing HTTP request after 284.1091ms - 200
[15:40:46 INF] System.Net.Http.HttpClient.DeepSeek.LogicalHandler Start processing HTTP request POST https://api.deepseek.com/chat/completions
[15:40:46 INF] System.Net.Http.HttpClient.DeepSeek.ClientHandler Sending HTTP request POST https://api.deepseek.com/chat/completions
[15:40:46 INF] System.Net.Http.HttpClient.DeepSeek.ClientHandler Received HTTP response headers after 284.7053ms - 200
[15:40:46 INF] System.Net.Http.HttpClient.DeepSeek.LogicalHandler End processing HTTP request after 285.9198ms - 200
[15:40:47 INF] System.Net.Http.HttpClient.DeepSeek.ClientHandler Received HTTP response headers after 299.8865ms - 200
[15:40:47 INF] System.Net.Http.HttpClient.DeepSeek.LogicalHandler End processing HTTP request after 300.5215ms - 200
[15:40:47 INF] System.Net.Http.HttpClient.DeepSeek.ClientHandler Received HTTP response headers after 388.342ms - 200
[15:40:47 INF] System.Net.Http.HttpClient.DeepSeek.LogicalHandler End processing HTTP request after 388.741ms - 200
[15:40:47 INF] System.Net.Http.HttpClient.DeepSeek.LogicalHandler Start processing HTTP request POST https://api.deepseek.com/chat/completions
[15:40:47 INF] System.Net.Http.HttpClient.DeepSeek.ClientHandler Sending HTTP request POST https://api.deepseek.com/chat/completions
[15:40:47 INF] System.Net.Http.HttpClient.DeepSeek.LogicalHandler Start processing HTTP request POST https://api.deepseek.com/chat/completions
[15:40:47 INF] System.Net.Http.HttpClient.DeepSeek.ClientHandler Sending HTTP request POST https://api.deepseek.com/chat/completions
[15:40:47 INF] System.Net.Http.HttpClient.DeepSeek.ClientHandler Received HTTP response headers after 282.8316ms - 200
[15:40:47 INF] System.Net.Http.HttpClient.DeepSeek.LogicalHandler End processing HTTP request after 283.3117ms - 200
[15:40:47 INF] System.Net.Http.HttpClient.DeepSeek.LogicalHandler Start processing HTTP request POST https://api.deepseek.com/chat/completions
[15:40:47 INF] System.Net.Http.HttpClient.DeepSeek.ClientHandler Sending HTTP request POST https://api.deepseek.com/chat/completions
[15:40:47 INF] System.Net.Http.HttpClient.DeepSeek.ClientHandler Received HTTP response headers after 281.042ms - 200
[15:40:47 INF] System.Net.Http.HttpClient.DeepSeek.LogicalHandler End processing HTTP request after 281.7209ms - 200
[15:40:48 INF] System.Net.Http.HttpClient.DeepSeek.ClientHandler Received HTTP response headers after 285.6034ms - 200
[15:40:48 INF] System.Net.Http.HttpClient.DeepSeek.LogicalHandler End processing HTTP request after 286.1937ms - 200
[15:40:48 INF] System.Net.Http.HttpClient.DeepSeek.LogicalHandler Start processing HTTP request POST https://api.deepseek.com/chat/completions
[15:40:48 INF] System.Net.Http.HttpClient.DeepSeek.ClientHandler Sending HTTP request POST https://api.deepseek.com/chat/completions
[15:40:48 INF] System.Net.Http.HttpClient.DeepSeek.LogicalHandler Start processing HTTP request POST https://api.deepseek.com/chat/completions
[15:40:48 INF] System.Net.Http.HttpClient.DeepSeek.ClientHandler Sending HTTP request POST https://api.deepseek.com/chat/completions
[15:40:48 INF] System.Net.Http.HttpClient.DeepSeek.ClientHandler Received HTTP response headers after 284.9047ms - 200
[15:40:48 INF] System.Net.Http.HttpClient.DeepSeek.LogicalHandler End processing HTTP request after 287.773ms - 200
[15:40:49 INF] System.Net.Http.HttpClient.DeepSeek.ClientHandler Received HTTP response headers after 294.0066ms - 200
[15:40:49 INF] System.Net.Http.HttpClient.DeepSeek.LogicalHandler End processing HTTP request after 294.9095ms - 200
[15:40:49 INF] System.Net.Http.HttpClient.DeepSeek.LogicalHandler Start processing HTTP request POST https://api.deepseek.com/chat/completions
[15:40:49 INF] System.Net.Http.HttpClient.DeepSeek.ClientHandler Sending HTTP request POST https://api.deepseek.com/chat/completions
[15:40:49 INF] System.Net.Http.HttpClient.DeepSeek.ClientHandler Received HTTP response headers after 328.2186ms - 200
[15:40:49 INF] System.Net.Http.HttpClient.DeepSeek.LogicalHandler End processing HTTP request after 328.8922ms - 200
[15:40:49 INF] System.Net.Http.HttpClient.DeepSeek.LogicalHandler Start processing HTTP request POST https://api.deepseek.com/chat/completions
[15:40:49 INF] System.Net.Http.HttpClient.DeepSeek.ClientHandler Sending HTTP request POST https://api.deepseek.com/chat/completions
[15:40:49 INF] System.Net.Http.HttpClient.DeepSeek.ClientHandler Received HTTP response headers after 393.6448ms - 200
[15:40:49 INF] System.Net.Http.HttpClient.DeepSeek.LogicalHandler Start processing HTTP request POST https://api.deepseek.com/chat/completions
[15:40:49 INF] System.Net.Http.HttpClient.DeepSeek.LogicalHandler End processing HTTP request after 395.0655ms - 200
[15:40:49 INF] System.Net.Http.HttpClient.DeepSeek.ClientHandler Sending HTTP request POST https://api.deepseek.com/chat/completions
[15:40:50 INF] System.Net.Http.HttpClient.DeepSeek.ClientHandler Received HTTP response headers after 284.0282ms - 200
[15:40:50 INF] System.Net.Http.HttpClient.DeepSeek.LogicalHandler End processing HTTP request after 284.5433ms - 200
[15:40:50 INF] System.Net.Http.HttpClient.DeepSeek.LogicalHandler Start processing HTTP request POST https://api.deepseek.com/chat/completions
[15:40:50 INF] System.Net.Http.HttpClient.DeepSeek.ClientHandler Sending HTTP request POST https://api.deepseek.com/chat/completions
[15:40:50 INF] System.Net.Http.HttpClient.DeepSeek.ClientHandler Received HTTP response headers after 338.3278ms - 200
[15:40:50 INF] System.Net.Http.HttpClient.DeepSeek.LogicalHandler End processing HTTP request after 338.7981ms - 200
[15:40:51 INF] System.Net.Http.HttpClient.DeepSeek.LogicalHandler Start processing HTTP request POST https://api.deepseek.com/chat/completions
[15:40:51 INF] System.Net.Http.HttpClient.DeepSeek.ClientHandler Sending HTTP request POST https://api.deepseek.com/chat/completions
[15:40:51 INF] System.Net.Http.HttpClient.DeepSeek.LogicalHandler Start processing HTTP request POST https://api.deepseek.com/chat/completions
[15:40:51 INF] System.Net.Http.HttpClient.DeepSeek.ClientHandler Sending HTTP request POST https://api.deepseek.com/chat/completions
[15:40:51 INF] System.Net.Http.HttpClient.DeepSeek.ClientHandler Received HTTP response headers after 305.4338ms - 200
[15:40:51 INF] System.Net.Http.HttpClient.DeepSeek.LogicalHandler End processing HTTP request after 307.4705ms - 200
[15:40:51 INF] System.Net.Http.HttpClient.DeepSeek.LogicalHandler Start processing HTTP request POST https://api.deepseek.com/chat/completions
[15:40:51 INF] System.Net.Http.HttpClient.DeepSeek.ClientHandler Sending HTTP request POST https://api.deepseek.com/chat/completions
[15:40:52 INF] System.Net.Http.HttpClient.DeepSeek.LogicalHandler Start processing HTTP request POST https://api.deepseek.com/chat/completions
[15:40:52 INF] System.Net.Http.HttpClient.DeepSeek.ClientHandler Sending HTTP request POST https://api.deepseek.com/chat/completions
[15:40:52 INF] System.Net.Http.HttpClient.DeepSeek.ClientHandler Received HTTP response headers after 283.4325ms - 200
[15:40:52 INF] System.Net.Http.HttpClient.DeepSeek.LogicalHandler End processing HTTP request after 283.9918ms - 200
[15:40:52 INF] System.Net.Http.HttpClient.DeepSeek.LogicalHandler Start processing HTTP request POST https://api.deepseek.com/chat/completions
[15:40:52 INF] System.Net.Http.HttpClient.DeepSeek.ClientHandler Sending HTTP request POST https://api.deepseek.com/chat/completions
[15:40:52 INF] System.Net.Http.HttpClient.DeepSeek.LogicalHandler Start processing HTTP request POST https://api.deepseek.com/chat/completions
[15:40:52 INF] System.Net.Http.HttpClient.DeepSeek.ClientHandler Sending HTTP request POST https://api.deepseek.com/chat/completions
[15:40:52 INF] System.Net.Http.HttpClient.DeepSeek.LogicalHandler Start processing HTTP request POST https://api.deepseek.com/chat/completions
[15:40:52 INF] System.Net.Http.HttpClient.DeepSeek.ClientHandler Sending HTTP request POST https://api.deepseek.com/chat/completions
[15:40:52 INF] System.Net.Http.HttpClient.DeepSeek.ClientHandler Received HTTP response headers after 280.4114ms - 200
[15:40:52 INF] System.Net.Http.HttpClient.DeepSeek.LogicalHandler End processing HTTP request after 281.1857ms - 200
[15:40:52 INF] System.Net.Http.HttpClient.DeepSeek.ClientHandler Received HTTP response headers after 293.8092ms - 200
[15:40:52 INF] System.Net.Http.HttpClient.DeepSeek.LogicalHandler End processing HTTP request after 294.7817ms - 200
[15:40:52 INF] System.Net.Http.HttpClient.DeepSeek.ClientHandler Received HTTP response headers after 283.9621ms - 200
[15:40:52 INF] System.Net.Http.HttpClient.DeepSeek.LogicalHandler End processing HTTP request after 284.428ms - 200
[15:40:52 INF] System.Net.Http.HttpClient.DeepSeek.ClientHandler Received HTTP response headers after 295.4689ms - 200
[15:40:52 INF] System.Net.Http.HttpClient.DeepSeek.LogicalHandler End processing HTTP request after 298.362ms - 200
[15:40:52 INF] System.Net.Http.HttpClient.DeepSeek.LogicalHandler Start processing HTTP request POST https://api.deepseek.com/chat/completions
[15:40:52 INF] System.Net.Http.HttpClient.DeepSeek.ClientHandler Sending HTTP request POST https://api.deepseek.com/chat/completions
[15:40:52 INF] System.Net.Http.HttpClient.DeepSeek.ClientHandler Received HTTP response headers after 286.0439ms - 200
[15:40:52 INF] System.Net.Http.HttpClient.DeepSeek.LogicalHandler End processing HTTP request after 286.4539ms - 200
[15:40:52 INF] System.Net.Http.HttpClient.DeepSeek.LogicalHandler Start processing HTTP request POST https://api.deepseek.com/chat/completions
[15:40:52 INF] System.Net.Http.HttpClient.DeepSeek.ClientHandler Sending HTTP request POST https://api.deepseek.com/chat/completions
[15:40:52 INF] System.Net.Http.HttpClient.DeepSeek.ClientHandler Received HTTP response headers after 338.7303ms - 200
[15:40:52 INF] System.Net.Http.HttpClient.DeepSeek.LogicalHandler End processing HTTP request after 339.2955ms - 200
[15:40:52 INF] System.Net.Http.HttpClient.DeepSeek.ClientHandler Received HTTP response headers after 292.95ms - 200
[15:40:52 INF] System.Net.Http.HttpClient.DeepSeek.LogicalHandler End processing HTTP request after 293.4209ms - 200
[15:40:53 INF] System.Net.Http.HttpClient.DeepSeek.LogicalHandler Start processing HTTP request POST https://api.deepseek.com/chat/completions
[15:40:53 INF] System.Net.Http.HttpClient.DeepSeek.LogicalHandler Start processing HTTP request POST https://api.deepseek.com/chat/completions
[15:40:53 INF] System.Net.Http.HttpClient.DeepSeek.ClientHandler Sending HTTP request POST https://api.deepseek.com/chat/completions
[15:40:53 INF] System.Net.Http.HttpClient.DeepSeek.ClientHandler Sending HTTP request POST https://api.deepseek.com/chat/completions
[15:40:53 INF] System.Net.Http.HttpClient.DeepSeek.LogicalHandler Start processing HTTP request POST https://api.deepseek.com/chat/completions
[15:40:53 INF] System.Net.Http.HttpClient.DeepSeek.ClientHandler Sending HTTP request POST https://api.deepseek.com/chat/completions
[15:40:53 INF] System.Net.Http.HttpClient.DeepSeek.ClientHandler Received HTTP response headers after 283.0076ms - 200
[15:40:53 INF] System.Net.Http.HttpClient.DeepSeek.LogicalHandler End processing HTTP request after 283.4325ms - 200
[15:40:53 INF] System.Net.Http.HttpClient.DeepSeek.ClientHandler Received HTTP response headers after 300.6489ms - 200
[15:40:53 INF] System.Net.Http.HttpClient.DeepSeek.LogicalHandler End processing HTTP request after 301.1033ms - 200
[15:40:53 INF] System.Net.Http.HttpClient.DeepSeek.LogicalHandler Start processing HTTP request POST https://api.deepseek.com/chat/completions
[15:40:53 INF] System.Net.Http.HttpClient.DeepSeek.ClientHandler Sending HTTP request POST https://api.deepseek.com/chat/completions
[15:40:53 INF] System.Net.Http.HttpClient.DeepSeek.LogicalHandler Start processing HTTP request POST https://api.deepseek.com/chat/completions
[15:40:53 INF] System.Net.Http.HttpClient.DeepSeek.ClientHandler Sending HTTP request POST https://api.deepseek.com/chat/completions
[15:40:53 INF] System.Net.Http.HttpClient.DeepSeek.ClientHandler Received HTTP response headers after 299.5853ms - 200
[15:40:53 INF] System.Net.Http.HttpClient.DeepSeek.LogicalHandler End processing HTTP request after 300.0655ms - 200
[15:40:54 INF] System.Net.Http.HttpClient.DeepSeek.LogicalHandler Start processing HTTP request POST https://api.deepseek.com/chat/completions
[15:40:54 INF] System.Net.Http.HttpClient.DeepSeek.ClientHandler Sending HTTP request POST https://api.deepseek.com/chat/completions
[15:40:54 INF] System.Net.Http.HttpClient.DeepSeek.LogicalHandler Start processing HTTP request POST https://api.deepseek.com/chat/completions
[15:40:54 INF] System.Net.Http.HttpClient.DeepSeek.ClientHandler Sending HTTP request POST https://api.deepseek.com/chat/completions
[15:40:54 INF] System.Net.Http.HttpClient.DeepSeek.ClientHandler Received HTTP response headers after 282.7269ms - 200
[15:40:54 INF] System.Net.Http.HttpClient.DeepSeek.LogicalHandler End processing HTTP request after 283.318ms - 200
[15:40:54 INF] System.Net.Http.HttpClient.DeepSeek.ClientHandler Received HTTP response headers after 291.2263ms - 200
[15:40:54 INF] System.Net.Http.HttpClient.DeepSeek.LogicalHandler End processing HTTP request after 291.9727ms - 200
[15:40:54 INF] System.Net.Http.HttpClient.DeepSeek.LogicalHandler Start processing HTTP request POST https://api.deepseek.com/chat/completions
[15:40:54 INF] System.Net.Http.HttpClient.DeepSeek.ClientHandler Sending HTTP request POST https://api.deepseek.com/chat/completions
[15:40:54 INF] System.Net.Http.HttpClient.DeepSeek.ClientHandler Received HTTP response headers after 289.8963ms - 200
[15:40:54 INF] System.Net.Http.HttpClient.DeepSeek.LogicalHandler End processing HTTP request after 290.4738ms - 200
[15:40:54 INF] System.Net.Http.HttpClient.DeepSeek.ClientHandler Received HTTP response headers after 295.1599ms - 200
[15:40:54 INF] System.Net.Http.HttpClient.DeepSeek.LogicalHandler End processing HTTP request after 295.6112ms - 200
[15:40:54 INF] System.Net.Http.HttpClient.DeepSeek.ClientHandler Received HTTP response headers after 282.5223ms - 200
[15:40:54 INF] System.Net.Http.HttpClient.DeepSeek.LogicalHandler End processing HTTP request after 285.631ms - 200
[15:40:55 INF] System.Net.Http.HttpClient.DeepSeek.LogicalHandler Start processing HTTP request POST https://api.deepseek.com/chat/completions
[15:40:55 INF] System.Net.Http.HttpClient.DeepSeek.ClientHandler Sending HTTP request POST https://api.deepseek.com/chat/completions
[15:40:55 INF] System.Net.Http.HttpClient.DeepSeek.LogicalHandler Start processing HTTP request POST https://api.deepseek.com/chat/completions
[15:40:55 INF] System.Net.Http.HttpClient.DeepSeek.ClientHandler Sending HTTP request POST https://api.deepseek.com/chat/completions
[15:40:55 INF] System.Net.Http.HttpClient.DeepSeek.ClientHandler Received HTTP response headers after 283.0959ms - 200
[15:40:55 INF] System.Net.Http.HttpClient.DeepSeek.LogicalHandler End processing HTTP request after 283.5954ms - 200
[15:40:55 INF] System.Net.Http.HttpClient.DeepSeek.ClientHandler Received HTTP response headers after 322.0216ms - 200
[15:40:55 INF] System.Net.Http.HttpClient.DeepSeek.LogicalHandler End processing HTTP request after 322.5045ms - 200
[15:40:56 INF] System.Net.Http.HttpClient.DeepSeek.LogicalHandler Start processing HTTP request POST https://api.deepseek.com/chat/completions
[15:40:56 INF] System.Net.Http.HttpClient.DeepSeek.LogicalHandler Start processing HTTP request POST https://api.deepseek.com/chat/completions
[15:40:56 INF] System.Net.Http.HttpClient.DeepSeek.ClientHandler Sending HTTP request POST https://api.deepseek.com/chat/completions
[15:40:56 INF] System.Net.Http.HttpClient.DeepSeek.ClientHandler Sending HTTP request POST https://api.deepseek.com/chat/completions
[15:40:56 INF] System.Net.Http.HttpClient.DeepSeek.ClientHandler Received HTTP response headers after 302.4535ms - 200
[15:40:56 INF] System.Net.Http.HttpClient.DeepSeek.ClientHandler Received HTTP response headers after 302.5084ms - 200
[15:40:56 INF] System.Net.Http.HttpClient.DeepSeek.LogicalHandler End processing HTTP request after 303.142ms - 200
[15:40:56 INF] System.Net.Http.HttpClient.DeepSeek.LogicalHandler End processing HTTP request after 303.2077ms - 200
[15:40:57 INF] System.Net.Http.HttpClient.DeepSeek.LogicalHandler Start processing HTTP request POST https://api.deepseek.com/chat/completions
[15:40:57 INF] System.Net.Http.HttpClient.DeepSeek.ClientHandler Sending HTTP request POST https://api.deepseek.com/chat/completions
[15:40:57 INF] System.Net.Http.HttpClient.DeepSeek.ClientHandler Received HTTP response headers after 308.9601ms - 200
[15:40:57 INF] System.Net.Http.HttpClient.DeepSeek.LogicalHandler End processing HTTP request after 309.3906ms - 200
[15:40:57 INF] System.Net.Http.HttpClient.DeepSeek.LogicalHandler Start processing HTTP request POST https://api.deepseek.com/chat/completions
[15:40:57 INF] System.Net.Http.HttpClient.DeepSeek.ClientHandler Sending HTTP request POST https://api.deepseek.com/chat/completions
[15:40:58 INF] System.Net.Http.HttpClient.DeepSeek.LogicalHandler Start processing HTTP request POST https://api.deepseek.com/chat/completions
[15:40:58 INF] System.Net.Http.HttpClient.DeepSeek.ClientHandler Sending HTTP request POST https://api.deepseek.com/chat/completions
[15:40:58 INF] System.Net.Http.HttpClient.DeepSeek.ClientHandler Received HTTP response headers after 294.0129ms - 200
[15:40:58 INF] System.Net.Http.HttpClient.DeepSeek.LogicalHandler End processing HTTP request after 294.6398ms - 200
[15:40:58 INF] System.Net.Http.HttpClient.DeepSeek.ClientHandler Received HTTP response headers after 290.1622ms - 200
[15:40:58 INF] System.Net.Http.HttpClient.DeepSeek.LogicalHandler End processing HTTP request after 290.736ms - 200
[15:40:58 INF] System.Net.Http.HttpClient.DeepSeek.LogicalHandler Start processing HTTP request POST https://api.deepseek.com/chat/completions
[15:40:58 INF] System.Net.Http.HttpClient.DeepSeek.ClientHandler Sending HTTP request POST https://api.deepseek.com/chat/completions
[15:40:58 INF] System.Net.Http.HttpClient.DeepSeek.ClientHandler Received HTTP response headers after 338.123ms - 200
[15:40:58 INF] System.Net.Http.HttpClient.DeepSeek.LogicalHandler End processing HTTP request after 338.852ms - 200
[15:40:59 INF] System.Net.Http.HttpClient.DeepSeek.LogicalHandler Start processing HTTP request POST https://api.deepseek.com/chat/completions
[15:40:59 INF] System.Net.Http.HttpClient.DeepSeek.ClientHandler Sending HTTP request POST https://api.deepseek.com/chat/completions
[15:40:59 INF] System.Net.Http.HttpClient.DeepSeek.ClientHandler Received HTTP response headers after 375.3749ms - 200
[15:40:59 INF] System.Net.Http.HttpClient.DeepSeek.LogicalHandler End processing HTTP request after 377.4772ms - 200
[15:41:00 INF] System.Net.Http.HttpClient.DeepSeek.LogicalHandler Start processing HTTP request POST https://api.deepseek.com/chat/completions
[15:41:00 INF] System.Net.Http.HttpClient.DeepSeek.ClientHandler Sending HTTP request POST https://api.deepseek.com/chat/completions
[15:41:00 INF] System.Net.Http.HttpClient.DeepSeek.ClientHandler Received HTTP response headers after 276.5894ms - 200
[15:41:00 INF] System.Net.Http.HttpClient.DeepSeek.LogicalHandler End processing HTTP request after 277.1665ms - 200
[15:41:00 INF] System.Net.Http.HttpClient.DeepSeek.LogicalHandler Start processing HTTP request POST https://api.deepseek.com/chat/completions
[15:41:00 INF] System.Net.Http.HttpClient.DeepSeek.ClientHandler Sending HTTP request POST https://api.deepseek.com/chat/completions
[15:41:01 INF] System.Net.Http.HttpClient.DeepSeek.ClientHandler Received HTTP response headers after 378.3528ms - 200
[15:41:01 INF] System.Net.Http.HttpClient.DeepSeek.LogicalHandler End processing HTTP request after 379.0239ms - 200
[15:41:01 INF] System.Net.Http.HttpClient.DeepSeek.LogicalHandler Start processing HTTP request POST https://api.deepseek.com/chat/completions
[15:41:01 INF] System.Net.Http.HttpClient.DeepSeek.ClientHandler Sending HTTP request POST https://api.deepseek.com/chat/completions
[15:41:01 INF] System.Net.Http.HttpClient.DeepSeek.LogicalHandler Start processing HTTP request POST https://api.deepseek.com/chat/completions
[15:41:01 INF] System.Net.Http.HttpClient.DeepSeek.ClientHandler Sending HTTP request POST https://api.deepseek.com/chat/completions
[15:41:01 INF] System.Net.Http.HttpClient.DeepSeek.LogicalHandler Start processing HTTP request POST https://api.deepseek.com/chat/completions
[15:41:01 INF] System.Net.Http.HttpClient.DeepSeek.ClientHandler Sending HTTP request POST https://api.deepseek.com/chat/completions
[15:41:01 INF] System.Net.Http.HttpClient.DeepSeek.ClientHandler Received HTTP response headers after 296.4985ms - 200
[15:41:01 INF] System.Net.Http.HttpClient.DeepSeek.LogicalHandler End processing HTTP request after 296.866ms - 200
[15:41:01 INF] System.Net.Http.HttpClient.DeepSeek.ClientHandler Received HTTP response headers after 284.1564ms - 200
[15:41:01 INF] System.Net.Http.HttpClient.DeepSeek.LogicalHandler End processing HTTP request after 284.5976ms - 200
[15:41:01 INF] System.Net.Http.HttpClient.DeepSeek.ClientHandler Received HTTP response headers after 283.8982ms - 200
[15:41:01 INF] System.Net.Http.HttpClient.DeepSeek.LogicalHandler End processing HTTP request after 284.4758ms - 200
[15:41:05 INF] System.Net.Http.HttpClient.DeepSeek.LogicalHandler Start processing HTTP request POST https://api.deepseek.com/chat/completions
[15:41:05 INF] System.Net.Http.HttpClient.DeepSeek.ClientHandler Sending HTTP request POST https://api.deepseek.com/chat/completions
[15:41:06 INF] System.Net.Http.HttpClient.DeepSeek.ClientHandler Received HTTP response headers after 326.4978ms - 200
[15:41:06 INF] System.Net.Http.HttpClient.DeepSeek.LogicalHandler End processing HTTP request after 327.5366ms - 200
[15:41:06 INF] System.Net.Http.HttpClient.DeepSeek.LogicalHandler Start processing HTTP request POST https://api.deepseek.com/chat/completions
[15:41:06 INF] System.Net.Http.HttpClient.DeepSeek.ClientHandler Sending HTTP request POST https://api.deepseek.com/chat/completions
[15:41:06 INF] System.Net.Http.HttpClient.DeepSeek.ClientHandler Received HTTP response headers after 291.5053ms - 200
[15:41:06 INF] System.Net.Http.HttpClient.DeepSeek.LogicalHandler End processing HTTP request after 292.6788ms - 200
[15:41:13 INF] simple_bloomberg_terminal.Services.Extraction.Measurement.CounterpartyMeasurementService Measurement lead agent starting for Super Micro Computer, Inc. run 2 using DeepSeek/deepseek-v4-pro | worker=directional-counterparty-worker-v2 | lead=counterparty-ledger-v2; digestChars=4807, contextChars=4809, maxTokens=16000
[15:41:13 INF] System.Net.Http.HttpClient.DeepSeek.LogicalHandler Start processing HTTP request POST https://api.deepseek.com/chat/completions
[15:41:13 INF] System.Net.Http.HttpClient.DeepSeek.ClientHandler Sending HTTP request POST https://api.deepseek.com/chat/completions
[15:41:14 INF] System.Net.Http.HttpClient.DeepSeek.ClientHandler Received HTTP response headers after 306.9177ms - 200
[15:41:14 INF] System.Net.Http.HttpClient.DeepSeek.LogicalHandler End processing HTTP request after 307.9142ms - 200
[15:41:29 INF] simple_bloomberg_terminal.Services.Extraction.Measurement.CounterpartyMeasurementService Measurement lead agent starting for Super Micro Computer, Inc. run 3 using DeepSeek/deepseek-v4-pro | worker=directional-counterparty-worker-v2 | lead=counterparty-ledger-v2; digestChars=5249, contextChars=5251, maxTokens=16000
[15:41:29 INF] System.Net.Http.HttpClient.DeepSeek.LogicalHandler Start processing HTTP request POST https://api.deepseek.com/chat/completions
[15:41:29 INF] System.Net.Http.HttpClient.DeepSeek.ClientHandler Sending HTTP request POST https://api.deepseek.com/chat/completions
[15:41:30 INF] System.Net.Http.HttpClient.DeepSeek.ClientHandler Received HTTP response headers after 386.7993ms - 200
[15:41:30 INF] System.Net.Http.HttpClient.DeepSeek.LogicalHandler End processing HTTP request after 387.8364ms - 200
[15:41:30 INF] simple_bloomberg_terminal.Services.Extraction.Measurement.CounterpartyMeasurementService Measurement lead agent starting for Super Micro Computer, Inc. run 4 using DeepSeek/deepseek-v4-pro | worker=directional-counterparty-worker-v2 | lead=counterparty-ledger-v2; digestChars=6376, contextChars=6378, maxTokens=16000
[15:41:30 INF] System.Net.Http.HttpClient.DeepSeek.LogicalHandler Start processing HTTP request POST https://api.deepseek.com/chat/completions
[15:41:30 INF] System.Net.Http.HttpClient.DeepSeek.ClientHandler Sending HTTP request POST https://api.deepseek.com/chat/completions
[15:41:30 INF] System.Net.Http.HttpClient.DeepSeek.ClientHandler Received HTTP response headers after 332.7551ms - 200
[15:41:30 INF] System.Net.Http.HttpClient.DeepSeek.LogicalHandler End processing HTTP request after 333.19ms - 200
[15:46:51 INF] Microsoft.Hosting.Lifetime Application is shutting down...
[17:39:35 INF] Microsoft.Hosting.Lifetime Now listening on: http://localhost:5213
[17:39:35 INF] Microsoft.Hosting.Lifetime Application started. Press Ctrl+C to shut down.
[17:39:35 INF] Microsoft.Hosting.Lifetime Hosting environment: Development
[17:39:35 INF] Microsoft.Hosting.Lifetime Content root path: /Users/lukaosojnik/Documents/Coding/simple-bloomberg-terminal/simple-bloomberg-terminal
[17:39:36 WRN] Microsoft.EntityFrameworkCore.Query Compiling a query which loads related collections for more than one collection navigation, either via 'Include' or through projection, but no 'QuerySplittingBehavior' has been configured. By default, Entity Framework will use 'QuerySplittingBehavior.SingleQuery', which can potentially result in slow query performance. See https://go.microsoft.com/fwlink/?linkid=2134277 for more information. To identify the query that's triggering this warning call 'ConfigureWarnings(w => w.Throw(RelationalEventId.MultipleCollectionIncludeWarning))'.
[17:39:49 INF] System.Net.Http.HttpClient.IStockApiClient.LogicalHandler Start processing HTTP request GET https://data.sec.gov/submissions/CIK0001375365.json
[17:39:49 INF] System.Net.Http.HttpClient.IStockApiClient.ClientHandler Sending HTTP request GET https://data.sec.gov/submissions/CIK0001375365.json
[17:39:49 INF] System.Net.Http.HttpClient.IStockApiClient.ClientHandler Received HTTP response headers after 431.6718ms - 200
[17:39:49 INF] System.Net.Http.HttpClient.IStockApiClient.LogicalHandler End processing HTTP request after 448.4175ms - 200
[17:40:27 INF] System.Net.Http.HttpClient.IStockApiClient.LogicalHandler Start processing HTTP request GET https://data.sec.gov/submissions/CIK0001375365.json
[17:40:27 INF] System.Net.Http.HttpClient.IStockApiClient.ClientHandler Sending HTTP request GET https://data.sec.gov/submissions/CIK0001375365.json
[17:40:28 INF] System.Net.Http.HttpClient.IStockApiClient.ClientHandler Received HTTP response headers after 169.336ms - 200
[17:40:28 INF] System.Net.Http.HttpClient.IStockApiClient.LogicalHandler End processing HTTP request after 171.6111ms - 200
[17:43:02 INF] Microsoft.Hosting.Lifetime Application is shutting down...
[17:44:46 INF] Microsoft.Hosting.Lifetime Now listening on: http://localhost:5213
[17:44:46 INF] Microsoft.Hosting.Lifetime Application started. Press Ctrl+C to shut down.
[17:44:46 INF] Microsoft.Hosting.Lifetime Hosting environment: Development
[17:44:46 INF] Microsoft.Hosting.Lifetime Content root path: /Users/lukaosojnik/Documents/Coding/simple-bloomberg-terminal/simple-bloomberg-terminal
[17:44:47 WRN] Microsoft.EntityFrameworkCore.Query Compiling a query which loads related collections for more than one collection navigation, either via 'Include' or through projection, but no 'QuerySplittingBehavior' has been configured. By default, Entity Framework will use 'QuerySplittingBehavior.SingleQuery', which can potentially result in slow query performance. See https://go.microsoft.com/fwlink/?linkid=2134277 for more information. To identify the query that's triggering this warning call 'ConfigureWarnings(w => w.Throw(RelationalEventId.MultipleCollectionIncludeWarning))'.
[17:44:56 INF] System.Net.Http.HttpClient.IStockApiClient.LogicalHandler Start processing HTTP request GET https://data.sec.gov/submissions/CIK0001375365.json
[17:44:56 INF] System.Net.Http.HttpClient.IStockApiClient.ClientHandler Sending HTTP request GET https://data.sec.gov/submissions/CIK0001375365.json
[17:44:57 INF] System.Net.Http.HttpClient.IStockApiClient.ClientHandler Received HTTP response headers after 447.8197ms - 200
[17:44:57 INF] System.Net.Http.HttpClient.IStockApiClient.LogicalHandler End processing HTTP request after 463.7171ms - 200
[17:45:08 INF] Microsoft.Hosting.Lifetime Application is shutting down...
[17:45:11 INF] Microsoft.Hosting.Lifetime Now listening on: http://localhost:5213
[17:45:11 INF] Microsoft.Hosting.Lifetime Application started. Press Ctrl+C to shut down.
[17:45:11 INF] Microsoft.Hosting.Lifetime Hosting environment: Development
[17:45:11 INF] Microsoft.Hosting.Lifetime Content root path: /Users/lukaosojnik/Documents/Coding/simple-bloomberg-terminal/simple-bloomberg-terminal
[17:45:11 WRN] Microsoft.EntityFrameworkCore.Query Compiling a query which loads related collections for more than one collection navigation, either via 'Include' or through projection, but no 'QuerySplittingBehavior' has been configured. By default, Entity Framework will use 'QuerySplittingBehavior.SingleQuery', which can potentially result in slow query performance. See https://go.microsoft.com/fwlink/?linkid=2134277 for more information. To identify the query that's triggering this warning call 'ConfigureWarnings(w => w.Throw(RelationalEventId.MultipleCollectionIncludeWarning))'.
[17:45:18 INF] System.Net.Http.HttpClient.IStockApiClient.LogicalHandler Start processing HTTP request GET https://data.sec.gov/submissions/CIK0001375365.json
[17:45:18 INF] System.Net.Http.HttpClient.IStockApiClient.ClientHandler Sending HTTP request GET https://data.sec.gov/submissions/CIK0001375365.json
[17:45:19 INF] System.Net.Http.HttpClient.IStockApiClient.ClientHandler Received HTTP response headers after 248.2372ms - 200
[17:45:19 INF] System.Net.Http.HttpClient.IStockApiClient.LogicalHandler End processing HTTP request after 257.6293ms - 200
[17:45:34 INF] System.Net.Http.HttpClient.ICounterpartyDiscovery.LogicalHandler Start processing HTTP request POST https://api.perplexity.ai/chat/completions
[17:45:34 INF] System.Net.Http.HttpClient.ICounterpartyDiscovery.ClientHandler Sending HTTP request POST https://api.perplexity.ai/chat/completions
[17:45:38 INF] Microsoft.Hosting.Lifetime Application is shutting down...
[17:46:54 INF] Microsoft.Hosting.Lifetime Now listening on: http://localhost:5213
[17:46:54 INF] Microsoft.Hosting.Lifetime Application started. Press Ctrl+C to shut down.
[17:46:54 INF] Microsoft.Hosting.Lifetime Hosting environment: Development
[17:46:54 INF] Microsoft.Hosting.Lifetime Content root path: /Users/lukaosojnik/Documents/Coding/simple-bloomberg-terminal/simple-bloomberg-terminal
[17:46:55 WRN] Microsoft.EntityFrameworkCore.Query Compiling a query which loads related collections for more than one collection navigation, either via 'Include' or through projection, but no 'QuerySplittingBehavior' has been configured. By default, Entity Framework will use 'QuerySplittingBehavior.SingleQuery', which can potentially result in slow query performance. See https://go.microsoft.com/fwlink/?linkid=2134277 for more information. To identify the query that's triggering this warning call 'ConfigureWarnings(w => w.Throw(RelationalEventId.MultipleCollectionIncludeWarning))'.
[17:47:03 INF] System.Net.Http.HttpClient.IStockApiClient.LogicalHandler Start processing HTTP request GET https://data.sec.gov/submissions/CIK0001375365.json
[17:47:03 INF] System.Net.Http.HttpClient.IStockApiClient.ClientHandler Sending HTTP request GET https://data.sec.gov/submissions/CIK0001375365.json
[17:47:04 INF] System.Net.Http.HttpClient.IStockApiClient.ClientHandler Received HTTP response headers after 717.6892ms - 200
[17:47:04 INF] System.Net.Http.HttpClient.IStockApiClient.LogicalHandler End processing HTTP request after 727.9173ms - 200
[17:47:07 INF] System.Net.Http.HttpClient.IStockApiClient.LogicalHandler Start processing HTTP request GET https://www.sec.gov/Archives/edgar/data/1375365/000137536525000027/smci-20250630.htm
[17:47:07 INF] System.Net.Http.HttpClient.IStockApiClient.ClientHandler Sending HTTP request GET https://www.sec.gov/Archives/edgar/data/1375365/000137536525000027/smci-20250630.htm
[17:47:07 INF] System.Net.Http.HttpClient.IStockApiClient.ClientHandler Received HTTP response headers after 279.1206ms - 200
[17:47:07 INF] System.Net.Http.HttpClient.IStockApiClient.LogicalHandler End processing HTTP request after 279.9567ms - 200
[17:47:08 INF] System.Net.Http.HttpClient.IStockApiClient.LogicalHandler Start processing HTTP request GET https://www.sec.gov/Archives/edgar/data/1375365/000137536525000027/smci-20250630.htm
[17:47:08 INF] System.Net.Http.HttpClient.IStockApiClient.ClientHandler Sending HTTP request GET https://www.sec.gov/Archives/edgar/data/1375365/000137536525000027/smci-20250630.htm
[17:47:08 INF] System.Net.Http.HttpClient.IStockApiClient.ClientHandler Received HTTP response headers after 85.4153ms - 200
[17:47:08 INF] System.Net.Http.HttpClient.IStockApiClient.LogicalHandler End processing HTTP request after 85.791ms - 200
[17:47:10 INF] System.Net.Http.HttpClient.DeepSeek.LogicalHandler Start processing HTTP request POST https://api.deepseek.com/chat/completions
[17:47:10 INF] System.Net.Http.HttpClient.DeepSeek.ClientHandler Sending HTTP request POST https://api.deepseek.com/chat/completions
[17:47:10 INF] System.Net.Http.HttpClient.DeepSeek.LogicalHandler Start processing HTTP request POST https://api.deepseek.com/chat/completions
[17:47:10 INF] System.Net.Http.HttpClient.DeepSeek.ClientHandler Sending HTTP request POST https://api.deepseek.com/chat/completions
[17:47:10 INF] System.Net.Http.HttpClient.DeepSeek.LogicalHandler Start processing HTTP request POST https://api.deepseek.com/chat/completions
[17:47:10 INF] System.Net.Http.HttpClient.DeepSeek.ClientHandler Sending HTTP request POST https://api.deepseek.com/chat/completions
[17:47:10 INF] System.Net.Http.HttpClient.DeepSeek.LogicalHandler Start processing HTTP request POST https://api.deepseek.com/chat/completions
[17:47:10 INF] System.Net.Http.HttpClient.DeepSeek.ClientHandler Sending HTTP request POST https://api.deepseek.com/chat/completions
[17:47:10 INF] System.Net.Http.HttpClient.DeepSeek.LogicalHandler Start processing HTTP request POST https://api.deepseek.com/chat/completions
[17:47:10 INF] System.Net.Http.HttpClient.DeepSeek.ClientHandler Sending HTTP request POST https://api.deepseek.com/chat/completions
[17:47:10 INF] System.Net.Http.HttpClient.DeepSeek.LogicalHandler Start processing HTTP request POST https://api.deepseek.com/chat/completions
[17:47:10 INF] System.Net.Http.HttpClient.DeepSeek.ClientHandler Sending HTTP request POST https://api.deepseek.com/chat/completions
[17:47:11 INF] System.Net.Http.HttpClient.DeepSeek.ClientHandler Received HTTP response headers after 772.7294ms - 200
[17:47:11 INF] System.Net.Http.HttpClient.DeepSeek.ClientHandler Received HTTP response headers after 772.5535ms - 200
[17:47:11 INF] System.Net.Http.HttpClient.DeepSeek.ClientHandler Received HTTP response headers after 772.5047ms - 200
[17:47:11 INF] System.Net.Http.HttpClient.DeepSeek.LogicalHandler End processing HTTP request after 773.1045ms - 200
[17:47:11 INF] System.Net.Http.HttpClient.DeepSeek.LogicalHandler End processing HTTP request after 772.7941ms - 200
[17:47:11 INF] System.Net.Http.HttpClient.DeepSeek.ClientHandler Received HTTP response headers after 772.6171ms - 200
[17:47:11 INF] System.Net.Http.HttpClient.DeepSeek.ClientHandler Received HTTP response headers after 772.5976ms - 200
[17:47:11 INF] System.Net.Http.HttpClient.DeepSeek.LogicalHandler End processing HTTP request after 773.8906ms - 200
[17:47:11 INF] System.Net.Http.HttpClient.DeepSeek.ClientHandler Received HTTP response headers after 773.0292ms - 200
[17:47:11 INF] System.Net.Http.HttpClient.DeepSeek.LogicalHandler End processing HTTP request after 772.7682ms - 200
[17:47:11 INF] System.Net.Http.HttpClient.DeepSeek.LogicalHandler End processing HTTP request after 773.729ms - 200
[17:47:11 INF] System.Net.Http.HttpClient.DeepSeek.LogicalHandler End processing HTTP request after 774.9692ms - 200
[17:47:12 INF] System.Net.Http.HttpClient.DeepSeek.LogicalHandler Start processing HTTP request POST https://api.deepseek.com/chat/completions
[17:47:12 INF] System.Net.Http.HttpClient.DeepSeek.ClientHandler Sending HTTP request POST https://api.deepseek.com/chat/completions
[17:47:12 INF] System.Net.Http.HttpClient.DeepSeek.ClientHandler Received HTTP response headers after 279.4283ms - 200
[17:47:12 INF] System.Net.Http.HttpClient.DeepSeek.LogicalHandler End processing HTTP request after 280.1292ms - 200
[17:47:13 INF] System.Net.Http.HttpClient.DeepSeek.LogicalHandler Start processing HTTP request POST https://api.deepseek.com/chat/completions
[17:47:13 INF] System.Net.Http.HttpClient.DeepSeek.ClientHandler Sending HTTP request POST https://api.deepseek.com/chat/completions
[17:47:13 INF] System.Net.Http.HttpClient.DeepSeek.ClientHandler Received HTTP response headers after 310.9999ms - 200
[17:47:13 INF] System.Net.Http.HttpClient.DeepSeek.LogicalHandler End processing HTTP request after 311.6278ms - 200
[17:47:13 INF] System.Net.Http.HttpClient.DeepSeek.LogicalHandler Start processing HTTP request POST https://api.deepseek.com/chat/completions
[17:47:13 INF] System.Net.Http.HttpClient.DeepSeek.ClientHandler Sending HTTP request POST https://api.deepseek.com/chat/completions
[17:47:14 INF] System.Net.Http.HttpClient.DeepSeek.ClientHandler Received HTTP response headers after 322.074ms - 200
[17:47:14 INF] System.Net.Http.HttpClient.DeepSeek.LogicalHandler End processing HTTP request after 322.8102ms - 200
[17:47:14 INF] System.Net.Http.HttpClient.DeepSeek.LogicalHandler Start processing HTTP request POST https://api.deepseek.com/chat/completions
[17:47:14 INF] System.Net.Http.HttpClient.DeepSeek.ClientHandler Sending HTTP request POST https://api.deepseek.com/chat/completions
[17:47:14 INF] System.Net.Http.HttpClient.DeepSeek.ClientHandler Received HTTP response headers after 305.7876ms - 200
[17:47:14 INF] System.Net.Http.HttpClient.DeepSeek.LogicalHandler End processing HTTP request after 306.3088ms - 200
[17:47:15 INF] System.Net.Http.HttpClient.DeepSeek.LogicalHandler Start processing HTTP request POST https://api.deepseek.com/chat/completions
[17:47:15 INF] System.Net.Http.HttpClient.DeepSeek.ClientHandler Sending HTTP request POST https://api.deepseek.com/chat/completions
[17:47:15 INF] System.Net.Http.HttpClient.DeepSeek.ClientHandler Received HTTP response headers after 285.8222ms - 200
[17:47:15 INF] System.Net.Http.HttpClient.DeepSeek.LogicalHandler End processing HTTP request after 286.5659ms - 200
[17:47:16 INF] System.Net.Http.HttpClient.DeepSeek.LogicalHandler Start processing HTTP request POST https://api.deepseek.com/chat/completions
[17:47:16 INF] System.Net.Http.HttpClient.DeepSeek.ClientHandler Sending HTTP request POST https://api.deepseek.com/chat/completions
[17:47:16 INF] System.Net.Http.HttpClient.DeepSeek.LogicalHandler Start processing HTTP request POST https://api.deepseek.com/chat/completions
[17:47:16 INF] System.Net.Http.HttpClient.DeepSeek.ClientHandler Sending HTTP request POST https://api.deepseek.com/chat/completions
[17:47:16 INF] System.Net.Http.HttpClient.DeepSeek.ClientHandler Received HTTP response headers after 281.0252ms - 200
[17:47:16 INF] System.Net.Http.HttpClient.DeepSeek.LogicalHandler End processing HTTP request after 281.5484ms - 200
[17:47:16 INF] System.Net.Http.HttpClient.DeepSeek.ClientHandler Received HTTP response headers after 290.4046ms - 200
[17:47:16 INF] System.Net.Http.HttpClient.DeepSeek.LogicalHandler End processing HTTP request after 290.7246ms - 200
[17:47:17 INF] System.Net.Http.HttpClient.DeepSeek.LogicalHandler Start processing HTTP request POST https://api.deepseek.com/chat/completions
[17:47:17 INF] System.Net.Http.HttpClient.DeepSeek.ClientHandler Sending HTTP request POST https://api.deepseek.com/chat/completions
[17:47:17 INF] System.Net.Http.HttpClient.DeepSeek.ClientHandler Received HTTP response headers after 289.3181ms - 200
[17:47:17 INF] System.Net.Http.HttpClient.DeepSeek.LogicalHandler End processing HTTP request after 290.3233ms - 200
[17:47:17 INF] System.Net.Http.HttpClient.DeepSeek.LogicalHandler Start processing HTTP request POST https://api.deepseek.com/chat/completions
[17:47:17 INF] System.Net.Http.HttpClient.DeepSeek.ClientHandler Sending HTTP request POST https://api.deepseek.com/chat/completions
[17:47:18 INF] System.Net.Http.HttpClient.DeepSeek.LogicalHandler Start processing HTTP request POST https://api.deepseek.com/chat/completions
[17:47:18 INF] System.Net.Http.HttpClient.DeepSeek.ClientHandler Sending HTTP request POST https://api.deepseek.com/chat/completions
[17:47:18 INF] System.Net.Http.HttpClient.DeepSeek.ClientHandler Received HTTP response headers after 278.8219ms - 200
[17:47:18 INF] System.Net.Http.HttpClient.DeepSeek.LogicalHandler End processing HTTP request after 282.7329ms - 200
[17:47:18 INF] System.Net.Http.HttpClient.DeepSeek.ClientHandler Received HTTP response headers after 301.0698ms - 200
[17:47:18 INF] System.Net.Http.HttpClient.DeepSeek.LogicalHandler End processing HTTP request after 304.3339ms - 200
[17:47:18 INF] System.Net.Http.HttpClient.DeepSeek.LogicalHandler Start processing HTTP request POST https://api.deepseek.com/chat/completions
[17:47:18 INF] System.Net.Http.HttpClient.DeepSeek.ClientHandler Sending HTTP request POST https://api.deepseek.com/chat/completions
[17:47:19 INF] System.Net.Http.HttpClient.DeepSeek.ClientHandler Received HTTP response headers after 309.7472ms - 200
[17:47:19 INF] System.Net.Http.HttpClient.DeepSeek.LogicalHandler End processing HTTP request after 310.2382ms - 200
[17:47:20 INF] System.Net.Http.HttpClient.DeepSeek.LogicalHandler Start processing HTTP request POST https://api.deepseek.com/chat/completions
[17:47:20 INF] System.Net.Http.HttpClient.DeepSeek.ClientHandler Sending HTTP request POST https://api.deepseek.com/chat/completions
[17:47:20 INF] System.Net.Http.HttpClient.DeepSeek.ClientHandler Received HTTP response headers after 303.7847ms - 200
[17:47:20 INF] System.Net.Http.HttpClient.DeepSeek.LogicalHandler End processing HTTP request after 306.7977ms - 200
[17:47:21 INF] System.Net.Http.HttpClient.DeepSeek.LogicalHandler Start processing HTTP request POST https://api.deepseek.com/chat/completions
[17:47:21 INF] System.Net.Http.HttpClient.DeepSeek.ClientHandler Sending HTTP request POST https://api.deepseek.com/chat/completions
[17:47:21 INF] System.Net.Http.HttpClient.DeepSeek.ClientHandler Received HTTP response headers after 300.0499ms - 200
[17:47:21 INF] System.Net.Http.HttpClient.DeepSeek.LogicalHandler End processing HTTP request after 300.6123ms - 200
[17:47:22 INF] System.Net.Http.HttpClient.DeepSeek.LogicalHandler Start processing HTTP request POST https://api.deepseek.com/chat/completions
[17:47:22 INF] System.Net.Http.HttpClient.DeepSeek.ClientHandler Sending HTTP request POST https://api.deepseek.com/chat/completions
[17:47:22 INF] System.Net.Http.HttpClient.DeepSeek.LogicalHandler Start processing HTTP request POST https://api.deepseek.com/chat/completions
[17:47:22 INF] System.Net.Http.HttpClient.DeepSeek.ClientHandler Sending HTTP request POST https://api.deepseek.com/chat/completions
[17:47:22 INF] System.Net.Http.HttpClient.DeepSeek.ClientHandler Received HTTP response headers after 282.2711ms - 200
[17:47:22 INF] System.Net.Http.HttpClient.DeepSeek.LogicalHandler End processing HTTP request after 282.7083ms - 200
[17:47:22 INF] System.Net.Http.HttpClient.DeepSeek.ClientHandler Received HTTP response headers after 294.9926ms - 200
[17:47:22 INF] System.Net.Http.HttpClient.DeepSeek.LogicalHandler End processing HTTP request after 295.5424ms - 200
[17:47:23 INF] System.Net.Http.HttpClient.DeepSeek.LogicalHandler Start processing HTTP request POST https://api.deepseek.com/chat/completions
[17:47:23 INF] System.Net.Http.HttpClient.DeepSeek.ClientHandler Sending HTTP request POST https://api.deepseek.com/chat/completions
[17:47:23 INF] System.Net.Http.HttpClient.DeepSeek.ClientHandler Received HTTP response headers after 287.3264ms - 200
[17:47:23 INF] System.Net.Http.HttpClient.DeepSeek.LogicalHandler End processing HTTP request after 288.3476ms - 200
[17:47:24 INF] System.Net.Http.HttpClient.DeepSeek.LogicalHandler Start processing HTTP request POST https://api.deepseek.com/chat/completions
[17:47:24 INF] System.Net.Http.HttpClient.DeepSeek.ClientHandler Sending HTTP request POST https://api.deepseek.com/chat/completions
[17:47:24 INF] System.Net.Http.HttpClient.DeepSeek.ClientHandler Received HTTP response headers after 332.7223ms - 200
[17:47:24 INF] System.Net.Http.HttpClient.DeepSeek.LogicalHandler End processing HTTP request after 333.7292ms - 200
[17:47:24 INF] System.Net.Http.HttpClient.DeepSeek.LogicalHandler Start processing HTTP request POST https://api.deepseek.com/chat/completions
[17:47:24 INF] System.Net.Http.HttpClient.DeepSeek.ClientHandler Sending HTTP request POST https://api.deepseek.com/chat/completions
[17:47:24 INF] System.Net.Http.HttpClient.DeepSeek.LogicalHandler Start processing HTTP request POST https://api.deepseek.com/chat/completions
[17:47:24 INF] System.Net.Http.HttpClient.DeepSeek.ClientHandler Sending HTTP request POST https://api.deepseek.com/chat/completions
[17:47:24 INF] System.Net.Http.HttpClient.DeepSeek.ClientHandler Received HTTP response headers after 279.2292ms - 200
[17:47:24 INF] System.Net.Http.HttpClient.DeepSeek.LogicalHandler End processing HTTP request after 279.9141ms - 200
[17:47:25 INF] System.Net.Http.HttpClient.DeepSeek.ClientHandler Received HTTP response headers after 281.5235ms - 200
[17:47:25 INF] System.Net.Http.HttpClient.DeepSeek.LogicalHandler End processing HTTP request after 281.8763ms - 200
[17:47:26 INF] System.Net.Http.HttpClient.DeepSeek.LogicalHandler Start processing HTTP request POST https://api.deepseek.com/chat/completions
[17:47:26 INF] System.Net.Http.HttpClient.DeepSeek.ClientHandler Sending HTTP request POST https://api.deepseek.com/chat/completions
[17:47:26 INF] System.Net.Http.HttpClient.DeepSeek.LogicalHandler Start processing HTTP request POST https://api.deepseek.com/chat/completions
[17:47:26 INF] System.Net.Http.HttpClient.DeepSeek.ClientHandler Sending HTTP request POST https://api.deepseek.com/chat/completions
[17:47:26 INF] System.Net.Http.HttpClient.DeepSeek.LogicalHandler Start processing HTTP request POST https://api.deepseek.com/chat/completions
[17:47:26 INF] System.Net.Http.HttpClient.DeepSeek.ClientHandler Sending HTTP request POST https://api.deepseek.com/chat/completions
[17:47:26 INF] System.Net.Http.HttpClient.DeepSeek.ClientHandler Received HTTP response headers after 287.318ms - 200
[17:47:26 INF] System.Net.Http.HttpClient.DeepSeek.LogicalHandler End processing HTTP request after 288.3637ms - 200
[17:47:26 INF] System.Net.Http.HttpClient.DeepSeek.LogicalHandler Start processing HTTP request POST https://api.deepseek.com/chat/completions
[17:47:26 INF] System.Net.Http.HttpClient.DeepSeek.ClientHandler Sending HTTP request POST https://api.deepseek.com/chat/completions
[17:47:26 INF] System.Net.Http.HttpClient.DeepSeek.ClientHandler Received HTTP response headers after 284.8715ms - 200
[17:47:26 INF] System.Net.Http.HttpClient.DeepSeek.LogicalHandler End processing HTTP request after 285.26ms - 200
[17:47:27 INF] System.Net.Http.HttpClient.DeepSeek.ClientHandler Received HTTP response headers after 283.1284ms - 200
[17:47:27 INF] System.Net.Http.HttpClient.DeepSeek.LogicalHandler End processing HTTP request after 283.5797ms - 200
[17:47:27 INF] System.Net.Http.HttpClient.DeepSeek.ClientHandler Received HTTP response headers after 286.311ms - 200
[17:47:27 INF] System.Net.Http.HttpClient.DeepSeek.LogicalHandler End processing HTTP request after 286.6449ms - 200
[17:47:27 INF] System.Net.Http.HttpClient.DeepSeek.LogicalHandler Start processing HTTP request POST https://api.deepseek.com/chat/completions
[17:47:27 INF] System.Net.Http.HttpClient.DeepSeek.ClientHandler Sending HTTP request POST https://api.deepseek.com/chat/completions
[17:47:28 INF] System.Net.Http.HttpClient.DeepSeek.ClientHandler Received HTTP response headers after 279.3193ms - 200
[17:47:28 INF] System.Net.Http.HttpClient.DeepSeek.LogicalHandler End processing HTTP request after 279.9105ms - 200
[17:47:28 INF] System.Net.Http.HttpClient.DeepSeek.LogicalHandler Start processing HTTP request POST https://api.deepseek.com/chat/completions
[17:47:28 INF] System.Net.Http.HttpClient.DeepSeek.ClientHandler Sending HTTP request POST https://api.deepseek.com/chat/completions
[17:47:28 INF] System.Net.Http.HttpClient.DeepSeek.LogicalHandler Start processing HTTP request POST https://api.deepseek.com/chat/completions
[17:47:28 INF] System.Net.Http.HttpClient.DeepSeek.ClientHandler Sending HTTP request POST https://api.deepseek.com/chat/completions
[17:47:29 INF] System.Net.Http.HttpClient.DeepSeek.ClientHandler Received HTTP response headers after 283.7392ms - 200
[17:47:29 INF] System.Net.Http.HttpClient.DeepSeek.LogicalHandler End processing HTTP request after 284.3199ms - 200
[17:47:29 INF] System.Net.Http.HttpClient.DeepSeek.ClientHandler Received HTTP response headers after 279.283ms - 200
[17:47:29 INF] System.Net.Http.HttpClient.DeepSeek.LogicalHandler End processing HTTP request after 281.9358ms - 200
[17:47:29 INF] System.Net.Http.HttpClient.DeepSeek.LogicalHandler Start processing HTTP request POST https://api.deepseek.com/chat/completions
[17:47:29 INF] System.Net.Http.HttpClient.DeepSeek.ClientHandler Sending HTTP request POST https://api.deepseek.com/chat/completions
[17:47:29 INF] System.Net.Http.HttpClient.DeepSeek.ClientHandler Received HTTP response headers after 300.9048ms - 200
[17:47:29 INF] System.Net.Http.HttpClient.DeepSeek.LogicalHandler End processing HTTP request after 301.5582ms - 200
[17:47:31 INF] System.Net.Http.HttpClient.DeepSeek.LogicalHandler Start processing HTTP request POST https://api.deepseek.com/chat/completions
[17:47:31 INF] System.Net.Http.HttpClient.DeepSeek.ClientHandler Sending HTTP request POST https://api.deepseek.com/chat/completions
[17:47:31 INF] System.Net.Http.HttpClient.DeepSeek.ClientHandler Received HTTP response headers after 388.648ms - 200
[17:47:31 INF] System.Net.Http.HttpClient.DeepSeek.LogicalHandler End processing HTTP request after 389.159ms - 200
[17:47:33 INF] System.Net.Http.HttpClient.DeepSeek.LogicalHandler Start processing HTTP request POST https://api.deepseek.com/chat/completions
[17:47:33 INF] System.Net.Http.HttpClient.DeepSeek.ClientHandler Sending HTTP request POST https://api.deepseek.com/chat/completions
[17:47:33 INF] System.Net.Http.HttpClient.DeepSeek.ClientHandler Received HTTP response headers after 278.6825ms - 200
[17:47:33 INF] System.Net.Http.HttpClient.DeepSeek.LogicalHandler End processing HTTP request after 279.3749ms - 200
[17:47:36 INF] System.Net.Http.HttpClient.DeepSeek.LogicalHandler Start processing HTTP request POST https://api.deepseek.com/chat/completions
[17:47:36 INF] System.Net.Http.HttpClient.DeepSeek.ClientHandler Sending HTTP request POST https://api.deepseek.com/chat/completions
[17:47:37 INF] System.Net.Http.HttpClient.DeepSeek.ClientHandler Received HTTP response headers after 292.0114ms - 200
[17:47:37 INF] System.Net.Http.HttpClient.DeepSeek.LogicalHandler End processing HTTP request after 294.0581ms - 200
[17:47:38 INF] System.Net.Http.HttpClient.DeepSeek.LogicalHandler Start processing HTTP request POST https://api.deepseek.com/chat/completions
[17:47:38 INF] System.Net.Http.HttpClient.DeepSeek.ClientHandler Sending HTTP request POST https://api.deepseek.com/chat/completions
[17:47:38 INF] System.Net.Http.HttpClient.DeepSeek.ClientHandler Received HTTP response headers after 290.6014ms - 200
[17:47:38 INF] System.Net.Http.HttpClient.DeepSeek.LogicalHandler End processing HTTP request after 291.345ms - 200
[17:47:39 INF] System.Net.Http.HttpClient.DeepSeek.LogicalHandler Start processing HTTP request POST https://api.deepseek.com/chat/completions
[17:47:39 INF] System.Net.Http.HttpClient.DeepSeek.ClientHandler Sending HTTP request POST https://api.deepseek.com/chat/completions
[17:47:40 INF] System.Net.Http.HttpClient.DeepSeek.ClientHandler Received HTTP response headers after 386.0204ms - 200
[17:47:40 INF] System.Net.Http.HttpClient.DeepSeek.LogicalHandler End processing HTTP request after 386.5502ms - 200
[17:47:40 INF] System.Net.Http.HttpClient.DeepSeek.LogicalHandler Start processing HTTP request POST https://api.deepseek.com/chat/completions
[17:47:40 INF] System.Net.Http.HttpClient.DeepSeek.ClientHandler Sending HTTP request POST https://api.deepseek.com/chat/completions
[17:47:40 INF] System.Net.Http.HttpClient.DeepSeek.LogicalHandler Start processing HTTP request POST https://api.deepseek.com/chat/completions
[17:47:40 INF] System.Net.Http.HttpClient.DeepSeek.ClientHandler Sending HTTP request POST https://api.deepseek.com/chat/completions
[17:47:40 INF] System.Net.Http.HttpClient.DeepSeek.ClientHandler Received HTTP response headers after 308.6ms - 200
[17:47:40 INF] System.Net.Http.HttpClient.DeepSeek.LogicalHandler End processing HTTP request after 309.2357ms - 200
[17:47:40 INF] System.Net.Http.HttpClient.DeepSeek.ClientHandler Received HTTP response headers after 307.3806ms - 200
[17:47:40 INF] System.Net.Http.HttpClient.DeepSeek.LogicalHandler End processing HTTP request after 308.3048ms - 200
[17:47:41 INF] System.Net.Http.HttpClient.DeepSeek.LogicalHandler Start processing HTTP request POST https://api.deepseek.com/chat/completions
[17:47:41 INF] System.Net.Http.HttpClient.DeepSeek.ClientHandler Sending HTTP request POST https://api.deepseek.com/chat/completions
[17:47:41 INF] System.Net.Http.HttpClient.DeepSeek.ClientHandler Received HTTP response headers after 289.4465ms - 200
[17:47:41 INF] System.Net.Http.HttpClient.DeepSeek.LogicalHandler End processing HTTP request after 290.1024ms - 200
[17:47:41 INF] System.Net.Http.HttpClient.DeepSeek.LogicalHandler Start processing HTTP request POST https://api.deepseek.com/chat/completions
[17:47:41 INF] System.Net.Http.HttpClient.DeepSeek.ClientHandler Sending HTTP request POST https://api.deepseek.com/chat/completions
[17:47:42 INF] System.Net.Http.HttpClient.DeepSeek.ClientHandler Received HTTP response headers after 357.138ms - 200
[17:47:42 INF] System.Net.Http.HttpClient.DeepSeek.LogicalHandler End processing HTTP request after 357.5559ms - 200
[17:47:42 INF] System.Net.Http.HttpClient.DeepSeek.LogicalHandler Start processing HTTP request POST https://api.deepseek.com/chat/completions
[17:47:42 INF] System.Net.Http.HttpClient.DeepSeek.ClientHandler Sending HTTP request POST https://api.deepseek.com/chat/completions
[17:47:42 INF] System.Net.Http.HttpClient.DeepSeek.ClientHandler Received HTTP response headers after 393.3622ms - 200
[17:47:42 INF] System.Net.Http.HttpClient.DeepSeek.LogicalHandler End processing HTTP request after 393.9762ms - 200
[17:47:43 INF] System.Net.Http.HttpClient.DeepSeek.LogicalHandler Start processing HTTP request POST https://api.deepseek.com/chat/completions
[17:47:43 INF] System.Net.Http.HttpClient.DeepSeek.ClientHandler Sending HTTP request POST https://api.deepseek.com/chat/completions
[17:47:43 INF] System.Net.Http.HttpClient.DeepSeek.ClientHandler Received HTTP response headers after 297.2402ms - 200
[17:47:43 INF] System.Net.Http.HttpClient.DeepSeek.LogicalHandler End processing HTTP request after 297.8978ms - 200
[17:47:43 INF] System.Net.Http.HttpClient.DeepSeek.LogicalHandler Start processing HTTP request POST https://api.deepseek.com/chat/completions
[17:47:43 INF] System.Net.Http.HttpClient.DeepSeek.ClientHandler Sending HTTP request POST https://api.deepseek.com/chat/completions
[17:47:43 INF] System.Net.Http.HttpClient.DeepSeek.ClientHandler Received HTTP response headers after 304.43ms - 200
[17:47:43 INF] System.Net.Http.HttpClient.DeepSeek.LogicalHandler End processing HTTP request after 305.2364ms - 200
[17:47:46 INF] System.Net.Http.HttpClient.DeepSeek.LogicalHandler Start processing HTTP request POST https://api.deepseek.com/chat/completions
[17:47:46 INF] System.Net.Http.HttpClient.DeepSeek.ClientHandler Sending HTTP request POST https://api.deepseek.com/chat/completions
[17:47:46 INF] System.Net.Http.HttpClient.DeepSeek.ClientHandler Received HTTP response headers after 302.604ms - 200
[17:47:46 INF] System.Net.Http.HttpClient.DeepSeek.LogicalHandler End processing HTTP request after 303.7029ms - 200
[17:47:46 INF] System.Net.Http.HttpClient.DeepSeek.LogicalHandler Start processing HTTP request POST https://api.deepseek.com/chat/completions
[17:47:46 INF] System.Net.Http.HttpClient.DeepSeek.ClientHandler Sending HTTP request POST https://api.deepseek.com/chat/completions
[17:47:47 INF] System.Net.Http.HttpClient.DeepSeek.ClientHandler Received HTTP response headers after 294.4446ms - 200
[17:47:47 INF] System.Net.Http.HttpClient.DeepSeek.LogicalHandler End processing HTTP request after 295.1834ms - 200
[17:47:48 INF] System.Net.Http.HttpClient.DeepSeek.LogicalHandler Start processing HTTP request POST https://api.deepseek.com/chat/completions
[17:47:48 INF] System.Net.Http.HttpClient.DeepSeek.ClientHandler Sending HTTP request POST https://api.deepseek.com/chat/completions
[17:47:48 INF] System.Net.Http.HttpClient.DeepSeek.ClientHandler Received HTTP response headers after 407.6916ms - 200
[17:47:48 INF] System.Net.Http.HttpClient.DeepSeek.LogicalHandler End processing HTTP request after 408.2298ms - 200
[17:48:47 INF] System.Net.Http.HttpClient.DeepSeek.LogicalHandler Start processing HTTP request POST https://api.deepseek.com/chat/completions
[17:48:47 INF] System.Net.Http.HttpClient.DeepSeek.ClientHandler Sending HTTP request POST https://api.deepseek.com/chat/completions
[17:48:47 INF] System.Net.Http.HttpClient.DeepSeek.ClientHandler Received HTTP response headers after 298.9307ms - 200
[17:48:47 INF] System.Net.Http.HttpClient.DeepSeek.LogicalHandler End processing HTTP request after 300.3216ms - 200
[17:50:08 INF] System.Net.Http.HttpClient.DeepSeek.LogicalHandler Start processing HTTP request POST https://api.deepseek.com/chat/completions
[17:50:08 INF] System.Net.Http.HttpClient.DeepSeek.ClientHandler Sending HTTP request POST https://api.deepseek.com/chat/completions
[17:50:09 INF] System.Net.Http.HttpClient.DeepSeek.ClientHandler Received HTTP response headers after 456.1223ms - 200
[17:50:09 INF] System.Net.Http.HttpClient.DeepSeek.LogicalHandler End processing HTTP request after 457.3934ms - 200
[17:52:03 INF] Microsoft.Hosting.Lifetime Application is shutting down...
[17:52:09 INF] Microsoft.Hosting.Lifetime Now listening on: http://localhost:5213
[17:52:09 INF] Microsoft.Hosting.Lifetime Application started. Press Ctrl+C to shut down.
[17:52:09 INF] Microsoft.Hosting.Lifetime Hosting environment: Development
[17:52:09 INF] Microsoft.Hosting.Lifetime Content root path: /Users/lukaosojnik/Documents/Coding/simple-bloomberg-terminal/simple-bloomberg-terminal
[17:52:10 WRN] Microsoft.EntityFrameworkCore.Query Compiling a query which loads related collections for more than one collection navigation, either via 'Include' or through projection, but no 'QuerySplittingBehavior' has been configured. By default, Entity Framework will use 'QuerySplittingBehavior.SingleQuery', which can potentially result in slow query performance. See https://go.microsoft.com/fwlink/?linkid=2134277 for more information. To identify the query that's triggering this warning call 'ConfigureWarnings(w => w.Throw(RelationalEventId.MultipleCollectionIncludeWarning))'.
[17:52:18 INF] System.Net.Http.HttpClient.IStockApiClient.LogicalHandler Start processing HTTP request GET https://data.sec.gov/submissions/CIK0001375365.json
[17:52:18 INF] System.Net.Http.HttpClient.IStockApiClient.ClientHandler Sending HTTP request GET https://data.sec.gov/submissions/CIK0001375365.json
[17:52:18 INF] System.Net.Http.HttpClient.IStockApiClient.ClientHandler Received HTTP response headers after 463.5319ms - 200
[17:52:18 INF] System.Net.Http.HttpClient.IStockApiClient.LogicalHandler End processing HTTP request after 473.2951ms - 200
[17:52:26 INF] System.Net.Http.HttpClient.IStockApiClient.LogicalHandler Start processing HTTP request GET https://www.sec.gov/Archives/edgar/data/1375365/000137536525000027/smci-20250630.htm
[17:52:26 INF] System.Net.Http.HttpClient.IStockApiClient.ClientHandler Sending HTTP request GET https://www.sec.gov/Archives/edgar/data/1375365/000137536525000027/smci-20250630.htm
[17:52:26 INF] System.Net.Http.HttpClient.IStockApiClient.ClientHandler Received HTTP response headers after 318.7927ms - 200
[17:52:26 INF] System.Net.Http.HttpClient.IStockApiClient.LogicalHandler End processing HTTP request after 319.6818ms - 200
[17:52:27 INF] System.Net.Http.HttpClient.IStockApiClient.LogicalHandler Start processing HTTP request GET https://www.sec.gov/Archives/edgar/data/1375365/000137536525000027/smci-20250630.htm
[17:52:27 INF] System.Net.Http.HttpClient.IStockApiClient.ClientHandler Sending HTTP request GET https://www.sec.gov/Archives/edgar/data/1375365/000137536525000027/smci-20250630.htm
[17:52:27 INF] System.Net.Http.HttpClient.IStockApiClient.ClientHandler Received HTTP response headers after 42.97ms - 200
[17:52:27 INF] System.Net.Http.HttpClient.IStockApiClient.LogicalHandler End processing HTTP request after 43.4533ms - 200
[17:52:29 INF] System.Net.Http.HttpClient.DeepSeek.LogicalHandler Start processing HTTP request POST https://api.deepseek.com/chat/completions
[17:52:29 INF] System.Net.Http.HttpClient.DeepSeek.ClientHandler Sending HTTP request POST https://api.deepseek.com/chat/completions
[17:52:29 INF] System.Net.Http.HttpClient.DeepSeek.LogicalHandler Start processing HTTP request POST https://api.deepseek.com/chat/completions
[17:52:29 INF] System.Net.Http.HttpClient.DeepSeek.ClientHandler Sending HTTP request POST https://api.deepseek.com/chat/completions
[17:52:29 INF] System.Net.Http.HttpClient.DeepSeek.LogicalHandler Start processing HTTP request POST https://api.deepseek.com/chat/completions
[17:52:29 INF] System.Net.Http.HttpClient.DeepSeek.ClientHandler Sending HTTP request POST https://api.deepseek.com/chat/completions
[17:52:29 INF] System.Net.Http.HttpClient.DeepSeek.LogicalHandler Start processing HTTP request POST https://api.deepseek.com/chat/completions
[17:52:29 INF] System.Net.Http.HttpClient.DeepSeek.ClientHandler Sending HTTP request POST https://api.deepseek.com/chat/completions
[17:52:29 INF] System.Net.Http.HttpClient.DeepSeek.LogicalHandler Start processing HTTP request POST https://api.deepseek.com/chat/completions
[17:52:29 INF] System.Net.Http.HttpClient.DeepSeek.ClientHandler Sending HTTP request POST https://api.deepseek.com/chat/completions
[17:52:29 INF] System.Net.Http.HttpClient.DeepSeek.LogicalHandler Start processing HTTP request POST https://api.deepseek.com/chat/completions
[17:52:29 INF] System.Net.Http.HttpClient.DeepSeek.ClientHandler Sending HTTP request POST https://api.deepseek.com/chat/completions
[17:52:30 INF] System.Net.Http.HttpClient.DeepSeek.ClientHandler Received HTTP response headers after 653.0605ms - 200
[17:52:30 INF] System.Net.Http.HttpClient.DeepSeek.ClientHandler Received HTTP response headers after 652.4298ms - 200
[17:52:30 INF] System.Net.Http.HttpClient.DeepSeek.ClientHandler Received HTTP response headers after 652.6728ms - 200
[17:52:30 INF] System.Net.Http.HttpClient.DeepSeek.ClientHandler Received HTTP response headers after 652.5409ms - 200
[17:52:30 INF] System.Net.Http.HttpClient.DeepSeek.ClientHandler Received HTTP response headers after 652.8112ms - 200
[17:52:30 INF] System.Net.Http.HttpClient.DeepSeek.LogicalHandler End processing HTTP request after 653.6643ms - 200
[17:52:30 INF] System.Net.Http.HttpClient.DeepSeek.LogicalHandler End processing HTTP request after 652.841ms - 200
[17:52:30 INF] System.Net.Http.HttpClient.DeepSeek.ClientHandler Received HTTP response headers after 652.6807ms - 200
[17:52:30 INF] System.Net.Http.HttpClient.DeepSeek.LogicalHandler End processing HTTP request after 653.1778ms - 200
[17:52:30 INF] System.Net.Http.HttpClient.DeepSeek.LogicalHandler End processing HTTP request after 653.1788ms - 200
[17:52:30 INF] System.Net.Http.HttpClient.DeepSeek.LogicalHandler End processing HTTP request after 653.692ms - 200
[17:52:30 INF] System.Net.Http.HttpClient.DeepSeek.LogicalHandler End processing HTTP request after 653.7931ms - 200
[17:52:32 INF] System.Net.Http.HttpClient.DeepSeek.LogicalHandler Start processing HTTP request POST https://api.deepseek.com/chat/completions
[17:52:32 INF] System.Net.Http.HttpClient.DeepSeek.ClientHandler Sending HTTP request POST https://api.deepseek.com/chat/completions
[17:52:32 INF] System.Net.Http.HttpClient.DeepSeek.LogicalHandler Start processing HTTP request POST https://api.deepseek.com/chat/completions
[17:52:32 INF] System.Net.Http.HttpClient.DeepSeek.ClientHandler Sending HTTP request POST https://api.deepseek.com/chat/completions
[17:52:32 INF] System.Net.Http.HttpClient.DeepSeek.ClientHandler Received HTTP response headers after 331.1656ms - 200
[17:52:32 INF] System.Net.Http.HttpClient.DeepSeek.ClientHandler Received HTTP response headers after 331.3032ms - 200
[17:52:32 INF] System.Net.Http.HttpClient.DeepSeek.LogicalHandler End processing HTTP request after 331.976ms - 200
[17:52:32 INF] System.Net.Http.HttpClient.DeepSeek.LogicalHandler End processing HTTP request after 332.0056ms - 200
[17:52:33 INF] System.Net.Http.HttpClient.DeepSeek.LogicalHandler Start processing HTTP request POST https://api.deepseek.com/chat/completions
[17:52:33 INF] System.Net.Http.HttpClient.DeepSeek.ClientHandler Sending HTTP request POST https://api.deepseek.com/chat/completions
[17:52:33 INF] System.Net.Http.HttpClient.DeepSeek.ClientHandler Received HTTP response headers after 284.336ms - 200
[17:52:33 INF] System.Net.Http.HttpClient.DeepSeek.LogicalHandler End processing HTTP request after 285.3222ms - 200
[17:52:34 INF] System.Net.Http.HttpClient.DeepSeek.LogicalHandler Start processing HTTP request POST https://api.deepseek.com/chat/completions
[17:52:34 INF] System.Net.Http.HttpClient.DeepSeek.ClientHandler Sending HTTP request POST https://api.deepseek.com/chat/completions
[17:52:34 INF] System.Net.Http.HttpClient.DeepSeek.ClientHandler Received HTTP response headers after 323.4961ms - 200
[17:52:34 INF] System.Net.Http.HttpClient.DeepSeek.LogicalHandler End processing HTTP request after 324.268ms - 200
[17:52:35 INF] System.Net.Http.HttpClient.DeepSeek.LogicalHandler Start processing HTTP request POST https://api.deepseek.com/chat/completions
[17:52:35 INF] System.Net.Http.HttpClient.DeepSeek.ClientHandler Sending HTTP request POST https://api.deepseek.com/chat/completions
[17:52:35 INF] System.Net.Http.HttpClient.DeepSeek.LogicalHandler Start processing HTTP request POST https://api.deepseek.com/chat/completions
[17:52:35 INF] System.Net.Http.HttpClient.DeepSeek.ClientHandler Sending HTTP request POST https://api.deepseek.com/chat/completions
[17:52:35 INF] System.Net.Http.HttpClient.DeepSeek.ClientHandler Received HTTP response headers after 306.6934ms - 200
[17:52:35 INF] System.Net.Http.HttpClient.DeepSeek.LogicalHandler End processing HTTP request after 307.5813ms - 200
[17:52:35 INF] System.Net.Http.HttpClient.DeepSeek.ClientHandler Received HTTP response headers after 321.3033ms - 200
[17:52:35 INF] System.Net.Http.HttpClient.DeepSeek.LogicalHandler End processing HTTP request after 321.9993ms - 200
[17:52:36 INF] System.Net.Http.HttpClient.DeepSeek.LogicalHandler Start processing HTTP request POST https://api.deepseek.com/chat/completions
[17:52:36 INF] System.Net.Http.HttpClient.DeepSeek.ClientHandler Sending HTTP request POST https://api.deepseek.com/chat/completions
[17:52:36 INF] System.Net.Http.HttpClient.DeepSeek.ClientHandler Received HTTP response headers after 276.2346ms - 200
[17:52:36 INF] System.Net.Http.HttpClient.DeepSeek.LogicalHandler End processing HTTP request after 276.7627ms - 200
[17:52:36 INF] System.Net.Http.HttpClient.DeepSeek.LogicalHandler Start processing HTTP request POST https://api.deepseek.com/chat/completions
[17:52:36 INF] System.Net.Http.HttpClient.DeepSeek.ClientHandler Sending HTTP request POST https://api.deepseek.com/chat/completions
[17:52:37 INF] System.Net.Http.HttpClient.DeepSeek.LogicalHandler Start processing HTTP request POST https://api.deepseek.com/chat/completions
[17:52:37 INF] System.Net.Http.HttpClient.DeepSeek.ClientHandler Sending HTTP request POST https://api.deepseek.com/chat/completions
[17:52:37 INF] System.Net.Http.HttpClient.DeepSeek.ClientHandler Received HTTP response headers after 286.9835ms - 200
[17:52:37 INF] System.Net.Http.HttpClient.DeepSeek.LogicalHandler End processing HTTP request after 288.061ms - 200
[17:52:37 INF] System.Net.Http.HttpClient.DeepSeek.ClientHandler Received HTTP response headers after 279.4131ms - 200
[17:52:37 INF] System.Net.Http.HttpClient.DeepSeek.LogicalHandler End processing HTTP request after 282.686ms - 200
[17:52:37 INF] System.Net.Http.HttpClient.DeepSeek.LogicalHandler Start processing HTTP request POST https://api.deepseek.com/chat/completions
[17:52:37 INF] System.Net.Http.HttpClient.DeepSeek.ClientHandler Sending HTTP request POST https://api.deepseek.com/chat/completions
[17:52:37 INF] System.Net.Http.HttpClient.DeepSeek.ClientHandler Received HTTP response headers after 395.3549ms - 200
[17:52:37 INF] System.Net.Http.HttpClient.DeepSeek.LogicalHandler End processing HTTP request after 395.9879ms - 200
[17:52:38 INF] System.Net.Http.HttpClient.DeepSeek.LogicalHandler Start processing HTTP request POST https://api.deepseek.com/chat/completions
[17:52:38 INF] System.Net.Http.HttpClient.DeepSeek.ClientHandler Sending HTTP request POST https://api.deepseek.com/chat/completions
[17:52:38 INF] System.Net.Http.HttpClient.DeepSeek.LogicalHandler Start processing HTTP request POST https://api.deepseek.com/chat/completions
[17:52:38 INF] System.Net.Http.HttpClient.DeepSeek.ClientHandler Sending HTTP request POST https://api.deepseek.com/chat/completions
[17:52:38 INF] System.Net.Http.HttpClient.DeepSeek.ClientHandler Received HTTP response headers after 284.1754ms - 200
[17:52:38 INF] System.Net.Http.HttpClient.DeepSeek.LogicalHandler End processing HTTP request after 284.6057ms - 200
[17:52:38 INF] System.Net.Http.HttpClient.DeepSeek.LogicalHandler Start processing HTTP request POST https://api.deepseek.com/chat/completions
[17:52:38 INF] System.Net.Http.HttpClient.DeepSeek.ClientHandler Sending HTTP request POST https://api.deepseek.com/chat/completions
[17:52:38 INF] System.Net.Http.HttpClient.DeepSeek.ClientHandler Received HTTP response headers after 284.4715ms - 200
[17:52:38 INF] System.Net.Http.HttpClient.DeepSeek.LogicalHandler End processing HTTP request after 285.2155ms - 200
[17:52:38 INF] System.Net.Http.HttpClient.DeepSeek.LogicalHandler Start processing HTTP request POST https://api.deepseek.com/chat/completions
[17:52:38 INF] System.Net.Http.HttpClient.DeepSeek.ClientHandler Sending HTTP request POST https://api.deepseek.com/chat/completions
[17:52:38 INF] System.Net.Http.HttpClient.DeepSeek.ClientHandler Received HTTP response headers after 283.3695ms - 200
[17:52:38 INF] System.Net.Http.HttpClient.DeepSeek.LogicalHandler End processing HTTP request after 284.0388ms - 200
[17:52:39 INF] System.Net.Http.HttpClient.DeepSeek.ClientHandler Received HTTP response headers after 295.1405ms - 200
[17:52:39 INF] System.Net.Http.HttpClient.DeepSeek.LogicalHandler End processing HTTP request after 295.6257ms - 200
[17:52:39 INF] System.Net.Http.HttpClient.DeepSeek.LogicalHandler Start processing HTTP request POST https://api.deepseek.com/chat/completions
[17:52:39 INF] System.Net.Http.HttpClient.DeepSeek.ClientHandler Sending HTTP request POST https://api.deepseek.com/chat/completions
[17:52:40 INF] System.Net.Http.HttpClient.DeepSeek.ClientHandler Received HTTP response headers after 400.5104ms - 200
[17:52:40 INF] System.Net.Http.HttpClient.DeepSeek.LogicalHandler End processing HTTP request after 400.9729ms - 200
[17:52:40 INF] System.Net.Http.HttpClient.DeepSeek.LogicalHandler Start processing HTTP request POST https://api.deepseek.com/chat/completions
[17:52:40 INF] System.Net.Http.HttpClient.DeepSeek.ClientHandler Sending HTTP request POST https://api.deepseek.com/chat/completions
[17:52:40 INF] System.Net.Http.HttpClient.DeepSeek.LogicalHandler Start processing HTTP request POST https://api.deepseek.com/chat/completions
[17:52:40 INF] System.Net.Http.HttpClient.DeepSeek.ClientHandler Sending HTTP request POST https://api.deepseek.com/chat/completions
[17:52:40 INF] System.Net.Http.HttpClient.DeepSeek.ClientHandler Received HTTP response headers after 282.5583ms - 200
[17:52:40 INF] System.Net.Http.HttpClient.DeepSeek.LogicalHandler End processing HTTP request after 283.0387ms - 200
[17:52:40 INF] System.Net.Http.HttpClient.DeepSeek.ClientHandler Received HTTP response headers after 285.0642ms - 200
[17:52:40 INF] System.Net.Http.HttpClient.DeepSeek.LogicalHandler End processing HTTP request after 285.8148ms - 200
[17:52:41 INF] System.Net.Http.HttpClient.DeepSeek.LogicalHandler Start processing HTTP request POST https://api.deepseek.com/chat/completions
[17:52:41 INF] System.Net.Http.HttpClient.DeepSeek.ClientHandler Sending HTTP request POST https://api.deepseek.com/chat/completions
[17:52:42 INF] System.Net.Http.HttpClient.DeepSeek.ClientHandler Received HTTP response headers after 278.7064ms - 200
[17:52:42 INF] System.Net.Http.HttpClient.DeepSeek.LogicalHandler End processing HTTP request after 279.4213ms - 200
[17:52:42 INF] System.Net.Http.HttpClient.DeepSeek.LogicalHandler Start processing HTTP request POST https://api.deepseek.com/chat/completions
[17:52:42 INF] System.Net.Http.HttpClient.DeepSeek.ClientHandler Sending HTTP request POST https://api.deepseek.com/chat/completions
[17:52:42 INF] System.Net.Http.HttpClient.DeepSeek.ClientHandler Received HTTP response headers after 290.8856ms - 200
[17:52:42 INF] System.Net.Http.HttpClient.DeepSeek.LogicalHandler End processing HTTP request after 291.3568ms - 200
[17:52:42 INF] System.Net.Http.HttpClient.DeepSeek.LogicalHandler Start processing HTTP request POST https://api.deepseek.com/chat/completions
[17:52:42 INF] System.Net.Http.HttpClient.DeepSeek.ClientHandler Sending HTTP request POST https://api.deepseek.com/chat/completions
[17:52:42 INF] System.Net.Http.HttpClient.DeepSeek.ClientHandler Received HTTP response headers after 322.8914ms - 200
[17:52:42 INF] System.Net.Http.HttpClient.DeepSeek.LogicalHandler End processing HTTP request after 323.6358ms - 200
[17:52:42 INF] System.Net.Http.HttpClient.DeepSeek.LogicalHandler Start processing HTTP request POST https://api.deepseek.com/chat/completions
[17:52:42 INF] System.Net.Http.HttpClient.DeepSeek.ClientHandler Sending HTTP request POST https://api.deepseek.com/chat/completions
[17:52:43 INF] System.Net.Http.HttpClient.DeepSeek.ClientHandler Received HTTP response headers after 405.9065ms - 200
[17:52:43 INF] System.Net.Http.HttpClient.DeepSeek.LogicalHandler End processing HTTP request after 406.472ms - 200
[17:52:44 INF] System.Net.Http.HttpClient.DeepSeek.LogicalHandler Start processing HTTP request POST https://api.deepseek.com/chat/completions
[17:52:44 INF] System.Net.Http.HttpClient.DeepSeek.ClientHandler Sending HTTP request POST https://api.deepseek.com/chat/completions
[17:52:44 INF] System.Net.Http.HttpClient.DeepSeek.LogicalHandler Start processing HTTP request POST https://api.deepseek.com/chat/completions
[17:52:44 INF] System.Net.Http.HttpClient.DeepSeek.ClientHandler Sending HTTP request POST https://api.deepseek.com/chat/completions
[17:52:44 INF] System.Net.Http.HttpClient.DeepSeek.ClientHandler Received HTTP response headers after 296.5883ms - 200
[17:52:44 INF] System.Net.Http.HttpClient.DeepSeek.LogicalHandler End processing HTTP request after 297.0258ms - 200
[17:52:44 INF] System.Net.Http.HttpClient.DeepSeek.ClientHandler Received HTTP response headers after 293.9163ms - 200
[17:52:44 INF] System.Net.Http.HttpClient.DeepSeek.LogicalHandler End processing HTTP request after 294.5266ms - 200
[17:52:44 INF] System.Net.Http.HttpClient.DeepSeek.LogicalHandler Start processing HTTP request POST https://api.deepseek.com/chat/completions
[17:52:44 INF] System.Net.Http.HttpClient.DeepSeek.ClientHandler Sending HTTP request POST https://api.deepseek.com/chat/completions
[17:52:45 INF] System.Net.Http.HttpClient.DeepSeek.LogicalHandler Start processing HTTP request POST https://api.deepseek.com/chat/completions
[17:52:45 INF] System.Net.Http.HttpClient.DeepSeek.ClientHandler Sending HTTP request POST https://api.deepseek.com/chat/completions
[17:52:45 INF] System.Net.Http.HttpClient.DeepSeek.ClientHandler Received HTTP response headers after 293.4587ms - 200
[17:52:45 INF] System.Net.Http.HttpClient.DeepSeek.LogicalHandler End processing HTTP request after 294.1295ms - 200
[17:52:45 INF] System.Net.Http.HttpClient.DeepSeek.ClientHandler Received HTTP response headers after 302.2947ms - 200
[17:52:45 INF] System.Net.Http.HttpClient.DeepSeek.LogicalHandler End processing HTTP request after 302.8092ms - 200
[17:52:46 INF] System.Net.Http.HttpClient.DeepSeek.LogicalHandler Start processing HTTP request POST https://api.deepseek.com/chat/completions
[17:52:46 INF] System.Net.Http.HttpClient.DeepSeek.ClientHandler Sending HTTP request POST https://api.deepseek.com/chat/completions
[17:52:46 INF] System.Net.Http.HttpClient.DeepSeek.ClientHandler Received HTTP response headers after 285.8127ms - 200
[17:52:46 INF] System.Net.Http.HttpClient.DeepSeek.LogicalHandler End processing HTTP request after 286.6626ms - 200
[17:52:47 INF] System.Net.Http.HttpClient.DeepSeek.LogicalHandler Start processing HTTP request POST https://api.deepseek.com/chat/completions
[17:52:47 INF] System.Net.Http.HttpClient.DeepSeek.ClientHandler Sending HTTP request POST https://api.deepseek.com/chat/completions
[17:52:47 INF] System.Net.Http.HttpClient.DeepSeek.ClientHandler Received HTTP response headers after 306.6932ms - 200
[17:52:47 INF] System.Net.Http.HttpClient.DeepSeek.LogicalHandler End processing HTTP request after 307.2123ms - 200
[17:52:48 INF] System.Net.Http.HttpClient.DeepSeek.LogicalHandler Start processing HTTP request POST https://api.deepseek.com/chat/completions
[17:52:48 INF] System.Net.Http.HttpClient.DeepSeek.ClientHandler Sending HTTP request POST https://api.deepseek.com/chat/completions
[17:52:48 INF] System.Net.Http.HttpClient.DeepSeek.ClientHandler Received HTTP response headers after 381.2357ms - 200
[17:52:48 INF] System.Net.Http.HttpClient.DeepSeek.LogicalHandler End processing HTTP request after 381.6133ms - 200
[17:52:49 INF] System.Net.Http.HttpClient.DeepSeek.LogicalHandler Start processing HTTP request POST https://api.deepseek.com/chat/completions
[17:52:49 INF] System.Net.Http.HttpClient.DeepSeek.ClientHandler Sending HTTP request POST https://api.deepseek.com/chat/completions
[17:52:49 INF] System.Net.Http.HttpClient.DeepSeek.ClientHandler Received HTTP response headers after 284.5924ms - 200
[17:52:49 INF] System.Net.Http.HttpClient.DeepSeek.LogicalHandler End processing HTTP request after 285.3307ms - 200
[17:52:50 INF] System.Net.Http.HttpClient.DeepSeek.LogicalHandler Start processing HTTP request POST https://api.deepseek.com/chat/completions
[17:52:50 INF] System.Net.Http.HttpClient.DeepSeek.ClientHandler Sending HTTP request POST https://api.deepseek.com/chat/completions
[17:52:50 INF] System.Net.Http.HttpClient.DeepSeek.ClientHandler Received HTTP response headers after 286.5499ms - 200
[17:52:50 INF] System.Net.Http.HttpClient.DeepSeek.LogicalHandler End processing HTTP request after 287.0984ms - 200
[17:52:52 INF] System.Net.Http.HttpClient.DeepSeek.LogicalHandler Start processing HTTP request POST https://api.deepseek.com/chat/completions
[17:52:52 INF] System.Net.Http.HttpClient.DeepSeek.ClientHandler Sending HTTP request POST https://api.deepseek.com/chat/completions
[17:52:52 INF] System.Net.Http.HttpClient.DeepSeek.LogicalHandler Start processing HTTP request POST https://api.deepseek.com/chat/completions
[17:52:52 INF] System.Net.Http.HttpClient.DeepSeek.ClientHandler Sending HTTP request POST https://api.deepseek.com/chat/completions
[17:52:52 INF] System.Net.Http.HttpClient.DeepSeek.ClientHandler Received HTTP response headers after 304.7259ms - 200
[17:52:52 INF] System.Net.Http.HttpClient.DeepSeek.LogicalHandler End processing HTTP request after 305.2662ms - 200
[17:52:52 INF] System.Net.Http.HttpClient.DeepSeek.ClientHandler Received HTTP response headers after 297.0647ms - 200
[17:52:52 INF] System.Net.Http.HttpClient.DeepSeek.LogicalHandler End processing HTTP request after 297.4619ms - 200
[17:52:53 INF] System.Net.Http.HttpClient.DeepSeek.LogicalHandler Start processing HTTP request POST https://api.deepseek.com/chat/completions
[17:52:53 INF] System.Net.Http.HttpClient.DeepSeek.ClientHandler Sending HTTP request POST https://api.deepseek.com/chat/completions
[17:52:53 INF] System.Net.Http.HttpClient.DeepSeek.ClientHandler Received HTTP response headers after 296.9367ms - 200
[17:52:53 INF] System.Net.Http.HttpClient.DeepSeek.LogicalHandler End processing HTTP request after 297.3856ms - 200
[17:52:54 INF] System.Net.Http.HttpClient.DeepSeek.LogicalHandler Start processing HTTP request POST https://api.deepseek.com/chat/completions
[17:52:54 INF] System.Net.Http.HttpClient.DeepSeek.ClientHandler Sending HTTP request POST https://api.deepseek.com/chat/completions
[17:52:54 INF] System.Net.Http.HttpClient.DeepSeek.LogicalHandler Start processing HTTP request POST https://api.deepseek.com/chat/completions
[17:52:54 INF] System.Net.Http.HttpClient.DeepSeek.ClientHandler Sending HTTP request POST https://api.deepseek.com/chat/completions
[17:52:54 INF] System.Net.Http.HttpClient.IStockApiClient.LogicalHandler Start processing HTTP request GET https://data.sec.gov/submissions/CIK0001375365.json
[17:52:54 INF] System.Net.Http.HttpClient.IStockApiClient.ClientHandler Sending HTTP request GET https://data.sec.gov/submissions/CIK0001375365.json
[17:52:54 INF] System.Net.Http.HttpClient.DeepSeek.ClientHandler Received HTTP response headers after 285.4875ms - 200
[17:52:54 INF] System.Net.Http.HttpClient.DeepSeek.ClientHandler Received HTTP response headers after 286.499ms - 200
[17:52:54 INF] System.Net.Http.HttpClient.DeepSeek.LogicalHandler End processing HTTP request after 285.8747ms - 200
[17:52:54 INF] System.Net.Http.HttpClient.DeepSeek.LogicalHandler End processing HTTP request after 287.1571ms - 200
[17:52:54 INF] System.Net.Http.HttpClient.IStockApiClient.ClientHandler Received HTTP response headers after 208.4072ms - 200
[17:52:54 INF] System.Net.Http.HttpClient.IStockApiClient.LogicalHandler End processing HTTP request after 209.0186ms - 200
[17:52:54 INF] System.Net.Http.HttpClient.DeepSeek.LogicalHandler Start processing HTTP request POST https://api.deepseek.com/chat/completions
[17:52:54 INF] System.Net.Http.HttpClient.DeepSeek.ClientHandler Sending HTTP request POST https://api.deepseek.com/chat/completions
[17:52:55 INF] System.Net.Http.HttpClient.DeepSeek.ClientHandler Received HTTP response headers after 278.319ms - 200
[17:52:55 INF] System.Net.Http.HttpClient.DeepSeek.LogicalHandler End processing HTTP request after 278.9689ms - 200
[17:52:56 INF] System.Net.Http.HttpClient.DeepSeek.LogicalHandler Start processing HTTP request POST https://api.deepseek.com/chat/completions
[17:52:56 INF] System.Net.Http.HttpClient.DeepSeek.ClientHandler Sending HTTP request POST https://api.deepseek.com/chat/completions
[17:52:56 INF] System.Net.Http.HttpClient.DeepSeek.ClientHandler Received HTTP response headers after 279.8227ms - 200
[17:52:56 INF] System.Net.Http.HttpClient.DeepSeek.LogicalHandler End processing HTTP request after 280.2209ms - 200
[17:52:56 INF] System.Net.Http.HttpClient.DeepSeek.LogicalHandler Start processing HTTP request POST https://api.deepseek.com/chat/completions
[17:52:56 INF] System.Net.Http.HttpClient.DeepSeek.ClientHandler Sending HTTP request POST https://api.deepseek.com/chat/completions
[17:52:56 INF] System.Net.Http.HttpClient.DeepSeek.ClientHandler Received HTTP response headers after 282.0516ms - 200
[17:52:56 INF] System.Net.Http.HttpClient.DeepSeek.LogicalHandler End processing HTTP request after 282.3711ms - 200
[17:52:57 INF] System.Net.Http.HttpClient.DeepSeek.LogicalHandler Start processing HTTP request POST https://api.deepseek.com/chat/completions
[17:52:57 INF] System.Net.Http.HttpClient.DeepSeek.ClientHandler Sending HTTP request POST https://api.deepseek.com/chat/completions
[17:52:58 INF] System.Net.Http.HttpClient.DeepSeek.ClientHandler Received HTTP response headers after 284.8787ms - 200
[17:52:58 INF] System.Net.Http.HttpClient.DeepSeek.LogicalHandler End processing HTTP request after 285.4212ms - 200
[17:52:59 INF] System.Net.Http.HttpClient.DeepSeek.LogicalHandler Start processing HTTP request POST https://api.deepseek.com/chat/completions
[17:52:59 INF] System.Net.Http.HttpClient.DeepSeek.ClientHandler Sending HTTP request POST https://api.deepseek.com/chat/completions
[17:52:59 INF] System.Net.Http.HttpClient.DeepSeek.ClientHandler Received HTTP response headers after 281.2252ms - 200
[17:52:59 INF] System.Net.Http.HttpClient.DeepSeek.LogicalHandler End processing HTTP request after 281.9985ms - 200
[17:53:00 INF] System.Net.Http.HttpClient.DeepSeek.LogicalHandler Start processing HTTP request POST https://api.deepseek.com/chat/completions
[17:53:00 INF] System.Net.Http.HttpClient.DeepSeek.ClientHandler Sending HTTP request POST https://api.deepseek.com/chat/completions
[17:53:00 INF] System.Net.Http.HttpClient.DeepSeek.ClientHandler Received HTTP response headers after 282.9815ms - 200
[17:53:00 INF] System.Net.Http.HttpClient.DeepSeek.LogicalHandler End processing HTTP request after 283.6672ms - 200
[17:53:01 INF] System.Net.Http.HttpClient.DeepSeek.LogicalHandler Start processing HTTP request POST https://api.deepseek.com/chat/completions
[17:53:01 INF] System.Net.Http.HttpClient.DeepSeek.ClientHandler Sending HTTP request POST https://api.deepseek.com/chat/completions
[17:53:01 INF] System.Net.Http.HttpClient.DeepSeek.ClientHandler Received HTTP response headers after 284.2737ms - 200
[17:53:01 INF] System.Net.Http.HttpClient.DeepSeek.LogicalHandler End processing HTTP request after 284.8299ms - 200
[17:53:17 INF] Microsoft.Hosting.Lifetime Application is shutting down...
[17:53:24 INF] Microsoft.Hosting.Lifetime Now listening on: http://localhost:5213
[17:53:24 INF] Microsoft.Hosting.Lifetime Application started. Press Ctrl+C to shut down.
[17:53:24 INF] Microsoft.Hosting.Lifetime Hosting environment: Development
[17:53:24 INF] Microsoft.Hosting.Lifetime Content root path: /Users/lukaosojnik/Documents/Coding/simple-bloomberg-terminal/simple-bloomberg-terminal
[17:53:24 WRN] Microsoft.EntityFrameworkCore.Query Compiling a query which loads related collections for more than one collection navigation, either via 'Include' or through projection, but no 'QuerySplittingBehavior' has been configured. By default, Entity Framework will use 'QuerySplittingBehavior.SingleQuery', which can potentially result in slow query performance. See https://go.microsoft.com/fwlink/?linkid=2134277 for more information. To identify the query that's triggering this warning call 'ConfigureWarnings(w => w.Throw(RelationalEventId.MultipleCollectionIncludeWarning))'.
[17:53:35 INF] System.Net.Http.HttpClient.IStockApiClient.LogicalHandler Start processing HTTP request GET https://data.sec.gov/submissions/CIK0001375365.json
[17:53:35 INF] System.Net.Http.HttpClient.IStockApiClient.ClientHandler Sending HTTP request GET https://data.sec.gov/submissions/CIK0001375365.json
[17:53:35 INF] System.Net.Http.HttpClient.IStockApiClient.ClientHandler Received HTTP response headers after 474.5518ms - 200
[17:53:35 INF] System.Net.Http.HttpClient.IStockApiClient.LogicalHandler End processing HTTP request after 484.2745ms - 200
[17:53:51 INF] Microsoft.Hosting.Lifetime Application is shutting down...
[17:53:54 INF] Microsoft.Hosting.Lifetime Now listening on: http://localhost:5213
[17:53:54 INF] Microsoft.Hosting.Lifetime Application started. Press Ctrl+C to shut down.
[17:53:54 INF] Microsoft.Hosting.Lifetime Hosting environment: Development
[17:53:54 INF] Microsoft.Hosting.Lifetime Content root path: /Users/lukaosojnik/Documents/Coding/simple-bloomberg-terminal/simple-bloomberg-terminal
[17:53:55 WRN] Microsoft.EntityFrameworkCore.Query Compiling a query which loads related collections for more than one collection navigation, either via 'Include' or through projection, but no 'QuerySplittingBehavior' has been configured. By default, Entity Framework will use 'QuerySplittingBehavior.SingleQuery', which can potentially result in slow query performance. See https://go.microsoft.com/fwlink/?linkid=2134277 for more information. To identify the query that's triggering this warning call 'ConfigureWarnings(w => w.Throw(RelationalEventId.MultipleCollectionIncludeWarning))'.
[17:54:07 INF] Microsoft.Hosting.Lifetime Application is shutting down...
[17:54:51 INF] Microsoft.Hosting.Lifetime Now listening on: http://localhost:5213
[17:54:51 INF] Microsoft.Hosting.Lifetime Application started. Press Ctrl+C to shut down.
[17:54:51 INF] Microsoft.Hosting.Lifetime Hosting environment: Development
[17:54:51 INF] Microsoft.Hosting.Lifetime Content root path: /Users/lukaosojnik/Documents/Coding/simple-bloomberg-terminal/simple-bloomberg-terminal
[17:54:52 WRN] Microsoft.EntityFrameworkCore.Query Compiling a query which loads related collections for more than one collection navigation, either via 'Include' or through projection, but no 'QuerySplittingBehavior' has been configured. By default, Entity Framework will use 'QuerySplittingBehavior.SingleQuery', which can potentially result in slow query performance. See https://go.microsoft.com/fwlink/?linkid=2134277 for more information. To identify the query that's triggering this warning call 'ConfigureWarnings(w => w.Throw(RelationalEventId.MultipleCollectionIncludeWarning))'.
[17:54:58 INF] System.Net.Http.HttpClient.IStockApiClient.LogicalHandler Start processing HTTP request GET https://data.sec.gov/submissions/CIK0001375365.json
[17:54:58 INF] System.Net.Http.HttpClient.IStockApiClient.ClientHandler Sending HTTP request GET https://data.sec.gov/submissions/CIK0001375365.json
[17:54:59 INF] System.Net.Http.HttpClient.IStockApiClient.ClientHandler Received HTTP response headers after 477.501ms - 200
[17:54:59 INF] System.Net.Http.HttpClient.IStockApiClient.LogicalHandler End processing HTTP request after 486.8541ms - 200
[17:55:09 INF] System.Net.Http.HttpClient.IStockApiClient.LogicalHandler Start processing HTTP request GET https://www.sec.gov/Archives/edgar/data/1375365/000137536525000027/smci-20250630.htm
[17:55:09 INF] System.Net.Http.HttpClient.IStockApiClient.ClientHandler Sending HTTP request GET https://www.sec.gov/Archives/edgar/data/1375365/000137536525000027/smci-20250630.htm
[17:55:10 INF] System.Net.Http.HttpClient.IStockApiClient.ClientHandler Received HTTP response headers after 377.2642ms - 200
[17:55:10 INF] System.Net.Http.HttpClient.IStockApiClient.LogicalHandler End processing HTTP request after 378.7586ms - 200
[17:55:10 INF] System.Net.Http.HttpClient.IStockApiClient.LogicalHandler Start processing HTTP request GET https://www.sec.gov/Archives/edgar/data/1375365/000137536525000027/smci-20250630.htm
[17:55:10 INF] System.Net.Http.HttpClient.IStockApiClient.ClientHandler Sending HTTP request GET https://www.sec.gov/Archives/edgar/data/1375365/000137536525000027/smci-20250630.htm
[17:55:10 INF] System.Net.Http.HttpClient.IStockApiClient.ClientHandler Received HTTP response headers after 50.4775ms - 200
[17:55:10 INF] System.Net.Http.HttpClient.IStockApiClient.LogicalHandler End processing HTTP request after 50.916ms - 200
[17:55:13 INF] System.Net.Http.HttpClient.DeepSeek.LogicalHandler Start processing HTTP request POST https://api.deepseek.com/chat/completions
[17:55:13 INF] System.Net.Http.HttpClient.DeepSeek.ClientHandler Sending HTTP request POST https://api.deepseek.com/chat/completions
[17:55:13 INF] System.Net.Http.HttpClient.DeepSeek.LogicalHandler Start processing HTTP request POST https://api.deepseek.com/chat/completions
[17:55:13 INF] System.Net.Http.HttpClient.DeepSeek.ClientHandler Sending HTTP request POST https://api.deepseek.com/chat/completions
[17:55:13 INF] System.Net.Http.HttpClient.DeepSeek.LogicalHandler Start processing HTTP request POST https://api.deepseek.com/chat/completions
[17:55:13 INF] System.Net.Http.HttpClient.DeepSeek.ClientHandler Sending HTTP request POST https://api.deepseek.com/chat/completions
[17:55:13 INF] System.Net.Http.HttpClient.DeepSeek.LogicalHandler Start processing HTTP request POST https://api.deepseek.com/chat/completions
[17:55:13 INF] System.Net.Http.HttpClient.DeepSeek.ClientHandler Sending HTTP request POST https://api.deepseek.com/chat/completions
[17:55:13 INF] System.Net.Http.HttpClient.DeepSeek.LogicalHandler Start processing HTTP request POST https://api.deepseek.com/chat/completions
[17:55:13 INF] System.Net.Http.HttpClient.DeepSeek.ClientHandler Sending HTTP request POST https://api.deepseek.com/chat/completions
[17:55:13 INF] System.Net.Http.HttpClient.DeepSeek.LogicalHandler Start processing HTTP request POST https://api.deepseek.com/chat/completions
[17:55:13 INF] System.Net.Http.HttpClient.DeepSeek.ClientHandler Sending HTTP request POST https://api.deepseek.com/chat/completions
[17:55:13 INF] System.Net.Http.HttpClient.DeepSeek.ClientHandler Received HTTP response headers after 620.7717ms - 200
[17:55:13 INF] System.Net.Http.HttpClient.DeepSeek.LogicalHandler End processing HTTP request after 621.0957ms - 200
[17:55:13 INF] System.Net.Http.HttpClient.DeepSeek.ClientHandler Received HTTP response headers after 626.0782ms - 200
[17:55:13 INF] System.Net.Http.HttpClient.DeepSeek.LogicalHandler End processing HTTP request after 626.2688ms - 200
[17:55:13 INF] System.Net.Http.HttpClient.DeepSeek.ClientHandler Received HTTP response headers after 627.4434ms - 200
[17:55:13 INF] System.Net.Http.HttpClient.DeepSeek.LogicalHandler End processing HTTP request after 627.7378ms - 200
[17:55:13 INF] System.Net.Http.HttpClient.DeepSeek.ClientHandler Received HTTP response headers after 630.5216ms - 200
[17:55:13 INF] System.Net.Http.HttpClient.DeepSeek.LogicalHandler End processing HTTP request after 630.8473ms - 200
[17:55:13 INF] System.Net.Http.HttpClient.DeepSeek.ClientHandler Received HTTP response headers after 635.5199ms - 200
[17:55:13 INF] System.Net.Http.HttpClient.DeepSeek.LogicalHandler End processing HTTP request after 635.7429ms - 200
[17:55:13 INF] System.Net.Http.HttpClient.DeepSeek.ClientHandler Received HTTP response headers after 646.7121ms - 200
[17:55:13 INF] System.Net.Http.HttpClient.DeepSeek.LogicalHandler End processing HTTP request after 646.9672ms - 200
[17:55:14 INF] System.Net.Http.HttpClient.DeepSeek.LogicalHandler Start processing HTTP request POST https://api.deepseek.com/chat/completions
[17:55:14 INF] System.Net.Http.HttpClient.DeepSeek.ClientHandler Sending HTTP request POST https://api.deepseek.com/chat/completions
[17:55:15 INF] System.Net.Http.HttpClient.DeepSeek.ClientHandler Received HTTP response headers after 280.718ms - 200
[17:55:15 INF] System.Net.Http.HttpClient.DeepSeek.LogicalHandler End processing HTTP request after 281.1805ms - 200
[17:55:15 INF] System.Net.Http.HttpClient.DeepSeek.LogicalHandler Start processing HTTP request POST https://api.deepseek.com/chat/completions
[17:55:15 INF] System.Net.Http.HttpClient.DeepSeek.ClientHandler Sending HTTP request POST https://api.deepseek.com/chat/completions
[17:55:15 INF] System.Net.Http.HttpClient.DeepSeek.LogicalHandler Start processing HTTP request POST https://api.deepseek.com/chat/completions
[17:55:15 INF] System.Net.Http.HttpClient.DeepSeek.ClientHandler Sending HTTP request POST https://api.deepseek.com/chat/completions
[17:55:15 INF] System.Net.Http.HttpClient.DeepSeek.ClientHandler Received HTTP response headers after 358.4359ms - 200
[17:55:15 INF] System.Net.Http.HttpClient.DeepSeek.ClientHandler Received HTTP response headers after 370.4453ms - 200
[17:55:15 INF] System.Net.Http.HttpClient.DeepSeek.LogicalHandler End processing HTTP request after 359.0588ms - 200
[17:55:15 INF] System.Net.Http.HttpClient.DeepSeek.LogicalHandler End processing HTTP request after 371.447ms - 200
[17:55:16 INF] System.Net.Http.HttpClient.DeepSeek.LogicalHandler Start processing HTTP request POST https://api.deepseek.com/chat/completions
[17:55:16 INF] System.Net.Http.HttpClient.DeepSeek.ClientHandler Sending HTTP request POST https://api.deepseek.com/chat/completions
[17:55:16 INF] System.Net.Http.HttpClient.DeepSeek.ClientHandler Received HTTP response headers after 279.7694ms - 200
[17:55:16 INF] System.Net.Http.HttpClient.DeepSeek.LogicalHandler End processing HTTP request after 280.7609ms - 200
[17:55:17 INF] System.Net.Http.HttpClient.DeepSeek.LogicalHandler Start processing HTTP request POST https://api.deepseek.com/chat/completions
[17:55:17 INF] System.Net.Http.HttpClient.DeepSeek.ClientHandler Sending HTTP request POST https://api.deepseek.com/chat/completions
[17:55:17 INF] System.Net.Http.HttpClient.DeepSeek.ClientHandler Received HTTP response headers after 279.9517ms - 200
[17:55:17 INF] System.Net.Http.HttpClient.DeepSeek.LogicalHandler End processing HTTP request after 281.2151ms - 200
[17:55:18 INF] System.Net.Http.HttpClient.DeepSeek.LogicalHandler Start processing HTTP request POST https://api.deepseek.com/chat/completions
[17:55:18 INF] System.Net.Http.HttpClient.DeepSeek.ClientHandler Sending HTTP request POST https://api.deepseek.com/chat/completions
[17:55:19 INF] System.Net.Http.HttpClient.DeepSeek.ClientHandler Received HTTP response headers after 408.846ms - 200
[17:55:19 INF] System.Net.Http.HttpClient.DeepSeek.LogicalHandler End processing HTTP request after 409.6422ms - 200
[17:55:19 INF] System.Net.Http.HttpClient.DeepSeek.LogicalHandler Start processing HTTP request POST https://api.deepseek.com/chat/completions
[17:55:19 INF] System.Net.Http.HttpClient.DeepSeek.ClientHandler Sending HTTP request POST https://api.deepseek.com/chat/completions
[17:55:19 INF] System.Net.Http.HttpClient.DeepSeek.ClientHandler Received HTTP response headers after 285.106ms - 200
[17:55:19 INF] System.Net.Http.HttpClient.DeepSeek.LogicalHandler End processing HTTP request after 288.0244ms - 200
[17:55:19 INF] System.Net.Http.HttpClient.DeepSeek.LogicalHandler Start processing HTTP request POST https://api.deepseek.com/chat/completions
[17:55:19 INF] System.Net.Http.HttpClient.DeepSeek.ClientHandler Sending HTTP request POST https://api.deepseek.com/chat/completions
[17:55:20 INF] System.Net.Http.HttpClient.DeepSeek.ClientHandler Received HTTP response headers after 282.0825ms - 200
[17:55:20 INF] System.Net.Http.HttpClient.DeepSeek.LogicalHandler End processing HTTP request after 284.3317ms - 200
[17:55:20 INF] System.Net.Http.HttpClient.DeepSeek.LogicalHandler Start processing HTTP request POST https://api.deepseek.com/chat/completions
[17:55:20 INF] System.Net.Http.HttpClient.DeepSeek.ClientHandler Sending HTTP request POST https://api.deepseek.com/chat/completions
[17:55:20 INF] System.Net.Http.HttpClient.DeepSeek.ClientHandler Received HTTP response headers after 286.4743ms - 200
[17:55:20 INF] System.Net.Http.HttpClient.DeepSeek.LogicalHandler End processing HTTP request after 286.9685ms - 200
[17:55:20 INF] System.Net.Http.HttpClient.DeepSeek.LogicalHandler Start processing HTTP request POST https://api.deepseek.com/chat/completions
[17:55:20 INF] System.Net.Http.HttpClient.DeepSeek.ClientHandler Sending HTTP request POST https://api.deepseek.com/chat/completions
[17:55:20 INF] System.Net.Http.HttpClient.DeepSeek.LogicalHandler Start processing HTTP request POST https://api.deepseek.com/chat/completions
[17:55:20 INF] System.Net.Http.HttpClient.DeepSeek.ClientHandler Sending HTTP request POST https://api.deepseek.com/chat/completions
[17:55:20 INF] System.Net.Http.HttpClient.DeepSeek.ClientHandler Received HTTP response headers after 300.1109ms - 200
[17:55:20 INF] System.Net.Http.HttpClient.DeepSeek.LogicalHandler End processing HTTP request after 300.6368ms - 200
[17:55:20 INF] System.Net.Http.HttpClient.DeepSeek.ClientHandler Received HTTP response headers after 282.0872ms - 200
[17:55:20 INF] System.Net.Http.HttpClient.DeepSeek.LogicalHandler End processing HTTP request after 282.7328ms - 200
[17:55:21 INF] System.Net.Http.HttpClient.DeepSeek.LogicalHandler Start processing HTTP request POST https://api.deepseek.com/chat/completions
[17:55:21 INF] System.Net.Http.HttpClient.DeepSeek.ClientHandler Sending HTTP request POST https://api.deepseek.com/chat/completions
[17:55:21 INF] System.Net.Http.HttpClient.DeepSeek.LogicalHandler Start processing HTTP request POST https://api.deepseek.com/chat/completions
[17:55:21 INF] System.Net.Http.HttpClient.DeepSeek.ClientHandler Sending HTTP request POST https://api.deepseek.com/chat/completions
[17:55:21 INF] System.Net.Http.HttpClient.DeepSeek.ClientHandler Received HTTP response headers after 279.1195ms - 200
[17:55:21 INF] System.Net.Http.HttpClient.DeepSeek.LogicalHandler End processing HTTP request after 279.9433ms - 200
[17:55:21 INF] System.Net.Http.HttpClient.DeepSeek.ClientHandler Received HTTP response headers after 278.3539ms - 200
[17:55:21 INF] System.Net.Http.HttpClient.DeepSeek.LogicalHandler End processing HTTP request after 278.9457ms - 200
[17:55:23 INF] System.Net.Http.HttpClient.DeepSeek.LogicalHandler Start processing HTTP request POST https://api.deepseek.com/chat/completions
[17:55:23 INF] System.Net.Http.HttpClient.DeepSeek.ClientHandler Sending HTTP request POST https://api.deepseek.com/chat/completions
[17:55:23 INF] System.Net.Http.HttpClient.DeepSeek.LogicalHandler Start processing HTTP request POST https://api.deepseek.com/chat/completions
[17:55:23 INF] System.Net.Http.HttpClient.DeepSeek.ClientHandler Sending HTTP request POST https://api.deepseek.com/chat/completions
[17:55:23 INF] System.Net.Http.HttpClient.DeepSeek.ClientHandler Received HTTP response headers after 284.5465ms - 200
[17:55:23 INF] System.Net.Http.HttpClient.DeepSeek.LogicalHandler End processing HTTP request after 285.354ms - 200
[17:55:23 INF] System.Net.Http.HttpClient.DeepSeek.LogicalHandler Start processing HTTP request POST https://api.deepseek.com/chat/completions
[17:55:23 INF] System.Net.Http.HttpClient.DeepSeek.ClientHandler Sending HTTP request POST https://api.deepseek.com/chat/completions
[17:55:23 INF] System.Net.Http.HttpClient.DeepSeek.ClientHandler Received HTTP response headers after 287.7021ms - 200
[17:55:23 INF] System.Net.Http.HttpClient.DeepSeek.LogicalHandler End processing HTTP request after 288.3553ms - 200
[17:55:23 INF] System.Net.Http.HttpClient.DeepSeek.LogicalHandler Start processing HTTP request POST https://api.deepseek.com/chat/completions
[17:55:23 INF] System.Net.Http.HttpClient.DeepSeek.ClientHandler Sending HTTP request POST https://api.deepseek.com/chat/completions
[17:55:23 INF] System.Net.Http.HttpClient.DeepSeek.ClientHandler Received HTTP response headers after 282.5762ms - 200
[17:55:23 INF] System.Net.Http.HttpClient.DeepSeek.LogicalHandler End processing HTTP request after 283.2144ms - 200
[17:55:23 INF] System.Net.Http.HttpClient.DeepSeek.ClientHandler Received HTTP response headers after 290.0903ms - 200
[17:55:23 INF] System.Net.Http.HttpClient.DeepSeek.LogicalHandler End processing HTTP request after 290.5929ms - 200
[17:55:24 INF] System.Net.Http.HttpClient.DeepSeek.LogicalHandler Start processing HTTP request POST https://api.deepseek.com/chat/completions
[17:55:24 INF] System.Net.Http.HttpClient.DeepSeek.ClientHandler Sending HTTP request POST https://api.deepseek.com/chat/completions
[17:55:25 INF] System.Net.Http.HttpClient.DeepSeek.ClientHandler Received HTTP response headers after 413.1962ms - 200
[17:55:25 INF] System.Net.Http.HttpClient.DeepSeek.LogicalHandler End processing HTTP request after 416.317ms - 200
[17:55:25 INF] System.Net.Http.HttpClient.DeepSeek.LogicalHandler Start processing HTTP request POST https://api.deepseek.com/chat/completions
[17:55:25 INF] System.Net.Http.HttpClient.DeepSeek.ClientHandler Sending HTTP request POST https://api.deepseek.com/chat/completions
[17:55:25 INF] System.Net.Http.HttpClient.DeepSeek.LogicalHandler Start processing HTTP request POST https://api.deepseek.com/chat/completions
[17:55:25 INF] System.Net.Http.HttpClient.DeepSeek.ClientHandler Sending HTTP request POST https://api.deepseek.com/chat/completions
[17:55:25 INF] System.Net.Http.HttpClient.DeepSeek.ClientHandler Received HTTP response headers after 292.2714ms - 200
[17:55:25 INF] System.Net.Http.HttpClient.DeepSeek.LogicalHandler End processing HTTP request after 293.3305ms - 200
[17:55:25 INF] System.Net.Http.HttpClient.DeepSeek.ClientHandler Received HTTP response headers after 459.6358ms - 200
[17:55:25 INF] System.Net.Http.HttpClient.DeepSeek.LogicalHandler End processing HTTP request after 460.2414ms - 200
[17:55:26 INF] System.Net.Http.HttpClient.DeepSeek.LogicalHandler Start processing HTTP request POST https://api.deepseek.com/chat/completions
[17:55:26 INF] System.Net.Http.HttpClient.DeepSeek.ClientHandler Sending HTTP request POST https://api.deepseek.com/chat/completions
[17:55:26 INF] System.Net.Http.HttpClient.DeepSeek.ClientHandler Received HTTP response headers after 398.3467ms - 200
[17:55:26 INF] System.Net.Http.HttpClient.DeepSeek.LogicalHandler Start processing HTTP request POST https://api.deepseek.com/chat/completions
[17:55:26 INF] System.Net.Http.HttpClient.DeepSeek.ClientHandler Sending HTTP request POST https://api.deepseek.com/chat/completions
[17:55:26 INF] System.Net.Http.HttpClient.DeepSeek.LogicalHandler End processing HTTP request after 399.1203ms - 200
[17:55:26 INF] System.Net.Http.HttpClient.DeepSeek.LogicalHandler Start processing HTTP request POST https://api.deepseek.com/chat/completions
[17:55:26 INF] System.Net.Http.HttpClient.DeepSeek.ClientHandler Sending HTTP request POST https://api.deepseek.com/chat/completions
[17:55:27 INF] System.Net.Http.HttpClient.DeepSeek.LogicalHandler Start processing HTTP request POST https://api.deepseek.com/chat/completions
[17:55:27 INF] System.Net.Http.HttpClient.DeepSeek.ClientHandler Sending HTTP request POST https://api.deepseek.com/chat/completions
[17:55:27 INF] System.Net.Http.HttpClient.DeepSeek.ClientHandler Received HTTP response headers after 286.571ms - 200
[17:55:27 INF] System.Net.Http.HttpClient.DeepSeek.LogicalHandler End processing HTTP request after 288.1587ms - 200
[17:55:27 INF] System.Net.Http.HttpClient.DeepSeek.ClientHandler Received HTTP response headers after 282.4595ms - 200
[17:55:27 INF] System.Net.Http.HttpClient.DeepSeek.LogicalHandler End processing HTTP request after 282.8557ms - 200
[17:55:27 INF] System.Net.Http.HttpClient.DeepSeek.LogicalHandler Start processing HTTP request POST https://api.deepseek.com/chat/completions
[17:55:27 INF] System.Net.Http.HttpClient.DeepSeek.ClientHandler Sending HTTP request POST https://api.deepseek.com/chat/completions
[17:55:27 INF] System.Net.Http.HttpClient.DeepSeek.ClientHandler Received HTTP response headers after 283.3625ms - 200
[17:55:27 INF] System.Net.Http.HttpClient.DeepSeek.LogicalHandler End processing HTTP request after 283.7213ms - 200
[17:55:27 INF] System.Net.Http.HttpClient.DeepSeek.ClientHandler Received HTTP response headers after 287.3606ms - 200
[17:55:27 INF] System.Net.Http.HttpClient.DeepSeek.LogicalHandler End processing HTTP request after 289.6572ms - 200
[17:55:28 INF] System.Net.Http.HttpClient.DeepSeek.LogicalHandler Start processing HTTP request POST https://api.deepseek.com/chat/completions
[17:55:28 INF] System.Net.Http.HttpClient.DeepSeek.ClientHandler Sending HTTP request POST https://api.deepseek.com/chat/completions
[17:55:28 INF] System.Net.Http.HttpClient.DeepSeek.ClientHandler Received HTTP response headers after 285.9301ms - 200
[17:55:28 INF] System.Net.Http.HttpClient.DeepSeek.LogicalHandler End processing HTTP request after 286.2794ms - 200
[17:55:28 INF] System.Net.Http.HttpClient.DeepSeek.LogicalHandler Start processing HTTP request POST https://api.deepseek.com/chat/completions
[17:55:28 INF] System.Net.Http.HttpClient.DeepSeek.ClientHandler Sending HTTP request POST https://api.deepseek.com/chat/completions
[17:55:28 INF] System.Net.Http.HttpClient.DeepSeek.ClientHandler Received HTTP response headers after 392.447ms - 200
[17:55:28 INF] System.Net.Http.HttpClient.DeepSeek.LogicalHandler End processing HTTP request after 393.1003ms - 200
[17:55:29 INF] System.Net.Http.HttpClient.DeepSeek.LogicalHandler Start processing HTTP request POST https://api.deepseek.com/chat/completions
[17:55:29 INF] System.Net.Http.HttpClient.DeepSeek.ClientHandler Sending HTTP request POST https://api.deepseek.com/chat/completions
[17:55:29 INF] System.Net.Http.HttpClient.DeepSeek.ClientHandler Received HTTP response headers after 370.084ms - 200
[17:55:29 INF] System.Net.Http.HttpClient.DeepSeek.LogicalHandler End processing HTTP request after 371.0161ms - 200
[17:55:31 INF] System.Net.Http.HttpClient.DeepSeek.LogicalHandler Start processing HTTP request POST https://api.deepseek.com/chat/completions
[17:55:31 INF] System.Net.Http.HttpClient.DeepSeek.ClientHandler Sending HTTP request POST https://api.deepseek.com/chat/completions
[17:55:31 INF] System.Net.Http.HttpClient.DeepSeek.ClientHandler Received HTTP response headers after 306.9767ms - 200
[17:55:31 INF] System.Net.Http.HttpClient.DeepSeek.LogicalHandler End processing HTTP request after 307.285ms - 200
[17:55:31 INF] System.Net.Http.HttpClient.DeepSeek.LogicalHandler Start processing HTTP request POST https://api.deepseek.com/chat/completions
[17:55:31 INF] System.Net.Http.HttpClient.DeepSeek.ClientHandler Sending HTTP request POST https://api.deepseek.com/chat/completions
[17:55:31 INF] System.Net.Http.HttpClient.DeepSeek.LogicalHandler Start processing HTTP request POST https://api.deepseek.com/chat/completions
[17:55:31 INF] System.Net.Http.HttpClient.DeepSeek.ClientHandler Sending HTTP request POST https://api.deepseek.com/chat/completions
[17:55:32 INF] System.Net.Http.HttpClient.DeepSeek.ClientHandler Received HTTP response headers after 342.1857ms - 200
[17:55:32 INF] System.Net.Http.HttpClient.DeepSeek.ClientHandler Received HTTP response headers after 373.6473ms - 200
[17:55:32 INF] System.Net.Http.HttpClient.DeepSeek.LogicalHandler End processing HTTP request after 342.6093ms - 200
[17:55:32 INF] System.Net.Http.HttpClient.DeepSeek.LogicalHandler End processing HTTP request after 374.2947ms - 200
[17:55:32 INF] System.Net.Http.HttpClient.DeepSeek.LogicalHandler Start processing HTTP request POST https://api.deepseek.com/chat/completions
[17:55:32 INF] System.Net.Http.HttpClient.DeepSeek.ClientHandler Sending HTTP request POST https://api.deepseek.com/chat/completions
[17:55:33 INF] System.Net.Http.HttpClient.DeepSeek.LogicalHandler Start processing HTTP request POST https://api.deepseek.com/chat/completions
[17:55:33 INF] System.Net.Http.HttpClient.DeepSeek.ClientHandler Sending HTTP request POST https://api.deepseek.com/chat/completions
[17:55:33 INF] System.Net.Http.HttpClient.DeepSeek.ClientHandler Received HTTP response headers after 306.3409ms - 200
[17:55:33 INF] System.Net.Http.HttpClient.DeepSeek.LogicalHandler End processing HTTP request after 307.8764ms - 200
[17:55:33 INF] System.Net.Http.HttpClient.DeepSeek.ClientHandler Received HTTP response headers after 280.19ms - 200
[17:55:33 INF] System.Net.Http.HttpClient.DeepSeek.LogicalHandler End processing HTTP request after 281.0402ms - 200
[17:55:34 INF] System.Net.Http.HttpClient.DeepSeek.LogicalHandler Start processing HTTP request POST https://api.deepseek.com/chat/completions
[17:55:34 INF] System.Net.Http.HttpClient.DeepSeek.ClientHandler Sending HTTP request POST https://api.deepseek.com/chat/completions
[17:55:35 INF] System.Net.Http.HttpClient.DeepSeek.ClientHandler Received HTTP response headers after 291.8417ms - 200
[17:55:35 INF] System.Net.Http.HttpClient.DeepSeek.LogicalHandler End processing HTTP request after 292.4071ms - 200
[17:55:35 INF] System.Net.Http.HttpClient.DeepSeek.LogicalHandler Start processing HTTP request POST https://api.deepseek.com/chat/completions
[17:55:35 INF] System.Net.Http.HttpClient.DeepSeek.ClientHandler Sending HTTP request POST https://api.deepseek.com/chat/completions
[17:55:35 INF] System.Net.Http.HttpClient.DeepSeek.ClientHandler Received HTTP response headers after 309.5742ms - 200
[17:55:35 INF] System.Net.Http.HttpClient.DeepSeek.LogicalHandler End processing HTTP request after 310.3497ms - 200
[17:55:36 INF] System.Net.Http.HttpClient.DeepSeek.LogicalHandler Start processing HTTP request POST https://api.deepseek.com/chat/completions
[17:55:36 INF] System.Net.Http.HttpClient.DeepSeek.ClientHandler Sending HTTP request POST https://api.deepseek.com/chat/completions
[17:55:36 INF] System.Net.Http.HttpClient.DeepSeek.ClientHandler Received HTTP response headers after 374.5405ms - 200
[17:55:36 INF] System.Net.Http.HttpClient.DeepSeek.LogicalHandler End processing HTTP request after 375.4807ms - 200
[17:55:36 INF] System.Net.Http.HttpClient.DeepSeek.LogicalHandler Start processing HTTP request POST https://api.deepseek.com/chat/completions
[17:55:36 INF] System.Net.Http.HttpClient.DeepSeek.ClientHandler Sending HTTP request POST https://api.deepseek.com/chat/completions
[17:55:37 INF] System.Net.Http.HttpClient.DeepSeek.LogicalHandler Start processing HTTP request POST https://api.deepseek.com/chat/completions
[17:55:37 INF] System.Net.Http.HttpClient.DeepSeek.ClientHandler Sending HTTP request POST https://api.deepseek.com/chat/completions
[17:55:37 INF] System.Net.Http.HttpClient.DeepSeek.ClientHandler Received HTTP response headers after 293.8702ms - 200
[17:55:37 INF] System.Net.Http.HttpClient.DeepSeek.LogicalHandler End processing HTTP request after 294.3039ms - 200
[17:55:37 INF] System.Net.Http.HttpClient.DeepSeek.ClientHandler Received HTTP response headers after 286.6785ms - 200
[17:55:37 INF] System.Net.Http.HttpClient.DeepSeek.LogicalHandler End processing HTTP request after 287.3393ms - 200
[17:55:42 INF] System.Net.Http.HttpClient.DeepSeek.LogicalHandler Start processing HTTP request POST https://api.deepseek.com/chat/completions
[17:55:42 INF] System.Net.Http.HttpClient.DeepSeek.ClientHandler Sending HTTP request POST https://api.deepseek.com/chat/completions
[17:55:42 INF] System.Net.Http.HttpClient.DeepSeek.LogicalHandler Start processing HTTP request POST https://api.deepseek.com/chat/completions
[17:55:42 INF] System.Net.Http.HttpClient.DeepSeek.ClientHandler Sending HTTP request POST https://api.deepseek.com/chat/completions
[17:55:42 INF] System.Net.Http.HttpClient.DeepSeek.ClientHandler Received HTTP response headers after 281.2333ms - 200
[17:55:42 INF] System.Net.Http.HttpClient.DeepSeek.LogicalHandler End processing HTTP request after 282.0188ms - 200
[17:55:42 INF] System.Net.Http.HttpClient.DeepSeek.ClientHandler Received HTTP response headers after 293.4162ms - 200
[17:55:42 INF] System.Net.Http.HttpClient.DeepSeek.LogicalHandler End processing HTTP request after 293.8935ms - 200
[17:55:42 INF] System.Net.Http.HttpClient.DeepSeek.LogicalHandler Start processing HTTP request POST https://api.deepseek.com/chat/completions
[17:55:42 INF] System.Net.Http.HttpClient.DeepSeek.ClientHandler Sending HTTP request POST https://api.deepseek.com/chat/completions
[17:55:42 INF] System.Net.Http.HttpClient.DeepSeek.ClientHandler Received HTTP response headers after 393.9912ms - 200
[17:55:42 INF] System.Net.Http.HttpClient.DeepSeek.LogicalHandler End processing HTTP request after 394.7731ms - 200
[17:55:45 INF] System.Net.Http.HttpClient.DeepSeek.LogicalHandler Start processing HTTP request POST https://api.deepseek.com/chat/completions
[17:55:45 INF] System.Net.Http.HttpClient.DeepSeek.ClientHandler Sending HTTP request POST https://api.deepseek.com/chat/completions
[17:55:45 INF] System.Net.Http.HttpClient.DeepSeek.ClientHandler Received HTTP response headers after 388.8134ms - 200
[17:55:45 INF] System.Net.Http.HttpClient.DeepSeek.LogicalHandler End processing HTTP request after 389.29ms - 200
[17:56:24 INF] System.Net.Http.HttpClient.DeepSeek.LogicalHandler Start processing HTTP request POST https://api.deepseek.com/chat/completions
[17:56:24 INF] System.Net.Http.HttpClient.DeepSeek.ClientHandler Sending HTTP request POST https://api.deepseek.com/chat/completions
[17:56:25 INF] System.Net.Http.HttpClient.DeepSeek.ClientHandler Received HTTP response headers after 334.6575ms - 200
[17:56:25 INF] System.Net.Http.HttpClient.DeepSeek.LogicalHandler End processing HTTP request after 336.8832ms - 200
[17:57:48 INF] System.Net.Http.HttpClient.DeepSeek.LogicalHandler Start processing HTTP request POST https://api.deepseek.com/chat/completions
[17:57:48 INF] System.Net.Http.HttpClient.DeepSeek.ClientHandler Sending HTTP request POST https://api.deepseek.com/chat/completions
[17:57:48 INF] System.Net.Http.HttpClient.DeepSeek.ClientHandler Received HTTP response headers after 470.0935ms - 200
[17:57:48 INF] System.Net.Http.HttpClient.DeepSeek.LogicalHandler End processing HTTP request after 470.9272ms - 200
[17:58:18 INF] System.Net.Http.HttpClient.IStockApiClient.LogicalHandler Start processing HTTP request GET https://data.sec.gov/submissions/CIK0001375365.json
[17:58:18 INF] System.Net.Http.HttpClient.IStockApiClient.ClientHandler Sending HTTP request GET https://data.sec.gov/submissions/CIK0001375365.json
[17:58:18 INF] System.Net.Http.HttpClient.IStockApiClient.ClientHandler Received HTTP response headers after 371.4464ms - 200
[17:58:18 INF] System.Net.Http.HttpClient.IStockApiClient.LogicalHandler End processing HTTP request after 372.1929ms - 200
[17:58:26 INF] System.Net.Http.HttpClient.DeepSeek.LogicalHandler Start processing HTTP request POST https://api.deepseek.com/chat/completions
[17:58:26 INF] System.Net.Http.HttpClient.DeepSeek.ClientHandler Sending HTTP request POST https://api.deepseek.com/chat/completions
[17:58:26 INF] System.Net.Http.HttpClient.DeepSeek.LogicalHandler Start processing HTTP request POST https://api.deepseek.com/chat/completions
[17:58:26 INF] System.Net.Http.HttpClient.DeepSeek.ClientHandler Sending HTTP request POST https://api.deepseek.com/chat/completions
[17:58:26 INF] System.Net.Http.HttpClient.DeepSeek.LogicalHandler Start processing HTTP request POST https://api.deepseek.com/chat/completions
[17:58:26 INF] System.Net.Http.HttpClient.DeepSeek.ClientHandler Sending HTTP request POST https://api.deepseek.com/chat/completions
[17:58:26 INF] System.Net.Http.HttpClient.DeepSeek.LogicalHandler Start processing HTTP request POST https://api.deepseek.com/chat/completions
[17:58:26 INF] System.Net.Http.HttpClient.DeepSeek.ClientHandler Sending HTTP request POST https://api.deepseek.com/chat/completions
[17:58:26 INF] System.Net.Http.HttpClient.DeepSeek.LogicalHandler Start processing HTTP request POST https://api.deepseek.com/chat/completions
[17:58:26 INF] System.Net.Http.HttpClient.DeepSeek.ClientHandler Sending HTTP request POST https://api.deepseek.com/chat/completions
[17:58:26 INF] System.Net.Http.HttpClient.DeepSeek.LogicalHandler Start processing HTTP request POST https://api.deepseek.com/chat/completions
[17:58:26 INF] System.Net.Http.HttpClient.DeepSeek.ClientHandler Sending HTTP request POST https://api.deepseek.com/chat/completions
[17:58:27 INF] System.Net.Http.HttpClient.DeepSeek.ClientHandler Received HTTP response headers after 289.3174ms - 200
[17:58:27 INF] System.Net.Http.HttpClient.DeepSeek.LogicalHandler End processing HTTP request after 290.369ms - 200
[17:58:27 INF] System.Net.Http.HttpClient.DeepSeek.ClientHandler Received HTTP response headers after 468.9914ms - 200
[17:58:27 INF] System.Net.Http.HttpClient.DeepSeek.LogicalHandler End processing HTTP request after 469.1952ms - 200
[17:58:27 INF] System.Net.Http.HttpClient.DeepSeek.ClientHandler Received HTTP response headers after 474.533ms - 200
[17:58:27 INF] System.Net.Http.HttpClient.DeepSeek.LogicalHandler End processing HTTP request after 474.6829ms - 200
[17:58:27 INF] System.Net.Http.HttpClient.DeepSeek.ClientHandler Received HTTP response headers after 477.6115ms - 200
[17:58:27 INF] System.Net.Http.HttpClient.DeepSeek.LogicalHandler End processing HTTP request after 477.7076ms - 200
[17:58:27 INF] System.Net.Http.HttpClient.DeepSeek.ClientHandler Received HTTP response headers after 488.221ms - 200
[17:58:27 INF] System.Net.Http.HttpClient.DeepSeek.LogicalHandler End processing HTTP request after 488.6133ms - 200
[17:58:27 INF] System.Net.Http.HttpClient.DeepSeek.ClientHandler Received HTTP response headers after 496.6488ms - 200
[17:58:27 INF] System.Net.Http.HttpClient.DeepSeek.LogicalHandler End processing HTTP request after 497.1ms - 200
[17:58:28 INF] System.Net.Http.HttpClient.DeepSeek.LogicalHandler Start processing HTTP request POST https://api.deepseek.com/chat/completions
[17:58:28 INF] System.Net.Http.HttpClient.DeepSeek.ClientHandler Sending HTTP request POST https://api.deepseek.com/chat/completions
[17:58:28 INF] System.Net.Http.HttpClient.DeepSeek.ClientHandler Received HTTP response headers after 284.8677ms - 200
[17:58:28 INF] System.Net.Http.HttpClient.DeepSeek.LogicalHandler End processing HTTP request after 285.7125ms - 200
[17:58:29 INF] System.Net.Http.HttpClient.DeepSeek.LogicalHandler Start processing HTTP request POST https://api.deepseek.com/chat/completions
[17:58:29 INF] System.Net.Http.HttpClient.DeepSeek.ClientHandler Sending HTTP request POST https://api.deepseek.com/chat/completions
[17:58:29 INF] System.Net.Http.HttpClient.DeepSeek.ClientHandler Received HTTP response headers after 296.998ms - 200
[17:58:29 INF] System.Net.Http.HttpClient.DeepSeek.LogicalHandler End processing HTTP request after 297.5915ms - 200
[17:58:29 INF] System.Net.Http.HttpClient.DeepSeek.LogicalHandler Start processing HTTP request POST https://api.deepseek.com/chat/completions
[17:58:29 INF] System.Net.Http.HttpClient.DeepSeek.ClientHandler Sending HTTP request POST https://api.deepseek.com/chat/completions
[17:58:30 INF] System.Net.Http.HttpClient.DeepSeek.ClientHandler Received HTTP response headers after 287.3302ms - 200
[17:58:30 INF] System.Net.Http.HttpClient.DeepSeek.LogicalHandler End processing HTTP request after 287.9499ms - 200
[17:58:30 INF] System.Net.Http.HttpClient.DeepSeek.LogicalHandler Start processing HTTP request POST https://api.deepseek.com/chat/completions
[17:58:30 INF] System.Net.Http.HttpClient.DeepSeek.ClientHandler Sending HTTP request POST https://api.deepseek.com/chat/completions
[17:58:30 INF] System.Net.Http.HttpClient.DeepSeek.ClientHandler Received HTTP response headers after 327.6199ms - 200
[17:58:30 INF] System.Net.Http.HttpClient.DeepSeek.LogicalHandler End processing HTTP request after 328.0373ms - 200
[17:58:30 INF] System.Net.Http.HttpClient.DeepSeek.LogicalHandler Start processing HTTP request POST https://api.deepseek.com/chat/completions
[17:58:30 INF] System.Net.Http.HttpClient.DeepSeek.ClientHandler Sending HTTP request POST https://api.deepseek.com/chat/completions
[17:58:31 INF] System.Net.Http.HttpClient.DeepSeek.ClientHandler Received HTTP response headers after 326.8661ms - 200
[17:58:31 INF] System.Net.Http.HttpClient.DeepSeek.LogicalHandler End processing HTTP request after 327.433ms - 200
[17:58:31 INF] System.Net.Http.HttpClient.DeepSeek.LogicalHandler Start processing HTTP request POST https://api.deepseek.com/chat/completions
[17:58:31 INF] System.Net.Http.HttpClient.DeepSeek.ClientHandler Sending HTTP request POST https://api.deepseek.com/chat/completions
[17:58:31 INF] System.Net.Http.HttpClient.DeepSeek.ClientHandler Received HTTP response headers after 378.1506ms - 200
[17:58:31 INF] System.Net.Http.HttpClient.DeepSeek.LogicalHandler End processing HTTP request after 378.7708ms - 200
[17:58:32 INF] System.Net.Http.HttpClient.DeepSeek.LogicalHandler Start processing HTTP request POST https://api.deepseek.com/chat/completions
[17:58:32 INF] System.Net.Http.HttpClient.DeepSeek.ClientHandler Sending HTTP request POST https://api.deepseek.com/chat/completions
[17:58:32 INF] System.Net.Http.HttpClient.DeepSeek.ClientHandler Received HTTP response headers after 284.4433ms - 200
[17:58:32 INF] System.Net.Http.HttpClient.DeepSeek.LogicalHandler End processing HTTP request after 284.954ms - 200
[17:58:33 INF] System.Net.Http.HttpClient.DeepSeek.LogicalHandler Start processing HTTP request POST https://api.deepseek.com/chat/completions
[17:58:33 INF] System.Net.Http.HttpClient.DeepSeek.ClientHandler Sending HTTP request POST https://api.deepseek.com/chat/completions
[17:58:33 INF] System.Net.Http.HttpClient.DeepSeek.ClientHandler Received HTTP response headers after 286.2127ms - 200
[17:58:33 INF] System.Net.Http.HttpClient.DeepSeek.LogicalHandler End processing HTTP request after 286.6944ms - 200
[17:58:33 INF] System.Net.Http.HttpClient.DeepSeek.LogicalHandler Start processing HTTP request POST https://api.deepseek.com/chat/completions
[17:58:33 INF] System.Net.Http.HttpClient.DeepSeek.ClientHandler Sending HTTP request POST https://api.deepseek.com/chat/completions
[17:58:34 INF] System.Net.Http.HttpClient.DeepSeek.ClientHandler Received HTTP response headers after 394.4276ms - 200
[17:58:34 INF] System.Net.Http.HttpClient.DeepSeek.LogicalHandler End processing HTTP request after 395.1173ms - 200
[17:58:34 INF] System.Net.Http.HttpClient.DeepSeek.LogicalHandler Start processing HTTP request POST https://api.deepseek.com/chat/completions
[17:58:34 INF] System.Net.Http.HttpClient.DeepSeek.ClientHandler Sending HTTP request POST https://api.deepseek.com/chat/completions
[17:58:34 INF] System.Net.Http.HttpClient.DeepSeek.LogicalHandler Start processing HTTP request POST https://api.deepseek.com/chat/completions
[17:58:34 INF] System.Net.Http.HttpClient.DeepSeek.ClientHandler Sending HTTP request POST https://api.deepseek.com/chat/completions
[17:58:34 INF] System.Net.Http.HttpClient.DeepSeek.ClientHandler Received HTTP response headers after 363.7117ms - 200
[17:58:34 INF] System.Net.Http.HttpClient.DeepSeek.LogicalHandler End processing HTTP request after 364.5264ms - 200
[17:58:34 INF] System.Net.Http.HttpClient.DeepSeek.ClientHandler Received HTTP response headers after 350.7111ms - 200
[17:58:34 INF] System.Net.Http.HttpClient.DeepSeek.LogicalHandler End processing HTTP request after 351.762ms - 200
[17:58:35 INF] System.Net.Http.HttpClient.DeepSeek.LogicalHandler Start processing HTTP request POST https://api.deepseek.com/chat/completions
[17:58:35 INF] System.Net.Http.HttpClient.DeepSeek.ClientHandler Sending HTTP request POST https://api.deepseek.com/chat/completions
[17:58:35 INF] System.Net.Http.HttpClient.DeepSeek.ClientHandler Received HTTP response headers after 379.7ms - 200
[17:58:35 INF] System.Net.Http.HttpClient.DeepSeek.LogicalHandler End processing HTTP request after 380.1781ms - 200
[17:58:35 INF] System.Net.Http.HttpClient.DeepSeek.LogicalHandler Start processing HTTP request POST https://api.deepseek.com/chat/completions
[17:58:35 INF] System.Net.Http.HttpClient.DeepSeek.ClientHandler Sending HTTP request POST https://api.deepseek.com/chat/completions
[17:58:36 INF] System.Net.Http.HttpClient.DeepSeek.ClientHandler Received HTTP response headers after 340.8239ms - 200
[17:58:36 INF] System.Net.Http.HttpClient.DeepSeek.LogicalHandler End processing HTTP request after 341.6315ms - 200
[17:58:36 INF] System.Net.Http.HttpClient.DeepSeek.LogicalHandler Start processing HTTP request POST https://api.deepseek.com/chat/completions
[17:58:36 INF] System.Net.Http.HttpClient.DeepSeek.ClientHandler Sending HTTP request POST https://api.deepseek.com/chat/completions
[17:58:36 INF] System.Net.Http.HttpClient.DeepSeek.ClientHandler Received HTTP response headers after 288.9175ms - 200
[17:58:36 INF] System.Net.Http.HttpClient.DeepSeek.LogicalHandler End processing HTTP request after 289.4306ms - 200
[17:58:37 INF] System.Net.Http.HttpClient.DeepSeek.LogicalHandler Start processing HTTP request POST https://api.deepseek.com/chat/completions
[17:58:37 INF] System.Net.Http.HttpClient.DeepSeek.ClientHandler Sending HTTP request POST https://api.deepseek.com/chat/completions
[17:58:37 INF] System.Net.Http.HttpClient.DeepSeek.LogicalHandler Start processing HTTP request POST https://api.deepseek.com/chat/completions
[17:58:37 INF] System.Net.Http.HttpClient.DeepSeek.ClientHandler Sending HTTP request POST https://api.deepseek.com/chat/completions
[17:58:37 INF] System.Net.Http.HttpClient.DeepSeek.LogicalHandler Start processing HTTP request POST https://api.deepseek.com/chat/completions
[17:58:37 INF] System.Net.Http.HttpClient.DeepSeek.ClientHandler Sending HTTP request POST https://api.deepseek.com/chat/completions
[17:58:37 INF] System.Net.Http.HttpClient.DeepSeek.ClientHandler Received HTTP response headers after 285.3657ms - 200
[17:58:37 INF] System.Net.Http.HttpClient.DeepSeek.LogicalHandler End processing HTTP request after 285.7882ms - 200
[17:58:37 INF] System.Net.Http.HttpClient.DeepSeek.ClientHandler Received HTTP response headers after 284.6458ms - 200
[17:58:37 INF] System.Net.Http.HttpClient.DeepSeek.LogicalHandler End processing HTTP request after 285.0911ms - 200
[17:58:37 INF] System.Net.Http.HttpClient.DeepSeek.ClientHandler Received HTTP response headers after 279.5911ms - 200
[17:58:37 INF] System.Net.Http.HttpClient.DeepSeek.LogicalHandler End processing HTTP request after 279.9835ms - 200
[17:58:38 INF] System.Net.Http.HttpClient.DeepSeek.LogicalHandler Start processing HTTP request POST https://api.deepseek.com/chat/completions
[17:58:38 INF] System.Net.Http.HttpClient.DeepSeek.ClientHandler Sending HTTP request POST https://api.deepseek.com/chat/completions
[17:58:38 INF] System.Net.Http.HttpClient.DeepSeek.ClientHandler Received HTTP response headers after 385.701ms - 200
[17:58:38 INF] System.Net.Http.HttpClient.DeepSeek.LogicalHandler End processing HTTP request after 386.1145ms - 200
[17:58:38 INF] System.Net.Http.HttpClient.DeepSeek.LogicalHandler Start processing HTTP request POST https://api.deepseek.com/chat/completions
[17:58:38 INF] System.Net.Http.HttpClient.DeepSeek.ClientHandler Sending HTTP request POST https://api.deepseek.com/chat/completions
[17:58:39 INF] System.Net.Http.HttpClient.DeepSeek.ClientHandler Received HTTP response headers after 322.3623ms - 200
[17:58:39 INF] System.Net.Http.HttpClient.DeepSeek.LogicalHandler End processing HTTP request after 322.9032ms - 200
[17:58:39 INF] System.Net.Http.HttpClient.DeepSeek.LogicalHandler Start processing HTTP request POST https://api.deepseek.com/chat/completions
[17:58:39 INF] System.Net.Http.HttpClient.DeepSeek.ClientHandler Sending HTTP request POST https://api.deepseek.com/chat/completions
[17:58:39 INF] System.Net.Http.HttpClient.DeepSeek.LogicalHandler Start processing HTTP request POST https://api.deepseek.com/chat/completions
[17:58:39 INF] System.Net.Http.HttpClient.DeepSeek.ClientHandler Sending HTTP request POST https://api.deepseek.com/chat/completions
[17:58:39 INF] System.Net.Http.HttpClient.DeepSeek.ClientHandler Received HTTP response headers after 375.177ms - 200
[17:58:39 INF] System.Net.Http.HttpClient.DeepSeek.ClientHandler Received HTTP response headers after 385.7173ms - 200
[17:58:39 INF] System.Net.Http.HttpClient.DeepSeek.LogicalHandler Start processing HTTP request POST https://api.deepseek.com/chat/completions
[17:58:39 INF] System.Net.Http.HttpClient.DeepSeek.LogicalHandler End processing HTTP request after 388.8948ms - 200
[17:58:39 INF] System.Net.Http.HttpClient.DeepSeek.ClientHandler Sending HTTP request POST https://api.deepseek.com/chat/completions
[17:58:39 INF] System.Net.Http.HttpClient.DeepSeek.LogicalHandler End processing HTTP request after 375.6158ms - 200
[17:58:39 INF] System.Net.Http.HttpClient.DeepSeek.ClientHandler Received HTTP response headers after 292.141ms - 200
[17:58:39 INF] System.Net.Http.HttpClient.DeepSeek.LogicalHandler End processing HTTP request after 292.5504ms - 200
[17:58:40 INF] System.Net.Http.HttpClient.DeepSeek.LogicalHandler Start processing HTTP request POST https://api.deepseek.com/chat/completions
[17:58:40 INF] System.Net.Http.HttpClient.DeepSeek.ClientHandler Sending HTTP request POST https://api.deepseek.com/chat/completions
[17:58:40 INF] System.Net.Http.HttpClient.DeepSeek.LogicalHandler Start processing HTTP request POST https://api.deepseek.com/chat/completions
[17:58:40 INF] System.Net.Http.HttpClient.DeepSeek.ClientHandler Sending HTTP request POST https://api.deepseek.com/chat/completions
[17:58:40 INF] System.Net.Http.HttpClient.DeepSeek.ClientHandler Received HTTP response headers after 293.3415ms - 200
[17:58:40 INF] System.Net.Http.HttpClient.DeepSeek.LogicalHandler End processing HTTP request after 293.8055ms - 200
[17:58:40 INF] System.Net.Http.HttpClient.DeepSeek.ClientHandler Received HTTP response headers after 284.5133ms - 200
[17:58:40 INF] System.Net.Http.HttpClient.DeepSeek.LogicalHandler End processing HTTP request after 285.2966ms - 200
[17:58:40 INF] System.Net.Http.HttpClient.DeepSeek.LogicalHandler Start processing HTTP request POST https://api.deepseek.com/chat/completions
[17:58:40 INF] System.Net.Http.HttpClient.DeepSeek.ClientHandler Sending HTTP request POST https://api.deepseek.com/chat/completions
[17:58:41 INF] System.Net.Http.HttpClient.DeepSeek.LogicalHandler Start processing HTTP request POST https://api.deepseek.com/chat/completions
[17:58:41 INF] System.Net.Http.HttpClient.DeepSeek.ClientHandler Sending HTTP request POST https://api.deepseek.com/chat/completions
[17:58:41 INF] System.Net.Http.HttpClient.DeepSeek.ClientHandler Received HTTP response headers after 290.0614ms - 200
[17:58:41 INF] System.Net.Http.HttpClient.DeepSeek.LogicalHandler End processing HTTP request after 290.411ms - 200
[17:58:41 INF] System.Net.Http.HttpClient.DeepSeek.ClientHandler Received HTTP response headers after 305.6522ms - 200
[17:58:41 INF] System.Net.Http.HttpClient.DeepSeek.LogicalHandler End processing HTTP request after 306.8806ms - 200
[17:58:41 INF] System.Net.Http.HttpClient.DeepSeek.LogicalHandler Start processing HTTP request POST https://api.deepseek.com/chat/completions
[17:58:41 INF] System.Net.Http.HttpClient.DeepSeek.ClientHandler Sending HTTP request POST https://api.deepseek.com/chat/completions
[17:58:41 INF] System.Net.Http.HttpClient.DeepSeek.ClientHandler Received HTTP response headers after 288.8931ms - 200
[17:58:41 INF] System.Net.Http.HttpClient.DeepSeek.LogicalHandler End processing HTTP request after 289.1934ms - 200
[17:58:42 INF] System.Net.Http.HttpClient.DeepSeek.LogicalHandler Start processing HTTP request POST https://api.deepseek.com/chat/completions
[17:58:42 INF] System.Net.Http.HttpClient.DeepSeek.ClientHandler Sending HTTP request POST https://api.deepseek.com/chat/completions
[17:58:42 INF] System.Net.Http.HttpClient.DeepSeek.ClientHandler Received HTTP response headers after 283.723ms - 200
[17:58:42 INF] System.Net.Http.HttpClient.DeepSeek.LogicalHandler End processing HTTP request after 287.124ms - 200
[17:58:44 INF] System.Net.Http.HttpClient.DeepSeek.LogicalHandler Start processing HTTP request POST https://api.deepseek.com/chat/completions
[17:58:44 INF] System.Net.Http.HttpClient.DeepSeek.ClientHandler Sending HTTP request POST https://api.deepseek.com/chat/completions
[17:58:44 INF] System.Net.Http.HttpClient.DeepSeek.ClientHandler Received HTTP response headers after 356.225ms - 200
[17:58:44 INF] System.Net.Http.HttpClient.DeepSeek.LogicalHandler End processing HTTP request after 356.6404ms - 200
[17:58:46 INF] System.Net.Http.HttpClient.DeepSeek.LogicalHandler Start processing HTTP request POST https://api.deepseek.com/chat/completions
[17:58:46 INF] System.Net.Http.HttpClient.DeepSeek.ClientHandler Sending HTTP request POST https://api.deepseek.com/chat/completions
[17:58:46 INF] System.Net.Http.HttpClient.DeepSeek.ClientHandler Received HTTP response headers after 295.594ms - 200
[17:58:46 INF] System.Net.Http.HttpClient.DeepSeek.LogicalHandler End processing HTTP request after 296.2104ms - 200
[17:58:48 INF] System.Net.Http.HttpClient.DeepSeek.LogicalHandler Start processing HTTP request POST https://api.deepseek.com/chat/completions
[17:58:48 INF] System.Net.Http.HttpClient.DeepSeek.ClientHandler Sending HTTP request POST https://api.deepseek.com/chat/completions
[17:58:48 INF] System.Net.Http.HttpClient.DeepSeek.ClientHandler Received HTTP response headers after 301.0467ms - 200
[17:58:48 INF] System.Net.Http.HttpClient.DeepSeek.LogicalHandler End processing HTTP request after 301.5227ms - 200
[17:58:48 INF] System.Net.Http.HttpClient.DeepSeek.LogicalHandler Start processing HTTP request POST https://api.deepseek.com/chat/completions
[17:58:48 INF] System.Net.Http.HttpClient.DeepSeek.ClientHandler Sending HTTP request POST https://api.deepseek.com/chat/completions
[17:58:49 INF] System.Net.Http.HttpClient.DeepSeek.ClientHandler Received HTTP response headers after 277.4993ms - 200
[17:58:49 INF] System.Net.Http.HttpClient.DeepSeek.LogicalHandler End processing HTTP request after 277.9982ms - 200
[17:58:49 INF] System.Net.Http.HttpClient.DeepSeek.LogicalHandler Start processing HTTP request POST https://api.deepseek.com/chat/completions
[17:58:49 INF] System.Net.Http.HttpClient.DeepSeek.ClientHandler Sending HTTP request POST https://api.deepseek.com/chat/completions
[17:58:50 INF] System.Net.Http.HttpClient.DeepSeek.LogicalHandler Start processing HTTP request POST https://api.deepseek.com/chat/completions
[17:58:50 INF] System.Net.Http.HttpClient.DeepSeek.ClientHandler Sending HTTP request POST https://api.deepseek.com/chat/completions
[17:58:50 INF] System.Net.Http.HttpClient.DeepSeek.ClientHandler Received HTTP response headers after 283.7905ms - 200
[17:58:50 INF] System.Net.Http.HttpClient.DeepSeek.LogicalHandler End processing HTTP request after 284.2113ms - 200
[17:58:50 INF] System.Net.Http.HttpClient.DeepSeek.LogicalHandler Start processing HTTP request POST https://api.deepseek.com/chat/completions
[17:58:50 INF] System.Net.Http.HttpClient.DeepSeek.ClientHandler Sending HTTP request POST https://api.deepseek.com/chat/completions
[17:58:50 INF] System.Net.Http.HttpClient.DeepSeek.ClientHandler Received HTTP response headers after 377.0716ms - 200
[17:58:50 INF] System.Net.Http.HttpClient.DeepSeek.LogicalHandler End processing HTTP request after 377.5024ms - 200
[17:58:50 INF] System.Net.Http.HttpClient.DeepSeek.LogicalHandler Start processing HTTP request POST https://api.deepseek.com/chat/completions
[17:58:50 INF] System.Net.Http.HttpClient.DeepSeek.ClientHandler Sending HTTP request POST https://api.deepseek.com/chat/completions
[17:58:50 INF] System.Net.Http.HttpClient.DeepSeek.ClientHandler Received HTTP response headers after 283.1305ms - 200
[17:58:50 INF] System.Net.Http.HttpClient.DeepSeek.LogicalHandler End processing HTTP request after 283.6973ms - 200
[17:58:50 INF] System.Net.Http.HttpClient.DeepSeek.LogicalHandler Start processing HTTP request POST https://api.deepseek.com/chat/completions
[17:58:50 INF] System.Net.Http.HttpClient.DeepSeek.ClientHandler Sending HTTP request POST https://api.deepseek.com/chat/completions
[17:58:50 INF] System.Net.Http.HttpClient.DeepSeek.ClientHandler Received HTTP response headers after 282.0179ms - 200
[17:58:50 INF] System.Net.Http.HttpClient.DeepSeek.LogicalHandler End processing HTTP request after 282.4549ms - 200
[17:58:51 INF] System.Net.Http.HttpClient.DeepSeek.ClientHandler Received HTTP response headers after 320.5053ms - 200
[17:58:51 INF] System.Net.Http.HttpClient.DeepSeek.LogicalHandler End processing HTTP request after 320.9485ms - 200
[17:58:53 INF] System.Net.Http.HttpClient.DeepSeek.LogicalHandler Start processing HTTP request POST https://api.deepseek.com/chat/completions
[17:58:53 INF] System.Net.Http.HttpClient.DeepSeek.ClientHandler Sending HTTP request POST https://api.deepseek.com/chat/completions
[17:58:53 INF] System.Net.Http.HttpClient.DeepSeek.ClientHandler Received HTTP response headers after 283.4675ms - 200
[17:58:53 INF] System.Net.Http.HttpClient.DeepSeek.LogicalHandler End processing HTTP request after 284.1098ms - 200
[17:58:54 INF] System.Net.Http.HttpClient.DeepSeek.LogicalHandler Start processing HTTP request POST https://api.deepseek.com/chat/completions
[17:58:54 INF] System.Net.Http.HttpClient.DeepSeek.ClientHandler Sending HTTP request POST https://api.deepseek.com/chat/completions
[17:58:54 INF] System.Net.Http.HttpClient.DeepSeek.ClientHandler Received HTTP response headers after 297.51ms - 200
[17:58:54 INF] System.Net.Http.HttpClient.DeepSeek.LogicalHandler End processing HTTP request after 298.18ms - 200
[17:58:54 INF] System.Net.Http.HttpClient.DeepSeek.LogicalHandler Start processing HTTP request POST https://api.deepseek.com/chat/completions
[17:58:54 INF] System.Net.Http.HttpClient.DeepSeek.ClientHandler Sending HTTP request POST https://api.deepseek.com/chat/completions
[17:58:55 INF] System.Net.Http.HttpClient.DeepSeek.ClientHandler Received HTTP response headers after 296.5842ms - 200
[17:58:55 INF] System.Net.Http.HttpClient.DeepSeek.LogicalHandler End processing HTTP request after 297.1617ms - 200
[17:58:55 INF] System.Net.Http.HttpClient.DeepSeek.LogicalHandler Start processing HTTP request POST https://api.deepseek.com/chat/completions
[17:58:55 INF] System.Net.Http.HttpClient.DeepSeek.ClientHandler Sending HTTP request POST https://api.deepseek.com/chat/completions
[17:58:55 INF] System.Net.Http.HttpClient.DeepSeek.ClientHandler Received HTTP response headers after 285.0746ms - 200
[17:58:55 INF] System.Net.Http.HttpClient.DeepSeek.LogicalHandler End processing HTTP request after 285.72ms - 200
[17:58:55 INF] System.Net.Http.HttpClient.DeepSeek.LogicalHandler Start processing HTTP request POST https://api.deepseek.com/chat/completions
[17:58:55 INF] System.Net.Http.HttpClient.DeepSeek.ClientHandler Sending HTTP request POST https://api.deepseek.com/chat/completions
[17:58:55 INF] System.Net.Http.HttpClient.DeepSeek.ClientHandler Received HTTP response headers after 280.5418ms - 200
[17:58:55 INF] System.Net.Http.HttpClient.DeepSeek.LogicalHandler End processing HTTP request after 280.8961ms - 200
[18:00:21 INF] simple_bloomberg_terminal.Services.Extraction.Measurement.CounterpartyMeasurementService Measurement lead agent starting for Super Micro Computer, Inc. run 1 using DeepSeek/deepseek-v4-pro | worker=directional-counterparty-worker-v2 | lead=counterparty-ledger-v2; digestChars=5182, contextChars=5184, maxTokens=16000
[18:00:21 INF] System.Net.Http.HttpClient.DeepSeek.LogicalHandler Start processing HTTP request POST https://api.deepseek.com/chat/completions
[18:00:21 INF] System.Net.Http.HttpClient.DeepSeek.ClientHandler Sending HTTP request POST https://api.deepseek.com/chat/completions
[18:00:21 INF] System.Net.Http.HttpClient.DeepSeek.ClientHandler Received HTTP response headers after 363.6138ms - 200
[18:00:21 INF] System.Net.Http.HttpClient.DeepSeek.LogicalHandler End processing HTTP request after 364.1569ms - 200
[18:01:41 INF] System.Net.Http.HttpClient.DeepSeek.LogicalHandler Start processing HTTP request POST https://api.deepseek.com/chat/completions
[18:01:41 INF] System.Net.Http.HttpClient.DeepSeek.ClientHandler Sending HTTP request POST https://api.deepseek.com/chat/completions
[18:01:41 INF] System.Net.Http.HttpClient.DeepSeek.LogicalHandler Start processing HTTP request POST https://api.deepseek.com/chat/completions
[18:01:41 INF] System.Net.Http.HttpClient.DeepSeek.ClientHandler Sending HTTP request POST https://api.deepseek.com/chat/completions
[18:01:41 INF] System.Net.Http.HttpClient.DeepSeek.LogicalHandler Start processing HTTP request POST https://api.deepseek.com/chat/completions
[18:01:41 INF] System.Net.Http.HttpClient.DeepSeek.ClientHandler Sending HTTP request POST https://api.deepseek.com/chat/completions
[18:01:41 INF] System.Net.Http.HttpClient.DeepSeek.LogicalHandler Start processing HTTP request POST https://api.deepseek.com/chat/completions
[18:01:41 INF] System.Net.Http.HttpClient.DeepSeek.ClientHandler Sending HTTP request POST https://api.deepseek.com/chat/completions
[18:01:41 INF] System.Net.Http.HttpClient.DeepSeek.LogicalHandler Start processing HTTP request POST https://api.deepseek.com/chat/completions
[18:01:41 INF] System.Net.Http.HttpClient.DeepSeek.ClientHandler Sending HTTP request POST https://api.deepseek.com/chat/completions
[18:01:41 INF] System.Net.Http.HttpClient.DeepSeek.LogicalHandler Start processing HTTP request POST https://api.deepseek.com/chat/completions
[18:01:41 INF] System.Net.Http.HttpClient.DeepSeek.ClientHandler Sending HTTP request POST https://api.deepseek.com/chat/completions
[18:01:42 INF] System.Net.Http.HttpClient.DeepSeek.ClientHandler Received HTTP response headers after 599.586ms - 200
[18:01:42 INF] System.Net.Http.HttpClient.DeepSeek.LogicalHandler End processing HTTP request after 599.7528ms - 200
[18:01:42 INF] System.Net.Http.HttpClient.DeepSeek.ClientHandler Received HTTP response headers after 599.8946ms - 200
[18:01:42 INF] System.Net.Http.HttpClient.DeepSeek.LogicalHandler End processing HTTP request after 600.275ms - 200
[18:01:42 INF] System.Net.Http.HttpClient.DeepSeek.ClientHandler Received HTTP response headers after 599.415ms - 200
[18:01:42 INF] System.Net.Http.HttpClient.DeepSeek.LogicalHandler End processing HTTP request after 599.8556ms - 200
[18:01:42 INF] System.Net.Http.HttpClient.DeepSeek.ClientHandler Received HTTP response headers after 599.6612ms - 200
[18:01:42 INF] System.Net.Http.HttpClient.DeepSeek.ClientHandler Received HTTP response headers after 599.6271ms - 200
[18:01:42 INF] System.Net.Http.HttpClient.DeepSeek.ClientHandler Received HTTP response headers after 599.4436ms - 200
[18:01:42 INF] System.Net.Http.HttpClient.DeepSeek.LogicalHandler End processing HTTP request after 600.184ms - 200
[18:01:42 INF] System.Net.Http.HttpClient.DeepSeek.LogicalHandler End processing HTTP request after 599.8927ms - 200
[18:01:42 INF] System.Net.Http.HttpClient.DeepSeek.LogicalHandler End processing HTTP request after 599.7905ms - 200
[18:01:43 INF] System.Net.Http.HttpClient.DeepSeek.LogicalHandler Start processing HTTP request POST https://api.deepseek.com/chat/completions
[18:01:43 INF] System.Net.Http.HttpClient.DeepSeek.ClientHandler Sending HTTP request POST https://api.deepseek.com/chat/completions
[18:01:43 INF] System.Net.Http.HttpClient.DeepSeek.LogicalHandler Start processing HTTP request POST https://api.deepseek.com/chat/completions
[18:01:43 INF] System.Net.Http.HttpClient.DeepSeek.ClientHandler Sending HTTP request POST https://api.deepseek.com/chat/completions
[18:01:43 INF] System.Net.Http.HttpClient.DeepSeek.LogicalHandler Start processing HTTP request POST https://api.deepseek.com/chat/completions
[18:01:43 INF] System.Net.Http.HttpClient.DeepSeek.ClientHandler Sending HTTP request POST https://api.deepseek.com/chat/completions
[18:01:43 INF] System.Net.Http.HttpClient.DeepSeek.LogicalHandler Start processing HTTP request POST https://api.deepseek.com/chat/completions
[18:01:43 INF] System.Net.Http.HttpClient.DeepSeek.ClientHandler Sending HTTP request POST https://api.deepseek.com/chat/completions
[18:01:43 INF] System.Net.Http.HttpClient.DeepSeek.LogicalHandler Start processing HTTP request POST https://api.deepseek.com/chat/completions
[18:01:43 INF] System.Net.Http.HttpClient.DeepSeek.ClientHandler Sending HTTP request POST https://api.deepseek.com/chat/completions
[18:01:43 INF] System.Net.Http.HttpClient.DeepSeek.LogicalHandler Start processing HTTP request POST https://api.deepseek.com/chat/completions
[18:01:43 INF] System.Net.Http.HttpClient.DeepSeek.ClientHandler Sending HTTP request POST https://api.deepseek.com/chat/completions
[18:01:43 INF] System.Net.Http.HttpClient.DeepSeek.ClientHandler Received HTTP response headers after 466.9931ms - 200
[18:01:43 INF] System.Net.Http.HttpClient.DeepSeek.LogicalHandler End processing HTTP request after 467.1489ms - 200
[18:01:43 INF] System.Net.Http.HttpClient.DeepSeek.ClientHandler Received HTTP response headers after 482.1307ms - 200
[18:01:43 INF] System.Net.Http.HttpClient.DeepSeek.LogicalHandler End processing HTTP request after 482.32ms - 200
[18:01:44 INF] System.Net.Http.HttpClient.DeepSeek.ClientHandler Received HTTP response headers after 503.3323ms - 200
[18:01:44 INF] System.Net.Http.HttpClient.DeepSeek.LogicalHandler End processing HTTP request after 503.4432ms - 200
[18:01:44 INF] System.Net.Http.HttpClient.DeepSeek.ClientHandler Received HTTP response headers after 560.9975ms - 200
[18:01:44 INF] System.Net.Http.HttpClient.DeepSeek.LogicalHandler End processing HTTP request after 561.135ms - 200
[18:01:44 INF] System.Net.Http.HttpClient.DeepSeek.ClientHandler Received HTTP response headers after 566.6275ms - 200
[18:01:44 INF] System.Net.Http.HttpClient.DeepSeek.LogicalHandler End processing HTTP request after 566.7169ms - 200
[18:01:44 INF] System.Net.Http.HttpClient.DeepSeek.ClientHandler Received HTTP response headers after 586.1621ms - 200
[18:01:44 INF] System.Net.Http.HttpClient.DeepSeek.LogicalHandler End processing HTTP request after 586.2887ms - 200
[18:01:45 INF] System.Net.Http.HttpClient.DeepSeek.LogicalHandler Start processing HTTP request POST https://api.deepseek.com/chat/completions
[18:01:45 INF] System.Net.Http.HttpClient.DeepSeek.ClientHandler Sending HTTP request POST https://api.deepseek.com/chat/completions
[18:01:45 INF] System.Net.Http.HttpClient.DeepSeek.LogicalHandler Start processing HTTP request POST https://api.deepseek.com/chat/completions
[18:01:45 INF] System.Net.Http.HttpClient.DeepSeek.ClientHandler Sending HTTP request POST https://api.deepseek.com/chat/completions
[18:01:45 INF] System.Net.Http.HttpClient.DeepSeek.LogicalHandler Start processing HTTP request POST https://api.deepseek.com/chat/completions
[18:01:45 INF] System.Net.Http.HttpClient.DeepSeek.ClientHandler Sending HTTP request POST https://api.deepseek.com/chat/completions
[18:01:45 INF] System.Net.Http.HttpClient.DeepSeek.LogicalHandler Start processing HTTP request POST https://api.deepseek.com/chat/completions
[18:01:45 INF] System.Net.Http.HttpClient.DeepSeek.ClientHandler Sending HTTP request POST https://api.deepseek.com/chat/completions
[18:01:45 INF] System.Net.Http.HttpClient.DeepSeek.LogicalHandler Start processing HTTP request POST https://api.deepseek.com/chat/completions
[18:01:45 INF] System.Net.Http.HttpClient.DeepSeek.ClientHandler Sending HTTP request POST https://api.deepseek.com/chat/completions
[18:01:45 INF] System.Net.Http.HttpClient.DeepSeek.LogicalHandler Start processing HTTP request POST https://api.deepseek.com/chat/completions
[18:01:45 INF] System.Net.Http.HttpClient.DeepSeek.ClientHandler Sending HTTP request POST https://api.deepseek.com/chat/completions
[18:01:45 INF] System.Net.Http.HttpClient.DeepSeek.ClientHandler Received HTTP response headers after 508.6323ms - 200
[18:01:45 INF] System.Net.Http.HttpClient.DeepSeek.ClientHandler Received HTTP response headers after 508.8035ms - 200
[18:01:45 INF] System.Net.Http.HttpClient.DeepSeek.LogicalHandler End processing HTTP request after 508.788ms - 200
[18:01:45 INF] System.Net.Http.HttpClient.DeepSeek.LogicalHandler End processing HTTP request after 509.0335ms - 200
[18:01:45 INF] System.Net.Http.HttpClient.DeepSeek.ClientHandler Received HTTP response headers after 555.6604ms - 200
[18:01:45 INF] System.Net.Http.HttpClient.DeepSeek.LogicalHandler End processing HTTP request after 555.7929ms - 200
[18:01:45 INF] System.Net.Http.HttpClient.DeepSeek.ClientHandler Received HTTP response headers after 562.1936ms - 200
[18:01:45 INF] System.Net.Http.HttpClient.DeepSeek.LogicalHandler End processing HTTP request after 562.4802ms - 200
[18:01:45 INF] System.Net.Http.HttpClient.DeepSeek.ClientHandler Received HTTP response headers after 562.4539ms - 200
[18:01:45 INF] System.Net.Http.HttpClient.DeepSeek.LogicalHandler End processing HTTP request after 562.6877ms - 200
[18:01:45 INF] System.Net.Http.HttpClient.DeepSeek.ClientHandler Received HTTP response headers after 565.725ms - 200
[18:01:45 INF] System.Net.Http.HttpClient.DeepSeek.LogicalHandler End processing HTTP request after 565.8143ms - 200
[18:01:46 INF] System.Net.Http.HttpClient.DeepSeek.LogicalHandler Start processing HTTP request POST https://api.deepseek.com/chat/completions
[18:01:46 INF] System.Net.Http.HttpClient.DeepSeek.ClientHandler Sending HTTP request POST https://api.deepseek.com/chat/completions
[18:01:46 INF] System.Net.Http.HttpClient.DeepSeek.LogicalHandler Start processing HTTP request POST https://api.deepseek.com/chat/completions
[18:01:46 INF] System.Net.Http.HttpClient.DeepSeek.ClientHandler Sending HTTP request POST https://api.deepseek.com/chat/completions
[18:01:46 INF] System.Net.Http.HttpClient.DeepSeek.LogicalHandler Start processing HTTP request POST https://api.deepseek.com/chat/completions
[18:01:46 INF] System.Net.Http.HttpClient.DeepSeek.ClientHandler Sending HTTP request POST https://api.deepseek.com/chat/completions
[18:01:46 INF] System.Net.Http.HttpClient.DeepSeek.LogicalHandler Start processing HTTP request POST https://api.deepseek.com/chat/completions
[18:01:46 INF] System.Net.Http.HttpClient.DeepSeek.ClientHandler Sending HTTP request POST https://api.deepseek.com/chat/completions
[18:01:46 INF] System.Net.Http.HttpClient.DeepSeek.LogicalHandler Start processing HTTP request POST https://api.deepseek.com/chat/completions
[18:01:46 INF] System.Net.Http.HttpClient.DeepSeek.ClientHandler Sending HTTP request POST https://api.deepseek.com/chat/completions
[18:01:46 INF] System.Net.Http.HttpClient.DeepSeek.LogicalHandler Start processing HTTP request POST https://api.deepseek.com/chat/completions
[18:01:46 INF] System.Net.Http.HttpClient.DeepSeek.ClientHandler Sending HTTP request POST https://api.deepseek.com/chat/completions
[18:01:47 INF] System.Net.Http.HttpClient.DeepSeek.ClientHandler Received HTTP response headers after 446.5984ms - 200
[18:01:47 INF] System.Net.Http.HttpClient.DeepSeek.LogicalHandler End processing HTTP request after 446.7424ms - 200
[18:01:47 INF] System.Net.Http.HttpClient.DeepSeek.ClientHandler Received HTTP response headers after 457.6794ms - 200
[18:01:47 INF] System.Net.Http.HttpClient.DeepSeek.LogicalHandler End processing HTTP request after 457.8212ms - 200
[18:01:47 INF] System.Net.Http.HttpClient.DeepSeek.ClientHandler Received HTTP response headers after 458.821ms - 200
[18:01:47 INF] System.Net.Http.HttpClient.DeepSeek.LogicalHandler End processing HTTP request after 458.9282ms - 200
[18:01:47 INF] System.Net.Http.HttpClient.DeepSeek.ClientHandler Received HTTP response headers after 460.8905ms - 200
[18:01:47 INF] System.Net.Http.HttpClient.DeepSeek.LogicalHandler End processing HTTP request after 461.029ms - 200
[18:01:47 INF] System.Net.Http.HttpClient.DeepSeek.ClientHandler Received HTTP response headers after 471.3626ms - 200
[18:01:47 INF] System.Net.Http.HttpClient.DeepSeek.LogicalHandler End processing HTTP request after 471.4667ms - 200
[18:01:47 INF] System.Net.Http.HttpClient.DeepSeek.ClientHandler Received HTTP response headers after 532.286ms - 200
[18:01:47 INF] System.Net.Http.HttpClient.DeepSeek.LogicalHandler End processing HTTP request after 532.508ms - 200
[18:01:48 INF] System.Net.Http.HttpClient.DeepSeek.LogicalHandler Start processing HTTP request POST https://api.deepseek.com/chat/completions
[18:01:48 INF] System.Net.Http.HttpClient.DeepSeek.ClientHandler Sending HTTP request POST https://api.deepseek.com/chat/completions
[18:01:48 INF] System.Net.Http.HttpClient.DeepSeek.LogicalHandler Start processing HTTP request POST https://api.deepseek.com/chat/completions
[18:01:48 INF] System.Net.Http.HttpClient.DeepSeek.ClientHandler Sending HTTP request POST https://api.deepseek.com/chat/completions
[18:01:48 INF] System.Net.Http.HttpClient.DeepSeek.LogicalHandler Start processing HTTP request POST https://api.deepseek.com/chat/completions
[18:01:48 INF] System.Net.Http.HttpClient.DeepSeek.ClientHandler Sending HTTP request POST https://api.deepseek.com/chat/completions
[18:01:48 INF] System.Net.Http.HttpClient.DeepSeek.LogicalHandler Start processing HTTP request POST https://api.deepseek.com/chat/completions
[18:01:48 INF] System.Net.Http.HttpClient.DeepSeek.ClientHandler Sending HTTP request POST https://api.deepseek.com/chat/completions
[18:01:48 INF] System.Net.Http.HttpClient.DeepSeek.LogicalHandler Start processing HTTP request POST https://api.deepseek.com/chat/completions
[18:01:48 INF] System.Net.Http.HttpClient.DeepSeek.ClientHandler Sending HTTP request POST https://api.deepseek.com/chat/completions
[18:01:48 INF] System.Net.Http.HttpClient.DeepSeek.LogicalHandler Start processing HTTP request POST https://api.deepseek.com/chat/completions
[18:01:48 INF] System.Net.Http.HttpClient.DeepSeek.ClientHandler Sending HTTP request POST https://api.deepseek.com/chat/completions
[18:01:48 INF] System.Net.Http.HttpClient.DeepSeek.ClientHandler Received HTTP response headers after 574.0296ms - 200
[18:01:48 INF] System.Net.Http.HttpClient.DeepSeek.LogicalHandler End processing HTTP request after 574.1862ms - 200
[18:01:48 INF] System.Net.Http.HttpClient.DeepSeek.ClientHandler Received HTTP response headers after 574.3923ms - 200
[18:01:48 INF] System.Net.Http.HttpClient.DeepSeek.LogicalHandler End processing HTTP request after 575.3353ms - 200
[18:01:48 INF] System.Net.Http.HttpClient.DeepSeek.ClientHandler Received HTTP response headers after 574.251ms - 200
[18:01:48 INF] System.Net.Http.HttpClient.DeepSeek.LogicalHandler End processing HTTP request after 574.3312ms - 200
[18:01:48 INF] System.Net.Http.HttpClient.DeepSeek.ClientHandler Received HTTP response headers after 574.0915ms - 200
[18:01:48 INF] System.Net.Http.HttpClient.DeepSeek.LogicalHandler End processing HTTP request after 574.1672ms - 200
[18:01:48 INF] System.Net.Http.HttpClient.DeepSeek.ClientHandler Received HTTP response headers after 574.2797ms - 200
[18:01:48 INF] System.Net.Http.HttpClient.DeepSeek.LogicalHandler End processing HTTP request after 574.3796ms - 200
[18:01:48 INF] System.Net.Http.HttpClient.DeepSeek.ClientHandler Received HTTP response headers after 574.1288ms - 200
[18:01:48 INF] System.Net.Http.HttpClient.DeepSeek.LogicalHandler End processing HTTP request after 574.478ms - 200
[18:01:50 INF] System.Net.Http.HttpClient.DeepSeek.LogicalHandler Start processing HTTP request POST https://api.deepseek.com/chat/completions
[18:01:50 INF] System.Net.Http.HttpClient.DeepSeek.ClientHandler Sending HTTP request POST https://api.deepseek.com/chat/completions
[18:01:50 INF] System.Net.Http.HttpClient.DeepSeek.LogicalHandler Start processing HTTP request POST https://api.deepseek.com/chat/completions
[18:01:50 INF] System.Net.Http.HttpClient.DeepSeek.ClientHandler Sending HTTP request POST https://api.deepseek.com/chat/completions
[18:01:50 INF] System.Net.Http.HttpClient.DeepSeek.LogicalHandler Start processing HTTP request POST https://api.deepseek.com/chat/completions
[18:01:50 INF] System.Net.Http.HttpClient.DeepSeek.ClientHandler Sending HTTP request POST https://api.deepseek.com/chat/completions
[18:01:50 INF] System.Net.Http.HttpClient.DeepSeek.LogicalHandler Start processing HTTP request POST https://api.deepseek.com/chat/completions
[18:01:50 INF] System.Net.Http.HttpClient.DeepSeek.ClientHandler Sending HTTP request POST https://api.deepseek.com/chat/completions
[18:01:50 INF] System.Net.Http.HttpClient.DeepSeek.LogicalHandler Start processing HTTP request POST https://api.deepseek.com/chat/completions
[18:01:50 INF] System.Net.Http.HttpClient.DeepSeek.ClientHandler Sending HTTP request POST https://api.deepseek.com/chat/completions
[18:01:50 INF] System.Net.Http.HttpClient.DeepSeek.LogicalHandler Start processing HTTP request POST https://api.deepseek.com/chat/completions
[18:01:50 INF] System.Net.Http.HttpClient.DeepSeek.ClientHandler Sending HTTP request POST https://api.deepseek.com/chat/completions
[18:01:50 INF] System.Net.Http.HttpClient.DeepSeek.ClientHandler Received HTTP response headers after 517.6545ms - 200
[18:01:50 INF] System.Net.Http.HttpClient.DeepSeek.ClientHandler Received HTTP response headers after 517.8575ms - 200
[18:01:50 INF] System.Net.Http.HttpClient.DeepSeek.ClientHandler Received HTTP response headers after 517.9527ms - 200
[18:01:50 INF] System.Net.Http.HttpClient.DeepSeek.ClientHandler Received HTTP response headers after 517.8071ms - 200
[18:01:50 INF] System.Net.Http.HttpClient.DeepSeek.LogicalHandler End processing HTTP request after 518.0787ms - 200
[18:01:50 INF] System.Net.Http.HttpClient.DeepSeek.ClientHandler Received HTTP response headers after 518.2923ms - 200
[18:01:50 INF] System.Net.Http.HttpClient.DeepSeek.LogicalHandler End processing HTTP request after 518.3813ms - 200
[18:01:50 INF] System.Net.Http.HttpClient.DeepSeek.ClientHandler Received HTTP response headers after 518.2288ms - 200
[18:01:50 INF] System.Net.Http.HttpClient.DeepSeek.LogicalHandler End processing HTTP request after 517.8093ms - 200
[18:01:50 INF] System.Net.Http.HttpClient.DeepSeek.LogicalHandler End processing HTTP request after 518.0229ms - 200
[18:01:50 INF] System.Net.Http.HttpClient.DeepSeek.LogicalHandler End processing HTTP request after 518.1359ms - 200
[18:01:50 INF] System.Net.Http.HttpClient.DeepSeek.LogicalHandler End processing HTTP request after 518.793ms - 200
[18:01:51 INF] System.Net.Http.HttpClient.DeepSeek.LogicalHandler Start processing HTTP request POST https://api.deepseek.com/chat/completions
[18:01:51 INF] System.Net.Http.HttpClient.DeepSeek.ClientHandler Sending HTTP request POST https://api.deepseek.com/chat/completions
[18:01:51 INF] System.Net.Http.HttpClient.DeepSeek.LogicalHandler Start processing HTTP request POST https://api.deepseek.com/chat/completions
[18:01:51 INF] System.Net.Http.HttpClient.DeepSeek.ClientHandler Sending HTTP request POST https://api.deepseek.com/chat/completions
[18:01:51 INF] System.Net.Http.HttpClient.DeepSeek.LogicalHandler Start processing HTTP request POST https://api.deepseek.com/chat/completions
[18:01:51 INF] System.Net.Http.HttpClient.DeepSeek.ClientHandler Sending HTTP request POST https://api.deepseek.com/chat/completions
[18:01:51 INF] System.Net.Http.HttpClient.DeepSeek.LogicalHandler Start processing HTTP request POST https://api.deepseek.com/chat/completions
[18:01:51 INF] System.Net.Http.HttpClient.DeepSeek.ClientHandler Sending HTTP request POST https://api.deepseek.com/chat/completions
[18:01:51 INF] System.Net.Http.HttpClient.DeepSeek.LogicalHandler Start processing HTTP request POST https://api.deepseek.com/chat/completions
[18:01:51 INF] System.Net.Http.HttpClient.DeepSeek.ClientHandler Sending HTTP request POST https://api.deepseek.com/chat/completions
[18:01:51 INF] System.Net.Http.HttpClient.DeepSeek.LogicalHandler Start processing HTTP request POST https://api.deepseek.com/chat/completions
[18:01:51 INF] System.Net.Http.HttpClient.DeepSeek.ClientHandler Sending HTTP request POST https://api.deepseek.com/chat/completions
[18:01:52 INF] System.Net.Http.HttpClient.DeepSeek.ClientHandler Received HTTP response headers after 530.6324ms - 200
[18:01:52 INF] System.Net.Http.HttpClient.DeepSeek.LogicalHandler End processing HTTP request after 530.7848ms - 200
[18:01:52 INF] System.Net.Http.HttpClient.DeepSeek.ClientHandler Received HTTP response headers after 537.5275ms - 200
[18:01:52 INF] System.Net.Http.HttpClient.DeepSeek.LogicalHandler End processing HTTP request after 537.6285ms - 200
[18:01:52 INF] System.Net.Http.HttpClient.DeepSeek.ClientHandler Received HTTP response headers after 539.0396ms - 200
[18:01:52 INF] System.Net.Http.HttpClient.DeepSeek.LogicalHandler End processing HTTP request after 539.1247ms - 200
[18:01:52 INF] System.Net.Http.HttpClient.DeepSeek.ClientHandler Received HTTP response headers after 539.424ms - 200
[18:01:52 INF] System.Net.Http.HttpClient.DeepSeek.LogicalHandler End processing HTTP request after 539.7196ms - 200
[18:01:52 INF] System.Net.Http.HttpClient.DeepSeek.ClientHandler Received HTTP response headers after 541.362ms - 200
[18:01:52 INF] System.Net.Http.HttpClient.DeepSeek.LogicalHandler End processing HTTP request after 541.444ms - 200
[18:01:52 INF] System.Net.Http.HttpClient.DeepSeek.ClientHandler Received HTTP response headers after 549.0541ms - 200
[18:01:52 INF] System.Net.Http.HttpClient.DeepSeek.LogicalHandler End processing HTTP request after 549.1367ms - 200
[18:01:53 INF] System.Net.Http.HttpClient.DeepSeek.LogicalHandler Start processing HTTP request POST https://api.deepseek.com/chat/completions
[18:01:53 INF] System.Net.Http.HttpClient.DeepSeek.ClientHandler Sending HTTP request POST https://api.deepseek.com/chat/completions
[18:01:53 INF] System.Net.Http.HttpClient.DeepSeek.LogicalHandler Start processing HTTP request POST https://api.deepseek.com/chat/completions
[18:01:53 INF] System.Net.Http.HttpClient.DeepSeek.ClientHandler Sending HTTP request POST https://api.deepseek.com/chat/completions
[18:01:53 INF] System.Net.Http.HttpClient.DeepSeek.LogicalHandler Start processing HTTP request POST https://api.deepseek.com/chat/completions
[18:01:53 INF] System.Net.Http.HttpClient.DeepSeek.ClientHandler Sending HTTP request POST https://api.deepseek.com/chat/completions
[18:01:53 INF] System.Net.Http.HttpClient.DeepSeek.LogicalHandler Start processing HTTP request POST https://api.deepseek.com/chat/completions
[18:01:53 INF] System.Net.Http.HttpClient.DeepSeek.ClientHandler Sending HTTP request POST https://api.deepseek.com/chat/completions
[18:01:53 INF] System.Net.Http.HttpClient.DeepSeek.LogicalHandler Start processing HTTP request POST https://api.deepseek.com/chat/completions
[18:01:53 INF] System.Net.Http.HttpClient.DeepSeek.ClientHandler Sending HTTP request POST https://api.deepseek.com/chat/completions
[18:01:53 INF] System.Net.Http.HttpClient.DeepSeek.LogicalHandler Start processing HTTP request POST https://api.deepseek.com/chat/completions
[18:01:53 INF] System.Net.Http.HttpClient.DeepSeek.ClientHandler Sending HTTP request POST https://api.deepseek.com/chat/completions
[18:01:53 INF] System.Net.Http.HttpClient.DeepSeek.ClientHandler Received HTTP response headers after 470.235ms - 200
[18:01:53 INF] System.Net.Http.HttpClient.DeepSeek.LogicalHandler End processing HTTP request after 470.9556ms - 200
[18:01:53 INF] System.Net.Http.HttpClient.DeepSeek.ClientHandler Received HTTP response headers after 483.591ms - 200
[18:01:53 INF] System.Net.Http.HttpClient.DeepSeek.LogicalHandler End processing HTTP request after 483.7252ms - 200
[18:01:53 INF] System.Net.Http.HttpClient.DeepSeek.ClientHandler Received HTTP response headers after 485.565ms - 200
[18:01:53 INF] System.Net.Http.HttpClient.DeepSeek.LogicalHandler End processing HTTP request after 485.6509ms - 200
[18:01:53 INF] System.Net.Http.HttpClient.DeepSeek.ClientHandler Received HTTP response headers after 487.194ms - 200
[18:01:53 INF] System.Net.Http.HttpClient.DeepSeek.LogicalHandler End processing HTTP request after 487.2733ms - 200
[18:01:53 INF] System.Net.Http.HttpClient.DeepSeek.ClientHandler Received HTTP response headers after 492.2486ms - 200
[18:01:53 INF] System.Net.Http.HttpClient.DeepSeek.LogicalHandler End processing HTTP request after 492.3846ms - 200
[18:01:53 INF] System.Net.Http.HttpClient.DeepSeek.ClientHandler Received HTTP response headers after 512.7297ms - 200
[18:01:53 INF] System.Net.Http.HttpClient.DeepSeek.LogicalHandler End processing HTTP request after 512.8556ms - 200
[18:01:54 INF] System.Net.Http.HttpClient.DeepSeek.LogicalHandler Start processing HTTP request POST https://api.deepseek.com/chat/completions
[18:01:54 INF] System.Net.Http.HttpClient.DeepSeek.ClientHandler Sending HTTP request POST https://api.deepseek.com/chat/completions
[18:01:54 INF] System.Net.Http.HttpClient.DeepSeek.LogicalHandler Start processing HTTP request POST https://api.deepseek.com/chat/completions
[18:01:54 INF] System.Net.Http.HttpClient.DeepSeek.ClientHandler Sending HTTP request POST https://api.deepseek.com/chat/completions
[18:01:54 INF] System.Net.Http.HttpClient.DeepSeek.LogicalHandler Start processing HTTP request POST https://api.deepseek.com/chat/completions
[18:01:54 INF] System.Net.Http.HttpClient.DeepSeek.ClientHandler Sending HTTP request POST https://api.deepseek.com/chat/completions
[18:01:54 INF] System.Net.Http.HttpClient.DeepSeek.LogicalHandler Start processing HTTP request POST https://api.deepseek.com/chat/completions
[18:01:54 INF] System.Net.Http.HttpClient.DeepSeek.ClientHandler Sending HTTP request POST https://api.deepseek.com/chat/completions
[18:01:54 INF] System.Net.Http.HttpClient.DeepSeek.LogicalHandler Start processing HTTP request POST https://api.deepseek.com/chat/completions
[18:01:54 INF] System.Net.Http.HttpClient.DeepSeek.ClientHandler Sending HTTP request POST https://api.deepseek.com/chat/completions
[18:01:54 INF] System.Net.Http.HttpClient.DeepSeek.LogicalHandler Start processing HTTP request POST https://api.deepseek.com/chat/completions
[18:01:54 INF] System.Net.Http.HttpClient.DeepSeek.ClientHandler Sending HTTP request POST https://api.deepseek.com/chat/completions
[18:01:55 INF] System.Net.Http.HttpClient.DeepSeek.ClientHandler Received HTTP response headers after 451.0159ms - 200
[18:01:55 INF] System.Net.Http.HttpClient.DeepSeek.ClientHandler Received HTTP response headers after 451.2007ms - 200
[18:01:55 INF] System.Net.Http.HttpClient.DeepSeek.ClientHandler Received HTTP response headers after 448.6087ms - 200
[18:01:55 INF] System.Net.Http.HttpClient.DeepSeek.LogicalHandler End processing HTTP request after 451.4973ms - 200
[18:01:55 INF] System.Net.Http.HttpClient.DeepSeek.ClientHandler Received HTTP response headers after 448.8045ms - 200
[18:01:55 INF] System.Net.Http.HttpClient.DeepSeek.LogicalHandler End processing HTTP request after 451.631ms - 200
[18:01:55 INF] System.Net.Http.HttpClient.DeepSeek.ClientHandler Received HTTP response headers after 450.7972ms - 200
[18:01:55 INF] System.Net.Http.HttpClient.DeepSeek.LogicalHandler End processing HTTP request after 454.686ms - 200
[18:01:55 INF] System.Net.Http.HttpClient.DeepSeek.LogicalHandler End processing HTTP request after 448.8344ms - 200
[18:01:55 INF] System.Net.Http.HttpClient.DeepSeek.ClientHandler Received HTTP response headers after 448.2105ms - 200
[18:01:55 INF] System.Net.Http.HttpClient.DeepSeek.LogicalHandler End processing HTTP request after 454.9497ms - 200
[18:01:55 INF] System.Net.Http.HttpClient.DeepSeek.LogicalHandler End processing HTTP request after 451.507ms - 200
[18:02:36 INF] System.Net.Http.HttpClient.DeepSeek.LogicalHandler Start processing HTTP request POST https://api.deepseek.com/chat/completions
[18:02:36 INF] System.Net.Http.HttpClient.DeepSeek.ClientHandler Sending HTTP request POST https://api.deepseek.com/chat/completions
[18:02:36 INF] System.Net.Http.HttpClient.DeepSeek.ClientHandler Received HTTP response headers after 286.7552ms - 200
[18:02:36 INF] System.Net.Http.HttpClient.DeepSeek.LogicalHandler End processing HTTP request after 287.7084ms - 200
[18:02:36 INF] System.Net.Http.HttpClient.DeepSeek.LogicalHandler Start processing HTTP request POST https://api.deepseek.com/chat/completions
[18:02:36 INF] System.Net.Http.HttpClient.DeepSeek.ClientHandler Sending HTTP request POST https://api.deepseek.com/chat/completions
[18:02:37 INF] System.Net.Http.HttpClient.DeepSeek.ClientHandler Received HTTP response headers after 298.6445ms - 200
[18:02:37 INF] System.Net.Http.HttpClient.DeepSeek.LogicalHandler End processing HTTP request after 299.2679ms - 200
[18:02:39 INF] System.Net.Http.HttpClient.DeepSeek.LogicalHandler Start processing HTTP request POST https://api.deepseek.com/chat/completions
[18:02:39 INF] System.Net.Http.HttpClient.DeepSeek.ClientHandler Sending HTTP request POST https://api.deepseek.com/chat/completions
[18:02:39 INF] System.Net.Http.HttpClient.DeepSeek.LogicalHandler Start processing HTTP request POST https://api.deepseek.com/chat/completions
[18:02:39 INF] System.Net.Http.HttpClient.DeepSeek.ClientHandler Sending HTTP request POST https://api.deepseek.com/chat/completions
[18:02:39 INF] System.Net.Http.HttpClient.DeepSeek.LogicalHandler Start processing HTTP request POST https://api.deepseek.com/chat/completions
[18:02:39 INF] System.Net.Http.HttpClient.DeepSeek.ClientHandler Sending HTTP request POST https://api.deepseek.com/chat/completions
[18:02:40 INF] System.Net.Http.HttpClient.DeepSeek.ClientHandler Received HTTP response headers after 282.5469ms - 200
[18:02:40 INF] System.Net.Http.HttpClient.DeepSeek.LogicalHandler End processing HTTP request after 282.9859ms - 200
[18:02:40 INF] System.Net.Http.HttpClient.DeepSeek.ClientHandler Received HTTP response headers after 289.7599ms - 200
[18:02:40 INF] System.Net.Http.HttpClient.DeepSeek.LogicalHandler End processing HTTP request after 290.1085ms - 200
[18:02:40 INF] System.Net.Http.HttpClient.DeepSeek.ClientHandler Received HTTP response headers after 283.8189ms - 200
[18:02:40 INF] System.Net.Http.HttpClient.DeepSeek.LogicalHandler End processing HTTP request after 284.246ms - 200
[18:02:40 INF] System.Net.Http.HttpClient.DeepSeek.LogicalHandler Start processing HTTP request POST https://api.deepseek.com/chat/completions
[18:02:40 INF] System.Net.Http.HttpClient.DeepSeek.ClientHandler Sending HTTP request POST https://api.deepseek.com/chat/completions
[18:02:40 INF] System.Net.Http.HttpClient.DeepSeek.LogicalHandler Start processing HTTP request POST https://api.deepseek.com/chat/completions
[18:02:40 INF] System.Net.Http.HttpClient.DeepSeek.ClientHandler Sending HTTP request POST https://api.deepseek.com/chat/completions
[18:02:40 INF] System.Net.Http.HttpClient.DeepSeek.ClientHandler Received HTTP response headers after 290.5095ms - 200
[18:02:40 INF] System.Net.Http.HttpClient.DeepSeek.LogicalHandler End processing HTTP request after 290.8467ms - 200
[18:02:41 INF] System.Net.Http.HttpClient.DeepSeek.LogicalHandler Start processing HTTP request POST https://api.deepseek.com/chat/completions
[18:02:41 INF] System.Net.Http.HttpClient.DeepSeek.ClientHandler Sending HTTP request POST https://api.deepseek.com/chat/completions
[18:02:41 INF] System.Net.Http.HttpClient.DeepSeek.ClientHandler Received HTTP response headers after 277.6217ms - 200
[18:02:41 INF] System.Net.Http.HttpClient.DeepSeek.LogicalHandler End processing HTTP request after 278.0255ms - 200
[18:02:41 INF] System.Net.Http.HttpClient.DeepSeek.ClientHandler Received HTTP response headers after 285.1761ms - 200
[18:02:41 INF] System.Net.Http.HttpClient.DeepSeek.LogicalHandler End processing HTTP request after 285.693ms - 200
[18:02:42 INF] System.Net.Http.HttpClient.DeepSeek.LogicalHandler Start processing HTTP request POST https://api.deepseek.com/chat/completions
[18:02:42 INF] System.Net.Http.HttpClient.DeepSeek.ClientHandler Sending HTTP request POST https://api.deepseek.com/chat/completions
[18:02:42 INF] System.Net.Http.HttpClient.DeepSeek.LogicalHandler Start processing HTTP request POST https://api.deepseek.com/chat/completions
[18:02:42 INF] System.Net.Http.HttpClient.DeepSeek.ClientHandler Sending HTTP request POST https://api.deepseek.com/chat/completions
[18:02:43 INF] System.Net.Http.HttpClient.DeepSeek.LogicalHandler Start processing HTTP request POST https://api.deepseek.com/chat/completions
[18:02:43 INF] System.Net.Http.HttpClient.DeepSeek.ClientHandler Sending HTTP request POST https://api.deepseek.com/chat/completions
[18:02:43 INF] System.Net.Http.HttpClient.DeepSeek.ClientHandler Received HTTP response headers after 273.4669ms - 200
[18:02:43 INF] System.Net.Http.HttpClient.DeepSeek.LogicalHandler End processing HTTP request after 273.8783ms - 200
[18:02:43 INF] System.Net.Http.HttpClient.DeepSeek.LogicalHandler Start processing HTTP request POST https://api.deepseek.com/chat/completions
[18:02:43 INF] System.Net.Http.HttpClient.DeepSeek.ClientHandler Sending HTTP request POST https://api.deepseek.com/chat/completions
[18:02:43 INF] System.Net.Http.HttpClient.DeepSeek.ClientHandler Received HTTP response headers after 276.7704ms - 200
[18:02:43 INF] System.Net.Http.HttpClient.DeepSeek.LogicalHandler End processing HTTP request after 277.3056ms - 200
[18:02:43 INF] System.Net.Http.HttpClient.DeepSeek.ClientHandler Received HTTP response headers after 291.2283ms - 200
[18:02:43 INF] System.Net.Http.HttpClient.DeepSeek.LogicalHandler End processing HTTP request after 292.2525ms - 200
[18:02:43 INF] System.Net.Http.HttpClient.DeepSeek.LogicalHandler Start processing HTTP request POST https://api.deepseek.com/chat/completions
[18:02:43 INF] System.Net.Http.HttpClient.DeepSeek.ClientHandler Sending HTTP request POST https://api.deepseek.com/chat/completions
[18:02:43 INF] System.Net.Http.HttpClient.DeepSeek.ClientHandler Received HTTP response headers after 326.1985ms - 200
[18:02:43 INF] System.Net.Http.HttpClient.DeepSeek.LogicalHandler End processing HTTP request after 327.8441ms - 200
[18:02:43 INF] System.Net.Http.HttpClient.DeepSeek.ClientHandler Received HTTP response headers after 285.9297ms - 200
[18:02:43 INF] System.Net.Http.HttpClient.DeepSeek.LogicalHandler End processing HTTP request after 286.5114ms - 200
[18:02:43 INF] System.Net.Http.HttpClient.DeepSeek.LogicalHandler Start processing HTTP request POST https://api.deepseek.com/chat/completions
[18:02:43 INF] System.Net.Http.HttpClient.DeepSeek.ClientHandler Sending HTTP request POST https://api.deepseek.com/chat/completions
[18:02:44 INF] System.Net.Http.HttpClient.DeepSeek.ClientHandler Received HTTP response headers after 288.9167ms - 200
[18:02:44 INF] System.Net.Http.HttpClient.DeepSeek.LogicalHandler End processing HTTP request after 289.3097ms - 200
[18:02:44 INF] System.Net.Http.HttpClient.DeepSeek.LogicalHandler Start processing HTTP request POST https://api.deepseek.com/chat/completions
[18:02:44 INF] System.Net.Http.HttpClient.DeepSeek.ClientHandler Sending HTTP request POST https://api.deepseek.com/chat/completions
[18:02:44 INF] System.Net.Http.HttpClient.DeepSeek.LogicalHandler Start processing HTTP request POST https://api.deepseek.com/chat/completions
[18:02:44 INF] System.Net.Http.HttpClient.DeepSeek.ClientHandler Sending HTTP request POST https://api.deepseek.com/chat/completions
[18:02:45 INF] System.Net.Http.HttpClient.DeepSeek.ClientHandler Received HTTP response headers after 353.1077ms - 200
[18:02:45 INF] System.Net.Http.HttpClient.DeepSeek.LogicalHandler End processing HTTP request after 353.6129ms - 200
[18:02:45 INF] System.Net.Http.HttpClient.DeepSeek.ClientHandler Received HTTP response headers after 281.4883ms - 200
[18:02:45 INF] System.Net.Http.HttpClient.DeepSeek.LogicalHandler End processing HTTP request after 281.8489ms - 200
[18:02:45 INF] System.Net.Http.HttpClient.DeepSeek.LogicalHandler Start processing HTTP request POST https://api.deepseek.com/chat/completions
[18:02:45 INF] System.Net.Http.HttpClient.DeepSeek.ClientHandler Sending HTTP request POST https://api.deepseek.com/chat/completions
[18:02:45 INF] System.Net.Http.HttpClient.DeepSeek.ClientHandler Received HTTP response headers after 310.7084ms - 200
[18:02:45 INF] System.Net.Http.HttpClient.DeepSeek.LogicalHandler End processing HTTP request after 311.0962ms - 200
[18:02:45 INF] System.Net.Http.HttpClient.DeepSeek.LogicalHandler Start processing HTTP request POST https://api.deepseek.com/chat/completions
[18:02:45 INF] System.Net.Http.HttpClient.DeepSeek.ClientHandler Sending HTTP request POST https://api.deepseek.com/chat/completions
[18:02:46 INF] System.Net.Http.HttpClient.DeepSeek.ClientHandler Received HTTP response headers after 290.5012ms - 200
[18:02:46 INF] System.Net.Http.HttpClient.DeepSeek.LogicalHandler End processing HTTP request after 291.0604ms - 200
[18:02:46 INF] System.Net.Http.HttpClient.DeepSeek.LogicalHandler Start processing HTTP request POST https://api.deepseek.com/chat/completions
[18:02:46 INF] System.Net.Http.HttpClient.DeepSeek.ClientHandler Sending HTTP request POST https://api.deepseek.com/chat/completions
[18:02:46 INF] System.Net.Http.HttpClient.DeepSeek.LogicalHandler Start processing HTTP request POST https://api.deepseek.com/chat/completions
[18:02:46 INF] System.Net.Http.HttpClient.DeepSeek.ClientHandler Sending HTTP request POST https://api.deepseek.com/chat/completions
[18:02:46 INF] System.Net.Http.HttpClient.DeepSeek.ClientHandler Received HTTP response headers after 286.0391ms - 200
[18:02:46 INF] System.Net.Http.HttpClient.DeepSeek.LogicalHandler End processing HTTP request after 287.8767ms - 200
[18:02:46 INF] System.Net.Http.HttpClient.DeepSeek.ClientHandler Received HTTP response headers after 286.0286ms - 200
[18:02:46 INF] System.Net.Http.HttpClient.DeepSeek.LogicalHandler End processing HTTP request after 286.4434ms - 200
[18:02:46 INF] System.Net.Http.HttpClient.DeepSeek.LogicalHandler Start processing HTTP request POST https://api.deepseek.com/chat/completions
[18:02:46 INF] System.Net.Http.HttpClient.DeepSeek.ClientHandler Sending HTTP request POST https://api.deepseek.com/chat/completions
[18:02:47 INF] System.Net.Http.HttpClient.DeepSeek.ClientHandler Received HTTP response headers after 273.0345ms - 200
[18:02:47 INF] System.Net.Http.HttpClient.DeepSeek.LogicalHandler End processing HTTP request after 273.4007ms - 200
[18:02:47 INF] System.Net.Http.HttpClient.DeepSeek.LogicalHandler Start processing HTTP request POST https://api.deepseek.com/chat/completions
[18:02:47 INF] System.Net.Http.HttpClient.DeepSeek.ClientHandler Sending HTTP request POST https://api.deepseek.com/chat/completions
[18:02:47 INF] System.Net.Http.HttpClient.DeepSeek.ClientHandler Received HTTP response headers after 302.1072ms - 200
[18:02:47 INF] System.Net.Http.HttpClient.DeepSeek.LogicalHandler End processing HTTP request after 302.7759ms - 200
[18:02:47 INF] System.Net.Http.HttpClient.DeepSeek.LogicalHandler Start processing HTTP request POST https://api.deepseek.com/chat/completions
[18:02:47 INF] System.Net.Http.HttpClient.DeepSeek.ClientHandler Sending HTTP request POST https://api.deepseek.com/chat/completions
[18:02:47 INF] System.Net.Http.HttpClient.DeepSeek.LogicalHandler Start processing HTTP request POST https://api.deepseek.com/chat/completions
[18:02:47 INF] System.Net.Http.HttpClient.DeepSeek.ClientHandler Sending HTTP request POST https://api.deepseek.com/chat/completions
[18:02:47 INF] System.Net.Http.HttpClient.DeepSeek.ClientHandler Received HTTP response headers after 295.2852ms - 200
[18:02:47 INF] System.Net.Http.HttpClient.DeepSeek.LogicalHandler End processing HTTP request after 295.7307ms - 200
[18:02:48 INF] System.Net.Http.HttpClient.DeepSeek.LogicalHandler Start processing HTTP request POST https://api.deepseek.com/chat/completions
[18:02:48 INF] System.Net.Http.HttpClient.DeepSeek.ClientHandler Sending HTTP request POST https://api.deepseek.com/chat/completions
[18:02:48 INF] System.Net.Http.HttpClient.DeepSeek.ClientHandler Received HTTP response headers after 283.4025ms - 200
[18:02:48 INF] System.Net.Http.HttpClient.DeepSeek.LogicalHandler End processing HTTP request after 283.8952ms - 200
[18:02:48 INF] System.Net.Http.HttpClient.DeepSeek.ClientHandler Received HTTP response headers after 298.9629ms - 200
[18:02:48 INF] System.Net.Http.HttpClient.DeepSeek.LogicalHandler End processing HTTP request after 301.8841ms - 200
[18:02:48 INF] System.Net.Http.HttpClient.DeepSeek.LogicalHandler Start processing HTTP request POST https://api.deepseek.com/chat/completions
[18:02:48 INF] System.Net.Http.HttpClient.DeepSeek.ClientHandler Sending HTTP request POST https://api.deepseek.com/chat/completions
[18:02:48 INF] System.Net.Http.HttpClient.DeepSeek.ClientHandler Received HTTP response headers after 308.2425ms - 200
[18:02:48 INF] System.Net.Http.HttpClient.DeepSeek.LogicalHandler End processing HTTP request after 311.2489ms - 200
[18:02:48 INF] System.Net.Http.HttpClient.DeepSeek.LogicalHandler Start processing HTTP request POST https://api.deepseek.com/chat/completions
[18:02:48 INF] System.Net.Http.HttpClient.DeepSeek.ClientHandler Sending HTTP request POST https://api.deepseek.com/chat/completions
[18:02:49 INF] System.Net.Http.HttpClient.DeepSeek.LogicalHandler Start processing HTTP request POST https://api.deepseek.com/chat/completions
[18:02:49 INF] System.Net.Http.HttpClient.DeepSeek.ClientHandler Sending HTTP request POST https://api.deepseek.com/chat/completions
[18:02:49 INF] System.Net.Http.HttpClient.DeepSeek.ClientHandler Received HTTP response headers after 283.2816ms - 200
[18:02:49 INF] System.Net.Http.HttpClient.DeepSeek.LogicalHandler End processing HTTP request after 283.7066ms - 200
[18:02:49 INF] System.Net.Http.HttpClient.DeepSeek.LogicalHandler Start processing HTTP request POST https://api.deepseek.com/chat/completions
[18:02:49 INF] System.Net.Http.HttpClient.DeepSeek.ClientHandler Sending HTTP request POST https://api.deepseek.com/chat/completions
[18:02:49 INF] System.Net.Http.HttpClient.DeepSeek.ClientHandler Received HTTP response headers after 280.7872ms - 200
[18:02:49 INF] System.Net.Http.HttpClient.DeepSeek.LogicalHandler End processing HTTP request after 281.393ms - 200
[18:02:49 INF] System.Net.Http.HttpClient.DeepSeek.ClientHandler Received HTTP response headers after 291.563ms - 200
[18:02:49 INF] System.Net.Http.HttpClient.DeepSeek.LogicalHandler End processing HTTP request after 292.2545ms - 200
[18:02:49 INF] System.Net.Http.HttpClient.DeepSeek.LogicalHandler Start processing HTTP request POST https://api.deepseek.com/chat/completions
[18:02:49 INF] System.Net.Http.HttpClient.DeepSeek.ClientHandler Sending HTTP request POST https://api.deepseek.com/chat/completions
[18:02:49 INF] System.Net.Http.HttpClient.DeepSeek.LogicalHandler Start processing HTTP request POST https://api.deepseek.com/chat/completions
[18:02:49 INF] System.Net.Http.HttpClient.DeepSeek.ClientHandler Sending HTTP request POST https://api.deepseek.com/chat/completions
[18:02:50 INF] System.Net.Http.HttpClient.DeepSeek.ClientHandler Received HTTP response headers after 305.0472ms - 200
[18:02:50 INF] System.Net.Http.HttpClient.DeepSeek.LogicalHandler End processing HTTP request after 305.3626ms - 200
[18:02:50 INF] System.Net.Http.HttpClient.DeepSeek.ClientHandler Received HTTP response headers after 353.5962ms - 200
[18:02:50 INF] System.Net.Http.HttpClient.DeepSeek.LogicalHandler End processing HTTP request after 353.9937ms - 200
[18:02:50 INF] System.Net.Http.HttpClient.DeepSeek.LogicalHandler Start processing HTTP request POST https://api.deepseek.com/chat/completions
[18:02:50 INF] System.Net.Http.HttpClient.DeepSeek.ClientHandler Sending HTTP request POST https://api.deepseek.com/chat/completions
[18:02:50 INF] System.Net.Http.HttpClient.DeepSeek.ClientHandler Received HTTP response headers after 304.3626ms - 200
[18:02:50 INF] System.Net.Http.HttpClient.DeepSeek.LogicalHandler End processing HTTP request after 304.9427ms - 200
[18:02:51 INF] System.Net.Http.HttpClient.DeepSeek.LogicalHandler Start processing HTTP request POST https://api.deepseek.com/chat/completions
[18:02:51 INF] System.Net.Http.HttpClient.DeepSeek.ClientHandler Sending HTTP request POST https://api.deepseek.com/chat/completions
[18:02:51 INF] System.Net.Http.HttpClient.DeepSeek.ClientHandler Received HTTP response headers after 388.8571ms - 200
[18:02:51 INF] System.Net.Http.HttpClient.DeepSeek.LogicalHandler Start processing HTTP request POST https://api.deepseek.com/chat/completions
[18:02:51 INF] System.Net.Http.HttpClient.DeepSeek.LogicalHandler End processing HTTP request after 389.3623ms - 200
[18:02:51 INF] System.Net.Http.HttpClient.DeepSeek.ClientHandler Sending HTTP request POST https://api.deepseek.com/chat/completions
[18:02:51 INF] System.Net.Http.HttpClient.DeepSeek.LogicalHandler Start processing HTTP request POST https://api.deepseek.com/chat/completions
[18:02:51 INF] System.Net.Http.HttpClient.DeepSeek.ClientHandler Sending HTTP request POST https://api.deepseek.com/chat/completions
[18:02:51 INF] System.Net.Http.HttpClient.DeepSeek.ClientHandler Received HTTP response headers after 299.1446ms - 200
[18:02:51 INF] System.Net.Http.HttpClient.DeepSeek.LogicalHandler End processing HTTP request after 299.5603ms - 200
[18:02:51 INF] System.Net.Http.HttpClient.DeepSeek.LogicalHandler Start processing HTTP request POST https://api.deepseek.com/chat/completions
[18:02:51 INF] System.Net.Http.HttpClient.DeepSeek.ClientHandler Sending HTTP request POST https://api.deepseek.com/chat/completions
[18:02:51 INF] System.Net.Http.HttpClient.DeepSeek.ClientHandler Received HTTP response headers after 273.4022ms - 200
[18:02:51 INF] System.Net.Http.HttpClient.DeepSeek.LogicalHandler End processing HTTP request after 274.0875ms - 200
[18:02:52 INF] System.Net.Http.HttpClient.DeepSeek.ClientHandler Received HTTP response headers after 283.0412ms - 200
[18:02:52 INF] System.Net.Http.HttpClient.DeepSeek.LogicalHandler End processing HTTP request after 283.497ms - 200
[18:02:52 INF] System.Net.Http.HttpClient.DeepSeek.LogicalHandler Start processing HTTP request POST https://api.deepseek.com/chat/completions
[18:02:52 INF] System.Net.Http.HttpClient.DeepSeek.ClientHandler Sending HTTP request POST https://api.deepseek.com/chat/completions
[18:02:52 INF] System.Net.Http.HttpClient.DeepSeek.LogicalHandler Start processing HTTP request POST https://api.deepseek.com/chat/completions
[18:02:52 INF] System.Net.Http.HttpClient.DeepSeek.ClientHandler Sending HTTP request POST https://api.deepseek.com/chat/completions
[18:02:52 INF] System.Net.Http.HttpClient.DeepSeek.ClientHandler Received HTTP response headers after 283.8327ms - 200
[18:02:52 INF] System.Net.Http.HttpClient.DeepSeek.LogicalHandler End processing HTTP request after 284.3151ms - 200
[18:02:52 INF] System.Net.Http.HttpClient.DeepSeek.ClientHandler Received HTTP response headers after 284.7147ms - 200
[18:02:52 INF] System.Net.Http.HttpClient.DeepSeek.LogicalHandler End processing HTTP request after 285.2026ms - 200
[18:02:53 INF] System.Net.Http.HttpClient.DeepSeek.LogicalHandler Start processing HTTP request POST https://api.deepseek.com/chat/completions
[18:02:53 INF] System.Net.Http.HttpClient.DeepSeek.ClientHandler Sending HTTP request POST https://api.deepseek.com/chat/completions
[18:02:53 INF] System.Net.Http.HttpClient.DeepSeek.ClientHandler Received HTTP response headers after 337.4668ms - 200
[18:02:53 INF] System.Net.Http.HttpClient.DeepSeek.LogicalHandler End processing HTTP request after 338.0007ms - 200
[18:02:53 INF] System.Net.Http.HttpClient.DeepSeek.LogicalHandler Start processing HTTP request POST https://api.deepseek.com/chat/completions
[18:02:53 INF] System.Net.Http.HttpClient.DeepSeek.ClientHandler Sending HTTP request POST https://api.deepseek.com/chat/completions
[18:02:53 INF] System.Net.Http.HttpClient.DeepSeek.ClientHandler Received HTTP response headers after 298.7515ms - 200
[18:02:53 INF] System.Net.Http.HttpClient.DeepSeek.LogicalHandler End processing HTTP request after 299.2708ms - 200
[18:02:53 INF] System.Net.Http.HttpClient.DeepSeek.LogicalHandler Start processing HTTP request POST https://api.deepseek.com/chat/completions
[18:02:53 INF] System.Net.Http.HttpClient.DeepSeek.ClientHandler Sending HTTP request POST https://api.deepseek.com/chat/completions
[18:02:54 INF] System.Net.Http.HttpClient.DeepSeek.ClientHandler Received HTTP response headers after 347.6238ms - 200
[18:02:54 INF] System.Net.Http.HttpClient.DeepSeek.LogicalHandler End processing HTTP request after 348.0497ms - 200
[18:02:56 INF] System.Net.Http.HttpClient.DeepSeek.LogicalHandler Start processing HTTP request POST https://api.deepseek.com/chat/completions
[18:02:56 INF] System.Net.Http.HttpClient.DeepSeek.ClientHandler Sending HTTP request POST https://api.deepseek.com/chat/completions
[18:02:56 INF] System.Net.Http.HttpClient.DeepSeek.LogicalHandler Start processing HTTP request POST https://api.deepseek.com/chat/completions
[18:02:56 INF] System.Net.Http.HttpClient.DeepSeek.ClientHandler Sending HTTP request POST https://api.deepseek.com/chat/completions
[18:02:56 INF] System.Net.Http.HttpClient.DeepSeek.LogicalHandler Start processing HTTP request POST https://api.deepseek.com/chat/completions
[18:02:56 INF] System.Net.Http.HttpClient.DeepSeek.ClientHandler Sending HTTP request POST https://api.deepseek.com/chat/completions
[18:02:56 INF] System.Net.Http.HttpClient.DeepSeek.LogicalHandler Start processing HTTP request POST https://api.deepseek.com/chat/completions
[18:02:56 INF] System.Net.Http.HttpClient.DeepSeek.ClientHandler Sending HTTP request POST https://api.deepseek.com/chat/completions
[18:02:56 INF] System.Net.Http.HttpClient.DeepSeek.ClientHandler Received HTTP response headers after 272.8965ms - 200
[18:02:56 INF] System.Net.Http.HttpClient.DeepSeek.LogicalHandler End processing HTTP request after 274.0431ms - 200
[18:02:56 INF] System.Net.Http.HttpClient.DeepSeek.LogicalHandler Start processing HTTP request POST https://api.deepseek.com/chat/completions
[18:02:56 INF] System.Net.Http.HttpClient.DeepSeek.ClientHandler Sending HTTP request POST https://api.deepseek.com/chat/completions
[18:02:56 INF] System.Net.Http.HttpClient.DeepSeek.ClientHandler Received HTTP response headers after 290.7865ms - 200
[18:02:56 INF] System.Net.Http.HttpClient.DeepSeek.LogicalHandler End processing HTTP request after 291.1448ms - 200
[18:02:56 INF] System.Net.Http.HttpClient.DeepSeek.ClientHandler Received HTTP response headers after 283.9122ms - 200
[18:02:56 INF] System.Net.Http.HttpClient.DeepSeek.LogicalHandler End processing HTTP request after 284.5478ms - 200
[18:02:56 INF] System.Net.Http.HttpClient.DeepSeek.ClientHandler Received HTTP response headers after 291.5012ms - 200
[18:02:56 INF] System.Net.Http.HttpClient.DeepSeek.LogicalHandler End processing HTTP request after 294.1376ms - 200
[18:02:56 INF] System.Net.Http.HttpClient.DeepSeek.LogicalHandler Start processing HTTP request POST https://api.deepseek.com/chat/completions
[18:02:56 INF] System.Net.Http.HttpClient.DeepSeek.ClientHandler Sending HTTP request POST https://api.deepseek.com/chat/completions
[18:02:56 INF] System.Net.Http.HttpClient.DeepSeek.ClientHandler Received HTTP response headers after 286.9549ms - 200
[18:02:56 INF] System.Net.Http.HttpClient.DeepSeek.LogicalHandler End processing HTTP request after 326.5ms - 200
[18:02:57 INF] System.Net.Http.HttpClient.DeepSeek.ClientHandler Received HTTP response headers after 281.3431ms - 200
[18:02:57 INF] System.Net.Http.HttpClient.DeepSeek.LogicalHandler End processing HTTP request after 281.8209ms - 200
[18:02:57 INF] System.Net.Http.HttpClient.DeepSeek.LogicalHandler Start processing HTTP request POST https://api.deepseek.com/chat/completions
[18:02:57 INF] System.Net.Http.HttpClient.DeepSeek.ClientHandler Sending HTTP request POST https://api.deepseek.com/chat/completions
[18:02:57 INF] System.Net.Http.HttpClient.DeepSeek.LogicalHandler Start processing HTTP request POST https://api.deepseek.com/chat/completions
[18:02:57 INF] System.Net.Http.HttpClient.DeepSeek.ClientHandler Sending HTTP request POST https://api.deepseek.com/chat/completions
[18:02:57 INF] System.Net.Http.HttpClient.DeepSeek.ClientHandler Received HTTP response headers after 286.0655ms - 200
[18:02:57 INF] System.Net.Http.HttpClient.DeepSeek.LogicalHandler End processing HTTP request after 286.6322ms - 200
[18:02:57 INF] System.Net.Http.HttpClient.DeepSeek.LogicalHandler Start processing HTTP request POST https://api.deepseek.com/chat/completions
[18:02:57 INF] System.Net.Http.HttpClient.DeepSeek.ClientHandler Sending HTTP request POST https://api.deepseek.com/chat/completions
[18:02:57 INF] System.Net.Http.HttpClient.DeepSeek.ClientHandler Received HTTP response headers after 278.8556ms - 200
[18:02:57 INF] System.Net.Http.HttpClient.DeepSeek.LogicalHandler End processing HTTP request after 279.2973ms - 200
[18:02:57 INF] System.Net.Http.HttpClient.DeepSeek.LogicalHandler Start processing HTTP request POST https://api.deepseek.com/chat/completions
[18:02:57 INF] System.Net.Http.HttpClient.DeepSeek.ClientHandler Sending HTTP request POST https://api.deepseek.com/chat/completions
[18:02:57 INF] System.Net.Http.HttpClient.DeepSeek.LogicalHandler Start processing HTTP request POST https://api.deepseek.com/chat/completions
[18:02:57 INF] System.Net.Http.HttpClient.DeepSeek.ClientHandler Sending HTTP request POST https://api.deepseek.com/chat/completions
[18:02:57 INF] System.Net.Http.HttpClient.DeepSeek.ClientHandler Received HTTP response headers after 284.7557ms - 200
[18:02:57 INF] System.Net.Http.HttpClient.DeepSeek.LogicalHandler End processing HTTP request after 285.2146ms - 200
[18:02:58 INF] System.Net.Http.HttpClient.DeepSeek.ClientHandler Received HTTP response headers after 297.8395ms - 200
[18:02:58 INF] System.Net.Http.HttpClient.DeepSeek.LogicalHandler End processing HTTP request after 298.3847ms - 200
[18:02:58 INF] System.Net.Http.HttpClient.DeepSeek.LogicalHandler Start processing HTTP request POST https://api.deepseek.com/chat/completions
[18:02:58 INF] System.Net.Http.HttpClient.DeepSeek.ClientHandler Sending HTTP request POST https://api.deepseek.com/chat/completions
[18:02:58 INF] System.Net.Http.HttpClient.DeepSeek.LogicalHandler Start processing HTTP request POST https://api.deepseek.com/chat/completions
[18:02:58 INF] System.Net.Http.HttpClient.DeepSeek.ClientHandler Sending HTTP request POST https://api.deepseek.com/chat/completions
[18:02:58 INF] System.Net.Http.HttpClient.DeepSeek.ClientHandler Received HTTP response headers after 278.321ms - 200
[18:02:58 INF] System.Net.Http.HttpClient.DeepSeek.LogicalHandler End processing HTTP request after 279.067ms - 200
[18:02:58 INF] System.Net.Http.HttpClient.DeepSeek.LogicalHandler Start processing HTTP request POST https://api.deepseek.com/chat/completions
[18:02:58 INF] System.Net.Http.HttpClient.DeepSeek.ClientHandler Sending HTTP request POST https://api.deepseek.com/chat/completions
[18:02:58 INF] System.Net.Http.HttpClient.DeepSeek.LogicalHandler Start processing HTTP request POST https://api.deepseek.com/chat/completions
[18:02:58 INF] System.Net.Http.HttpClient.DeepSeek.ClientHandler Sending HTTP request POST https://api.deepseek.com/chat/completions
[18:02:58 INF] System.Net.Http.HttpClient.DeepSeek.LogicalHandler Start processing HTTP request POST https://api.deepseek.com/chat/completions
[18:02:58 INF] System.Net.Http.HttpClient.DeepSeek.ClientHandler Sending HTTP request POST https://api.deepseek.com/chat/completions
[18:02:58 INF] System.Net.Http.HttpClient.DeepSeek.ClientHandler Received HTTP response headers after 277.7277ms - 200
[18:02:58 INF] System.Net.Http.HttpClient.DeepSeek.LogicalHandler End processing HTTP request after 278.0611ms - 200
[18:02:58 INF] System.Net.Http.HttpClient.DeepSeek.ClientHandler Received HTTP response headers after 278.1574ms - 200
[18:02:58 INF] System.Net.Http.HttpClient.DeepSeek.LogicalHandler End processing HTTP request after 278.5603ms - 200
[18:02:58 INF] System.Net.Http.HttpClient.DeepSeek.ClientHandler Received HTTP response headers after 281.951ms - 200
[18:02:58 INF] System.Net.Http.HttpClient.DeepSeek.LogicalHandler End processing HTTP request after 282.4612ms - 200
[18:02:58 INF] System.Net.Http.HttpClient.DeepSeek.ClientHandler Received HTTP response headers after 291.9535ms - 200
[18:02:58 INF] System.Net.Http.HttpClient.DeepSeek.LogicalHandler End processing HTTP request after 292.4972ms - 200
[18:02:58 INF] System.Net.Http.HttpClient.DeepSeek.LogicalHandler Start processing HTTP request POST https://api.deepseek.com/chat/completions
[18:02:58 INF] System.Net.Http.HttpClient.DeepSeek.ClientHandler Sending HTTP request POST https://api.deepseek.com/chat/completions
[18:02:58 INF] System.Net.Http.HttpClient.DeepSeek.ClientHandler Received HTTP response headers after 274.2328ms - 200
[18:02:58 INF] System.Net.Http.HttpClient.DeepSeek.LogicalHandler End processing HTTP request after 274.8282ms - 200
[18:02:58 INF] System.Net.Http.HttpClient.DeepSeek.LogicalHandler Start processing HTTP request POST https://api.deepseek.com/chat/completions
[18:02:58 INF] System.Net.Http.HttpClient.DeepSeek.ClientHandler Sending HTTP request POST https://api.deepseek.com/chat/completions
[18:02:58 INF] System.Net.Http.HttpClient.DeepSeek.LogicalHandler Start processing HTTP request POST https://api.deepseek.com/chat/completions
[18:02:58 INF] System.Net.Http.HttpClient.DeepSeek.ClientHandler Sending HTTP request POST https://api.deepseek.com/chat/completions
[18:02:58 INF] System.Net.Http.HttpClient.DeepSeek.ClientHandler Received HTTP response headers after 274.4504ms - 200
[18:02:58 INF] System.Net.Http.HttpClient.DeepSeek.LogicalHandler End processing HTTP request after 275.1237ms - 200
[18:02:58 INF] System.Net.Http.HttpClient.DeepSeek.ClientHandler Received HTTP response headers after 269.865ms - 200
[18:02:58 INF] System.Net.Http.HttpClient.DeepSeek.LogicalHandler End processing HTTP request after 270.4704ms - 200
[18:02:58 INF] System.Net.Http.HttpClient.DeepSeek.ClientHandler Received HTTP response headers after 279.7271ms - 200
[18:02:58 INF] System.Net.Http.HttpClient.DeepSeek.LogicalHandler End processing HTTP request after 280.289ms - 200
[18:02:59 INF] System.Net.Http.HttpClient.DeepSeek.LogicalHandler Start processing HTTP request POST https://api.deepseek.com/chat/completions
[18:02:59 INF] System.Net.Http.HttpClient.DeepSeek.ClientHandler Sending HTTP request POST https://api.deepseek.com/chat/completions
[18:02:59 INF] System.Net.Http.HttpClient.DeepSeek.ClientHandler Received HTTP response headers after 292.4665ms - 200
[18:02:59 INF] System.Net.Http.HttpClient.DeepSeek.LogicalHandler End processing HTTP request after 293.1981ms - 200
[18:02:59 INF] System.Net.Http.HttpClient.DeepSeek.LogicalHandler Start processing HTTP request POST https://api.deepseek.com/chat/completions
[18:02:59 INF] System.Net.Http.HttpClient.DeepSeek.ClientHandler Sending HTTP request POST https://api.deepseek.com/chat/completions
[18:02:59 INF] System.Net.Http.HttpClient.DeepSeek.LogicalHandler Start processing HTTP request POST https://api.deepseek.com/chat/completions
[18:02:59 INF] System.Net.Http.HttpClient.DeepSeek.ClientHandler Sending HTTP request POST https://api.deepseek.com/chat/completions
[18:02:59 INF] System.Net.Http.HttpClient.DeepSeek.LogicalHandler Start processing HTTP request POST https://api.deepseek.com/chat/completions
[18:02:59 INF] System.Net.Http.HttpClient.DeepSeek.ClientHandler Sending HTTP request POST https://api.deepseek.com/chat/completions
[18:02:59 INF] System.Net.Http.HttpClient.DeepSeek.LogicalHandler Start processing HTTP request POST https://api.deepseek.com/chat/completions
[18:02:59 INF] System.Net.Http.HttpClient.DeepSeek.ClientHandler Sending HTTP request POST https://api.deepseek.com/chat/completions
[18:02:59 INF] System.Net.Http.HttpClient.DeepSeek.LogicalHandler Start processing HTTP request POST https://api.deepseek.com/chat/completions
[18:02:59 INF] System.Net.Http.HttpClient.DeepSeek.ClientHandler Sending HTTP request POST https://api.deepseek.com/chat/completions
[18:02:59 INF] System.Net.Http.HttpClient.DeepSeek.LogicalHandler Start processing HTTP request POST https://api.deepseek.com/chat/completions
[18:02:59 INF] System.Net.Http.HttpClient.DeepSeek.ClientHandler Sending HTTP request POST https://api.deepseek.com/chat/completions
[18:02:59 INF] System.Net.Http.HttpClient.DeepSeek.ClientHandler Received HTTP response headers after 278.0654ms - 200
[18:02:59 INF] System.Net.Http.HttpClient.DeepSeek.LogicalHandler End processing HTTP request after 278.9244ms - 200
[18:02:59 INF] System.Net.Http.HttpClient.DeepSeek.LogicalHandler Start processing HTTP request POST https://api.deepseek.com/chat/completions
[18:02:59 INF] System.Net.Http.HttpClient.DeepSeek.ClientHandler Sending HTTP request POST https://api.deepseek.com/chat/completions
[18:02:59 INF] System.Net.Http.HttpClient.DeepSeek.ClientHandler Received HTTP response headers after 290.1903ms - 200
[18:02:59 INF] System.Net.Http.HttpClient.DeepSeek.LogicalHandler End processing HTTP request after 290.8666ms - 200
[18:02:59 INF] System.Net.Http.HttpClient.DeepSeek.ClientHandler Received HTTP response headers after 283.4122ms - 200
[18:02:59 INF] System.Net.Http.HttpClient.DeepSeek.LogicalHandler End processing HTTP request after 284.0269ms - 200
[18:02:59 INF] System.Net.Http.HttpClient.DeepSeek.ClientHandler Received HTTP response headers after 280.4727ms - 200
[18:02:59 INF] System.Net.Http.HttpClient.DeepSeek.LogicalHandler End processing HTTP request after 281.4096ms - 200
[18:02:59 INF] System.Net.Http.HttpClient.DeepSeek.ClientHandler Received HTTP response headers after 282.3021ms - 200
[18:02:59 INF] System.Net.Http.HttpClient.DeepSeek.LogicalHandler End processing HTTP request after 283.236ms - 200
[18:03:00 INF] System.Net.Http.HttpClient.DeepSeek.ClientHandler Received HTTP response headers after 305.5982ms - 200
[18:03:00 INF] System.Net.Http.HttpClient.DeepSeek.LogicalHandler End processing HTTP request after 306.2846ms - 200
[18:03:00 INF] System.Net.Http.HttpClient.DeepSeek.LogicalHandler Start processing HTTP request POST https://api.deepseek.com/chat/completions
[18:03:00 INF] System.Net.Http.HttpClient.DeepSeek.ClientHandler Sending HTTP request POST https://api.deepseek.com/chat/completions
[18:03:00 INF] System.Net.Http.HttpClient.DeepSeek.ClientHandler Received HTTP response headers after 285.7962ms - 200
[18:03:00 INF] System.Net.Http.HttpClient.DeepSeek.LogicalHandler End processing HTTP request after 286.2245ms - 200
[18:03:00 INF] System.Net.Http.HttpClient.DeepSeek.LogicalHandler Start processing HTTP request POST https://api.deepseek.com/chat/completions
[18:03:00 INF] System.Net.Http.HttpClient.DeepSeek.ClientHandler Sending HTTP request POST https://api.deepseek.com/chat/completions
[18:03:00 INF] System.Net.Http.HttpClient.DeepSeek.ClientHandler Received HTTP response headers after 279.12ms - 200
[18:03:00 INF] System.Net.Http.HttpClient.DeepSeek.LogicalHandler End processing HTTP request after 279.539ms - 200
[18:03:00 INF] System.Net.Http.HttpClient.DeepSeek.ClientHandler Received HTTP response headers after 269.36ms - 200
[18:03:00 INF] System.Net.Http.HttpClient.DeepSeek.LogicalHandler End processing HTTP request after 269.8447ms - 200
[18:03:00 INF] System.Net.Http.HttpClient.DeepSeek.LogicalHandler Start processing HTTP request POST https://api.deepseek.com/chat/completions
[18:03:00 INF] System.Net.Http.HttpClient.DeepSeek.ClientHandler Sending HTTP request POST https://api.deepseek.com/chat/completions
[18:03:00 INF] System.Net.Http.HttpClient.DeepSeek.LogicalHandler Start processing HTTP request POST https://api.deepseek.com/chat/completions
[18:03:00 INF] System.Net.Http.HttpClient.DeepSeek.ClientHandler Sending HTTP request POST https://api.deepseek.com/chat/completions
[18:03:00 INF] System.Net.Http.HttpClient.DeepSeek.LogicalHandler Start processing HTTP request POST https://api.deepseek.com/chat/completions
[18:03:00 INF] System.Net.Http.HttpClient.DeepSeek.ClientHandler Sending HTTP request POST https://api.deepseek.com/chat/completions
[18:03:00 INF] System.Net.Http.HttpClient.DeepSeek.ClientHandler Received HTTP response headers after 290.8573ms - 200
[18:03:00 INF] System.Net.Http.HttpClient.DeepSeek.LogicalHandler End processing HTTP request after 292.0843ms - 200
[18:03:00 INF] System.Net.Http.HttpClient.DeepSeek.LogicalHandler Start processing HTTP request POST https://api.deepseek.com/chat/completions
[18:03:00 INF] System.Net.Http.HttpClient.DeepSeek.ClientHandler Sending HTTP request POST https://api.deepseek.com/chat/completions
[18:03:00 INF] System.Net.Http.HttpClient.DeepSeek.ClientHandler Received HTTP response headers after 284.412ms - 200
[18:03:00 INF] System.Net.Http.HttpClient.DeepSeek.LogicalHandler End processing HTTP request after 285.2202ms - 200
[18:03:00 INF] System.Net.Http.HttpClient.DeepSeek.ClientHandler Received HTTP response headers after 288.9287ms - 200
[18:03:00 INF] System.Net.Http.HttpClient.DeepSeek.LogicalHandler End processing HTTP request after 289.391ms - 200
[18:03:01 INF] System.Net.Http.HttpClient.DeepSeek.LogicalHandler Start processing HTTP request POST https://api.deepseek.com/chat/completions
[18:03:01 INF] System.Net.Http.HttpClient.DeepSeek.ClientHandler Sending HTTP request POST https://api.deepseek.com/chat/completions
[18:03:01 INF] System.Net.Http.HttpClient.DeepSeek.LogicalHandler Start processing HTTP request POST https://api.deepseek.com/chat/completions
[18:03:01 INF] System.Net.Http.HttpClient.DeepSeek.ClientHandler Sending HTTP request POST https://api.deepseek.com/chat/completions
[18:03:01 INF] System.Net.Http.HttpClient.DeepSeek.ClientHandler Received HTTP response headers after 287.3468ms - 200
[18:03:01 INF] System.Net.Http.HttpClient.DeepSeek.LogicalHandler End processing HTTP request after 287.7402ms - 200
[18:03:01 INF] System.Net.Http.HttpClient.DeepSeek.LogicalHandler Start processing HTTP request POST https://api.deepseek.com/chat/completions
[18:03:01 INF] System.Net.Http.HttpClient.DeepSeek.ClientHandler Sending HTTP request POST https://api.deepseek.com/chat/completions
[18:03:01 INF] System.Net.Http.HttpClient.DeepSeek.ClientHandler Received HTTP response headers after 289.0116ms - 200
[18:03:01 INF] System.Net.Http.HttpClient.DeepSeek.LogicalHandler End processing HTTP request after 289.4025ms - 200
[18:03:01 INF] System.Net.Http.HttpClient.DeepSeek.LogicalHandler Start processing HTTP request POST https://api.deepseek.com/chat/completions
[18:03:01 INF] System.Net.Http.HttpClient.DeepSeek.ClientHandler Sending HTTP request POST https://api.deepseek.com/chat/completions
[18:03:01 INF] System.Net.Http.HttpClient.DeepSeek.ClientHandler Received HTTP response headers after 282.0662ms - 200
[18:03:01 INF] System.Net.Http.HttpClient.DeepSeek.LogicalHandler End processing HTTP request after 282.6848ms - 200
[18:03:01 INF] System.Net.Http.HttpClient.DeepSeek.LogicalHandler Start processing HTTP request POST https://api.deepseek.com/chat/completions
[18:03:01 INF] System.Net.Http.HttpClient.DeepSeek.ClientHandler Sending HTTP request POST https://api.deepseek.com/chat/completions
[18:03:01 INF] System.Net.Http.HttpClient.DeepSeek.LogicalHandler Start processing HTTP request POST https://api.deepseek.com/chat/completions
[18:03:01 INF] System.Net.Http.HttpClient.DeepSeek.ClientHandler Sending HTTP request POST https://api.deepseek.com/chat/completions
[18:03:01 INF] System.Net.Http.HttpClient.DeepSeek.ClientHandler Received HTTP response headers after 298.6577ms - 200
[18:03:01 INF] System.Net.Http.HttpClient.DeepSeek.LogicalHandler End processing HTTP request after 298.9879ms - 200
[18:03:01 INF] System.Net.Http.HttpClient.DeepSeek.ClientHandler Received HTTP response headers after 283.6609ms - 200
[18:03:01 INF] System.Net.Http.HttpClient.DeepSeek.LogicalHandler End processing HTTP request after 284.1696ms - 200
[18:03:01 INF] System.Net.Http.HttpClient.DeepSeek.ClientHandler Received HTTP response headers after 294.3232ms - 200
[18:03:01 INF] System.Net.Http.HttpClient.DeepSeek.LogicalHandler End processing HTTP request after 294.658ms - 200
[18:03:01 INF] System.Net.Http.HttpClient.DeepSeek.ClientHandler Received HTTP response headers after 279.3843ms - 200
[18:03:01 INF] System.Net.Http.HttpClient.DeepSeek.LogicalHandler End processing HTTP request after 280.0108ms - 200
[18:03:01 INF] System.Net.Http.HttpClient.DeepSeek.LogicalHandler Start processing HTTP request POST https://api.deepseek.com/chat/completions
[18:03:01 INF] System.Net.Http.HttpClient.DeepSeek.ClientHandler Sending HTTP request POST https://api.deepseek.com/chat/completions
[18:03:01 INF] System.Net.Http.HttpClient.DeepSeek.LogicalHandler Start processing HTTP request POST https://api.deepseek.com/chat/completions
[18:03:01 INF] System.Net.Http.HttpClient.DeepSeek.ClientHandler Sending HTTP request POST https://api.deepseek.com/chat/completions
[18:03:02 INF] System.Net.Http.HttpClient.DeepSeek.LogicalHandler Start processing HTTP request POST https://api.deepseek.com/chat/completions
[18:03:02 INF] System.Net.Http.HttpClient.DeepSeek.ClientHandler Sending HTTP request POST https://api.deepseek.com/chat/completions
[18:03:02 INF] System.Net.Http.HttpClient.DeepSeek.ClientHandler Received HTTP response headers after 274.8493ms - 200
[18:03:02 INF] System.Net.Http.HttpClient.DeepSeek.LogicalHandler End processing HTTP request after 275.597ms - 200
[18:03:02 INF] System.Net.Http.HttpClient.DeepSeek.LogicalHandler Start processing HTTP request POST https://api.deepseek.com/chat/completions
[18:03:02 INF] System.Net.Http.HttpClient.DeepSeek.ClientHandler Sending HTTP request POST https://api.deepseek.com/chat/completions
[18:03:02 INF] System.Net.Http.HttpClient.DeepSeek.LogicalHandler Start processing HTTP request POST https://api.deepseek.com/chat/completions
[18:03:02 INF] System.Net.Http.HttpClient.DeepSeek.ClientHandler Sending HTTP request POST https://api.deepseek.com/chat/completions
[18:03:02 INF] System.Net.Http.HttpClient.DeepSeek.LogicalHandler Start processing HTTP request POST https://api.deepseek.com/chat/completions
[18:03:02 INF] System.Net.Http.HttpClient.DeepSeek.ClientHandler Sending HTTP request POST https://api.deepseek.com/chat/completions
[18:03:02 INF] System.Net.Http.HttpClient.DeepSeek.ClientHandler Received HTTP response headers after 276.3912ms - 200
[18:03:02 INF] System.Net.Http.HttpClient.DeepSeek.LogicalHandler End processing HTTP request after 276.8107ms - 200
[18:03:02 INF] System.Net.Http.HttpClient.DeepSeek.ClientHandler Received HTTP response headers after 279.4397ms - 200
[18:03:02 INF] System.Net.Http.HttpClient.DeepSeek.LogicalHandler End processing HTTP request after 279.8741ms - 200
[18:03:02 INF] System.Net.Http.HttpClient.DeepSeek.ClientHandler Received HTTP response headers after 283.9263ms - 200
[18:03:02 INF] System.Net.Http.HttpClient.DeepSeek.LogicalHandler End processing HTTP request after 284.532ms - 200
[18:03:02 INF] System.Net.Http.HttpClient.DeepSeek.ClientHandler Received HTTP response headers after 277.4778ms - 200
[18:03:02 INF] System.Net.Http.HttpClient.DeepSeek.LogicalHandler End processing HTTP request after 277.9916ms - 200
[18:03:02 INF] System.Net.Http.HttpClient.DeepSeek.LogicalHandler Start processing HTTP request POST https://api.deepseek.com/chat/completions
[18:03:02 INF] System.Net.Http.HttpClient.DeepSeek.ClientHandler Sending HTTP request POST https://api.deepseek.com/chat/completions
[18:03:02 INF] System.Net.Http.HttpClient.DeepSeek.ClientHandler Received HTTP response headers after 285.1932ms - 200
[18:03:02 INF] System.Net.Http.HttpClient.DeepSeek.LogicalHandler End processing HTTP request after 285.6589ms - 200
[18:03:02 INF] System.Net.Http.HttpClient.DeepSeek.LogicalHandler Start processing HTTP request POST https://api.deepseek.com/chat/completions
[18:03:02 INF] System.Net.Http.HttpClient.DeepSeek.ClientHandler Sending HTTP request POST https://api.deepseek.com/chat/completions
[18:03:02 INF] System.Net.Http.HttpClient.DeepSeek.LogicalHandler Start processing HTTP request POST https://api.deepseek.com/chat/completions
[18:03:02 INF] System.Net.Http.HttpClient.DeepSeek.ClientHandler Sending HTTP request POST https://api.deepseek.com/chat/completions
[18:03:02 INF] System.Net.Http.HttpClient.DeepSeek.LogicalHandler Start processing HTTP request POST https://api.deepseek.com/chat/completions
[18:03:02 INF] System.Net.Http.HttpClient.DeepSeek.ClientHandler Sending HTTP request POST https://api.deepseek.com/chat/completions
[18:03:02 INF] System.Net.Http.HttpClient.DeepSeek.ClientHandler Received HTTP response headers after 284.4925ms - 200
[18:03:02 INF] System.Net.Http.HttpClient.DeepSeek.LogicalHandler End processing HTTP request after 284.7997ms - 200
[18:03:02 INF] System.Net.Http.HttpClient.DeepSeek.ClientHandler Received HTTP response headers after 282.0777ms - 200
[18:03:02 INF] System.Net.Http.HttpClient.DeepSeek.LogicalHandler End processing HTTP request after 282.5996ms - 200
[18:03:02 INF] System.Net.Http.HttpClient.DeepSeek.LogicalHandler Start processing HTTP request POST https://api.deepseek.com/chat/completions
[18:03:02 INF] System.Net.Http.HttpClient.DeepSeek.ClientHandler Sending HTTP request POST https://api.deepseek.com/chat/completions
[18:03:02 INF] System.Net.Http.HttpClient.DeepSeek.LogicalHandler Start processing HTTP request POST https://api.deepseek.com/chat/completions
[18:03:02 INF] System.Net.Http.HttpClient.DeepSeek.ClientHandler Sending HTTP request POST https://api.deepseek.com/chat/completions
[18:03:02 INF] System.Net.Http.HttpClient.DeepSeek.LogicalHandler Start processing HTTP request POST https://api.deepseek.com/chat/completions
[18:03:02 INF] System.Net.Http.HttpClient.DeepSeek.ClientHandler Sending HTTP request POST https://api.deepseek.com/chat/completions
[18:03:02 INF] System.Net.Http.HttpClient.DeepSeek.ClientHandler Received HTTP response headers after 271.4008ms - 200
[18:03:02 INF] System.Net.Http.HttpClient.DeepSeek.LogicalHandler End processing HTTP request after 271.828ms - 200
[18:03:02 INF] System.Net.Http.HttpClient.DeepSeek.ClientHandler Received HTTP response headers after 296.7427ms - 200
[18:03:02 INF] System.Net.Http.HttpClient.DeepSeek.LogicalHandler End processing HTTP request after 297.439ms - 200
[18:03:03 INF] System.Net.Http.HttpClient.DeepSeek.LogicalHandler Start processing HTTP request POST https://api.deepseek.com/chat/completions
[18:03:03 INF] System.Net.Http.HttpClient.DeepSeek.ClientHandler Sending HTTP request POST https://api.deepseek.com/chat/completions
[18:03:03 INF] System.Net.Http.HttpClient.DeepSeek.ClientHandler Received HTTP response headers after 276.4153ms - 200
[18:03:03 INF] System.Net.Http.HttpClient.DeepSeek.LogicalHandler End processing HTTP request after 276.9944ms - 200
[18:03:03 INF] System.Net.Http.HttpClient.DeepSeek.ClientHandler Received HTTP response headers after 283.6172ms - 200
[18:03:03 INF] System.Net.Http.HttpClient.DeepSeek.LogicalHandler End processing HTTP request after 284.2868ms - 200
[18:03:03 INF] System.Net.Http.HttpClient.DeepSeek.ClientHandler Received HTTP response headers after 276.7569ms - 200
[18:03:03 INF] System.Net.Http.HttpClient.DeepSeek.LogicalHandler End processing HTTP request after 277.35ms - 200
[18:03:03 INF] System.Net.Http.HttpClient.DeepSeek.LogicalHandler Start processing HTTP request POST https://api.deepseek.com/chat/completions
[18:03:03 INF] System.Net.Http.HttpClient.DeepSeek.ClientHandler Sending HTTP request POST https://api.deepseek.com/chat/completions
[18:03:03 INF] System.Net.Http.HttpClient.DeepSeek.ClientHandler Received HTTP response headers after 304.8857ms - 200
[18:03:03 INF] System.Net.Http.HttpClient.DeepSeek.LogicalHandler End processing HTTP request after 307.309ms - 200
[18:03:03 INF] System.Net.Http.HttpClient.DeepSeek.LogicalHandler Start processing HTTP request POST https://api.deepseek.com/chat/completions
[18:03:03 INF] System.Net.Http.HttpClient.DeepSeek.ClientHandler Sending HTTP request POST https://api.deepseek.com/chat/completions
[18:03:03 INF] System.Net.Http.HttpClient.DeepSeek.LogicalHandler Start processing HTTP request POST https://api.deepseek.com/chat/completions
[18:03:03 INF] System.Net.Http.HttpClient.DeepSeek.ClientHandler Sending HTTP request POST https://api.deepseek.com/chat/completions
[18:03:03 INF] System.Net.Http.HttpClient.DeepSeek.LogicalHandler Start processing HTTP request POST https://api.deepseek.com/chat/completions
[18:03:03 INF] System.Net.Http.HttpClient.DeepSeek.ClientHandler Sending HTTP request POST https://api.deepseek.com/chat/completions
[18:03:03 INF] System.Net.Http.HttpClient.DeepSeek.LogicalHandler Start processing HTTP request POST https://api.deepseek.com/chat/completions
[18:03:03 INF] System.Net.Http.HttpClient.DeepSeek.ClientHandler Sending HTTP request POST https://api.deepseek.com/chat/completions
[18:03:03 INF] System.Net.Http.HttpClient.DeepSeek.LogicalHandler Start processing HTTP request POST https://api.deepseek.com/chat/completions
[18:03:03 INF] System.Net.Http.HttpClient.DeepSeek.ClientHandler Sending HTTP request POST https://api.deepseek.com/chat/completions
[18:03:03 INF] System.Net.Http.HttpClient.DeepSeek.LogicalHandler Start processing HTTP request POST https://api.deepseek.com/chat/completions
[18:03:03 INF] System.Net.Http.HttpClient.DeepSeek.ClientHandler Sending HTTP request POST https://api.deepseek.com/chat/completions
[18:03:03 INF] System.Net.Http.HttpClient.DeepSeek.LogicalHandler Start processing HTTP request POST https://api.deepseek.com/chat/completions
[18:03:03 INF] System.Net.Http.HttpClient.DeepSeek.ClientHandler Sending HTTP request POST https://api.deepseek.com/chat/completions
[18:03:03 INF] System.Net.Http.HttpClient.DeepSeek.LogicalHandler Start processing HTTP request POST https://api.deepseek.com/chat/completions
[18:03:03 INF] System.Net.Http.HttpClient.DeepSeek.ClientHandler Sending HTTP request POST https://api.deepseek.com/chat/completions
[18:03:03 INF] System.Net.Http.HttpClient.DeepSeek.ClientHandler Received HTTP response headers after 282.2888ms - 200
[18:03:03 INF] System.Net.Http.HttpClient.DeepSeek.LogicalHandler End processing HTTP request after 282.6575ms - 200
[18:03:03 INF] System.Net.Http.HttpClient.DeepSeek.ClientHandler Received HTTP response headers after 281.7494ms - 200
[18:03:03 INF] System.Net.Http.HttpClient.DeepSeek.LogicalHandler End processing HTTP request after 282.0733ms - 200
[18:03:03 INF] System.Net.Http.HttpClient.DeepSeek.ClientHandler Received HTTP response headers after 294.5695ms - 200
[18:03:03 INF] System.Net.Http.HttpClient.DeepSeek.LogicalHandler End processing HTTP request after 294.8496ms - 200
[18:03:03 INF] System.Net.Http.HttpClient.DeepSeek.ClientHandler Received HTTP response headers after 272.9885ms - 200
[18:03:03 INF] System.Net.Http.HttpClient.DeepSeek.LogicalHandler End processing HTTP request after 273.2595ms - 200
[18:03:03 INF] System.Net.Http.HttpClient.DeepSeek.ClientHandler Received HTTP response headers after 284.0968ms - 200
[18:03:03 INF] System.Net.Http.HttpClient.DeepSeek.LogicalHandler End processing HTTP request after 284.3941ms - 200
[18:03:03 INF] System.Net.Http.HttpClient.DeepSeek.ClientHandler Received HTTP response headers after 287.1643ms - 200
[18:03:03 INF] System.Net.Http.HttpClient.DeepSeek.LogicalHandler End processing HTTP request after 287.5718ms - 200
[18:03:03 INF] System.Net.Http.HttpClient.DeepSeek.ClientHandler Received HTTP response headers after 279.7852ms - 200
[18:03:03 INF] System.Net.Http.HttpClient.DeepSeek.LogicalHandler End processing HTTP request after 280.4688ms - 200
[18:03:03 INF] System.Net.Http.HttpClient.DeepSeek.ClientHandler Received HTTP response headers after 283.7748ms - 200
[18:03:03 INF] System.Net.Http.HttpClient.DeepSeek.LogicalHandler End processing HTTP request after 284.0968ms - 200
[18:03:03 INF] System.Net.Http.HttpClient.DeepSeek.LogicalHandler Start processing HTTP request POST https://api.deepseek.com/chat/completions
[18:03:03 INF] System.Net.Http.HttpClient.DeepSeek.ClientHandler Sending HTTP request POST https://api.deepseek.com/chat/completions
[18:03:03 INF] System.Net.Http.HttpClient.DeepSeek.ClientHandler Received HTTP response headers after 285.5872ms - 200
[18:03:03 INF] System.Net.Http.HttpClient.DeepSeek.LogicalHandler End processing HTTP request after 285.9915ms - 200
[18:03:03 INF] System.Net.Http.HttpClient.DeepSeek.LogicalHandler Start processing HTTP request POST https://api.deepseek.com/chat/completions
[18:03:03 INF] System.Net.Http.HttpClient.DeepSeek.ClientHandler Sending HTTP request POST https://api.deepseek.com/chat/completions
[18:03:03 INF] System.Net.Http.HttpClient.DeepSeek.LogicalHandler Start processing HTTP request POST https://api.deepseek.com/chat/completions
[18:03:03 INF] System.Net.Http.HttpClient.DeepSeek.ClientHandler Sending HTTP request POST https://api.deepseek.com/chat/completions
[18:03:03 INF] System.Net.Http.HttpClient.DeepSeek.ClientHandler Received HTTP response headers after 282.1905ms - 200
[18:03:03 INF] System.Net.Http.HttpClient.DeepSeek.LogicalHandler End processing HTTP request after 282.5896ms - 200
[18:03:04 INF] System.Net.Http.HttpClient.DeepSeek.LogicalHandler Start processing HTTP request POST https://api.deepseek.com/chat/completions
[18:03:04 INF] System.Net.Http.HttpClient.DeepSeek.ClientHandler Sending HTTP request POST https://api.deepseek.com/chat/completions
[18:03:04 INF] System.Net.Http.HttpClient.DeepSeek.LogicalHandler Start processing HTTP request POST https://api.deepseek.com/chat/completions
[18:03:04 INF] System.Net.Http.HttpClient.DeepSeek.ClientHandler Sending HTTP request POST https://api.deepseek.com/chat/completions
[18:03:04 INF] System.Net.Http.HttpClient.DeepSeek.LogicalHandler Start processing HTTP request POST https://api.deepseek.com/chat/completions
[18:03:04 INF] System.Net.Http.HttpClient.DeepSeek.ClientHandler Sending HTTP request POST https://api.deepseek.com/chat/completions
[18:03:04 INF] System.Net.Http.HttpClient.DeepSeek.LogicalHandler Start processing HTTP request POST https://api.deepseek.com/chat/completions
[18:03:04 INF] System.Net.Http.HttpClient.DeepSeek.ClientHandler Sending HTTP request POST https://api.deepseek.com/chat/completions
[18:03:04 INF] System.Net.Http.HttpClient.DeepSeek.ClientHandler Received HTTP response headers after 283.5285ms - 200
[18:03:04 INF] System.Net.Http.HttpClient.DeepSeek.LogicalHandler End processing HTTP request after 284.0366ms - 200
[18:03:04 INF] System.Net.Http.HttpClient.DeepSeek.LogicalHandler Start processing HTTP request POST https://api.deepseek.com/chat/completions
[18:03:04 INF] System.Net.Http.HttpClient.DeepSeek.ClientHandler Sending HTTP request POST https://api.deepseek.com/chat/completions
[18:03:04 INF] System.Net.Http.HttpClient.DeepSeek.ClientHandler Received HTTP response headers after 298.1835ms - 200
[18:03:04 INF] System.Net.Http.HttpClient.DeepSeek.LogicalHandler End processing HTTP request after 298.7945ms - 200
[18:03:04 INF] System.Net.Http.HttpClient.DeepSeek.ClientHandler Received HTTP response headers after 281.3615ms - 200
[18:03:04 INF] System.Net.Http.HttpClient.DeepSeek.LogicalHandler End processing HTTP request after 281.7047ms - 200
[18:03:04 INF] System.Net.Http.HttpClient.DeepSeek.ClientHandler Received HTTP response headers after 299.6708ms - 200
[18:03:04 INF] System.Net.Http.HttpClient.DeepSeek.LogicalHandler End processing HTTP request after 299.9848ms - 200
[18:03:04 INF] System.Net.Http.HttpClient.DeepSeek.ClientHandler Received HTTP response headers after 279.4893ms - 200
[18:03:04 INF] System.Net.Http.HttpClient.DeepSeek.LogicalHandler End processing HTTP request after 279.7994ms - 200
[18:03:04 INF] System.Net.Http.HttpClient.DeepSeek.LogicalHandler Start processing HTTP request POST https://api.deepseek.com/chat/completions
[18:03:04 INF] System.Net.Http.HttpClient.DeepSeek.ClientHandler Sending HTTP request POST https://api.deepseek.com/chat/completions
[18:03:04 INF] System.Net.Http.HttpClient.DeepSeek.LogicalHandler Start processing HTTP request POST https://api.deepseek.com/chat/completions
[18:03:04 INF] System.Net.Http.HttpClient.DeepSeek.ClientHandler Sending HTTP request POST https://api.deepseek.com/chat/completions
[18:03:04 INF] System.Net.Http.HttpClient.DeepSeek.ClientHandler Received HTTP response headers after 285.012ms - 200
[18:03:04 INF] System.Net.Http.HttpClient.DeepSeek.LogicalHandler Start processing HTTP request POST https://api.deepseek.com/chat/completions
[18:03:04 INF] System.Net.Http.HttpClient.DeepSeek.LogicalHandler End processing HTTP request after 287.2411ms - 200
[18:03:04 INF] System.Net.Http.HttpClient.DeepSeek.ClientHandler Sending HTTP request POST https://api.deepseek.com/chat/completions
[18:03:04 INF] System.Net.Http.HttpClient.DeepSeek.ClientHandler Received HTTP response headers after 284.6925ms - 200
[18:03:04 INF] System.Net.Http.HttpClient.DeepSeek.LogicalHandler End processing HTTP request after 285.0527ms - 200
[18:03:04 INF] System.Net.Http.HttpClient.DeepSeek.LogicalHandler Start processing HTTP request POST https://api.deepseek.com/chat/completions
[18:03:04 INF] System.Net.Http.HttpClient.DeepSeek.ClientHandler Sending HTTP request POST https://api.deepseek.com/chat/completions
[18:03:04 INF] System.Net.Http.HttpClient.DeepSeek.ClientHandler Received HTTP response headers after 273.7086ms - 200
[18:03:04 INF] System.Net.Http.HttpClient.DeepSeek.LogicalHandler End processing HTTP request after 274.0434ms - 200
[18:03:04 INF] System.Net.Http.HttpClient.DeepSeek.ClientHandler Received HTTP response headers after 275.2995ms - 200
[18:03:04 INF] System.Net.Http.HttpClient.DeepSeek.LogicalHandler End processing HTTP request after 275.7609ms - 200
[18:03:04 INF] System.Net.Http.HttpClient.DeepSeek.LogicalHandler Start processing HTTP request POST https://api.deepseek.com/chat/completions
[18:03:04 INF] System.Net.Http.HttpClient.DeepSeek.ClientHandler Sending HTTP request POST https://api.deepseek.com/chat/completions
[18:03:04 INF] System.Net.Http.HttpClient.DeepSeek.ClientHandler Received HTTP response headers after 365.6304ms - 200
[18:03:04 INF] System.Net.Http.HttpClient.DeepSeek.LogicalHandler End processing HTTP request after 366.0164ms - 200
[18:03:04 INF] System.Net.Http.HttpClient.DeepSeek.LogicalHandler Start processing HTTP request POST https://api.deepseek.com/chat/completions
[18:03:04 INF] System.Net.Http.HttpClient.DeepSeek.ClientHandler Sending HTTP request POST https://api.deepseek.com/chat/completions
[18:03:04 INF] System.Net.Http.HttpClient.DeepSeek.ClientHandler Received HTTP response headers after 286.035ms - 200
[18:03:04 INF] System.Net.Http.HttpClient.DeepSeek.LogicalHandler End processing HTTP request after 286.5115ms - 200
[18:03:04 INF] System.Net.Http.HttpClient.DeepSeek.LogicalHandler Start processing HTTP request POST https://api.deepseek.com/chat/completions
[18:03:04 INF] System.Net.Http.HttpClient.DeepSeek.ClientHandler Sending HTTP request POST https://api.deepseek.com/chat/completions
[18:03:04 INF] System.Net.Http.HttpClient.DeepSeek.LogicalHandler Start processing HTTP request POST https://api.deepseek.com/chat/completions
[18:03:04 INF] System.Net.Http.HttpClient.DeepSeek.ClientHandler Sending HTTP request POST https://api.deepseek.com/chat/completions
[18:03:05 INF] System.Net.Http.HttpClient.DeepSeek.ClientHandler Received HTTP response headers after 295.0129ms - 200
[18:03:05 INF] System.Net.Http.HttpClient.DeepSeek.LogicalHandler End processing HTTP request after 295.9345ms - 200
[18:03:05 INF] System.Net.Http.HttpClient.DeepSeek.LogicalHandler Start processing HTTP request POST https://api.deepseek.com/chat/completions
[18:03:05 INF] System.Net.Http.HttpClient.DeepSeek.ClientHandler Sending HTTP request POST https://api.deepseek.com/chat/completions
[18:03:05 INF] System.Net.Http.HttpClient.DeepSeek.ClientHandler Received HTTP response headers after 322.1676ms - 200
[18:03:05 INF] System.Net.Http.HttpClient.DeepSeek.LogicalHandler End processing HTTP request after 322.7303ms - 200
[18:03:05 INF] System.Net.Http.HttpClient.DeepSeek.ClientHandler Received HTTP response headers after 278.6886ms - 200
[18:03:05 INF] System.Net.Http.HttpClient.DeepSeek.LogicalHandler End processing HTTP request after 279.126ms - 200
[18:03:05 INF] System.Net.Http.HttpClient.DeepSeek.ClientHandler Received HTTP response headers after 279.5228ms - 200
[18:03:05 INF] System.Net.Http.HttpClient.DeepSeek.LogicalHandler End processing HTTP request after 280.2391ms - 200
[18:03:05 INF] System.Net.Http.HttpClient.DeepSeek.LogicalHandler Start processing HTTP request POST https://api.deepseek.com/chat/completions
[18:03:05 INF] System.Net.Http.HttpClient.DeepSeek.ClientHandler Sending HTTP request POST https://api.deepseek.com/chat/completions
[18:03:05 INF] System.Net.Http.HttpClient.DeepSeek.ClientHandler Received HTTP response headers after 283.9437ms - 200
[18:03:05 INF] System.Net.Http.HttpClient.DeepSeek.LogicalHandler End processing HTTP request after 284.3307ms - 200
[18:03:05 INF] System.Net.Http.HttpClient.DeepSeek.LogicalHandler Start processing HTTP request POST https://api.deepseek.com/chat/completions
[18:03:05 INF] System.Net.Http.HttpClient.DeepSeek.ClientHandler Sending HTTP request POST https://api.deepseek.com/chat/completions
[18:03:05 INF] System.Net.Http.HttpClient.DeepSeek.ClientHandler Received HTTP response headers after 295.1539ms - 200
[18:03:05 INF] System.Net.Http.HttpClient.DeepSeek.LogicalHandler End processing HTTP request after 295.4389ms - 200
[18:03:05 INF] System.Net.Http.HttpClient.DeepSeek.LogicalHandler Start processing HTTP request POST https://api.deepseek.com/chat/completions
[18:03:05 INF] System.Net.Http.HttpClient.DeepSeek.ClientHandler Sending HTTP request POST https://api.deepseek.com/chat/completions
[18:03:05 INF] System.Net.Http.HttpClient.DeepSeek.LogicalHandler Start processing HTTP request POST https://api.deepseek.com/chat/completions
[18:03:05 INF] System.Net.Http.HttpClient.DeepSeek.ClientHandler Sending HTTP request POST https://api.deepseek.com/chat/completions
[18:03:05 INF] System.Net.Http.HttpClient.DeepSeek.ClientHandler Received HTTP response headers after 351.5471ms - 200
[18:03:05 INF] System.Net.Http.HttpClient.DeepSeek.LogicalHandler End processing HTTP request after 352.0046ms - 200
[18:03:05 INF] System.Net.Http.HttpClient.DeepSeek.ClientHandler Received HTTP response headers after 294.9053ms - 200
[18:03:05 INF] System.Net.Http.HttpClient.DeepSeek.LogicalHandler End processing HTTP request after 295.6923ms - 200
[18:03:06 INF] System.Net.Http.HttpClient.DeepSeek.LogicalHandler Start processing HTTP request POST https://api.deepseek.com/chat/completions
[18:03:06 INF] System.Net.Http.HttpClient.DeepSeek.ClientHandler Sending HTTP request POST https://api.deepseek.com/chat/completions
[18:03:06 INF] System.Net.Http.HttpClient.DeepSeek.ClientHandler Received HTTP response headers after 299.5159ms - 200
[18:03:06 INF] System.Net.Http.HttpClient.DeepSeek.LogicalHandler End processing HTTP request after 300.2808ms - 200
[18:03:06 INF] System.Net.Http.HttpClient.DeepSeek.LogicalHandler Start processing HTTP request POST https://api.deepseek.com/chat/completions
[18:03:06 INF] System.Net.Http.HttpClient.DeepSeek.ClientHandler Sending HTTP request POST https://api.deepseek.com/chat/completions
[18:03:06 INF] System.Net.Http.HttpClient.DeepSeek.LogicalHandler Start processing HTTP request POST https://api.deepseek.com/chat/completions
[18:03:06 INF] System.Net.Http.HttpClient.DeepSeek.ClientHandler Sending HTTP request POST https://api.deepseek.com/chat/completions
[18:03:06 INF] System.Net.Http.HttpClient.DeepSeek.LogicalHandler Start processing HTTP request POST https://api.deepseek.com/chat/completions
[18:03:06 INF] System.Net.Http.HttpClient.DeepSeek.ClientHandler Sending HTTP request POST https://api.deepseek.com/chat/completions
[18:03:06 INF] System.Net.Http.HttpClient.DeepSeek.ClientHandler Received HTTP response headers after 283.3214ms - 200
[18:03:06 INF] System.Net.Http.HttpClient.DeepSeek.LogicalHandler End processing HTTP request after 283.7989ms - 200
[18:03:06 INF] System.Net.Http.HttpClient.DeepSeek.LogicalHandler Start processing HTTP request POST https://api.deepseek.com/chat/completions
[18:03:06 INF] System.Net.Http.HttpClient.DeepSeek.ClientHandler Sending HTTP request POST https://api.deepseek.com/chat/completions
[18:03:06 INF] System.Net.Http.HttpClient.DeepSeek.LogicalHandler Start processing HTTP request POST https://api.deepseek.com/chat/completions
[18:03:06 INF] System.Net.Http.HttpClient.DeepSeek.ClientHandler Sending HTTP request POST https://api.deepseek.com/chat/completions
[18:03:06 INF] System.Net.Http.HttpClient.DeepSeek.LogicalHandler Start processing HTTP request POST https://api.deepseek.com/chat/completions
[18:03:06 INF] System.Net.Http.HttpClient.DeepSeek.ClientHandler Sending HTTP request POST https://api.deepseek.com/chat/completions
[18:03:06 INF] System.Net.Http.HttpClient.DeepSeek.LogicalHandler Start processing HTTP request POST https://api.deepseek.com/chat/completions
[18:03:06 INF] System.Net.Http.HttpClient.DeepSeek.ClientHandler Sending HTTP request POST https://api.deepseek.com/chat/completions
[18:03:06 INF] System.Net.Http.HttpClient.DeepSeek.LogicalHandler Start processing HTTP request POST https://api.deepseek.com/chat/completions
[18:03:06 INF] System.Net.Http.HttpClient.DeepSeek.ClientHandler Sending HTTP request POST https://api.deepseek.com/chat/completions
[18:03:06 INF] System.Net.Http.HttpClient.DeepSeek.LogicalHandler Start processing HTTP request POST https://api.deepseek.com/chat/completions
[18:03:06 INF] System.Net.Http.HttpClient.DeepSeek.ClientHandler Sending HTTP request POST https://api.deepseek.com/chat/completions
[18:03:06 INF] System.Net.Http.HttpClient.DeepSeek.ClientHandler Received HTTP response headers after 278.7959ms - 200
[18:03:06 INF] System.Net.Http.HttpClient.DeepSeek.LogicalHandler End processing HTTP request after 279.3335ms - 200
[18:03:06 INF] System.Net.Http.HttpClient.DeepSeek.ClientHandler Received HTTP response headers after 279.9404ms - 200
[18:03:06 INF] System.Net.Http.HttpClient.DeepSeek.LogicalHandler End processing HTTP request after 280.2721ms - 200
[18:03:06 INF] System.Net.Http.HttpClient.DeepSeek.LogicalHandler Start processing HTTP request POST https://api.deepseek.com/chat/completions
[18:03:06 INF] System.Net.Http.HttpClient.DeepSeek.ClientHandler Sending HTTP request POST https://api.deepseek.com/chat/completions
[18:03:06 INF] System.Net.Http.HttpClient.DeepSeek.LogicalHandler Start processing HTTP request POST https://api.deepseek.com/chat/completions
[18:03:06 INF] System.Net.Http.HttpClient.DeepSeek.ClientHandler Sending HTTP request POST https://api.deepseek.com/chat/completions
[18:03:06 INF] System.Net.Http.HttpClient.DeepSeek.LogicalHandler Start processing HTTP request POST https://api.deepseek.com/chat/completions
[18:03:06 INF] System.Net.Http.HttpClient.DeepSeek.ClientHandler Sending HTTP request POST https://api.deepseek.com/chat/completions
[18:03:06 INF] System.Net.Http.HttpClient.DeepSeek.ClientHandler Received HTTP response headers after 370.3147ms - 200
[18:03:06 INF] System.Net.Http.HttpClient.DeepSeek.LogicalHandler End processing HTTP request after 370.5924ms - 200
[18:03:06 INF] System.Net.Http.HttpClient.DeepSeek.ClientHandler Received HTTP response headers after 289.7747ms - 200
[18:03:06 INF] System.Net.Http.HttpClient.DeepSeek.ClientHandler Received HTTP response headers after 295.6194ms - 200
[18:03:06 INF] System.Net.Http.HttpClient.DeepSeek.LogicalHandler End processing HTTP request after 295.8165ms - 200
[18:03:06 INF] System.Net.Http.HttpClient.DeepSeek.LogicalHandler End processing HTTP request after 290.0449ms - 200
[18:03:06 INF] System.Net.Http.HttpClient.DeepSeek.ClientHandler Received HTTP response headers after 276.4469ms - 200
[18:03:06 INF] System.Net.Http.HttpClient.DeepSeek.LogicalHandler End processing HTTP request after 276.6371ms - 200
[18:03:06 INF] System.Net.Http.HttpClient.DeepSeek.ClientHandler Received HTTP response headers after 285.9197ms - 200
[18:03:06 INF] System.Net.Http.HttpClient.DeepSeek.LogicalHandler End processing HTTP request after 286.1926ms - 200
[18:03:06 INF] System.Net.Http.HttpClient.DeepSeek.LogicalHandler Start processing HTTP request POST https://api.deepseek.com/chat/completions
[18:03:06 INF] System.Net.Http.HttpClient.DeepSeek.ClientHandler Sending HTTP request POST https://api.deepseek.com/chat/completions
[18:03:06 INF] System.Net.Http.HttpClient.DeepSeek.ClientHandler Received HTTP response headers after 361.8891ms - 200
[18:03:06 INF] System.Net.Http.HttpClient.DeepSeek.LogicalHandler End processing HTTP request after 362.2522ms - 200
[18:03:06 INF] System.Net.Http.HttpClient.DeepSeek.LogicalHandler Start processing HTTP request POST https://api.deepseek.com/chat/completions
[18:03:06 INF] System.Net.Http.HttpClient.DeepSeek.ClientHandler Sending HTTP request POST https://api.deepseek.com/chat/completions
[18:03:06 INF] System.Net.Http.HttpClient.DeepSeek.LogicalHandler Start processing HTTP request POST https://api.deepseek.com/chat/completions
[18:03:06 INF] System.Net.Http.HttpClient.DeepSeek.ClientHandler Sending HTTP request POST https://api.deepseek.com/chat/completions
[18:03:06 INF] System.Net.Http.HttpClient.DeepSeek.ClientHandler Received HTTP response headers after 270.212ms - 200
[18:03:06 INF] System.Net.Http.HttpClient.DeepSeek.LogicalHandler End processing HTTP request after 270.4747ms - 200
[18:03:06 INF] System.Net.Http.HttpClient.DeepSeek.LogicalHandler Start processing HTTP request POST https://api.deepseek.com/chat/completions
[18:03:06 INF] System.Net.Http.HttpClient.DeepSeek.ClientHandler Sending HTTP request POST https://api.deepseek.com/chat/completions
[18:03:06 INF] System.Net.Http.HttpClient.DeepSeek.LogicalHandler Start processing HTTP request POST https://api.deepseek.com/chat/completions
[18:03:06 INF] System.Net.Http.HttpClient.DeepSeek.ClientHandler Sending HTTP request POST https://api.deepseek.com/chat/completions
[18:03:06 INF] System.Net.Http.HttpClient.DeepSeek.ClientHandler Received HTTP response headers after 281.1408ms - 200
[18:03:06 INF] System.Net.Http.HttpClient.DeepSeek.LogicalHandler End processing HTTP request after 281.5867ms - 200
[18:03:06 INF] System.Net.Http.HttpClient.DeepSeek.ClientHandler Received HTTP response headers after 279.0125ms - 200
[18:03:06 INF] System.Net.Http.HttpClient.DeepSeek.LogicalHandler End processing HTTP request after 279.2986ms - 200
[18:03:06 INF] System.Net.Http.HttpClient.DeepSeek.LogicalHandler Start processing HTTP request POST https://api.deepseek.com/chat/completions
[18:03:06 INF] System.Net.Http.HttpClient.DeepSeek.ClientHandler Sending HTTP request POST https://api.deepseek.com/chat/completions
[18:03:06 INF] System.Net.Http.HttpClient.DeepSeek.LogicalHandler Start processing HTTP request POST https://api.deepseek.com/chat/completions
[18:03:06 INF] System.Net.Http.HttpClient.DeepSeek.ClientHandler Sending HTTP request POST https://api.deepseek.com/chat/completions
[18:03:06 INF] System.Net.Http.HttpClient.DeepSeek.ClientHandler Received HTTP response headers after 373.2289ms - 200
[18:03:06 INF] System.Net.Http.HttpClient.DeepSeek.LogicalHandler End processing HTTP request after 374.8667ms - 200
[18:03:06 INF] System.Net.Http.HttpClient.DeepSeek.ClientHandler Received HTTP response headers after 281.2655ms - 200
[18:03:06 INF] System.Net.Http.HttpClient.DeepSeek.LogicalHandler End processing HTTP request after 282.1568ms - 200
[18:03:06 INF] System.Net.Http.HttpClient.DeepSeek.ClientHandler Received HTTP response headers after 291.1505ms - 200
[18:03:06 INF] System.Net.Http.HttpClient.DeepSeek.LogicalHandler End processing HTTP request after 292.4752ms - 200
[18:03:06 INF] System.Net.Http.HttpClient.DeepSeek.ClientHandler Received HTTP response headers after 285.2574ms - 200
[18:03:06 INF] System.Net.Http.HttpClient.DeepSeek.LogicalHandler End processing HTTP request after 285.6955ms - 200
[18:03:07 INF] System.Net.Http.HttpClient.DeepSeek.ClientHandler Received HTTP response headers after 280.388ms - 200
[18:03:07 INF] System.Net.Http.HttpClient.DeepSeek.LogicalHandler End processing HTTP request after 280.9122ms - 200
[18:03:07 INF] System.Net.Http.HttpClient.DeepSeek.ClientHandler Received HTTP response headers after 288.3787ms - 200
[18:03:07 INF] System.Net.Http.HttpClient.DeepSeek.LogicalHandler End processing HTTP request after 289.0232ms - 200
[18:03:07 INF] System.Net.Http.HttpClient.DeepSeek.ClientHandler Received HTTP response headers after 282.4462ms - 200
[18:03:07 INF] System.Net.Http.HttpClient.DeepSeek.LogicalHandler End processing HTTP request after 282.6975ms - 200
[18:03:07 INF] System.Net.Http.HttpClient.DeepSeek.ClientHandler Received HTTP response headers after 280.9759ms - 200
[18:03:07 INF] System.Net.Http.HttpClient.DeepSeek.LogicalHandler End processing HTTP request after 281.2587ms - 200
[18:03:07 INF] System.Net.Http.HttpClient.DeepSeek.LogicalHandler Start processing HTTP request POST https://api.deepseek.com/chat/completions
[18:03:07 INF] System.Net.Http.HttpClient.DeepSeek.ClientHandler Sending HTTP request POST https://api.deepseek.com/chat/completions
[18:03:07 INF] System.Net.Http.HttpClient.DeepSeek.LogicalHandler Start processing HTTP request POST https://api.deepseek.com/chat/completions
[18:03:07 INF] System.Net.Http.HttpClient.DeepSeek.ClientHandler Sending HTTP request POST https://api.deepseek.com/chat/completions
[18:03:07 INF] System.Net.Http.HttpClient.DeepSeek.LogicalHandler Start processing HTTP request POST https://api.deepseek.com/chat/completions
[18:03:07 INF] System.Net.Http.HttpClient.DeepSeek.ClientHandler Sending HTTP request POST https://api.deepseek.com/chat/completions
[18:03:07 INF] System.Net.Http.HttpClient.DeepSeek.LogicalHandler Start processing HTTP request POST https://api.deepseek.com/chat/completions
[18:03:07 INF] System.Net.Http.HttpClient.DeepSeek.ClientHandler Sending HTTP request POST https://api.deepseek.com/chat/completions
[18:03:07 INF] System.Net.Http.HttpClient.DeepSeek.LogicalHandler Start processing HTTP request POST https://api.deepseek.com/chat/completions
[18:03:07 INF] System.Net.Http.HttpClient.DeepSeek.ClientHandler Sending HTTP request POST https://api.deepseek.com/chat/completions
[18:03:07 INF] System.Net.Http.HttpClient.DeepSeek.LogicalHandler Start processing HTTP request POST https://api.deepseek.com/chat/completions
[18:03:07 INF] System.Net.Http.HttpClient.DeepSeek.ClientHandler Sending HTTP request POST https://api.deepseek.com/chat/completions
[18:03:07 INF] System.Net.Http.HttpClient.DeepSeek.LogicalHandler Start processing HTTP request POST https://api.deepseek.com/chat/completions
[18:03:07 INF] System.Net.Http.HttpClient.DeepSeek.ClientHandler Sending HTTP request POST https://api.deepseek.com/chat/completions
[18:03:07 INF] System.Net.Http.HttpClient.DeepSeek.LogicalHandler Start processing HTTP request POST https://api.deepseek.com/chat/completions
[18:03:07 INF] System.Net.Http.HttpClient.DeepSeek.ClientHandler Sending HTTP request POST https://api.deepseek.com/chat/completions
[18:03:07 INF] System.Net.Http.HttpClient.DeepSeek.ClientHandler Received HTTP response headers after 292.5836ms - 200
[18:03:07 INF] System.Net.Http.HttpClient.DeepSeek.LogicalHandler End processing HTTP request after 292.9786ms - 200
[18:03:07 INF] System.Net.Http.HttpClient.DeepSeek.ClientHandler Received HTTP response headers after 283.6472ms - 200
[18:03:07 INF] System.Net.Http.HttpClient.DeepSeek.LogicalHandler End processing HTTP request after 284.0717ms - 200
[18:03:07 INF] System.Net.Http.HttpClient.DeepSeek.ClientHandler Received HTTP response headers after 286.7335ms - 200
[18:03:07 INF] System.Net.Http.HttpClient.DeepSeek.LogicalHandler End processing HTTP request after 287.0517ms - 200
[18:03:07 INF] System.Net.Http.HttpClient.DeepSeek.LogicalHandler Start processing HTTP request POST https://api.deepseek.com/chat/completions
[18:03:07 INF] System.Net.Http.HttpClient.DeepSeek.ClientHandler Sending HTTP request POST https://api.deepseek.com/chat/completions
[18:03:07 INF] System.Net.Http.HttpClient.DeepSeek.ClientHandler Received HTTP response headers after 269.4209ms - 200
[18:03:07 INF] System.Net.Http.HttpClient.DeepSeek.LogicalHandler End processing HTTP request after 269.7355ms - 200
[18:03:07 INF] System.Net.Http.HttpClient.DeepSeek.LogicalHandler Start processing HTTP request POST https://api.deepseek.com/chat/completions
[18:03:07 INF] System.Net.Http.HttpClient.DeepSeek.ClientHandler Sending HTTP request POST https://api.deepseek.com/chat/completions
[18:03:07 INF] System.Net.Http.HttpClient.DeepSeek.ClientHandler Received HTTP response headers after 287.0977ms - 200
[18:03:07 INF] System.Net.Http.HttpClient.DeepSeek.LogicalHandler End processing HTTP request after 287.7105ms - 200
[18:03:07 INF] System.Net.Http.HttpClient.DeepSeek.LogicalHandler Start processing HTTP request POST https://api.deepseek.com/chat/completions
[18:03:07 INF] System.Net.Http.HttpClient.DeepSeek.ClientHandler Sending HTTP request POST https://api.deepseek.com/chat/completions
[18:03:07 INF] System.Net.Http.HttpClient.DeepSeek.ClientHandler Received HTTP response headers after 274.9268ms - 200
[18:03:07 INF] System.Net.Http.HttpClient.DeepSeek.LogicalHandler End processing HTTP request after 275.2488ms - 200
[18:03:07 INF] System.Net.Http.HttpClient.DeepSeek.ClientHandler Received HTTP response headers after 297.0822ms - 200
[18:03:07 INF] System.Net.Http.HttpClient.DeepSeek.LogicalHandler End processing HTTP request after 297.9333ms - 200
[18:03:07 INF] System.Net.Http.HttpClient.DeepSeek.ClientHandler Received HTTP response headers after 284.9116ms - 200
[18:03:07 INF] System.Net.Http.HttpClient.DeepSeek.LogicalHandler End processing HTTP request after 287.2417ms - 200
[18:03:07 INF] System.Net.Http.HttpClient.DeepSeek.LogicalHandler Start processing HTTP request POST https://api.deepseek.com/chat/completions
[18:03:07 INF] System.Net.Http.HttpClient.DeepSeek.ClientHandler Sending HTTP request POST https://api.deepseek.com/chat/completions
[18:03:07 INF] System.Net.Http.HttpClient.DeepSeek.LogicalHandler Start processing HTTP request POST https://api.deepseek.com/chat/completions
[18:03:07 INF] System.Net.Http.HttpClient.DeepSeek.ClientHandler Sending HTTP request POST https://api.deepseek.com/chat/completions
[18:03:07 INF] System.Net.Http.HttpClient.DeepSeek.ClientHandler Received HTTP response headers after 286.3208ms - 200
[18:03:07 INF] System.Net.Http.HttpClient.DeepSeek.LogicalHandler End processing HTTP request after 286.6866ms - 200
[18:03:07 INF] System.Net.Http.HttpClient.DeepSeek.ClientHandler Received HTTP response headers after 279.3974ms - 200
[18:03:07 INF] System.Net.Http.HttpClient.DeepSeek.LogicalHandler End processing HTTP request after 280.2819ms - 200
[18:03:07 INF] System.Net.Http.HttpClient.DeepSeek.LogicalHandler Start processing HTTP request POST https://api.deepseek.com/chat/completions
[18:03:07 INF] System.Net.Http.HttpClient.DeepSeek.ClientHandler Sending HTTP request POST https://api.deepseek.com/chat/completions
[18:03:07 INF] System.Net.Http.HttpClient.DeepSeek.ClientHandler Received HTTP response headers after 294.1399ms - 200
[18:03:07 INF] System.Net.Http.HttpClient.DeepSeek.LogicalHandler End processing HTTP request after 294.397ms - 200
[18:03:08 INF] System.Net.Http.HttpClient.DeepSeek.LogicalHandler Start processing HTTP request POST https://api.deepseek.com/chat/completions
[18:03:08 INF] System.Net.Http.HttpClient.DeepSeek.ClientHandler Sending HTTP request POST https://api.deepseek.com/chat/completions
[18:03:08 INF] System.Net.Http.HttpClient.DeepSeek.ClientHandler Received HTTP response headers after 282.4412ms - 200
[18:03:08 INF] System.Net.Http.HttpClient.DeepSeek.LogicalHandler End processing HTTP request after 282.8107ms - 200
[18:03:08 INF] System.Net.Http.HttpClient.DeepSeek.ClientHandler Received HTTP response headers after 313.2932ms - 200
[18:03:08 INF] System.Net.Http.HttpClient.DeepSeek.LogicalHandler End processing HTTP request after 313.6431ms - 200
[18:03:08 INF] System.Net.Http.HttpClient.DeepSeek.ClientHandler Received HTTP response headers after 299.3426ms - 200
[18:03:08 INF] System.Net.Http.HttpClient.DeepSeek.LogicalHandler End processing HTTP request after 300.0345ms - 200
[18:03:08 INF] System.Net.Http.HttpClient.DeepSeek.ClientHandler Received HTTP response headers after 290.9412ms - 200
[18:03:08 INF] System.Net.Http.HttpClient.DeepSeek.LogicalHandler End processing HTTP request after 291.2968ms - 200
[18:03:08 INF] System.Net.Http.HttpClient.DeepSeek.LogicalHandler Start processing HTTP request POST https://api.deepseek.com/chat/completions
[18:03:08 INF] System.Net.Http.HttpClient.DeepSeek.ClientHandler Sending HTTP request POST https://api.deepseek.com/chat/completions
[18:03:08 INF] System.Net.Http.HttpClient.DeepSeek.LogicalHandler Start processing HTTP request POST https://api.deepseek.com/chat/completions
[18:03:08 INF] System.Net.Http.HttpClient.DeepSeek.ClientHandler Sending HTTP request POST https://api.deepseek.com/chat/completions
[18:03:08 INF] System.Net.Http.HttpClient.DeepSeek.LogicalHandler Start processing HTTP request POST https://api.deepseek.com/chat/completions
[18:03:08 INF] System.Net.Http.HttpClient.DeepSeek.ClientHandler Sending HTTP request POST https://api.deepseek.com/chat/completions
[18:03:08 INF] System.Net.Http.HttpClient.DeepSeek.LogicalHandler Start processing HTTP request POST https://api.deepseek.com/chat/completions
[18:03:08 INF] System.Net.Http.HttpClient.DeepSeek.ClientHandler Sending HTTP request POST https://api.deepseek.com/chat/completions
[18:03:08 INF] System.Net.Http.HttpClient.DeepSeek.LogicalHandler Start processing HTTP request POST https://api.deepseek.com/chat/completions
[18:03:08 INF] System.Net.Http.HttpClient.DeepSeek.ClientHandler Sending HTTP request POST https://api.deepseek.com/chat/completions
[18:03:08 INF] System.Net.Http.HttpClient.DeepSeek.LogicalHandler Start processing HTTP request POST https://api.deepseek.com/chat/completions
[18:03:08 INF] System.Net.Http.HttpClient.DeepSeek.ClientHandler Sending HTTP request POST https://api.deepseek.com/chat/completions
[18:03:08 INF] System.Net.Http.HttpClient.DeepSeek.LogicalHandler Start processing HTTP request POST https://api.deepseek.com/chat/completions
[18:03:08 INF] System.Net.Http.HttpClient.DeepSeek.ClientHandler Sending HTTP request POST https://api.deepseek.com/chat/completions
[18:03:08 INF] System.Net.Http.HttpClient.DeepSeek.LogicalHandler Start processing HTTP request POST https://api.deepseek.com/chat/completions
[18:03:08 INF] System.Net.Http.HttpClient.DeepSeek.ClientHandler Sending HTTP request POST https://api.deepseek.com/chat/completions
[18:03:08 INF] System.Net.Http.HttpClient.DeepSeek.LogicalHandler Start processing HTTP request POST https://api.deepseek.com/chat/completions
[18:03:08 INF] System.Net.Http.HttpClient.DeepSeek.ClientHandler Sending HTTP request POST https://api.deepseek.com/chat/completions
[18:03:08 INF] System.Net.Http.HttpClient.DeepSeek.ClientHandler Received HTTP response headers after 279.3775ms - 200
[18:03:08 INF] System.Net.Http.HttpClient.DeepSeek.LogicalHandler End processing HTTP request after 279.6946ms - 200
[18:03:08 INF] System.Net.Http.HttpClient.DeepSeek.ClientHandler Received HTTP response headers after 274.3292ms - 200
[18:03:08 INF] System.Net.Http.HttpClient.DeepSeek.LogicalHandler End processing HTTP request after 274.7288ms - 200
[18:03:08 INF] System.Net.Http.HttpClient.DeepSeek.LogicalHandler Start processing HTTP request POST https://api.deepseek.com/chat/completions
[18:03:08 INF] System.Net.Http.HttpClient.DeepSeek.LogicalHandler Start processing HTTP request POST https://api.deepseek.com/chat/completions
[18:03:08 INF] System.Net.Http.HttpClient.DeepSeek.ClientHandler Sending HTTP request POST https://api.deepseek.com/chat/completions
[18:03:08 INF] System.Net.Http.HttpClient.DeepSeek.ClientHandler Sending HTTP request POST https://api.deepseek.com/chat/completions
[18:03:08 INF] System.Net.Http.HttpClient.DeepSeek.LogicalHandler Start processing HTTP request POST https://api.deepseek.com/chat/completions
[18:03:08 INF] System.Net.Http.HttpClient.DeepSeek.ClientHandler Sending HTTP request POST https://api.deepseek.com/chat/completions
[18:03:08 INF] System.Net.Http.HttpClient.DeepSeek.ClientHandler Received HTTP response headers after 285.6631ms - 200
[18:03:08 INF] System.Net.Http.HttpClient.DeepSeek.LogicalHandler End processing HTTP request after 286.0856ms - 200
[18:03:08 INF] System.Net.Http.HttpClient.DeepSeek.LogicalHandler Start processing HTTP request POST https://api.deepseek.com/chat/completions
[18:03:08 INF] System.Net.Http.HttpClient.DeepSeek.ClientHandler Sending HTTP request POST https://api.deepseek.com/chat/completions
[18:03:08 INF] System.Net.Http.HttpClient.DeepSeek.LogicalHandler Start processing HTTP request POST https://api.deepseek.com/chat/completions
[18:03:08 INF] System.Net.Http.HttpClient.DeepSeek.ClientHandler Sending HTTP request POST https://api.deepseek.com/chat/completions
[18:03:08 INF] System.Net.Http.HttpClient.DeepSeek.LogicalHandler Start processing HTTP request POST https://api.deepseek.com/chat/completions
[18:03:08 INF] System.Net.Http.HttpClient.DeepSeek.ClientHandler Sending HTTP request POST https://api.deepseek.com/chat/completions
[18:03:08 INF] System.Net.Http.HttpClient.DeepSeek.ClientHandler Received HTTP response headers after 312.4085ms - 200
[18:03:08 INF] System.Net.Http.HttpClient.DeepSeek.LogicalHandler End processing HTTP request after 312.8143ms - 200
[18:03:08 INF] System.Net.Http.HttpClient.DeepSeek.ClientHandler Received HTTP response headers after 292.1321ms - 200
[18:03:08 INF] System.Net.Http.HttpClient.DeepSeek.LogicalHandler End processing HTTP request after 292.5289ms - 200
[18:03:08 INF] System.Net.Http.HttpClient.DeepSeek.ClientHandler Received HTTP response headers after 285.4171ms - 200
[18:03:08 INF] System.Net.Http.HttpClient.DeepSeek.LogicalHandler End processing HTTP request after 286.114ms - 200
[18:03:09 INF] System.Net.Http.HttpClient.DeepSeek.ClientHandler Received HTTP response headers after 277.1707ms - 200
[18:03:09 INF] System.Net.Http.HttpClient.DeepSeek.LogicalHandler End processing HTTP request after 277.8919ms - 200
[18:03:09 INF] System.Net.Http.HttpClient.DeepSeek.ClientHandler Received HTTP response headers after 275.7603ms - 200
[18:03:09 INF] System.Net.Http.HttpClient.DeepSeek.LogicalHandler End processing HTTP request after 276.0638ms - 200
[18:03:09 INF] System.Net.Http.HttpClient.DeepSeek.LogicalHandler Start processing HTTP request POST https://api.deepseek.com/chat/completions
[18:03:09 INF] System.Net.Http.HttpClient.DeepSeek.ClientHandler Sending HTTP request POST https://api.deepseek.com/chat/completions
[18:03:09 INF] System.Net.Http.HttpClient.DeepSeek.ClientHandler Received HTTP response headers after 291.7095ms - 200
[18:03:09 INF] System.Net.Http.HttpClient.DeepSeek.LogicalHandler End processing HTTP request after 293.6015ms - 200
[18:03:09 INF] System.Net.Http.HttpClient.DeepSeek.LogicalHandler Start processing HTTP request POST https://api.deepseek.com/chat/completions
[18:03:09 INF] System.Net.Http.HttpClient.DeepSeek.ClientHandler Sending HTTP request POST https://api.deepseek.com/chat/completions
[18:03:09 INF] System.Net.Http.HttpClient.DeepSeek.ClientHandler Received HTTP response headers after 284.7454ms - 200
[18:03:09 INF] System.Net.Http.HttpClient.DeepSeek.LogicalHandler End processing HTTP request after 285.2707ms - 200
[18:03:09 INF] System.Net.Http.HttpClient.DeepSeek.ClientHandler Received HTTP response headers after 281.4036ms - 200
[18:03:09 INF] System.Net.Http.HttpClient.DeepSeek.LogicalHandler End processing HTTP request after 281.8162ms - 200
[18:03:09 INF] System.Net.Http.HttpClient.DeepSeek.ClientHandler Received HTTP response headers after 299.1718ms - 200
[18:03:09 INF] System.Net.Http.HttpClient.DeepSeek.LogicalHandler End processing HTTP request after 299.7827ms - 200
[18:03:09 INF] System.Net.Http.HttpClient.DeepSeek.LogicalHandler Start processing HTTP request POST https://api.deepseek.com/chat/completions
[18:03:09 INF] System.Net.Http.HttpClient.DeepSeek.ClientHandler Sending HTTP request POST https://api.deepseek.com/chat/completions
[18:03:09 INF] System.Net.Http.HttpClient.DeepSeek.LogicalHandler Start processing HTTP request POST https://api.deepseek.com/chat/completions
[18:03:09 INF] System.Net.Http.HttpClient.DeepSeek.ClientHandler Sending HTTP request POST https://api.deepseek.com/chat/completions
[18:03:09 INF] System.Net.Http.HttpClient.DeepSeek.ClientHandler Received HTTP response headers after 280.4553ms - 200
[18:03:09 INF] System.Net.Http.HttpClient.DeepSeek.LogicalHandler End processing HTTP request after 280.8077ms - 200
[18:03:09 INF] System.Net.Http.HttpClient.DeepSeek.LogicalHandler Start processing HTTP request POST https://api.deepseek.com/chat/completions
[18:03:09 INF] System.Net.Http.HttpClient.DeepSeek.ClientHandler Sending HTTP request POST https://api.deepseek.com/chat/completions
[18:03:09 INF] System.Net.Http.HttpClient.DeepSeek.ClientHandler Received HTTP response headers after 307.4177ms - 200
[18:03:09 INF] System.Net.Http.HttpClient.DeepSeek.LogicalHandler End processing HTTP request after 307.815ms - 200
[18:03:09 INF] System.Net.Http.HttpClient.DeepSeek.LogicalHandler Start processing HTTP request POST https://api.deepseek.com/chat/completions
[18:03:09 INF] System.Net.Http.HttpClient.DeepSeek.ClientHandler Sending HTTP request POST https://api.deepseek.com/chat/completions
[18:03:09 INF] System.Net.Http.HttpClient.DeepSeek.ClientHandler Received HTTP response headers after 369.2867ms - 200
[18:03:09 INF] System.Net.Http.HttpClient.DeepSeek.LogicalHandler End processing HTTP request after 369.7036ms - 200
[18:03:09 INF] System.Net.Http.HttpClient.DeepSeek.ClientHandler Received HTTP response headers after 289.1825ms - 200
[18:03:09 INF] System.Net.Http.HttpClient.DeepSeek.LogicalHandler End processing HTTP request after 289.4917ms - 200
[18:03:09 INF] System.Net.Http.HttpClient.DeepSeek.ClientHandler Received HTTP response headers after 275.9988ms - 200
[18:03:09 INF] System.Net.Http.HttpClient.DeepSeek.LogicalHandler End processing HTTP request after 276.3078ms - 200
[18:03:09 INF] System.Net.Http.HttpClient.DeepSeek.ClientHandler Received HTTP response headers after 288.748ms - 200
[18:03:09 INF] System.Net.Http.HttpClient.DeepSeek.LogicalHandler End processing HTTP request after 289.0785ms - 200
[18:03:09 INF] System.Net.Http.HttpClient.DeepSeek.ClientHandler Received HTTP response headers after 292.0978ms - 200
[18:03:09 INF] System.Net.Http.HttpClient.DeepSeek.LogicalHandler End processing HTTP request after 292.4402ms - 200
[18:03:09 INF] System.Net.Http.HttpClient.DeepSeek.ClientHandler Received HTTP response headers after 289.6985ms - 200
[18:03:09 INF] System.Net.Http.HttpClient.DeepSeek.LogicalHandler End processing HTTP request after 290.2646ms - 200
[18:03:09 INF] System.Net.Http.HttpClient.DeepSeek.ClientHandler Received HTTP response headers after 298.3605ms - 200
[18:03:09 INF] System.Net.Http.HttpClient.DeepSeek.LogicalHandler End processing HTTP request after 298.7243ms - 200
[18:03:09 INF] System.Net.Http.HttpClient.DeepSeek.LogicalHandler Start processing HTTP request POST https://api.deepseek.com/chat/completions
[18:03:09 INF] System.Net.Http.HttpClient.DeepSeek.ClientHandler Sending HTTP request POST https://api.deepseek.com/chat/completions
[18:03:09 INF] System.Net.Http.HttpClient.DeepSeek.LogicalHandler Start processing HTTP request POST https://api.deepseek.com/chat/completions
[18:03:09 INF] System.Net.Http.HttpClient.DeepSeek.ClientHandler Sending HTTP request POST https://api.deepseek.com/chat/completions
[18:03:09 INF] System.Net.Http.HttpClient.DeepSeek.LogicalHandler Start processing HTTP request POST https://api.deepseek.com/chat/completions
[18:03:09 INF] System.Net.Http.HttpClient.DeepSeek.ClientHandler Sending HTTP request POST https://api.deepseek.com/chat/completions
[18:03:09 INF] System.Net.Http.HttpClient.DeepSeek.LogicalHandler Start processing HTTP request POST https://api.deepseek.com/chat/completions
[18:03:09 INF] System.Net.Http.HttpClient.DeepSeek.ClientHandler Sending HTTP request POST https://api.deepseek.com/chat/completions
[18:03:09 INF] System.Net.Http.HttpClient.DeepSeek.LogicalHandler Start processing HTTP request POST https://api.deepseek.com/chat/completions
[18:03:09 INF] System.Net.Http.HttpClient.DeepSeek.ClientHandler Sending HTTP request POST https://api.deepseek.com/chat/completions
[18:03:09 INF] System.Net.Http.HttpClient.DeepSeek.LogicalHandler Start processing HTTP request POST https://api.deepseek.com/chat/completions
[18:03:09 INF] System.Net.Http.HttpClient.DeepSeek.ClientHandler Sending HTTP request POST https://api.deepseek.com/chat/completions
[18:03:09 INF] System.Net.Http.HttpClient.DeepSeek.ClientHandler Received HTTP response headers after 277.5962ms - 200
[18:03:09 INF] System.Net.Http.HttpClient.DeepSeek.LogicalHandler End processing HTTP request after 277.9221ms - 200
[18:03:09 INF] System.Net.Http.HttpClient.DeepSeek.ClientHandler Received HTTP response headers after 313.4339ms - 200
[18:03:09 INF] System.Net.Http.HttpClient.DeepSeek.LogicalHandler End processing HTTP request after 313.859ms - 200
[18:03:09 INF] System.Net.Http.HttpClient.DeepSeek.LogicalHandler Start processing HTTP request POST https://api.deepseek.com/chat/completions
[18:03:09 INF] System.Net.Http.HttpClient.DeepSeek.ClientHandler Sending HTTP request POST https://api.deepseek.com/chat/completions
[18:03:09 INF] System.Net.Http.HttpClient.DeepSeek.LogicalHandler Start processing HTTP request POST https://api.deepseek.com/chat/completions
[18:03:09 INF] System.Net.Http.HttpClient.DeepSeek.ClientHandler Sending HTTP request POST https://api.deepseek.com/chat/completions
[18:03:09 INF] System.Net.Http.HttpClient.DeepSeek.ClientHandler Received HTTP response headers after 286.145ms - 200
[18:03:09 INF] System.Net.Http.HttpClient.DeepSeek.LogicalHandler End processing HTTP request after 286.5533ms - 200
[18:03:09 INF] System.Net.Http.HttpClient.DeepSeek.ClientHandler Received HTTP response headers after 275.556ms - 200
[18:03:09 INF] System.Net.Http.HttpClient.DeepSeek.LogicalHandler End processing HTTP request after 275.9742ms - 200
[18:03:09 INF] System.Net.Http.HttpClient.DeepSeek.LogicalHandler Start processing HTTP request POST https://api.deepseek.com/chat/completions
[18:03:09 INF] System.Net.Http.HttpClient.DeepSeek.ClientHandler Sending HTTP request POST https://api.deepseek.com/chat/completions
[18:03:10 INF] System.Net.Http.HttpClient.DeepSeek.LogicalHandler Start processing HTTP request POST https://api.deepseek.com/chat/completions
[18:03:10 INF] System.Net.Http.HttpClient.DeepSeek.ClientHandler Sending HTTP request POST https://api.deepseek.com/chat/completions
[18:03:10 INF] System.Net.Http.HttpClient.DeepSeek.ClientHandler Received HTTP response headers after 366.6342ms - 200
[18:03:10 INF] System.Net.Http.HttpClient.DeepSeek.LogicalHandler End processing HTTP request after 367.0949ms - 200
[18:03:10 INF] System.Net.Http.HttpClient.DeepSeek.LogicalHandler Start processing HTTP request POST https://api.deepseek.com/chat/completions
[18:03:10 INF] System.Net.Http.HttpClient.DeepSeek.ClientHandler Sending HTTP request POST https://api.deepseek.com/chat/completions
[18:03:10 INF] System.Net.Http.HttpClient.DeepSeek.LogicalHandler Start processing HTTP request POST https://api.deepseek.com/chat/completions
[18:03:10 INF] System.Net.Http.HttpClient.DeepSeek.ClientHandler Sending HTTP request POST https://api.deepseek.com/chat/completions
[18:03:10 INF] System.Net.Http.HttpClient.DeepSeek.LogicalHandler Start processing HTTP request POST https://api.deepseek.com/chat/completions
[18:03:10 INF] System.Net.Http.HttpClient.DeepSeek.ClientHandler Sending HTTP request POST https://api.deepseek.com/chat/completions
[18:03:10 INF] System.Net.Http.HttpClient.DeepSeek.ClientHandler Received HTTP response headers after 278.923ms - 200
[18:03:10 INF] System.Net.Http.HttpClient.DeepSeek.LogicalHandler End processing HTTP request after 279.2475ms - 200
[18:03:10 INF] System.Net.Http.HttpClient.DeepSeek.ClientHandler Received HTTP response headers after 275.2706ms - 200
[18:03:10 INF] System.Net.Http.HttpClient.DeepSeek.LogicalHandler End processing HTTP request after 275.694ms - 200
[18:03:10 INF] System.Net.Http.HttpClient.DeepSeek.ClientHandler Received HTTP response headers after 289.3116ms - 200
[18:03:10 INF] System.Net.Http.HttpClient.DeepSeek.ClientHandler Received HTTP response headers after 272.832ms - 200
[18:03:10 INF] System.Net.Http.HttpClient.DeepSeek.LogicalHandler End processing HTTP request after 289.7545ms - 200
[18:03:10 INF] System.Net.Http.HttpClient.DeepSeek.LogicalHandler End processing HTTP request after 273.1616ms - 200
[18:03:10 INF] System.Net.Http.HttpClient.DeepSeek.LogicalHandler Start processing HTTP request POST https://api.deepseek.com/chat/completions
[18:03:10 INF] System.Net.Http.HttpClient.DeepSeek.ClientHandler Sending HTTP request POST https://api.deepseek.com/chat/completions
[18:03:10 INF] System.Net.Http.HttpClient.DeepSeek.ClientHandler Received HTTP response headers after 296.8831ms - 200
[18:03:10 INF] System.Net.Http.HttpClient.DeepSeek.LogicalHandler End processing HTTP request after 297.4036ms - 200
[18:03:10 INF] System.Net.Http.HttpClient.DeepSeek.ClientHandler Received HTTP response headers after 280.8346ms - 200
[18:03:10 INF] System.Net.Http.HttpClient.DeepSeek.LogicalHandler End processing HTTP request after 281.1934ms - 200
[18:03:10 INF] System.Net.Http.HttpClient.DeepSeek.LogicalHandler Start processing HTTP request POST https://api.deepseek.com/chat/completions
[18:03:10 INF] System.Net.Http.HttpClient.DeepSeek.ClientHandler Sending HTTP request POST https://api.deepseek.com/chat/completions
[18:03:10 INF] System.Net.Http.HttpClient.DeepSeek.ClientHandler Received HTTP response headers after 279.9137ms - 200
[18:03:10 INF] System.Net.Http.HttpClient.DeepSeek.LogicalHandler End processing HTTP request after 280.2998ms - 200
[18:03:10 INF] System.Net.Http.HttpClient.DeepSeek.ClientHandler Received HTTP response headers after 377.5152ms - 200
[18:03:10 INF] System.Net.Http.HttpClient.DeepSeek.LogicalHandler End processing HTTP request after 377.8785ms - 200
[18:03:10 INF] System.Net.Http.HttpClient.DeepSeek.ClientHandler Received HTTP response headers after 279.5579ms - 200
[18:03:10 INF] System.Net.Http.HttpClient.DeepSeek.LogicalHandler End processing HTTP request after 279.9347ms - 200
[18:03:10 INF] System.Net.Http.HttpClient.DeepSeek.ClientHandler Received HTTP response headers after 310.2088ms - 200
[18:03:10 INF] System.Net.Http.HttpClient.DeepSeek.LogicalHandler End processing HTTP request after 310.7878ms - 200
[18:03:10 INF] System.Net.Http.HttpClient.DeepSeek.LogicalHandler Start processing HTTP request POST https://api.deepseek.com/chat/completions
[18:03:10 INF] System.Net.Http.HttpClient.DeepSeek.ClientHandler Sending HTTP request POST https://api.deepseek.com/chat/completions
[18:03:10 INF] System.Net.Http.HttpClient.DeepSeek.LogicalHandler Start processing HTTP request POST https://api.deepseek.com/chat/completions
[18:03:10 INF] System.Net.Http.HttpClient.DeepSeek.ClientHandler Sending HTTP request POST https://api.deepseek.com/chat/completions
[18:03:10 INF] System.Net.Http.HttpClient.DeepSeek.LogicalHandler Start processing HTTP request POST https://api.deepseek.com/chat/completions
[18:03:10 INF] System.Net.Http.HttpClient.DeepSeek.ClientHandler Sending HTTP request POST https://api.deepseek.com/chat/completions
[18:03:10 INF] System.Net.Http.HttpClient.DeepSeek.LogicalHandler Start processing HTTP request POST https://api.deepseek.com/chat/completions
[18:03:10 INF] System.Net.Http.HttpClient.DeepSeek.ClientHandler Sending HTTP request POST https://api.deepseek.com/chat/completions
[18:03:10 INF] System.Net.Http.HttpClient.DeepSeek.ClientHandler Received HTTP response headers after 306.2248ms - 200
[18:03:10 INF] System.Net.Http.HttpClient.DeepSeek.LogicalHandler End processing HTTP request after 306.5814ms - 200
[18:03:10 INF] System.Net.Http.HttpClient.DeepSeek.ClientHandler Received HTTP response headers after 298.7347ms - 200
[18:03:10 INF] System.Net.Http.HttpClient.DeepSeek.LogicalHandler End processing HTTP request after 299.1611ms - 200
[18:03:11 INF] System.Net.Http.HttpClient.DeepSeek.LogicalHandler Start processing HTTP request POST https://api.deepseek.com/chat/completions
[18:03:11 INF] System.Net.Http.HttpClient.DeepSeek.ClientHandler Sending HTTP request POST https://api.deepseek.com/chat/completions
[18:03:11 INF] System.Net.Http.HttpClient.DeepSeek.LogicalHandler Start processing HTTP request POST https://api.deepseek.com/chat/completions
[18:03:11 INF] System.Net.Http.HttpClient.DeepSeek.ClientHandler Sending HTTP request POST https://api.deepseek.com/chat/completions
[18:03:11 INF] System.Net.Http.HttpClient.DeepSeek.ClientHandler Received HTTP response headers after 293.2494ms - 200
[18:03:11 INF] System.Net.Http.HttpClient.DeepSeek.LogicalHandler End processing HTTP request after 293.7853ms - 200
[18:03:11 INF] System.Net.Http.HttpClient.DeepSeek.ClientHandler Received HTTP response headers after 276.7018ms - 200
[18:03:11 INF] System.Net.Http.HttpClient.DeepSeek.LogicalHandler End processing HTTP request after 277.2272ms - 200
[18:03:11 INF] System.Net.Http.HttpClient.DeepSeek.LogicalHandler Start processing HTTP request POST https://api.deepseek.com/chat/completions
[18:03:11 INF] System.Net.Http.HttpClient.DeepSeek.ClientHandler Sending HTTP request POST https://api.deepseek.com/chat/completions
[18:03:11 INF] System.Net.Http.HttpClient.DeepSeek.LogicalHandler Start processing HTTP request POST https://api.deepseek.com/chat/completions
[18:03:11 INF] System.Net.Http.HttpClient.DeepSeek.ClientHandler Sending HTTP request POST https://api.deepseek.com/chat/completions
[18:03:11 INF] System.Net.Http.HttpClient.DeepSeek.LogicalHandler Start processing HTTP request POST https://api.deepseek.com/chat/completions
[18:03:11 INF] System.Net.Http.HttpClient.DeepSeek.ClientHandler Sending HTTP request POST https://api.deepseek.com/chat/completions
[18:03:11 INF] System.Net.Http.HttpClient.DeepSeek.ClientHandler Received HTTP response headers after 285.9077ms - 200
[18:03:11 INF] System.Net.Http.HttpClient.DeepSeek.ClientHandler Received HTTP response headers after 294.4549ms - 200
[18:03:11 INF] System.Net.Http.HttpClient.DeepSeek.LogicalHandler End processing HTTP request after 296.503ms - 200
[18:03:11 INF] System.Net.Http.HttpClient.DeepSeek.LogicalHandler End processing HTTP request after 286.3712ms - 200
[18:03:11 INF] System.Net.Http.HttpClient.DeepSeek.ClientHandler Received HTTP response headers after 285.8676ms - 200
[18:03:11 INF] System.Net.Http.HttpClient.DeepSeek.LogicalHandler End processing HTTP request after 286.211ms - 200
[18:03:11 INF] System.Net.Http.HttpClient.DeepSeek.LogicalHandler Start processing HTTP request POST https://api.deepseek.com/chat/completions
[18:03:11 INF] System.Net.Http.HttpClient.DeepSeek.ClientHandler Sending HTTP request POST https://api.deepseek.com/chat/completions
[18:03:11 INF] System.Net.Http.HttpClient.DeepSeek.ClientHandler Received HTTP response headers after 285.1997ms - 200
[18:03:11 INF] System.Net.Http.HttpClient.DeepSeek.LogicalHandler End processing HTTP request after 285.5691ms - 200
[18:03:11 INF] System.Net.Http.HttpClient.DeepSeek.ClientHandler Received HTTP response headers after 282.8249ms - 200
[18:03:11 INF] System.Net.Http.HttpClient.DeepSeek.LogicalHandler End processing HTTP request after 283.122ms - 200
[18:03:11 INF] System.Net.Http.HttpClient.DeepSeek.LogicalHandler Start processing HTTP request POST https://api.deepseek.com/chat/completions
[18:03:11 INF] System.Net.Http.HttpClient.DeepSeek.ClientHandler Sending HTTP request POST https://api.deepseek.com/chat/completions
[18:03:11 INF] System.Net.Http.HttpClient.DeepSeek.LogicalHandler Start processing HTTP request POST https://api.deepseek.com/chat/completions
[18:03:11 INF] System.Net.Http.HttpClient.DeepSeek.ClientHandler Sending HTTP request POST https://api.deepseek.com/chat/completions
[18:03:11 INF] System.Net.Http.HttpClient.DeepSeek.LogicalHandler Start processing HTTP request POST https://api.deepseek.com/chat/completions
[18:03:11 INF] System.Net.Http.HttpClient.DeepSeek.ClientHandler Sending HTTP request POST https://api.deepseek.com/chat/completions
[18:03:11 INF] System.Net.Http.HttpClient.DeepSeek.LogicalHandler Start processing HTTP request POST https://api.deepseek.com/chat/completions
[18:03:11 INF] System.Net.Http.HttpClient.DeepSeek.ClientHandler Sending HTTP request POST https://api.deepseek.com/chat/completions
[18:03:11 INF] System.Net.Http.HttpClient.DeepSeek.LogicalHandler Start processing HTTP request POST https://api.deepseek.com/chat/completions
[18:03:11 INF] System.Net.Http.HttpClient.DeepSeek.ClientHandler Sending HTTP request POST https://api.deepseek.com/chat/completions
[18:03:11 INF] System.Net.Http.HttpClient.DeepSeek.ClientHandler Received HTTP response headers after 280.5487ms - 200
[18:03:11 INF] System.Net.Http.HttpClient.DeepSeek.LogicalHandler End processing HTTP request after 280.9191ms - 200
[18:03:11 INF] System.Net.Http.HttpClient.DeepSeek.ClientHandler Received HTTP response headers after 289.1314ms - 200
[18:03:11 INF] System.Net.Http.HttpClient.DeepSeek.LogicalHandler End processing HTTP request after 289.4217ms - 200
[18:03:11 INF] System.Net.Http.HttpClient.DeepSeek.LogicalHandler Start processing HTTP request POST https://api.deepseek.com/chat/completions
[18:03:11 INF] System.Net.Http.HttpClient.DeepSeek.ClientHandler Sending HTTP request POST https://api.deepseek.com/chat/completions
[18:03:11 INF] System.Net.Http.HttpClient.DeepSeek.ClientHandler Received HTTP response headers after 293.3269ms - 200
[18:03:11 INF] System.Net.Http.HttpClient.DeepSeek.LogicalHandler End processing HTTP request after 293.5886ms - 200
[18:03:11 INF] System.Net.Http.HttpClient.DeepSeek.ClientHandler Received HTTP response headers after 285.7785ms - 200
[18:03:11 INF] System.Net.Http.HttpClient.DeepSeek.LogicalHandler End processing HTTP request after 286.0556ms - 200
[18:03:11 INF] System.Net.Http.HttpClient.DeepSeek.LogicalHandler Start processing HTTP request POST https://api.deepseek.com/chat/completions
[18:03:11 INF] System.Net.Http.HttpClient.DeepSeek.ClientHandler Sending HTTP request POST https://api.deepseek.com/chat/completions
[18:03:11 INF] System.Net.Http.HttpClient.DeepSeek.LogicalHandler Start processing HTTP request POST https://api.deepseek.com/chat/completions
[18:03:11 INF] System.Net.Http.HttpClient.DeepSeek.ClientHandler Sending HTTP request POST https://api.deepseek.com/chat/completions
[18:03:11 INF] System.Net.Http.HttpClient.DeepSeek.LogicalHandler Start processing HTTP request POST https://api.deepseek.com/chat/completions
[18:03:11 INF] System.Net.Http.HttpClient.DeepSeek.ClientHandler Sending HTTP request POST https://api.deepseek.com/chat/completions
[18:03:12 INF] System.Net.Http.HttpClient.DeepSeek.ClientHandler Received HTTP response headers after 281.1163ms - 200
[18:03:12 INF] System.Net.Http.HttpClient.DeepSeek.LogicalHandler End processing HTTP request after 281.8349ms - 200
[18:03:12 INF] System.Net.Http.HttpClient.DeepSeek.LogicalHandler Start processing HTTP request POST https://api.deepseek.com/chat/completions
[18:03:12 INF] System.Net.Http.HttpClient.DeepSeek.ClientHandler Sending HTTP request POST https://api.deepseek.com/chat/completions
[18:03:12 INF] System.Net.Http.HttpClient.DeepSeek.LogicalHandler Start processing HTTP request POST https://api.deepseek.com/chat/completions
[18:03:12 INF] System.Net.Http.HttpClient.DeepSeek.ClientHandler Sending HTTP request POST https://api.deepseek.com/chat/completions
[18:03:12 INF] System.Net.Http.HttpClient.DeepSeek.ClientHandler Received HTTP response headers after 284.5327ms - 200
[18:03:12 INF] System.Net.Http.HttpClient.DeepSeek.LogicalHandler End processing HTTP request after 287.2361ms - 200
[18:03:12 INF] System.Net.Http.HttpClient.DeepSeek.ClientHandler Received HTTP response headers after 285.213ms - 200
[18:03:12 INF] System.Net.Http.HttpClient.DeepSeek.LogicalHandler End processing HTTP request after 285.672ms - 200
[18:03:12 INF] System.Net.Http.HttpClient.DeepSeek.ClientHandler Received HTTP response headers after 276.2385ms - 200
[18:03:12 INF] System.Net.Http.HttpClient.DeepSeek.LogicalHandler End processing HTTP request after 276.6688ms - 200
[18:03:12 INF] System.Net.Http.HttpClient.DeepSeek.ClientHandler Received HTTP response headers after 291.7508ms - 200
[18:03:12 INF] System.Net.Http.HttpClient.DeepSeek.LogicalHandler End processing HTTP request after 292.1062ms - 200
[18:03:12 INF] System.Net.Http.HttpClient.DeepSeek.ClientHandler Received HTTP response headers after 279.4165ms - 200
[18:03:12 INF] System.Net.Http.HttpClient.DeepSeek.LogicalHandler End processing HTTP request after 280.0108ms - 200
[18:03:12 INF] System.Net.Http.HttpClient.DeepSeek.ClientHandler Received HTTP response headers after 287.2885ms - 200
[18:03:12 INF] System.Net.Http.HttpClient.DeepSeek.LogicalHandler End processing HTTP request after 287.7609ms - 200
[18:03:12 INF] System.Net.Http.HttpClient.DeepSeek.ClientHandler Received HTTP response headers after 287.8482ms - 200
[18:03:12 INF] System.Net.Http.HttpClient.DeepSeek.LogicalHandler End processing HTTP request after 290.1171ms - 200
[18:03:12 INF] System.Net.Http.HttpClient.DeepSeek.LogicalHandler Start processing HTTP request POST https://api.deepseek.com/chat/completions
[18:03:12 INF] System.Net.Http.HttpClient.DeepSeek.ClientHandler Sending HTTP request POST https://api.deepseek.com/chat/completions
[18:03:12 INF] System.Net.Http.HttpClient.DeepSeek.LogicalHandler Start processing HTTP request POST https://api.deepseek.com/chat/completions
[18:03:12 INF] System.Net.Http.HttpClient.DeepSeek.ClientHandler Sending HTTP request POST https://api.deepseek.com/chat/completions
[18:03:12 INF] System.Net.Http.HttpClient.DeepSeek.LogicalHandler Start processing HTTP request POST https://api.deepseek.com/chat/completions
[18:03:12 INF] System.Net.Http.HttpClient.DeepSeek.ClientHandler Sending HTTP request POST https://api.deepseek.com/chat/completions
[18:03:12 INF] System.Net.Http.HttpClient.DeepSeek.LogicalHandler Start processing HTTP request POST https://api.deepseek.com/chat/completions
[18:03:12 INF] System.Net.Http.HttpClient.DeepSeek.ClientHandler Sending HTTP request POST https://api.deepseek.com/chat/completions
[18:03:12 INF] System.Net.Http.HttpClient.DeepSeek.LogicalHandler Start processing HTTP request POST https://api.deepseek.com/chat/completions
[18:03:12 INF] System.Net.Http.HttpClient.DeepSeek.ClientHandler Received HTTP response headers after 284.2391ms - 200
[18:03:12 INF] System.Net.Http.HttpClient.DeepSeek.ClientHandler Sending HTTP request POST https://api.deepseek.com/chat/completions
[18:03:12 INF] System.Net.Http.HttpClient.DeepSeek.LogicalHandler End processing HTTP request after 284.5334ms - 200
[18:03:12 INF] System.Net.Http.HttpClient.DeepSeek.ClientHandler Received HTTP response headers after 277.4177ms - 200
[18:03:12 INF] System.Net.Http.HttpClient.DeepSeek.LogicalHandler End processing HTTP request after 277.6848ms - 200
[18:03:12 INF] System.Net.Http.HttpClient.DeepSeek.ClientHandler Received HTTP response headers after 288.5602ms - 200
[18:03:12 INF] System.Net.Http.HttpClient.DeepSeek.LogicalHandler End processing HTTP request after 288.9456ms - 200
[18:03:12 INF] System.Net.Http.HttpClient.DeepSeek.ClientHandler Received HTTP response headers after 362.5656ms - 200
[18:03:12 INF] System.Net.Http.HttpClient.DeepSeek.LogicalHandler End processing HTTP request after 362.9614ms - 200
[18:03:12 INF] System.Net.Http.HttpClient.DeepSeek.LogicalHandler Start processing HTTP request POST https://api.deepseek.com/chat/completions
[18:03:12 INF] System.Net.Http.HttpClient.DeepSeek.ClientHandler Sending HTTP request POST https://api.deepseek.com/chat/completions
[18:03:12 INF] System.Net.Http.HttpClient.DeepSeek.ClientHandler Received HTTP response headers after 283.9788ms - 200
[18:03:12 INF] System.Net.Http.HttpClient.DeepSeek.LogicalHandler End processing HTTP request after 284.4596ms - 200
[18:03:13 INF] System.Net.Http.HttpClient.DeepSeek.LogicalHandler Start processing HTTP request POST https://api.deepseek.com/chat/completions
[18:03:13 INF] System.Net.Http.HttpClient.DeepSeek.ClientHandler Sending HTTP request POST https://api.deepseek.com/chat/completions
[18:03:13 INF] System.Net.Http.HttpClient.DeepSeek.LogicalHandler Start processing HTTP request POST https://api.deepseek.com/chat/completions
[18:03:13 INF] System.Net.Http.HttpClient.DeepSeek.ClientHandler Sending HTTP request POST https://api.deepseek.com/chat/completions
[18:03:13 INF] System.Net.Http.HttpClient.DeepSeek.LogicalHandler Start processing HTTP request POST https://api.deepseek.com/chat/completions
[18:03:13 INF] System.Net.Http.HttpClient.DeepSeek.ClientHandler Sending HTTP request POST https://api.deepseek.com/chat/completions
[18:03:13 INF] System.Net.Http.HttpClient.DeepSeek.ClientHandler Received HTTP response headers after 281.237ms - 200
[18:03:13 INF] System.Net.Http.HttpClient.DeepSeek.LogicalHandler End processing HTTP request after 281.8743ms - 200
[18:03:13 INF] System.Net.Http.HttpClient.DeepSeek.LogicalHandler Start processing HTTP request POST https://api.deepseek.com/chat/completions
[18:03:13 INF] System.Net.Http.HttpClient.DeepSeek.ClientHandler Sending HTTP request POST https://api.deepseek.com/chat/completions
[18:03:13 INF] System.Net.Http.HttpClient.DeepSeek.ClientHandler Received HTTP response headers after 288.5476ms - 200
[18:03:13 INF] System.Net.Http.HttpClient.DeepSeek.LogicalHandler End processing HTTP request after 291.2955ms - 200
[18:03:13 INF] System.Net.Http.HttpClient.DeepSeek.ClientHandler Received HTTP response headers after 289.8117ms - 200
[18:03:13 INF] System.Net.Http.HttpClient.DeepSeek.LogicalHandler End processing HTTP request after 290.386ms - 200
[18:03:13 INF] System.Net.Http.HttpClient.DeepSeek.ClientHandler Received HTTP response headers after 287.6369ms - 200
[18:03:13 INF] System.Net.Http.HttpClient.DeepSeek.LogicalHandler End processing HTTP request after 288.0579ms - 200
[18:03:13 INF] System.Net.Http.HttpClient.DeepSeek.LogicalHandler Start processing HTTP request POST https://api.deepseek.com/chat/completions
[18:03:13 INF] System.Net.Http.HttpClient.DeepSeek.ClientHandler Sending HTTP request POST https://api.deepseek.com/chat/completions
[18:03:13 INF] System.Net.Http.HttpClient.DeepSeek.ClientHandler Received HTTP response headers after 290.7288ms - 200
[18:03:13 INF] System.Net.Http.HttpClient.DeepSeek.LogicalHandler End processing HTTP request after 291.0595ms - 200
[18:03:13 INF] System.Net.Http.HttpClient.DeepSeek.LogicalHandler Start processing HTTP request POST https://api.deepseek.com/chat/completions
[18:03:13 INF] System.Net.Http.HttpClient.DeepSeek.ClientHandler Sending HTTP request POST https://api.deepseek.com/chat/completions
[18:03:13 INF] System.Net.Http.HttpClient.DeepSeek.LogicalHandler Start processing HTTP request POST https://api.deepseek.com/chat/completions
[18:03:13 INF] System.Net.Http.HttpClient.DeepSeek.ClientHandler Sending HTTP request POST https://api.deepseek.com/chat/completions
[18:03:13 INF] System.Net.Http.HttpClient.DeepSeek.LogicalHandler Start processing HTTP request POST https://api.deepseek.com/chat/completions
[18:03:13 INF] System.Net.Http.HttpClient.DeepSeek.ClientHandler Sending HTTP request POST https://api.deepseek.com/chat/completions
[18:03:13 INF] System.Net.Http.HttpClient.DeepSeek.ClientHandler Received HTTP response headers after 278.1848ms - 200
[18:03:13 INF] System.Net.Http.HttpClient.DeepSeek.LogicalHandler End processing HTTP request after 278.4269ms - 200
[18:03:13 INF] System.Net.Http.HttpClient.DeepSeek.LogicalHandler Start processing HTTP request POST https://api.deepseek.com/chat/completions
[18:03:13 INF] System.Net.Http.HttpClient.DeepSeek.ClientHandler Sending HTTP request POST https://api.deepseek.com/chat/completions
[18:03:13 INF] System.Net.Http.HttpClient.DeepSeek.ClientHandler Received HTTP response headers after 283.2007ms - 200
[18:03:13 INF] System.Net.Http.HttpClient.DeepSeek.LogicalHandler End processing HTTP request after 283.5179ms - 200
[18:03:13 INF] System.Net.Http.HttpClient.DeepSeek.ClientHandler Received HTTP response headers after 289.0032ms - 200
[18:03:13 INF] System.Net.Http.HttpClient.DeepSeek.LogicalHandler End processing HTTP request after 289.2868ms - 200
[18:03:13 INF] System.Net.Http.HttpClient.DeepSeek.LogicalHandler Start processing HTTP request POST https://api.deepseek.com/chat/completions
[18:03:13 INF] System.Net.Http.HttpClient.DeepSeek.ClientHandler Sending HTTP request POST https://api.deepseek.com/chat/completions
[18:03:13 INF] System.Net.Http.HttpClient.DeepSeek.LogicalHandler Start processing HTTP request POST https://api.deepseek.com/chat/completions
[18:03:13 INF] System.Net.Http.HttpClient.DeepSeek.ClientHandler Sending HTTP request POST https://api.deepseek.com/chat/completions
[18:03:13 INF] System.Net.Http.HttpClient.DeepSeek.ClientHandler Received HTTP response headers after 279.1367ms - 200
[18:03:13 INF] System.Net.Http.HttpClient.DeepSeek.LogicalHandler End processing HTTP request after 279.6083ms - 200
[18:03:13 INF] System.Net.Http.HttpClient.DeepSeek.ClientHandler Received HTTP response headers after 286.778ms - 200
[18:03:13 INF] System.Net.Http.HttpClient.DeepSeek.LogicalHandler End processing HTTP request after 287.5699ms - 200
[18:03:14 INF] System.Net.Http.HttpClient.DeepSeek.ClientHandler Received HTTP response headers after 281.6463ms - 200
[18:03:14 INF] System.Net.Http.HttpClient.DeepSeek.LogicalHandler End processing HTTP request after 282.2004ms - 200
[18:03:14 INF] System.Net.Http.HttpClient.DeepSeek.ClientHandler Received HTTP response headers after 283.8872ms - 200
[18:03:14 INF] System.Net.Http.HttpClient.DeepSeek.LogicalHandler End processing HTTP request after 284.4403ms - 200
[18:03:14 INF] System.Net.Http.HttpClient.DeepSeek.LogicalHandler Start processing HTTP request POST https://api.deepseek.com/chat/completions
[18:03:14 INF] System.Net.Http.HttpClient.DeepSeek.ClientHandler Sending HTTP request POST https://api.deepseek.com/chat/completions
[18:03:14 INF] System.Net.Http.HttpClient.DeepSeek.LogicalHandler Start processing HTTP request POST https://api.deepseek.com/chat/completions
[18:03:14 INF] System.Net.Http.HttpClient.DeepSeek.ClientHandler Sending HTTP request POST https://api.deepseek.com/chat/completions
[18:03:14 INF] System.Net.Http.HttpClient.DeepSeek.LogicalHandler Start processing HTTP request POST https://api.deepseek.com/chat/completions
[18:03:14 INF] System.Net.Http.HttpClient.DeepSeek.ClientHandler Sending HTTP request POST https://api.deepseek.com/chat/completions
[18:03:14 INF] System.Net.Http.HttpClient.DeepSeek.LogicalHandler Start processing HTTP request POST https://api.deepseek.com/chat/completions
[18:03:14 INF] System.Net.Http.HttpClient.DeepSeek.ClientHandler Sending HTTP request POST https://api.deepseek.com/chat/completions
[18:03:14 INF] System.Net.Http.HttpClient.DeepSeek.LogicalHandler Start processing HTTP request POST https://api.deepseek.com/chat/completions
[18:03:14 INF] System.Net.Http.HttpClient.DeepSeek.ClientHandler Sending HTTP request POST https://api.deepseek.com/chat/completions
[18:03:14 INF] System.Net.Http.HttpClient.DeepSeek.LogicalHandler Start processing HTTP request POST https://api.deepseek.com/chat/completions
[18:03:14 INF] System.Net.Http.HttpClient.DeepSeek.ClientHandler Sending HTTP request POST https://api.deepseek.com/chat/completions
[18:03:14 INF] System.Net.Http.HttpClient.DeepSeek.ClientHandler Received HTTP response headers after 282.4106ms - 200
[18:03:14 INF] System.Net.Http.HttpClient.DeepSeek.LogicalHandler End processing HTTP request after 282.711ms - 200
[18:03:14 INF] System.Net.Http.HttpClient.DeepSeek.LogicalHandler Start processing HTTP request POST https://api.deepseek.com/chat/completions
[18:03:14 INF] System.Net.Http.HttpClient.DeepSeek.ClientHandler Sending HTTP request POST https://api.deepseek.com/chat/completions
[18:03:14 INF] System.Net.Http.HttpClient.DeepSeek.LogicalHandler Start processing HTTP request POST https://api.deepseek.com/chat/completions
[18:03:14 INF] System.Net.Http.HttpClient.DeepSeek.ClientHandler Sending HTTP request POST https://api.deepseek.com/chat/completions
[18:03:14 INF] System.Net.Http.HttpClient.DeepSeek.ClientHandler Received HTTP response headers after 289.3623ms - 200
[18:03:14 INF] System.Net.Http.HttpClient.DeepSeek.LogicalHandler End processing HTTP request after 289.7463ms - 200
[18:03:14 INF] System.Net.Http.HttpClient.DeepSeek.LogicalHandler Start processing HTTP request POST https://api.deepseek.com/chat/completions
[18:03:14 INF] System.Net.Http.HttpClient.DeepSeek.ClientHandler Sending HTTP request POST https://api.deepseek.com/chat/completions
[18:03:14 INF] System.Net.Http.HttpClient.DeepSeek.ClientHandler Received HTTP response headers after 288.1646ms - 200
[18:03:14 INF] System.Net.Http.HttpClient.DeepSeek.LogicalHandler End processing HTTP request after 288.5186ms - 200
[18:03:14 INF] System.Net.Http.HttpClient.DeepSeek.ClientHandler Received HTTP response headers after 280.7565ms - 200
[18:03:14 INF] System.Net.Http.HttpClient.DeepSeek.LogicalHandler End processing HTTP request after 280.9807ms - 200
[18:03:14 INF] System.Net.Http.HttpClient.DeepSeek.ClientHandler Received HTTP response headers after 285.2521ms - 200
[18:03:14 INF] System.Net.Http.HttpClient.DeepSeek.LogicalHandler End processing HTTP request after 286.0583ms - 200
[18:03:14 INF] System.Net.Http.HttpClient.DeepSeek.LogicalHandler Start processing HTTP request POST https://api.deepseek.com/chat/completions
[18:03:14 INF] System.Net.Http.HttpClient.DeepSeek.ClientHandler Sending HTTP request POST https://api.deepseek.com/chat/completions
[18:03:14 INF] System.Net.Http.HttpClient.DeepSeek.ClientHandler Received HTTP response headers after 292.273ms - 200
[18:03:14 INF] System.Net.Http.HttpClient.DeepSeek.LogicalHandler End processing HTTP request after 292.6216ms - 200
[18:03:14 INF] System.Net.Http.HttpClient.DeepSeek.ClientHandler Received HTTP response headers after 278.3868ms - 200
[18:03:14 INF] System.Net.Http.HttpClient.DeepSeek.LogicalHandler End processing HTTP request after 278.7445ms - 200
[18:03:14 INF] System.Net.Http.HttpClient.DeepSeek.ClientHandler Received HTTP response headers after 282.6214ms - 200
[18:03:14 INF] System.Net.Http.HttpClient.DeepSeek.LogicalHandler End processing HTTP request after 282.9091ms - 200
[18:03:14 INF] System.Net.Http.HttpClient.DeepSeek.ClientHandler Received HTTP response headers after 283.1875ms - 200
[18:03:14 INF] System.Net.Http.HttpClient.DeepSeek.LogicalHandler End processing HTTP request after 283.5926ms - 200
[18:03:14 INF] System.Net.Http.HttpClient.DeepSeek.LogicalHandler Start processing HTTP request POST https://api.deepseek.com/chat/completions
[18:03:14 INF] System.Net.Http.HttpClient.DeepSeek.ClientHandler Sending HTTP request POST https://api.deepseek.com/chat/completions
[18:03:15 INF] System.Net.Http.HttpClient.DeepSeek.LogicalHandler Start processing HTTP request POST https://api.deepseek.com/chat/completions
[18:03:15 INF] System.Net.Http.HttpClient.DeepSeek.ClientHandler Sending HTTP request POST https://api.deepseek.com/chat/completions
[18:03:15 INF] System.Net.Http.HttpClient.DeepSeek.ClientHandler Received HTTP response headers after 282.6464ms - 200
[18:03:15 INF] System.Net.Http.HttpClient.DeepSeek.LogicalHandler End processing HTTP request after 283.3454ms - 200
[18:03:15 INF] System.Net.Http.HttpClient.DeepSeek.LogicalHandler Start processing HTTP request POST https://api.deepseek.com/chat/completions
[18:03:15 INF] System.Net.Http.HttpClient.DeepSeek.ClientHandler Sending HTTP request POST https://api.deepseek.com/chat/completions
[18:03:15 INF] System.Net.Http.HttpClient.DeepSeek.ClientHandler Received HTTP response headers after 294.2132ms - 200
[18:03:15 INF] System.Net.Http.HttpClient.DeepSeek.LogicalHandler End processing HTTP request after 296.515ms - 200
[18:03:15 INF] System.Net.Http.HttpClient.DeepSeek.LogicalHandler Start processing HTTP request POST https://api.deepseek.com/chat/completions
[18:03:15 INF] System.Net.Http.HttpClient.DeepSeek.ClientHandler Sending HTTP request POST https://api.deepseek.com/chat/completions
[18:03:15 INF] System.Net.Http.HttpClient.DeepSeek.ClientHandler Received HTTP response headers after 275.0161ms - 200
[18:03:15 INF] System.Net.Http.HttpClient.DeepSeek.LogicalHandler End processing HTTP request after 275.6362ms - 200
[18:03:15 INF] System.Net.Http.HttpClient.DeepSeek.LogicalHandler Start processing HTTP request POST https://api.deepseek.com/chat/completions
[18:03:15 INF] System.Net.Http.HttpClient.DeepSeek.ClientHandler Sending HTTP request POST https://api.deepseek.com/chat/completions
[18:03:15 INF] System.Net.Http.HttpClient.DeepSeek.LogicalHandler Start processing HTTP request POST https://api.deepseek.com/chat/completions
[18:03:15 INF] System.Net.Http.HttpClient.DeepSeek.ClientHandler Sending HTTP request POST https://api.deepseek.com/chat/completions
[18:03:15 INF] System.Net.Http.HttpClient.DeepSeek.LogicalHandler Start processing HTTP request POST https://api.deepseek.com/chat/completions
[18:03:15 INF] System.Net.Http.HttpClient.DeepSeek.ClientHandler Sending HTTP request POST https://api.deepseek.com/chat/completions
[18:03:15 INF] System.Net.Http.HttpClient.DeepSeek.ClientHandler Received HTTP response headers after 306.2996ms - 200
[18:03:15 INF] System.Net.Http.HttpClient.DeepSeek.LogicalHandler End processing HTTP request after 306.779ms - 200
[18:03:15 INF] System.Net.Http.HttpClient.DeepSeek.ClientHandler Received HTTP response headers after 271.9092ms - 200
[18:03:15 INF] System.Net.Http.HttpClient.DeepSeek.LogicalHandler End processing HTTP request after 272.2516ms - 200
[18:03:15 INF] System.Net.Http.HttpClient.DeepSeek.LogicalHandler Start processing HTTP request POST https://api.deepseek.com/chat/completions
[18:03:15 INF] System.Net.Http.HttpClient.DeepSeek.ClientHandler Sending HTTP request POST https://api.deepseek.com/chat/completions
[18:03:15 INF] System.Net.Http.HttpClient.DeepSeek.LogicalHandler Start processing HTTP request POST https://api.deepseek.com/chat/completions
[18:03:15 INF] System.Net.Http.HttpClient.DeepSeek.ClientHandler Sending HTTP request POST https://api.deepseek.com/chat/completions
[18:03:15 INF] System.Net.Http.HttpClient.DeepSeek.LogicalHandler Start processing HTTP request POST https://api.deepseek.com/chat/completions
[18:03:15 INF] System.Net.Http.HttpClient.DeepSeek.ClientHandler Sending HTTP request POST https://api.deepseek.com/chat/completions
[18:03:15 INF] System.Net.Http.HttpClient.DeepSeek.ClientHandler Received HTTP response headers after 279.0115ms - 200
[18:03:15 INF] System.Net.Http.HttpClient.DeepSeek.LogicalHandler End processing HTTP request after 279.5883ms - 200
[18:03:15 INF] System.Net.Http.HttpClient.DeepSeek.ClientHandler Received HTTP response headers after 293.3777ms - 200
[18:03:15 INF] System.Net.Http.HttpClient.DeepSeek.LogicalHandler End processing HTTP request after 293.9717ms - 200
[18:03:15 INF] System.Net.Http.HttpClient.DeepSeek.ClientHandler Received HTTP response headers after 301.7829ms - 200
[18:03:15 INF] System.Net.Http.HttpClient.DeepSeek.LogicalHandler End processing HTTP request after 302.2517ms - 200
[18:03:15 INF] System.Net.Http.HttpClient.DeepSeek.LogicalHandler Start processing HTTP request POST https://api.deepseek.com/chat/completions
[18:03:15 INF] System.Net.Http.HttpClient.DeepSeek.ClientHandler Sending HTTP request POST https://api.deepseek.com/chat/completions
[18:03:15 INF] System.Net.Http.HttpClient.DeepSeek.ClientHandler Received HTTP response headers after 282.8555ms - 200
[18:03:15 INF] System.Net.Http.HttpClient.DeepSeek.LogicalHandler End processing HTTP request after 283.2062ms - 200
[18:03:15 INF] System.Net.Http.HttpClient.DeepSeek.ClientHandler Received HTTP response headers after 281.8744ms - 200
[18:03:15 INF] System.Net.Http.HttpClient.DeepSeek.LogicalHandler End processing HTTP request after 282.2784ms - 200
[18:03:15 INF] System.Net.Http.HttpClient.DeepSeek.ClientHandler Received HTTP response headers after 294.3824ms - 200
[18:03:15 INF] System.Net.Http.HttpClient.DeepSeek.LogicalHandler End processing HTTP request after 294.8345ms - 200
[18:03:15 INF] System.Net.Http.HttpClient.DeepSeek.LogicalHandler Start processing HTTP request POST https://api.deepseek.com/chat/completions
[18:03:15 INF] System.Net.Http.HttpClient.DeepSeek.ClientHandler Sending HTTP request POST https://api.deepseek.com/chat/completions
[18:03:16 INF] System.Net.Http.HttpClient.DeepSeek.ClientHandler Received HTTP response headers after 276.2156ms - 200
[18:03:16 INF] System.Net.Http.HttpClient.DeepSeek.LogicalHandler End processing HTTP request after 276.7969ms - 200
[18:03:16 INF] System.Net.Http.HttpClient.DeepSeek.LogicalHandler Start processing HTTP request POST https://api.deepseek.com/chat/completions
[18:03:16 INF] System.Net.Http.HttpClient.DeepSeek.ClientHandler Sending HTTP request POST https://api.deepseek.com/chat/completions
[18:03:16 INF] System.Net.Http.HttpClient.DeepSeek.ClientHandler Received HTTP response headers after 278.4555ms - 200
[18:03:16 INF] System.Net.Http.HttpClient.DeepSeek.LogicalHandler End processing HTTP request after 278.9604ms - 200
[18:03:16 INF] System.Net.Http.HttpClient.DeepSeek.LogicalHandler Start processing HTTP request POST https://api.deepseek.com/chat/completions
[18:03:16 INF] System.Net.Http.HttpClient.DeepSeek.ClientHandler Sending HTTP request POST https://api.deepseek.com/chat/completions
[18:03:16 INF] System.Net.Http.HttpClient.DeepSeek.ClientHandler Received HTTP response headers after 285.2415ms - 200
[18:03:16 INF] System.Net.Http.HttpClient.DeepSeek.LogicalHandler End processing HTTP request after 285.8735ms - 200
[18:03:16 INF] System.Net.Http.HttpClient.DeepSeek.LogicalHandler Start processing HTTP request POST https://api.deepseek.com/chat/completions
[18:03:16 INF] System.Net.Http.HttpClient.DeepSeek.ClientHandler Sending HTTP request POST https://api.deepseek.com/chat/completions
[18:03:16 INF] System.Net.Http.HttpClient.DeepSeek.ClientHandler Received HTTP response headers after 323.4204ms - 200
[18:03:16 INF] System.Net.Http.HttpClient.DeepSeek.LogicalHandler End processing HTTP request after 323.7633ms - 200
[18:03:16 INF] System.Net.Http.HttpClient.DeepSeek.LogicalHandler Start processing HTTP request POST https://api.deepseek.com/chat/completions
[18:03:16 INF] System.Net.Http.HttpClient.DeepSeek.ClientHandler Sending HTTP request POST https://api.deepseek.com/chat/completions
[18:03:16 INF] System.Net.Http.HttpClient.DeepSeek.LogicalHandler Start processing HTTP request POST https://api.deepseek.com/chat/completions
[18:03:16 INF] System.Net.Http.HttpClient.DeepSeek.ClientHandler Sending HTTP request POST https://api.deepseek.com/chat/completions
[18:03:16 INF] System.Net.Http.HttpClient.DeepSeek.LogicalHandler Start processing HTTP request POST https://api.deepseek.com/chat/completions
[18:03:16 INF] System.Net.Http.HttpClient.DeepSeek.ClientHandler Sending HTTP request POST https://api.deepseek.com/chat/completions
[18:03:16 INF] System.Net.Http.HttpClient.DeepSeek.LogicalHandler Start processing HTTP request POST https://api.deepseek.com/chat/completions
[18:03:16 INF] System.Net.Http.HttpClient.DeepSeek.ClientHandler Sending HTTP request POST https://api.deepseek.com/chat/completions
[18:03:16 INF] System.Net.Http.HttpClient.DeepSeek.LogicalHandler Start processing HTTP request POST https://api.deepseek.com/chat/completions
[18:03:16 INF] System.Net.Http.HttpClient.DeepSeek.ClientHandler Sending HTTP request POST https://api.deepseek.com/chat/completions
[18:03:16 INF] System.Net.Http.HttpClient.DeepSeek.ClientHandler Received HTTP response headers after 284.615ms - 200
[18:03:16 INF] System.Net.Http.HttpClient.DeepSeek.LogicalHandler End processing HTTP request after 284.8942ms - 200
[18:03:16 INF] System.Net.Http.HttpClient.DeepSeek.ClientHandler Received HTTP response headers after 283.7213ms - 200
[18:03:16 INF] System.Net.Http.HttpClient.DeepSeek.LogicalHandler End processing HTTP request after 284.0482ms - 200
[18:03:16 INF] System.Net.Http.HttpClient.DeepSeek.ClientHandler Received HTTP response headers after 307.709ms - 200
[18:03:16 INF] System.Net.Http.HttpClient.DeepSeek.LogicalHandler End processing HTTP request after 308.119ms - 200
[18:03:17 INF] System.Net.Http.HttpClient.DeepSeek.LogicalHandler Start processing HTTP request POST https://api.deepseek.com/chat/completions
[18:03:17 INF] System.Net.Http.HttpClient.DeepSeek.ClientHandler Sending HTTP request POST https://api.deepseek.com/chat/completions
[18:03:17 INF] System.Net.Http.HttpClient.DeepSeek.ClientHandler Received HTTP response headers after 285.1828ms - 200
[18:03:17 INF] System.Net.Http.HttpClient.DeepSeek.LogicalHandler End processing HTTP request after 285.6372ms - 200
[18:03:17 INF] System.Net.Http.HttpClient.DeepSeek.ClientHandler Received HTTP response headers after 275.5465ms - 200
[18:03:17 INF] System.Net.Http.HttpClient.DeepSeek.LogicalHandler End processing HTTP request after 276.1678ms - 200
[18:03:17 INF] System.Net.Http.HttpClient.DeepSeek.ClientHandler Received HTTP response headers after 278.5645ms - 200
[18:03:17 INF] System.Net.Http.HttpClient.DeepSeek.LogicalHandler End processing HTTP request after 279.0502ms - 200
[18:03:17 INF] System.Net.Http.HttpClient.DeepSeek.ClientHandler Received HTTP response headers after 277.1617ms - 200
[18:03:17 INF] System.Net.Http.HttpClient.DeepSeek.LogicalHandler End processing HTTP request after 277.8115ms - 200
[18:03:17 INF] System.Net.Http.HttpClient.DeepSeek.LogicalHandler Start processing HTTP request POST https://api.deepseek.com/chat/completions
[18:03:17 INF] System.Net.Http.HttpClient.DeepSeek.ClientHandler Sending HTTP request POST https://api.deepseek.com/chat/completions
[18:03:17 INF] System.Net.Http.HttpClient.DeepSeek.LogicalHandler Start processing HTTP request POST https://api.deepseek.com/chat/completions
[18:03:17 INF] System.Net.Http.HttpClient.DeepSeek.ClientHandler Sending HTTP request POST https://api.deepseek.com/chat/completions
[18:03:17 INF] System.Net.Http.HttpClient.DeepSeek.LogicalHandler Start processing HTTP request POST https://api.deepseek.com/chat/completions
[18:03:17 INF] System.Net.Http.HttpClient.DeepSeek.ClientHandler Sending HTTP request POST https://api.deepseek.com/chat/completions
[18:03:17 INF] System.Net.Http.HttpClient.DeepSeek.ClientHandler Received HTTP response headers after 280.2313ms - 200
[18:03:17 INF] System.Net.Http.HttpClient.DeepSeek.LogicalHandler End processing HTTP request after 282.9607ms - 200
[18:03:17 INF] System.Net.Http.HttpClient.DeepSeek.ClientHandler Received HTTP response headers after 286.0996ms - 200
[18:03:17 INF] System.Net.Http.HttpClient.DeepSeek.LogicalHandler End processing HTTP request after 286.5264ms - 200
[18:03:17 INF] System.Net.Http.HttpClient.DeepSeek.LogicalHandler Start processing HTTP request POST https://api.deepseek.com/chat/completions
[18:03:17 INF] System.Net.Http.HttpClient.DeepSeek.ClientHandler Sending HTTP request POST https://api.deepseek.com/chat/completions
[18:03:17 INF] System.Net.Http.HttpClient.DeepSeek.ClientHandler Received HTTP response headers after 283.3442ms - 200
[18:03:17 INF] System.Net.Http.HttpClient.DeepSeek.LogicalHandler End processing HTTP request after 283.7982ms - 200
[18:03:17 INF] System.Net.Http.HttpClient.DeepSeek.LogicalHandler Start processing HTTP request POST https://api.deepseek.com/chat/completions
[18:03:17 INF] System.Net.Http.HttpClient.DeepSeek.ClientHandler Sending HTTP request POST https://api.deepseek.com/chat/completions
[18:03:17 INF] System.Net.Http.HttpClient.DeepSeek.LogicalHandler Start processing HTTP request POST https://api.deepseek.com/chat/completions
[18:03:17 INF] System.Net.Http.HttpClient.DeepSeek.ClientHandler Sending HTTP request POST https://api.deepseek.com/chat/completions
[18:03:17 INF] System.Net.Http.HttpClient.DeepSeek.LogicalHandler Start processing HTTP request POST https://api.deepseek.com/chat/completions
[18:03:17 INF] System.Net.Http.HttpClient.DeepSeek.ClientHandler Sending HTTP request POST https://api.deepseek.com/chat/completions
[18:03:18 INF] System.Net.Http.HttpClient.DeepSeek.LogicalHandler Start processing HTTP request POST https://api.deepseek.com/chat/completions
[18:03:18 INF] System.Net.Http.HttpClient.DeepSeek.ClientHandler Sending HTTP request POST https://api.deepseek.com/chat/completions
[18:03:18 INF] System.Net.Http.HttpClient.DeepSeek.LogicalHandler Start processing HTTP request POST https://api.deepseek.com/chat/completions
[18:03:18 INF] System.Net.Http.HttpClient.DeepSeek.ClientHandler Sending HTTP request POST https://api.deepseek.com/chat/completions
[18:03:18 INF] System.Net.Http.HttpClient.DeepSeek.ClientHandler Received HTTP response headers after 294.4177ms - 200
[18:03:18 INF] System.Net.Http.HttpClient.DeepSeek.LogicalHandler End processing HTTP request after 294.9462ms - 200
[18:03:18 INF] System.Net.Http.HttpClient.DeepSeek.LogicalHandler Start processing HTTP request POST https://api.deepseek.com/chat/completions
[18:03:18 INF] System.Net.Http.HttpClient.DeepSeek.ClientHandler Sending HTTP request POST https://api.deepseek.com/chat/completions
[18:03:18 INF] System.Net.Http.HttpClient.DeepSeek.ClientHandler Received HTTP response headers after 284.8824ms - 200
[18:03:18 INF] System.Net.Http.HttpClient.DeepSeek.LogicalHandler End processing HTTP request after 285.368ms - 200
[18:03:18 INF] System.Net.Http.HttpClient.DeepSeek.ClientHandler Received HTTP response headers after 305.7792ms - 200
[18:03:18 INF] System.Net.Http.HttpClient.DeepSeek.LogicalHandler End processing HTTP request after 306.3165ms - 200
[18:03:18 INF] System.Net.Http.HttpClient.DeepSeek.ClientHandler Received HTTP response headers after 279.9945ms - 200
[18:03:18 INF] System.Net.Http.HttpClient.DeepSeek.LogicalHandler End processing HTTP request after 282.9036ms - 200
[18:03:18 INF] System.Net.Http.HttpClient.DeepSeek.LogicalHandler Start processing HTTP request POST https://api.deepseek.com/chat/completions
[18:03:18 INF] System.Net.Http.HttpClient.DeepSeek.ClientHandler Sending HTTP request POST https://api.deepseek.com/chat/completions
[18:03:18 INF] System.Net.Http.HttpClient.DeepSeek.ClientHandler Received HTTP response headers after 288.232ms - 200
[18:03:18 INF] System.Net.Http.HttpClient.DeepSeek.LogicalHandler End processing HTTP request after 288.7229ms - 200
[18:03:18 INF] System.Net.Http.HttpClient.DeepSeek.ClientHandler Received HTTP response headers after 294.2661ms - 200
[18:03:18 INF] System.Net.Http.HttpClient.DeepSeek.LogicalHandler End processing HTTP request after 294.7968ms - 200
[18:03:18 INF] System.Net.Http.HttpClient.DeepSeek.ClientHandler Received HTTP response headers after 298.0495ms - 200
[18:03:18 INF] System.Net.Http.HttpClient.DeepSeek.LogicalHandler End processing HTTP request after 299.2976ms - 200
[18:03:18 INF] System.Net.Http.HttpClient.DeepSeek.LogicalHandler Start processing HTTP request POST https://api.deepseek.com/chat/completions
[18:03:18 INF] System.Net.Http.HttpClient.DeepSeek.ClientHandler Sending HTTP request POST https://api.deepseek.com/chat/completions
[18:03:18 INF] System.Net.Http.HttpClient.DeepSeek.ClientHandler Received HTTP response headers after 282.4443ms - 200
[18:03:18 INF] System.Net.Http.HttpClient.DeepSeek.LogicalHandler End processing HTTP request after 282.7849ms - 200
[18:03:18 INF] System.Net.Http.HttpClient.DeepSeek.LogicalHandler Start processing HTTP request POST https://api.deepseek.com/chat/completions
[18:03:18 INF] System.Net.Http.HttpClient.DeepSeek.ClientHandler Sending HTTP request POST https://api.deepseek.com/chat/completions
[18:03:18 INF] System.Net.Http.HttpClient.DeepSeek.LogicalHandler Start processing HTTP request POST https://api.deepseek.com/chat/completions
[18:03:18 INF] System.Net.Http.HttpClient.DeepSeek.ClientHandler Sending HTTP request POST https://api.deepseek.com/chat/completions
[18:03:18 INF] System.Net.Http.HttpClient.DeepSeek.LogicalHandler Start processing HTTP request POST https://api.deepseek.com/chat/completions
[18:03:18 INF] System.Net.Http.HttpClient.DeepSeek.ClientHandler Sending HTTP request POST https://api.deepseek.com/chat/completions
[18:03:18 INF] System.Net.Http.HttpClient.DeepSeek.LogicalHandler Start processing HTTP request POST https://api.deepseek.com/chat/completions
[18:03:18 INF] System.Net.Http.HttpClient.DeepSeek.ClientHandler Sending HTTP request POST https://api.deepseek.com/chat/completions
[18:03:18 INF] System.Net.Http.HttpClient.DeepSeek.ClientHandler Received HTTP response headers after 282.5791ms - 200
[18:03:18 INF] System.Net.Http.HttpClient.DeepSeek.LogicalHandler End processing HTTP request after 283.0856ms - 200
[18:03:18 INF] System.Net.Http.HttpClient.DeepSeek.ClientHandler Received HTTP response headers after 288.4ms - 200
[18:03:18 INF] System.Net.Http.HttpClient.DeepSeek.LogicalHandler End processing HTTP request after 288.7555ms - 200
[18:03:18 INF] System.Net.Http.HttpClient.DeepSeek.LogicalHandler Start processing HTTP request POST https://api.deepseek.com/chat/completions
[18:03:18 INF] System.Net.Http.HttpClient.DeepSeek.ClientHandler Sending HTTP request POST https://api.deepseek.com/chat/completions
[18:03:18 INF] System.Net.Http.HttpClient.DeepSeek.ClientHandler Received HTTP response headers after 291.6968ms - 200
[18:03:18 INF] System.Net.Http.HttpClient.DeepSeek.LogicalHandler End processing HTTP request after 292.0221ms - 200
[18:03:18 INF] System.Net.Http.HttpClient.DeepSeek.ClientHandler Received HTTP response headers after 325.4279ms - 200
[18:03:18 INF] System.Net.Http.HttpClient.DeepSeek.LogicalHandler End processing HTTP request after 325.711ms - 200
[18:03:19 INF] System.Net.Http.HttpClient.DeepSeek.ClientHandler Received HTTP response headers after 345.2437ms - 200
[18:03:19 INF] System.Net.Http.HttpClient.DeepSeek.LogicalHandler End processing HTTP request after 345.5857ms - 200
[18:03:19 INF] System.Net.Http.HttpClient.DeepSeek.LogicalHandler Start processing HTTP request POST https://api.deepseek.com/chat/completions
[18:03:19 INF] System.Net.Http.HttpClient.DeepSeek.ClientHandler Sending HTTP request POST https://api.deepseek.com/chat/completions
[18:03:19 INF] System.Net.Http.HttpClient.DeepSeek.LogicalHandler Start processing HTTP request POST https://api.deepseek.com/chat/completions
[18:03:19 INF] System.Net.Http.HttpClient.DeepSeek.ClientHandler Sending HTTP request POST https://api.deepseek.com/chat/completions
[18:03:19 INF] System.Net.Http.HttpClient.DeepSeek.ClientHandler Received HTTP response headers after 279.0902ms - 200
[18:03:19 INF] System.Net.Http.HttpClient.DeepSeek.LogicalHandler End processing HTTP request after 280.1029ms - 200
[18:03:19 INF] System.Net.Http.HttpClient.DeepSeek.LogicalHandler Start processing HTTP request POST https://api.deepseek.com/chat/completions
[18:03:19 INF] System.Net.Http.HttpClient.DeepSeek.ClientHandler Sending HTTP request POST https://api.deepseek.com/chat/completions
[18:03:19 INF] System.Net.Http.HttpClient.DeepSeek.LogicalHandler Start processing HTTP request POST https://api.deepseek.com/chat/completions
[18:03:19 INF] System.Net.Http.HttpClient.DeepSeek.ClientHandler Sending HTTP request POST https://api.deepseek.com/chat/completions
[18:03:19 INF] System.Net.Http.HttpClient.DeepSeek.ClientHandler Received HTTP response headers after 283.9001ms - 200
[18:03:19 INF] System.Net.Http.HttpClient.DeepSeek.LogicalHandler End processing HTTP request after 284.4439ms - 200
[18:03:19 INF] System.Net.Http.HttpClient.DeepSeek.LogicalHandler Start processing HTTP request POST https://api.deepseek.com/chat/completions
[18:03:19 INF] System.Net.Http.HttpClient.DeepSeek.ClientHandler Sending HTTP request POST https://api.deepseek.com/chat/completions
[18:03:19 INF] System.Net.Http.HttpClient.DeepSeek.ClientHandler Received HTTP response headers after 279.8323ms - 200
[18:03:19 INF] System.Net.Http.HttpClient.DeepSeek.LogicalHandler End processing HTTP request after 280.391ms - 200
[18:03:19 INF] System.Net.Http.HttpClient.DeepSeek.LogicalHandler Start processing HTTP request POST https://api.deepseek.com/chat/completions
[18:03:19 INF] System.Net.Http.HttpClient.DeepSeek.ClientHandler Sending HTTP request POST https://api.deepseek.com/chat/completions
[18:03:19 INF] System.Net.Http.HttpClient.DeepSeek.ClientHandler Received HTTP response headers after 281.2321ms - 200
[18:03:19 INF] System.Net.Http.HttpClient.DeepSeek.LogicalHandler End processing HTTP request after 281.6555ms - 200
[18:03:19 INF] System.Net.Http.HttpClient.DeepSeek.ClientHandler Received HTTP response headers after 281.7611ms - 200
[18:03:19 INF] System.Net.Http.HttpClient.DeepSeek.LogicalHandler End processing HTTP request after 286.3811ms - 200
[18:03:19 INF] System.Net.Http.HttpClient.DeepSeek.LogicalHandler Start processing HTTP request POST https://api.deepseek.com/chat/completions
[18:03:19 INF] System.Net.Http.HttpClient.DeepSeek.ClientHandler Sending HTTP request POST https://api.deepseek.com/chat/completions
[18:03:19 INF] System.Net.Http.HttpClient.DeepSeek.ClientHandler Received HTTP response headers after 290.1827ms - 200
[18:03:19 INF] System.Net.Http.HttpClient.DeepSeek.LogicalHandler End processing HTTP request after 291.0687ms - 200
[18:03:19 INF] System.Net.Http.HttpClient.DeepSeek.ClientHandler Received HTTP response headers after 276.2786ms - 200
[18:03:19 INF] System.Net.Http.HttpClient.DeepSeek.LogicalHandler End processing HTTP request after 276.6003ms - 200
[18:03:19 INF] System.Net.Http.HttpClient.DeepSeek.ClientHandler Received HTTP response headers after 300.0257ms - 200
[18:03:19 INF] System.Net.Http.HttpClient.DeepSeek.LogicalHandler End processing HTTP request after 300.3438ms - 200
[18:03:20 INF] System.Net.Http.HttpClient.DeepSeek.LogicalHandler Start processing HTTP request POST https://api.deepseek.com/chat/completions
[18:03:20 INF] System.Net.Http.HttpClient.DeepSeek.ClientHandler Sending HTTP request POST https://api.deepseek.com/chat/completions
[18:03:20 INF] System.Net.Http.HttpClient.DeepSeek.LogicalHandler Start processing HTTP request POST https://api.deepseek.com/chat/completions
[18:03:20 INF] System.Net.Http.HttpClient.DeepSeek.ClientHandler Sending HTTP request POST https://api.deepseek.com/chat/completions
[18:03:20 INF] System.Net.Http.HttpClient.DeepSeek.ClientHandler Received HTTP response headers after 285.398ms - 200
[18:03:20 INF] System.Net.Http.HttpClient.DeepSeek.LogicalHandler End processing HTTP request after 287.1975ms - 200
[18:03:20 INF] System.Net.Http.HttpClient.DeepSeek.LogicalHandler Start processing HTTP request POST https://api.deepseek.com/chat/completions
[18:03:20 INF] System.Net.Http.HttpClient.DeepSeek.ClientHandler Sending HTTP request POST https://api.deepseek.com/chat/completions
[18:03:20 INF] System.Net.Http.HttpClient.DeepSeek.ClientHandler Received HTTP response headers after 348.3247ms - 200
[18:03:20 INF] System.Net.Http.HttpClient.DeepSeek.LogicalHandler End processing HTTP request after 348.5976ms - 200
[18:03:20 INF] System.Net.Http.HttpClient.DeepSeek.LogicalHandler Start processing HTTP request POST https://api.deepseek.com/chat/completions
[18:03:20 INF] System.Net.Http.HttpClient.DeepSeek.ClientHandler Sending HTTP request POST https://api.deepseek.com/chat/completions
[18:03:20 INF] System.Net.Http.HttpClient.DeepSeek.ClientHandler Received HTTP response headers after 283.6208ms - 200
[18:03:20 INF] System.Net.Http.HttpClient.DeepSeek.LogicalHandler End processing HTTP request after 283.9553ms - 200
[18:03:20 INF] System.Net.Http.HttpClient.DeepSeek.LogicalHandler Start processing HTTP request POST https://api.deepseek.com/chat/completions
[18:03:20 INF] System.Net.Http.HttpClient.DeepSeek.ClientHandler Sending HTTP request POST https://api.deepseek.com/chat/completions
[18:03:20 INF] System.Net.Http.HttpClient.DeepSeek.LogicalHandler Start processing HTTP request POST https://api.deepseek.com/chat/completions
[18:03:20 INF] System.Net.Http.HttpClient.DeepSeek.ClientHandler Sending HTTP request POST https://api.deepseek.com/chat/completions
[18:03:20 INF] System.Net.Http.HttpClient.DeepSeek.LogicalHandler Start processing HTTP request POST https://api.deepseek.com/chat/completions
[18:03:20 INF] System.Net.Http.HttpClient.DeepSeek.ClientHandler Sending HTTP request POST https://api.deepseek.com/chat/completions
[18:03:20 INF] System.Net.Http.HttpClient.DeepSeek.ClientHandler Received HTTP response headers after 289.8599ms - 200
[18:03:20 INF] System.Net.Http.HttpClient.DeepSeek.LogicalHandler End processing HTTP request after 290.2497ms - 200
[18:03:21 INF] System.Net.Http.HttpClient.DeepSeek.LogicalHandler Start processing HTTP request POST https://api.deepseek.com/chat/completions
[18:03:21 INF] System.Net.Http.HttpClient.DeepSeek.ClientHandler Sending HTTP request POST https://api.deepseek.com/chat/completions
[18:03:21 INF] System.Net.Http.HttpClient.DeepSeek.LogicalHandler Start processing HTTP request POST https://api.deepseek.com/chat/completions
[18:03:21 INF] System.Net.Http.HttpClient.DeepSeek.ClientHandler Sending HTTP request POST https://api.deepseek.com/chat/completions
[18:03:21 INF] System.Net.Http.HttpClient.DeepSeek.ClientHandler Received HTTP response headers after 280.0092ms - 200
[18:03:21 INF] System.Net.Http.HttpClient.DeepSeek.LogicalHandler End processing HTTP request after 280.485ms - 200
[18:03:21 INF] System.Net.Http.HttpClient.DeepSeek.LogicalHandler Start processing HTTP request POST https://api.deepseek.com/chat/completions
[18:03:21 INF] System.Net.Http.HttpClient.DeepSeek.ClientHandler Sending HTTP request POST https://api.deepseek.com/chat/completions
[18:03:21 INF] System.Net.Http.HttpClient.DeepSeek.ClientHandler Received HTTP response headers after 276.9712ms - 200
[18:03:21 INF] System.Net.Http.HttpClient.DeepSeek.LogicalHandler End processing HTTP request after 277.7463ms - 200
[18:03:21 INF] System.Net.Http.HttpClient.DeepSeek.ClientHandler Received HTTP response headers after 275.061ms - 200
[18:03:21 INF] System.Net.Http.HttpClient.DeepSeek.LogicalHandler End processing HTTP request after 275.811ms - 200
[18:03:21 INF] System.Net.Http.HttpClient.DeepSeek.ClientHandler Received HTTP response headers after 286.4338ms - 200
[18:03:21 INF] System.Net.Http.HttpClient.DeepSeek.LogicalHandler End processing HTTP request after 287.3788ms - 200
[18:03:21 INF] System.Net.Http.HttpClient.DeepSeek.ClientHandler Received HTTP response headers after 290.6439ms - 200
[18:03:21 INF] System.Net.Http.HttpClient.DeepSeek.LogicalHandler End processing HTTP request after 291.2178ms - 200
[18:03:21 INF] System.Net.Http.HttpClient.DeepSeek.LogicalHandler Start processing HTTP request POST https://api.deepseek.com/chat/completions
[18:03:21 INF] System.Net.Http.HttpClient.DeepSeek.ClientHandler Sending HTTP request POST https://api.deepseek.com/chat/completions
[18:03:21 INF] System.Net.Http.HttpClient.DeepSeek.LogicalHandler Start processing HTTP request POST https://api.deepseek.com/chat/completions
[18:03:21 INF] System.Net.Http.HttpClient.DeepSeek.ClientHandler Sending HTTP request POST https://api.deepseek.com/chat/completions
[18:03:21 INF] System.Net.Http.HttpClient.DeepSeek.LogicalHandler Start processing HTTP request POST https://api.deepseek.com/chat/completions
[18:03:21 INF] System.Net.Http.HttpClient.DeepSeek.ClientHandler Sending HTTP request POST https://api.deepseek.com/chat/completions
[18:03:21 INF] System.Net.Http.HttpClient.DeepSeek.ClientHandler Received HTTP response headers after 348.2497ms - 200
[18:03:21 INF] System.Net.Http.HttpClient.DeepSeek.LogicalHandler End processing HTTP request after 348.7896ms - 200
[18:03:21 INF] System.Net.Http.HttpClient.DeepSeek.LogicalHandler Start processing HTTP request POST https://api.deepseek.com/chat/completions
[18:03:21 INF] System.Net.Http.HttpClient.DeepSeek.ClientHandler Sending HTTP request POST https://api.deepseek.com/chat/completions
[18:03:21 INF] System.Net.Http.HttpClient.DeepSeek.LogicalHandler Start processing HTTP request POST https://api.deepseek.com/chat/completions
[18:03:21 INF] System.Net.Http.HttpClient.DeepSeek.ClientHandler Sending HTTP request POST https://api.deepseek.com/chat/completions
[18:03:21 INF] System.Net.Http.HttpClient.DeepSeek.ClientHandler Received HTTP response headers after 286.2332ms - 200
[18:03:21 INF] System.Net.Http.HttpClient.DeepSeek.LogicalHandler End processing HTTP request after 286.5632ms - 200
[18:03:21 INF] System.Net.Http.HttpClient.DeepSeek.ClientHandler Received HTTP response headers after 278.1142ms - 200
[18:03:21 INF] System.Net.Http.HttpClient.DeepSeek.LogicalHandler End processing HTTP request after 278.574ms - 200
[18:03:21 INF] System.Net.Http.HttpClient.DeepSeek.LogicalHandler Start processing HTTP request POST https://api.deepseek.com/chat/completions
[18:03:21 INF] System.Net.Http.HttpClient.DeepSeek.ClientHandler Sending HTTP request POST https://api.deepseek.com/chat/completions
[18:03:21 INF] System.Net.Http.HttpClient.DeepSeek.ClientHandler Received HTTP response headers after 291.2584ms - 200
[18:03:21 INF] System.Net.Http.HttpClient.DeepSeek.LogicalHandler End processing HTTP request after 294.2412ms - 200
[18:03:21 INF] System.Net.Http.HttpClient.DeepSeek.ClientHandler Received HTTP response headers after 278.5889ms - 200
[18:03:21 INF] System.Net.Http.HttpClient.DeepSeek.LogicalHandler End processing HTTP request after 278.9094ms - 200
[18:03:21 INF] System.Net.Http.HttpClient.DeepSeek.LogicalHandler Start processing HTTP request POST https://api.deepseek.com/chat/completions
[18:03:21 INF] System.Net.Http.HttpClient.DeepSeek.ClientHandler Sending HTTP request POST https://api.deepseek.com/chat/completions
[18:03:21 INF] System.Net.Http.HttpClient.DeepSeek.LogicalHandler Start processing HTTP request POST https://api.deepseek.com/chat/completions
[18:03:21 INF] System.Net.Http.HttpClient.DeepSeek.ClientHandler Sending HTTP request POST https://api.deepseek.com/chat/completions
[18:03:21 INF] System.Net.Http.HttpClient.DeepSeek.ClientHandler Received HTTP response headers after 277.7775ms - 200
[18:03:21 INF] System.Net.Http.HttpClient.DeepSeek.LogicalHandler End processing HTTP request after 277.998ms - 200
[18:03:22 INF] System.Net.Http.HttpClient.DeepSeek.ClientHandler Received HTTP response headers after 293.5754ms - 200
[18:03:22 INF] System.Net.Http.HttpClient.DeepSeek.LogicalHandler End processing HTTP request after 293.9237ms - 200
[18:03:22 INF] System.Net.Http.HttpClient.DeepSeek.LogicalHandler Start processing HTTP request POST https://api.deepseek.com/chat/completions
[18:03:22 INF] System.Net.Http.HttpClient.DeepSeek.ClientHandler Sending HTTP request POST https://api.deepseek.com/chat/completions
[18:03:22 INF] System.Net.Http.HttpClient.DeepSeek.LogicalHandler Start processing HTTP request POST https://api.deepseek.com/chat/completions
[18:03:22 INF] System.Net.Http.HttpClient.DeepSeek.ClientHandler Sending HTTP request POST https://api.deepseek.com/chat/completions
[18:03:22 INF] System.Net.Http.HttpClient.DeepSeek.ClientHandler Received HTTP response headers after 283.413ms - 200
[18:03:22 INF] System.Net.Http.HttpClient.DeepSeek.LogicalHandler End processing HTTP request after 283.6233ms - 200
[18:03:22 INF] System.Net.Http.HttpClient.DeepSeek.ClientHandler Received HTTP response headers after 275.0115ms - 200
[18:03:22 INF] System.Net.Http.HttpClient.DeepSeek.LogicalHandler End processing HTTP request after 275.1885ms - 200
[18:03:22 INF] System.Net.Http.HttpClient.DeepSeek.LogicalHandler Start processing HTTP request POST https://api.deepseek.com/chat/completions
[18:03:22 INF] System.Net.Http.HttpClient.DeepSeek.ClientHandler Sending HTTP request POST https://api.deepseek.com/chat/completions
[18:03:22 INF] System.Net.Http.HttpClient.DeepSeek.LogicalHandler Start processing HTTP request POST https://api.deepseek.com/chat/completions
[18:03:22 INF] System.Net.Http.HttpClient.DeepSeek.ClientHandler Sending HTTP request POST https://api.deepseek.com/chat/completions
[18:03:22 INF] System.Net.Http.HttpClient.DeepSeek.ClientHandler Received HTTP response headers after 276.9448ms - 200
[18:03:22 INF] System.Net.Http.HttpClient.DeepSeek.LogicalHandler End processing HTTP request after 277.2428ms - 200
[18:03:22 INF] System.Net.Http.HttpClient.DeepSeek.ClientHandler Received HTTP response headers after 295.691ms - 200
[18:03:22 INF] System.Net.Http.HttpClient.DeepSeek.LogicalHandler End processing HTTP request after 295.9976ms - 200
[18:03:22 INF] System.Net.Http.HttpClient.DeepSeek.LogicalHandler Start processing HTTP request POST https://api.deepseek.com/chat/completions
[18:03:22 INF] System.Net.Http.HttpClient.DeepSeek.ClientHandler Sending HTTP request POST https://api.deepseek.com/chat/completions
[18:03:22 INF] System.Net.Http.HttpClient.DeepSeek.ClientHandler Received HTTP response headers after 310.5965ms - 200
[18:03:22 INF] System.Net.Http.HttpClient.DeepSeek.LogicalHandler End processing HTTP request after 310.88ms - 200
[18:03:22 INF] System.Net.Http.HttpClient.DeepSeek.ClientHandler Received HTTP response headers after 281.8027ms - 200
[18:03:22 INF] System.Net.Http.HttpClient.DeepSeek.LogicalHandler End processing HTTP request after 282.3443ms - 200
[18:03:22 INF] System.Net.Http.HttpClient.DeepSeek.LogicalHandler Start processing HTTP request POST https://api.deepseek.com/chat/completions
[18:03:22 INF] System.Net.Http.HttpClient.DeepSeek.ClientHandler Sending HTTP request POST https://api.deepseek.com/chat/completions
[18:03:22 INF] System.Net.Http.HttpClient.DeepSeek.ClientHandler Received HTTP response headers after 301.4085ms - 200
[18:03:22 INF] System.Net.Http.HttpClient.DeepSeek.LogicalHandler End processing HTTP request after 302.0534ms - 200
[18:03:22 INF] System.Net.Http.HttpClient.DeepSeek.LogicalHandler Start processing HTTP request POST https://api.deepseek.com/chat/completions
[18:03:22 INF] System.Net.Http.HttpClient.DeepSeek.ClientHandler Sending HTTP request POST https://api.deepseek.com/chat/completions
[18:03:23 INF] System.Net.Http.HttpClient.DeepSeek.ClientHandler Received HTTP response headers after 295.592ms - 200
[18:03:23 INF] System.Net.Http.HttpClient.DeepSeek.LogicalHandler End processing HTTP request after 296.0587ms - 200
[18:03:23 INF] System.Net.Http.HttpClient.DeepSeek.ClientHandler Received HTTP response headers after 281.9197ms - 200
[18:03:23 INF] System.Net.Http.HttpClient.DeepSeek.LogicalHandler End processing HTTP request after 282.3677ms - 200
[18:03:23 INF] System.Net.Http.HttpClient.DeepSeek.LogicalHandler Start processing HTTP request POST https://api.deepseek.com/chat/completions
[18:03:23 INF] System.Net.Http.HttpClient.DeepSeek.ClientHandler Sending HTTP request POST https://api.deepseek.com/chat/completions
[18:03:23 INF] System.Net.Http.HttpClient.DeepSeek.LogicalHandler Start processing HTTP request POST https://api.deepseek.com/chat/completions
[18:03:23 INF] System.Net.Http.HttpClient.DeepSeek.ClientHandler Sending HTTP request POST https://api.deepseek.com/chat/completions
[18:03:23 INF] System.Net.Http.HttpClient.DeepSeek.LogicalHandler Start processing HTTP request POST https://api.deepseek.com/chat/completions
[18:03:23 INF] System.Net.Http.HttpClient.DeepSeek.ClientHandler Sending HTTP request POST https://api.deepseek.com/chat/completions
[18:03:23 INF] System.Net.Http.HttpClient.DeepSeek.LogicalHandler Start processing HTTP request POST https://api.deepseek.com/chat/completions
[18:03:23 INF] System.Net.Http.HttpClient.DeepSeek.ClientHandler Sending HTTP request POST https://api.deepseek.com/chat/completions
[18:03:23 INF] System.Net.Http.HttpClient.DeepSeek.LogicalHandler Start processing HTTP request POST https://api.deepseek.com/chat/completions
[18:03:23 INF] System.Net.Http.HttpClient.DeepSeek.ClientHandler Sending HTTP request POST https://api.deepseek.com/chat/completions
[18:03:23 INF] System.Net.Http.HttpClient.DeepSeek.ClientHandler Received HTTP response headers after 286.2622ms - 200
[18:03:23 INF] System.Net.Http.HttpClient.DeepSeek.LogicalHandler End processing HTTP request after 286.8722ms - 200
[18:03:23 INF] System.Net.Http.HttpClient.DeepSeek.ClientHandler Received HTTP response headers after 283.1956ms - 200
[18:03:23 INF] System.Net.Http.HttpClient.DeepSeek.LogicalHandler End processing HTTP request after 283.6737ms - 200
[18:03:23 INF] System.Net.Http.HttpClient.DeepSeek.LogicalHandler Start processing HTTP request POST https://api.deepseek.com/chat/completions
[18:03:23 INF] System.Net.Http.HttpClient.DeepSeek.ClientHandler Sending HTTP request POST https://api.deepseek.com/chat/completions
[18:03:23 INF] System.Net.Http.HttpClient.DeepSeek.ClientHandler Received HTTP response headers after 278.9419ms - 200
[18:03:23 INF] System.Net.Http.HttpClient.DeepSeek.LogicalHandler End processing HTTP request after 279.2634ms - 200
[18:03:23 INF] System.Net.Http.HttpClient.DeepSeek.ClientHandler Received HTTP response headers after 279.213ms - 200
[18:03:23 INF] System.Net.Http.HttpClient.DeepSeek.LogicalHandler End processing HTTP request after 279.5012ms - 200
[18:03:23 INF] System.Net.Http.HttpClient.DeepSeek.LogicalHandler Start processing HTTP request POST https://api.deepseek.com/chat/completions
[18:03:23 INF] System.Net.Http.HttpClient.DeepSeek.ClientHandler Sending HTTP request POST https://api.deepseek.com/chat/completions
[18:03:23 INF] System.Net.Http.HttpClient.DeepSeek.LogicalHandler Start processing HTTP request POST https://api.deepseek.com/chat/completions
[18:03:23 INF] System.Net.Http.HttpClient.DeepSeek.ClientHandler Sending HTTP request POST https://api.deepseek.com/chat/completions
[18:03:23 INF] System.Net.Http.HttpClient.DeepSeek.LogicalHandler Start processing HTTP request POST https://api.deepseek.com/chat/completions
[18:03:23 INF] System.Net.Http.HttpClient.DeepSeek.ClientHandler Sending HTTP request POST https://api.deepseek.com/chat/completions
[18:03:23 INF] System.Net.Http.HttpClient.DeepSeek.LogicalHandler Start processing HTTP request POST https://api.deepseek.com/chat/completions
[18:03:23 INF] System.Net.Http.HttpClient.DeepSeek.ClientHandler Sending HTTP request POST https://api.deepseek.com/chat/completions
[18:03:23 INF] System.Net.Http.HttpClient.DeepSeek.ClientHandler Received HTTP response headers after 283.3893ms - 200
[18:03:23 INF] System.Net.Http.HttpClient.DeepSeek.LogicalHandler End processing HTTP request after 283.764ms - 200
[18:03:23 INF] System.Net.Http.HttpClient.DeepSeek.LogicalHandler Start processing HTTP request POST https://api.deepseek.com/chat/completions
[18:03:23 INF] System.Net.Http.HttpClient.DeepSeek.ClientHandler Sending HTTP request POST https://api.deepseek.com/chat/completions
[18:03:23 INF] System.Net.Http.HttpClient.DeepSeek.LogicalHandler Start processing HTTP request POST https://api.deepseek.com/chat/completions
[18:03:23 INF] System.Net.Http.HttpClient.DeepSeek.ClientHandler Sending HTTP request POST https://api.deepseek.com/chat/completions
[18:03:24 INF] System.Net.Http.HttpClient.DeepSeek.ClientHandler Received HTTP response headers after 274.2304ms - 200
[18:03:24 INF] System.Net.Http.HttpClient.DeepSeek.LogicalHandler End processing HTTP request after 274.5004ms - 200
[18:03:24 INF] System.Net.Http.HttpClient.DeepSeek.ClientHandler Received HTTP response headers after 281.8308ms - 200
[18:03:24 INF] System.Net.Http.HttpClient.DeepSeek.LogicalHandler End processing HTTP request after 282.1216ms - 200
[18:03:24 INF] System.Net.Http.HttpClient.DeepSeek.ClientHandler Received HTTP response headers after 277.999ms - 200
[18:03:24 INF] System.Net.Http.HttpClient.DeepSeek.LogicalHandler End processing HTTP request after 278.2389ms - 200
[18:03:24 INF] System.Net.Http.HttpClient.DeepSeek.ClientHandler Received HTTP response headers after 289.8313ms - 200
[18:03:24 INF] System.Net.Http.HttpClient.DeepSeek.LogicalHandler End processing HTTP request after 289.9962ms - 200
[18:03:24 INF] System.Net.Http.HttpClient.DeepSeek.ClientHandler Received HTTP response headers after 281.1055ms - 200
[18:03:24 INF] System.Net.Http.HttpClient.DeepSeek.LogicalHandler End processing HTTP request after 281.2684ms - 200
[18:03:24 INF] System.Net.Http.HttpClient.DeepSeek.ClientHandler Received HTTP response headers after 274.5548ms - 200
[18:03:24 INF] System.Net.Http.HttpClient.DeepSeek.LogicalHandler End processing HTTP request after 274.8403ms - 200
[18:03:24 INF] System.Net.Http.HttpClient.DeepSeek.ClientHandler Received HTTP response headers after 304.2668ms - 200
[18:03:24 INF] System.Net.Http.HttpClient.DeepSeek.LogicalHandler End processing HTTP request after 304.6363ms - 200
[18:03:24 INF] System.Net.Http.HttpClient.DeepSeek.LogicalHandler Start processing HTTP request POST https://api.deepseek.com/chat/completions
[18:03:24 INF] System.Net.Http.HttpClient.DeepSeek.ClientHandler Sending HTTP request POST https://api.deepseek.com/chat/completions
[18:03:24 INF] System.Net.Http.HttpClient.DeepSeek.LogicalHandler Start processing HTTP request POST https://api.deepseek.com/chat/completions
[18:03:24 INF] System.Net.Http.HttpClient.DeepSeek.ClientHandler Sending HTTP request POST https://api.deepseek.com/chat/completions
[18:03:24 INF] System.Net.Http.HttpClient.DeepSeek.ClientHandler Received HTTP response headers after 274.4912ms - 200
[18:03:24 INF] System.Net.Http.HttpClient.DeepSeek.LogicalHandler End processing HTTP request after 274.924ms - 200
[18:03:24 INF] System.Net.Http.HttpClient.DeepSeek.ClientHandler Received HTTP response headers after 288.171ms - 200
[18:03:24 INF] System.Net.Http.HttpClient.DeepSeek.LogicalHandler End processing HTTP request after 288.6572ms - 200
[18:03:24 INF] System.Net.Http.HttpClient.DeepSeek.LogicalHandler Start processing HTTP request POST https://api.deepseek.com/chat/completions
[18:03:24 INF] System.Net.Http.HttpClient.DeepSeek.ClientHandler Sending HTTP request POST https://api.deepseek.com/chat/completions
[18:03:24 INF] System.Net.Http.HttpClient.DeepSeek.LogicalHandler Start processing HTTP request POST https://api.deepseek.com/chat/completions
[18:03:24 INF] System.Net.Http.HttpClient.DeepSeek.ClientHandler Sending HTTP request POST https://api.deepseek.com/chat/completions
[18:03:25 INF] System.Net.Http.HttpClient.DeepSeek.LogicalHandler Start processing HTTP request POST https://api.deepseek.com/chat/completions
[18:03:25 INF] System.Net.Http.HttpClient.DeepSeek.ClientHandler Sending HTTP request POST https://api.deepseek.com/chat/completions
[18:03:25 INF] System.Net.Http.HttpClient.DeepSeek.LogicalHandler Start processing HTTP request POST https://api.deepseek.com/chat/completions
[18:03:25 INF] System.Net.Http.HttpClient.DeepSeek.ClientHandler Sending HTTP request POST https://api.deepseek.com/chat/completions
[18:03:25 INF] System.Net.Http.HttpClient.DeepSeek.ClientHandler Received HTTP response headers after 279.0927ms - 200
[18:03:25 INF] System.Net.Http.HttpClient.DeepSeek.LogicalHandler End processing HTTP request after 279.5013ms - 200
[18:03:25 INF] System.Net.Http.HttpClient.DeepSeek.LogicalHandler Start processing HTTP request POST https://api.deepseek.com/chat/completions
[18:03:25 INF] System.Net.Http.HttpClient.DeepSeek.ClientHandler Sending HTTP request POST https://api.deepseek.com/chat/completions
[18:03:25 INF] System.Net.Http.HttpClient.DeepSeek.ClientHandler Received HTTP response headers after 282.361ms - 200
[18:03:25 INF] System.Net.Http.HttpClient.DeepSeek.LogicalHandler End processing HTTP request after 282.8586ms - 200
[18:03:25 INF] System.Net.Http.HttpClient.DeepSeek.LogicalHandler Start processing HTTP request POST https://api.deepseek.com/chat/completions
[18:03:25 INF] System.Net.Http.HttpClient.DeepSeek.ClientHandler Sending HTTP request POST https://api.deepseek.com/chat/completions
[18:03:25 INF] System.Net.Http.HttpClient.DeepSeek.LogicalHandler Start processing HTTP request POST https://api.deepseek.com/chat/completions
[18:03:25 INF] System.Net.Http.HttpClient.DeepSeek.ClientHandler Sending HTTP request POST https://api.deepseek.com/chat/completions
[18:03:25 INF] System.Net.Http.HttpClient.DeepSeek.ClientHandler Received HTTP response headers after 282.6348ms - 200
[18:03:25 INF] System.Net.Http.HttpClient.DeepSeek.LogicalHandler End processing HTTP request after 283.2674ms - 200
[18:03:25 INF] System.Net.Http.HttpClient.DeepSeek.ClientHandler Received HTTP response headers after 274.3834ms - 200
[18:03:25 INF] System.Net.Http.HttpClient.DeepSeek.LogicalHandler End processing HTTP request after 275.1086ms - 200
[18:03:25 INF] System.Net.Http.HttpClient.DeepSeek.LogicalHandler Start processing HTTP request POST https://api.deepseek.com/chat/completions
[18:03:25 INF] System.Net.Http.HttpClient.DeepSeek.ClientHandler Sending HTTP request POST https://api.deepseek.com/chat/completions
[18:03:25 INF] System.Net.Http.HttpClient.DeepSeek.ClientHandler Received HTTP response headers after 290.7503ms - 200
[18:03:25 INF] System.Net.Http.HttpClient.DeepSeek.LogicalHandler End processing HTTP request after 291.3519ms - 200
[18:03:25 INF] System.Net.Http.HttpClient.DeepSeek.LogicalHandler Start processing HTTP request POST https://api.deepseek.com/chat/completions
[18:03:25 INF] System.Net.Http.HttpClient.DeepSeek.ClientHandler Sending HTTP request POST https://api.deepseek.com/chat/completions
[18:03:25 INF] System.Net.Http.HttpClient.DeepSeek.ClientHandler Received HTTP response headers after 291.3237ms - 200
[18:03:25 INF] System.Net.Http.HttpClient.DeepSeek.LogicalHandler End processing HTTP request after 291.7137ms - 200
[18:03:25 INF] System.Net.Http.HttpClient.DeepSeek.LogicalHandler Start processing HTTP request POST https://api.deepseek.com/chat/completions
[18:03:25 INF] System.Net.Http.HttpClient.DeepSeek.ClientHandler Sending HTTP request POST https://api.deepseek.com/chat/completions
[18:03:25 INF] System.Net.Http.HttpClient.DeepSeek.ClientHandler Received HTTP response headers after 282.7944ms - 200
[18:03:25 INF] System.Net.Http.HttpClient.DeepSeek.LogicalHandler End processing HTTP request after 283.2977ms - 200
[18:03:25 INF] System.Net.Http.HttpClient.DeepSeek.ClientHandler Received HTTP response headers after 274.0742ms - 200
[18:03:25 INF] System.Net.Http.HttpClient.DeepSeek.LogicalHandler End processing HTTP request after 274.4172ms - 200
[18:03:25 INF] System.Net.Http.HttpClient.DeepSeek.LogicalHandler Start processing HTTP request POST https://api.deepseek.com/chat/completions
[18:03:25 INF] System.Net.Http.HttpClient.DeepSeek.ClientHandler Sending HTTP request POST https://api.deepseek.com/chat/completions
[18:03:25 INF] System.Net.Http.HttpClient.DeepSeek.ClientHandler Received HTTP response headers after 289.3895ms - 200
[18:03:25 INF] System.Net.Http.HttpClient.DeepSeek.LogicalHandler End processing HTTP request after 289.923ms - 200
[18:03:25 INF] System.Net.Http.HttpClient.DeepSeek.ClientHandler Received HTTP response headers after 288.266ms - 200
[18:03:25 INF] System.Net.Http.HttpClient.DeepSeek.LogicalHandler End processing HTTP request after 288.7307ms - 200
[18:03:25 INF] System.Net.Http.HttpClient.DeepSeek.LogicalHandler Start processing HTTP request POST https://api.deepseek.com/chat/completions
[18:03:25 INF] System.Net.Http.HttpClient.DeepSeek.ClientHandler Sending HTTP request POST https://api.deepseek.com/chat/completions
[18:03:25 INF] System.Net.Http.HttpClient.DeepSeek.ClientHandler Received HTTP response headers after 283.9001ms - 200
[18:03:25 INF] System.Net.Http.HttpClient.DeepSeek.LogicalHandler End processing HTTP request after 284.2264ms - 200
[18:03:26 INF] System.Net.Http.HttpClient.DeepSeek.LogicalHandler Start processing HTTP request POST https://api.deepseek.com/chat/completions
[18:03:26 INF] System.Net.Http.HttpClient.DeepSeek.ClientHandler Sending HTTP request POST https://api.deepseek.com/chat/completions
[18:03:26 INF] System.Net.Http.HttpClient.DeepSeek.LogicalHandler Start processing HTTP request POST https://api.deepseek.com/chat/completions
[18:03:26 INF] System.Net.Http.HttpClient.DeepSeek.ClientHandler Sending HTTP request POST https://api.deepseek.com/chat/completions
[18:03:26 INF] System.Net.Http.HttpClient.DeepSeek.ClientHandler Received HTTP response headers after 274.8769ms - 200
[18:03:26 INF] System.Net.Http.HttpClient.DeepSeek.LogicalHandler End processing HTTP request after 275.246ms - 200
[18:03:26 INF] System.Net.Http.HttpClient.DeepSeek.ClientHandler Received HTTP response headers after 338.1273ms - 200
[18:03:26 INF] System.Net.Http.HttpClient.DeepSeek.LogicalHandler End processing HTTP request after 338.6619ms - 200
[18:03:26 INF] System.Net.Http.HttpClient.DeepSeek.LogicalHandler Start processing HTTP request POST https://api.deepseek.com/chat/completions
[18:03:26 INF] System.Net.Http.HttpClient.DeepSeek.ClientHandler Sending HTTP request POST https://api.deepseek.com/chat/completions
[18:03:26 INF] System.Net.Http.HttpClient.DeepSeek.ClientHandler Received HTTP response headers after 323.8299ms - 200
[18:03:26 INF] System.Net.Http.HttpClient.DeepSeek.LogicalHandler End processing HTTP request after 324.5316ms - 200
[18:03:26 INF] System.Net.Http.HttpClient.DeepSeek.LogicalHandler Start processing HTTP request POST https://api.deepseek.com/chat/completions
[18:03:26 INF] System.Net.Http.HttpClient.DeepSeek.ClientHandler Sending HTTP request POST https://api.deepseek.com/chat/completions
[18:03:26 INF] System.Net.Http.HttpClient.DeepSeek.LogicalHandler Start processing HTTP request POST https://api.deepseek.com/chat/completions
[18:03:26 INF] System.Net.Http.HttpClient.DeepSeek.ClientHandler Sending HTTP request POST https://api.deepseek.com/chat/completions
[18:03:26 INF] System.Net.Http.HttpClient.DeepSeek.LogicalHandler Start processing HTTP request POST https://api.deepseek.com/chat/completions
[18:03:26 INF] System.Net.Http.HttpClient.DeepSeek.ClientHandler Sending HTTP request POST https://api.deepseek.com/chat/completions
[18:03:26 INF] System.Net.Http.HttpClient.DeepSeek.ClientHandler Received HTTP response headers after 299.8857ms - 200
[18:03:26 INF] System.Net.Http.HttpClient.DeepSeek.LogicalHandler End processing HTTP request after 300.0924ms - 200
[18:03:26 INF] System.Net.Http.HttpClient.DeepSeek.ClientHandler Received HTTP response headers after 276.9778ms - 200
[18:03:26 INF] System.Net.Http.HttpClient.DeepSeek.LogicalHandler End processing HTTP request after 277.3245ms - 200
[18:03:26 INF] System.Net.Http.HttpClient.DeepSeek.LogicalHandler Start processing HTTP request POST https://api.deepseek.com/chat/completions
[18:03:26 INF] System.Net.Http.HttpClient.DeepSeek.ClientHandler Sending HTTP request POST https://api.deepseek.com/chat/completions
[18:03:27 INF] System.Net.Http.HttpClient.DeepSeek.ClientHandler Received HTTP response headers after 287.0913ms - 200
[18:03:27 INF] System.Net.Http.HttpClient.DeepSeek.LogicalHandler End processing HTTP request after 287.5035ms - 200
[18:03:27 INF] System.Net.Http.HttpClient.DeepSeek.ClientHandler Received HTTP response headers after 286.3652ms - 200
[18:03:27 INF] System.Net.Http.HttpClient.DeepSeek.LogicalHandler End processing HTTP request after 286.727ms - 200
[18:03:27 INF] System.Net.Http.HttpClient.DeepSeek.ClientHandler Received HTTP response headers after 297.3295ms - 200
[18:03:27 INF] System.Net.Http.HttpClient.DeepSeek.LogicalHandler End processing HTTP request after 297.6041ms - 200
[18:03:27 INF] System.Net.Http.HttpClient.DeepSeek.LogicalHandler Start processing HTTP request POST https://api.deepseek.com/chat/completions
[18:03:27 INF] System.Net.Http.HttpClient.DeepSeek.ClientHandler Sending HTTP request POST https://api.deepseek.com/chat/completions
[18:03:27 INF] System.Net.Http.HttpClient.DeepSeek.LogicalHandler Start processing HTTP request POST https://api.deepseek.com/chat/completions
[18:03:27 INF] System.Net.Http.HttpClient.DeepSeek.ClientHandler Sending HTTP request POST https://api.deepseek.com/chat/completions
[18:03:27 INF] System.Net.Http.HttpClient.DeepSeek.ClientHandler Received HTTP response headers after 297.5736ms - 200
[18:03:27 INF] System.Net.Http.HttpClient.DeepSeek.LogicalHandler End processing HTTP request after 298.013ms - 200
[18:03:27 INF] System.Net.Http.HttpClient.DeepSeek.ClientHandler Received HTTP response headers after 280.0282ms - 200
[18:03:27 INF] System.Net.Http.HttpClient.DeepSeek.LogicalHandler End processing HTTP request after 280.4144ms - 200
[18:03:28 INF] System.Net.Http.HttpClient.DeepSeek.LogicalHandler Start processing HTTP request POST https://api.deepseek.com/chat/completions
[18:03:28 INF] System.Net.Http.HttpClient.DeepSeek.ClientHandler Sending HTTP request POST https://api.deepseek.com/chat/completions
[18:03:28 INF] System.Net.Http.HttpClient.DeepSeek.LogicalHandler Start processing HTTP request POST https://api.deepseek.com/chat/completions
[18:03:28 INF] System.Net.Http.HttpClient.DeepSeek.ClientHandler Sending HTTP request POST https://api.deepseek.com/chat/completions
[18:03:28 INF] System.Net.Http.HttpClient.DeepSeek.LogicalHandler Start processing HTTP request POST https://api.deepseek.com/chat/completions
[18:03:28 INF] System.Net.Http.HttpClient.DeepSeek.ClientHandler Sending HTTP request POST https://api.deepseek.com/chat/completions
[18:03:28 INF] System.Net.Http.HttpClient.DeepSeek.ClientHandler Received HTTP response headers after 290.7042ms - 200
[18:03:28 INF] System.Net.Http.HttpClient.DeepSeek.LogicalHandler End processing HTTP request after 291.3387ms - 200
[18:03:28 INF] System.Net.Http.HttpClient.DeepSeek.ClientHandler Received HTTP response headers after 280.4706ms - 200
[18:03:28 INF] System.Net.Http.HttpClient.DeepSeek.LogicalHandler End processing HTTP request after 280.9976ms - 200
[18:03:28 INF] System.Net.Http.HttpClient.DeepSeek.LogicalHandler Start processing HTTP request POST https://api.deepseek.com/chat/completions
[18:03:28 INF] System.Net.Http.HttpClient.DeepSeek.ClientHandler Sending HTTP request POST https://api.deepseek.com/chat/completions
[18:03:28 INF] System.Net.Http.HttpClient.DeepSeek.ClientHandler Received HTTP response headers after 305.297ms - 200
[18:03:28 INF] System.Net.Http.HttpClient.DeepSeek.LogicalHandler End processing HTTP request after 305.8401ms - 200
[18:03:28 INF] System.Net.Http.HttpClient.DeepSeek.LogicalHandler Start processing HTTP request POST https://api.deepseek.com/chat/completions
[18:03:28 INF] System.Net.Http.HttpClient.DeepSeek.ClientHandler Sending HTTP request POST https://api.deepseek.com/chat/completions
[18:03:28 INF] System.Net.Http.HttpClient.DeepSeek.ClientHandler Received HTTP response headers after 291.9355ms - 200
[18:03:28 INF] System.Net.Http.HttpClient.DeepSeek.LogicalHandler End processing HTTP request after 292.6132ms - 200
[18:03:28 INF] System.Net.Http.HttpClient.DeepSeek.LogicalHandler Start processing HTTP request POST https://api.deepseek.com/chat/completions
[18:03:28 INF] System.Net.Http.HttpClient.DeepSeek.ClientHandler Sending HTTP request POST https://api.deepseek.com/chat/completions
[18:03:29 INF] System.Net.Http.HttpClient.DeepSeek.ClientHandler Received HTTP response headers after 285.0993ms - 200
[18:03:29 INF] System.Net.Http.HttpClient.DeepSeek.LogicalHandler End processing HTTP request after 285.4447ms - 200
[18:03:29 INF] System.Net.Http.HttpClient.DeepSeek.LogicalHandler Start processing HTTP request POST https://api.deepseek.com/chat/completions
[18:03:29 INF] System.Net.Http.HttpClient.DeepSeek.ClientHandler Sending HTTP request POST https://api.deepseek.com/chat/completions
[18:03:29 INF] System.Net.Http.HttpClient.DeepSeek.LogicalHandler Start processing HTTP request POST https://api.deepseek.com/chat/completions
[18:03:29 INF] System.Net.Http.HttpClient.DeepSeek.ClientHandler Sending HTTP request POST https://api.deepseek.com/chat/completions
[18:03:29 INF] System.Net.Http.HttpClient.DeepSeek.LogicalHandler Start processing HTTP request POST https://api.deepseek.com/chat/completions
[18:03:29 INF] System.Net.Http.HttpClient.DeepSeek.ClientHandler Sending HTTP request POST https://api.deepseek.com/chat/completions
[18:03:29 INF] System.Net.Http.HttpClient.DeepSeek.ClientHandler Received HTTP response headers after 340.3041ms - 200
[18:03:29 INF] System.Net.Http.HttpClient.DeepSeek.LogicalHandler End processing HTTP request after 340.6655ms - 200
[18:03:29 INF] System.Net.Http.HttpClient.DeepSeek.LogicalHandler Start processing HTTP request POST https://api.deepseek.com/chat/completions
[18:03:29 INF] System.Net.Http.HttpClient.DeepSeek.ClientHandler Sending HTTP request POST https://api.deepseek.com/chat/completions
[18:03:29 INF] System.Net.Http.HttpClient.DeepSeek.ClientHandler Received HTTP response headers after 290.0388ms - 200
[18:03:29 INF] System.Net.Http.HttpClient.DeepSeek.LogicalHandler End processing HTTP request after 290.738ms - 200
[18:03:29 INF] System.Net.Http.HttpClient.DeepSeek.ClientHandler Received HTTP response headers after 282.4376ms - 200
[18:03:29 INF] System.Net.Http.HttpClient.DeepSeek.LogicalHandler End processing HTTP request after 282.9331ms - 200
[18:03:29 INF] System.Net.Http.HttpClient.DeepSeek.ClientHandler Received HTTP response headers after 278.7455ms - 200
[18:03:29 INF] System.Net.Http.HttpClient.DeepSeek.LogicalHandler End processing HTTP request after 279.5972ms - 200
[18:03:29 INF] System.Net.Http.HttpClient.DeepSeek.LogicalHandler Start processing HTTP request POST https://api.deepseek.com/chat/completions
[18:03:29 INF] System.Net.Http.HttpClient.DeepSeek.ClientHandler Sending HTTP request POST https://api.deepseek.com/chat/completions
[18:03:29 INF] System.Net.Http.HttpClient.DeepSeek.LogicalHandler Start processing HTTP request POST https://api.deepseek.com/chat/completions
[18:03:29 INF] System.Net.Http.HttpClient.DeepSeek.ClientHandler Sending HTTP request POST https://api.deepseek.com/chat/completions
[18:03:29 INF] System.Net.Http.HttpClient.DeepSeek.ClientHandler Received HTTP response headers after 286.7232ms - 200
[18:03:29 INF] System.Net.Http.HttpClient.DeepSeek.LogicalHandler End processing HTTP request after 287.5111ms - 200
[18:03:29 INF] System.Net.Http.HttpClient.DeepSeek.ClientHandler Received HTTP response headers after 281.6459ms - 200
[18:03:29 INF] System.Net.Http.HttpClient.DeepSeek.LogicalHandler End processing HTTP request after 282.0334ms - 200
[18:03:29 INF] System.Net.Http.HttpClient.DeepSeek.ClientHandler Received HTTP response headers after 283.274ms - 200
[18:03:29 INF] System.Net.Http.HttpClient.DeepSeek.LogicalHandler End processing HTTP request after 283.7676ms - 200
[18:03:30 INF] System.Net.Http.HttpClient.DeepSeek.LogicalHandler Start processing HTTP request POST https://api.deepseek.com/chat/completions
[18:03:30 INF] System.Net.Http.HttpClient.DeepSeek.ClientHandler Sending HTTP request POST https://api.deepseek.com/chat/completions
[18:03:30 INF] System.Net.Http.HttpClient.DeepSeek.LogicalHandler Start processing HTTP request POST https://api.deepseek.com/chat/completions
[18:03:30 INF] System.Net.Http.HttpClient.DeepSeek.ClientHandler Sending HTTP request POST https://api.deepseek.com/chat/completions
[18:03:30 INF] System.Net.Http.HttpClient.DeepSeek.ClientHandler Received HTTP response headers after 282.8668ms - 200
[18:03:30 INF] System.Net.Http.HttpClient.DeepSeek.LogicalHandler End processing HTTP request after 283.413ms - 200
[18:03:30 INF] System.Net.Http.HttpClient.DeepSeek.LogicalHandler Start processing HTTP request POST https://api.deepseek.com/chat/completions
[18:03:30 INF] System.Net.Http.HttpClient.DeepSeek.ClientHandler Sending HTTP request POST https://api.deepseek.com/chat/completions
[18:03:30 INF] System.Net.Http.HttpClient.DeepSeek.ClientHandler Received HTTP response headers after 282.1858ms - 200
[18:03:30 INF] System.Net.Http.HttpClient.DeepSeek.LogicalHandler End processing HTTP request after 282.8189ms - 200
[18:03:30 INF] System.Net.Http.HttpClient.DeepSeek.LogicalHandler Start processing HTTP request POST https://api.deepseek.com/chat/completions
[18:03:30 INF] System.Net.Http.HttpClient.DeepSeek.ClientHandler Sending HTTP request POST https://api.deepseek.com/chat/completions
[18:03:31 INF] System.Net.Http.HttpClient.DeepSeek.ClientHandler Received HTTP response headers after 402.9991ms - 200
[18:03:31 INF] System.Net.Http.HttpClient.DeepSeek.ClientHandler Received HTTP response headers after 340.4371ms - 200
[18:03:31 INF] System.Net.Http.HttpClient.DeepSeek.LogicalHandler End processing HTTP request after 341.1303ms - 200
[18:03:31 INF] System.Net.Http.HttpClient.DeepSeek.LogicalHandler End processing HTTP request after 403.7807ms - 200
[18:03:31 INF] System.Net.Http.HttpClient.DeepSeek.LogicalHandler Start processing HTTP request POST https://api.deepseek.com/chat/completions
[18:03:31 INF] System.Net.Http.HttpClient.DeepSeek.ClientHandler Sending HTTP request POST https://api.deepseek.com/chat/completions
[18:03:31 INF] System.Net.Http.HttpClient.DeepSeek.LogicalHandler Start processing HTTP request POST https://api.deepseek.com/chat/completions
[18:03:31 INF] System.Net.Http.HttpClient.DeepSeek.ClientHandler Sending HTTP request POST https://api.deepseek.com/chat/completions
[18:03:31 INF] System.Net.Http.HttpClient.DeepSeek.LogicalHandler Start processing HTTP request POST https://api.deepseek.com/chat/completions
[18:03:31 INF] System.Net.Http.HttpClient.DeepSeek.ClientHandler Sending HTTP request POST https://api.deepseek.com/chat/completions
[18:03:31 INF] System.Net.Http.HttpClient.DeepSeek.LogicalHandler Start processing HTTP request POST https://api.deepseek.com/chat/completions
[18:03:31 INF] System.Net.Http.HttpClient.DeepSeek.ClientHandler Sending HTTP request POST https://api.deepseek.com/chat/completions
[18:03:31 INF] System.Net.Http.HttpClient.DeepSeek.ClientHandler Received HTTP response headers after 272.1681ms - 200
[18:03:31 INF] System.Net.Http.HttpClient.DeepSeek.LogicalHandler End processing HTTP request after 272.7109ms - 200
[18:03:31 INF] System.Net.Http.HttpClient.DeepSeek.ClientHandler Received HTTP response headers after 284.6039ms - 200
[18:03:31 INF] System.Net.Http.HttpClient.DeepSeek.LogicalHandler End processing HTTP request after 285.0871ms - 200
[18:03:31 INF] System.Net.Http.HttpClient.DeepSeek.ClientHandler Received HTTP response headers after 278.542ms - 200
[18:03:31 INF] System.Net.Http.HttpClient.DeepSeek.LogicalHandler End processing HTTP request after 281.326ms - 200
[18:03:31 INF] System.Net.Http.HttpClient.DeepSeek.LogicalHandler Start processing HTTP request POST https://api.deepseek.com/chat/completions
[18:03:31 INF] System.Net.Http.HttpClient.DeepSeek.ClientHandler Sending HTTP request POST https://api.deepseek.com/chat/completions
[18:03:31 INF] System.Net.Http.HttpClient.DeepSeek.ClientHandler Received HTTP response headers after 283.0725ms - 200
[18:03:32 INF] System.Net.Http.HttpClient.DeepSeek.LogicalHandler End processing HTTP request after 285.3406ms - 200
[18:03:32 INF] System.Net.Http.HttpClient.DeepSeek.LogicalHandler Start processing HTTP request POST https://api.deepseek.com/chat/completions
[18:03:32 INF] System.Net.Http.HttpClient.DeepSeek.ClientHandler Sending HTTP request POST https://api.deepseek.com/chat/completions
[18:03:32 INF] System.Net.Http.HttpClient.DeepSeek.ClientHandler Received HTTP response headers after 316.7662ms - 200
[18:03:32 INF] System.Net.Http.HttpClient.DeepSeek.LogicalHandler End processing HTTP request after 318.4795ms - 200
[18:03:32 INF] System.Net.Http.HttpClient.DeepSeek.LogicalHandler Start processing HTTP request POST https://api.deepseek.com/chat/completions
[18:03:32 INF] System.Net.Http.HttpClient.DeepSeek.ClientHandler Sending HTTP request POST https://api.deepseek.com/chat/completions
[18:03:32 INF] System.Net.Http.HttpClient.DeepSeek.ClientHandler Received HTTP response headers after 283.3008ms - 200
[18:03:32 INF] System.Net.Http.HttpClient.DeepSeek.LogicalHandler End processing HTTP request after 283.7006ms - 200
[18:03:32 INF] System.Net.Http.HttpClient.DeepSeek.ClientHandler Received HTTP response headers after 282.0542ms - 200
[18:03:32 INF] System.Net.Http.HttpClient.DeepSeek.LogicalHandler End processing HTTP request after 282.8252ms - 200
[18:03:32 INF] System.Net.Http.HttpClient.DeepSeek.LogicalHandler Start processing HTTP request POST https://api.deepseek.com/chat/completions
[18:03:32 INF] System.Net.Http.HttpClient.DeepSeek.ClientHandler Sending HTTP request POST https://api.deepseek.com/chat/completions
[18:03:32 INF] System.Net.Http.HttpClient.DeepSeek.ClientHandler Received HTTP response headers after 357.3644ms - 200
[18:03:32 INF] System.Net.Http.HttpClient.DeepSeek.LogicalHandler End processing HTTP request after 357.7162ms - 200
[18:03:33 INF] System.Net.Http.HttpClient.DeepSeek.LogicalHandler Start processing HTTP request POST https://api.deepseek.com/chat/completions
[18:03:33 INF] System.Net.Http.HttpClient.DeepSeek.ClientHandler Sending HTTP request POST https://api.deepseek.com/chat/completions
[18:03:34 INF] System.Net.Http.HttpClient.DeepSeek.LogicalHandler Start processing HTTP request POST https://api.deepseek.com/chat/completions
[18:03:34 INF] System.Net.Http.HttpClient.DeepSeek.ClientHandler Sending HTTP request POST https://api.deepseek.com/chat/completions
[18:03:34 INF] System.Net.Http.HttpClient.DeepSeek.LogicalHandler Start processing HTTP request POST https://api.deepseek.com/chat/completions
[18:03:34 INF] System.Net.Http.HttpClient.DeepSeek.ClientHandler Sending HTTP request POST https://api.deepseek.com/chat/completions
[18:03:34 INF] System.Net.Http.HttpClient.DeepSeek.ClientHandler Received HTTP response headers after 277.3065ms - 200
[18:03:34 INF] System.Net.Http.HttpClient.DeepSeek.LogicalHandler End processing HTTP request after 277.7099ms - 200
[18:03:34 INF] System.Net.Http.HttpClient.DeepSeek.ClientHandler Received HTTP response headers after 274.6728ms - 200
[18:03:34 INF] System.Net.Http.HttpClient.DeepSeek.LogicalHandler End processing HTTP request after 275.1567ms - 200
[18:03:34 INF] System.Net.Http.HttpClient.DeepSeek.LogicalHandler Start processing HTTP request POST https://api.deepseek.com/chat/completions
[18:03:34 INF] System.Net.Http.HttpClient.DeepSeek.ClientHandler Sending HTTP request POST https://api.deepseek.com/chat/completions
[18:03:34 INF] System.Net.Http.HttpClient.DeepSeek.ClientHandler Received HTTP response headers after 285.8025ms - 200
[18:03:34 INF] System.Net.Http.HttpClient.DeepSeek.LogicalHandler End processing HTTP request after 286.2717ms - 200
[18:03:34 INF] System.Net.Http.HttpClient.DeepSeek.ClientHandler Received HTTP response headers after 283.8344ms - 200
[18:03:34 INF] System.Net.Http.HttpClient.DeepSeek.LogicalHandler End processing HTTP request after 284.4427ms - 200
[18:03:34 INF] System.Net.Http.HttpClient.DeepSeek.LogicalHandler Start processing HTTP request POST https://api.deepseek.com/chat/completions
[18:03:34 INF] System.Net.Http.HttpClient.DeepSeek.ClientHandler Sending HTTP request POST https://api.deepseek.com/chat/completions
[18:03:35 INF] System.Net.Http.HttpClient.DeepSeek.ClientHandler Received HTTP response headers after 288.76ms - 200
[18:03:35 INF] System.Net.Http.HttpClient.DeepSeek.LogicalHandler End processing HTTP request after 289.1137ms - 200
[18:03:35 INF] System.Net.Http.HttpClient.DeepSeek.LogicalHandler Start processing HTTP request POST https://api.deepseek.com/chat/completions
[18:03:35 INF] System.Net.Http.HttpClient.DeepSeek.ClientHandler Sending HTTP request POST https://api.deepseek.com/chat/completions
[18:03:36 INF] System.Net.Http.HttpClient.DeepSeek.ClientHandler Received HTTP response headers after 326.4871ms - 200
[18:03:36 INF] System.Net.Http.HttpClient.DeepSeek.LogicalHandler End processing HTTP request after 327.5267ms - 200
[18:03:43 INF] simple_bloomberg_terminal.Services.Extraction.Measurement.CounterpartyMeasurementService Measurement lead agent starting for Super Micro Computer, Inc. run 3 using DeepSeek/deepseek-v4-pro | worker=directional-counterparty-worker-v2 | lead=counterparty-ledger-v2; digestChars=9532, contextChars=9534, maxTokens=16000
[18:03:43 INF] System.Net.Http.HttpClient.DeepSeek.LogicalHandler Start processing HTTP request POST https://api.deepseek.com/chat/completions
[18:03:43 INF] System.Net.Http.HttpClient.DeepSeek.ClientHandler Sending HTTP request POST https://api.deepseek.com/chat/completions
[18:03:44 INF] System.Net.Http.HttpClient.DeepSeek.ClientHandler Received HTTP response headers after 312.2675ms - 200
[18:03:44 INF] System.Net.Http.HttpClient.DeepSeek.LogicalHandler End processing HTTP request after 312.6868ms - 200
[18:03:56 INF] simple_bloomberg_terminal.Services.Extraction.Measurement.CounterpartyMeasurementService Measurement lead agent starting for Super Micro Computer, Inc. run 10 using DeepSeek/deepseek-v4-pro | worker=directional-counterparty-worker-v2 | lead=counterparty-ledger-v2; digestChars=4735, contextChars=4737, maxTokens=16000
[18:03:56 INF] System.Net.Http.HttpClient.DeepSeek.LogicalHandler Start processing HTTP request POST https://api.deepseek.com/chat/completions
[18:03:56 INF] System.Net.Http.HttpClient.DeepSeek.ClientHandler Sending HTTP request POST https://api.deepseek.com/chat/completions
[18:03:56 INF] System.Net.Http.HttpClient.DeepSeek.ClientHandler Received HTTP response headers after 562.406ms - 200
[18:03:56 INF] System.Net.Http.HttpClient.DeepSeek.LogicalHandler End processing HTTP request after 562.8067ms - 200
[18:04:13 INF] simple_bloomberg_terminal.Services.Extraction.Measurement.CounterpartyMeasurementService Measurement lead agent starting for Super Micro Computer, Inc. run 7 using DeepSeek/deepseek-v4-pro | worker=directional-counterparty-worker-v2 | lead=counterparty-ledger-v2; digestChars=5091, contextChars=5093, maxTokens=16000
[18:04:13 INF] System.Net.Http.HttpClient.DeepSeek.LogicalHandler Start processing HTTP request POST https://api.deepseek.com/chat/completions
[18:04:13 INF] System.Net.Http.HttpClient.DeepSeek.ClientHandler Sending HTTP request POST https://api.deepseek.com/chat/completions
[18:04:14 INF] System.Net.Http.HttpClient.DeepSeek.ClientHandler Received HTTP response headers after 522.6996ms - 200
[18:04:14 INF] System.Net.Http.HttpClient.DeepSeek.LogicalHandler End processing HTTP request after 523.4418ms - 200
[18:04:14 INF] simple_bloomberg_terminal.Services.Extraction.Measurement.CounterpartyMeasurementService Measurement lead agent starting for Super Micro Computer, Inc. run 4 using DeepSeek/deepseek-v4-pro | worker=directional-counterparty-worker-v2 | lead=counterparty-ledger-v2; digestChars=11185, contextChars=11187, maxTokens=16000
[18:04:14 INF] System.Net.Http.HttpClient.DeepSeek.LogicalHandler Start processing HTTP request POST https://api.deepseek.com/chat/completions
[18:04:14 INF] System.Net.Http.HttpClient.DeepSeek.ClientHandler Sending HTTP request POST https://api.deepseek.com/chat/completions
[18:04:15 INF] System.Net.Http.HttpClient.DeepSeek.ClientHandler Received HTTP response headers after 420.6777ms - 200
[18:04:15 INF] System.Net.Http.HttpClient.DeepSeek.LogicalHandler End processing HTTP request after 421.0948ms - 200
[18:04:15 INF] simple_bloomberg_terminal.Services.Extraction.Measurement.CounterpartyMeasurementService Measurement lead agent starting for Super Micro Computer, Inc. run 8 using DeepSeek/deepseek-v4-pro | worker=directional-counterparty-worker-v2 | lead=counterparty-ledger-v2; digestChars=4632, contextChars=4634, maxTokens=16000
[18:04:15 INF] System.Net.Http.HttpClient.DeepSeek.LogicalHandler Start processing HTTP request POST https://api.deepseek.com/chat/completions
[18:04:15 INF] System.Net.Http.HttpClient.DeepSeek.ClientHandler Sending HTTP request POST https://api.deepseek.com/chat/completions
[18:04:16 INF] System.Net.Http.HttpClient.DeepSeek.ClientHandler Received HTTP response headers after 393.8091ms - 200
[18:04:16 INF] System.Net.Http.HttpClient.DeepSeek.LogicalHandler End processing HTTP request after 394.4572ms - 200
[18:04:17 INF] simple_bloomberg_terminal.Services.Extraction.Measurement.CounterpartyMeasurementService Measurement lead agent starting for Super Micro Computer, Inc. run 2 using DeepSeek/deepseek-v4-pro | worker=directional-counterparty-worker-v2 | lead=counterparty-ledger-v2; digestChars=5104, contextChars=5106, maxTokens=16000
[18:04:17 INF] System.Net.Http.HttpClient.DeepSeek.LogicalHandler Start processing HTTP request POST https://api.deepseek.com/chat/completions
[18:04:17 INF] System.Net.Http.HttpClient.DeepSeek.ClientHandler Sending HTTP request POST https://api.deepseek.com/chat/completions
[18:04:17 INF] System.Net.Http.HttpClient.DeepSeek.ClientHandler Received HTTP response headers after 391.8411ms - 200
[18:04:17 INF] System.Net.Http.HttpClient.DeepSeek.LogicalHandler End processing HTTP request after 392.2976ms - 200
[18:04:29 INF] simple_bloomberg_terminal.Services.Extraction.Measurement.CounterpartyMeasurementService Measurement lead agent starting for Super Micro Computer, Inc. run 5 using DeepSeek/deepseek-v4-pro | worker=directional-counterparty-worker-v2 | lead=counterparty-ledger-v2; digestChars=4776, contextChars=4778, maxTokens=16000
[18:04:29 INF] System.Net.Http.HttpClient.DeepSeek.LogicalHandler Start processing HTTP request POST https://api.deepseek.com/chat/completions
[18:04:29 INF] System.Net.Http.HttpClient.DeepSeek.ClientHandler Sending HTTP request POST https://api.deepseek.com/chat/completions
[18:04:29 INF] System.Net.Http.HttpClient.DeepSeek.ClientHandler Received HTTP response headers after 392.5198ms - 200
[18:04:29 INF] System.Net.Http.HttpClient.DeepSeek.LogicalHandler End processing HTTP request after 392.9535ms - 200
[18:04:40 INF] simple_bloomberg_terminal.Services.Extraction.Measurement.CounterpartyMeasurementService Measurement lead agent starting for Super Micro Computer, Inc. run 9 using DeepSeek/deepseek-v4-pro | worker=directional-counterparty-worker-v2 | lead=counterparty-ledger-v2; digestChars=5651, contextChars=5653, maxTokens=16000
[18:04:40 INF] System.Net.Http.HttpClient.DeepSeek.LogicalHandler Start processing HTTP request POST https://api.deepseek.com/chat/completions
[18:04:40 INF] System.Net.Http.HttpClient.DeepSeek.ClientHandler Sending HTTP request POST https://api.deepseek.com/chat/completions
[18:04:40 INF] System.Net.Http.HttpClient.DeepSeek.ClientHandler Received HTTP response headers after 468.619ms - 200
[18:04:40 INF] System.Net.Http.HttpClient.DeepSeek.LogicalHandler End processing HTTP request after 469.4264ms - 200
[18:04:56 INF] simple_bloomberg_terminal.Services.Extraction.Measurement.CounterpartyMeasurementService Measurement lead agent starting for Super Micro Computer, Inc. run 6 using DeepSeek/deepseek-v4-pro | worker=directional-counterparty-worker-v2 | lead=counterparty-ledger-v2; digestChars=4288, contextChars=4290, maxTokens=16000
[18:04:56 INF] System.Net.Http.HttpClient.DeepSeek.LogicalHandler Start processing HTTP request POST https://api.deepseek.com/chat/completions
[18:04:56 INF] System.Net.Http.HttpClient.DeepSeek.ClientHandler Sending HTTP request POST https://api.deepseek.com/chat/completions
[18:04:56 INF] System.Net.Http.HttpClient.DeepSeek.ClientHandler Received HTTP response headers after 398.339ms - 200
[18:04:56 INF] System.Net.Http.HttpClient.DeepSeek.LogicalHandler End processing HTTP request after 398.8282ms - 200
[18:20:16 INF] System.Net.Http.HttpClient.IStockApiClient.LogicalHandler Start processing HTTP request GET https://data.sec.gov/submissions/CIK0001375365.json
[18:20:16 INF] System.Net.Http.HttpClient.IStockApiClient.ClientHandler Sending HTTP request GET https://data.sec.gov/submissions/CIK0001375365.json
[18:20:16 INF] System.Net.Http.HttpClient.IStockApiClient.ClientHandler Received HTTP response headers after 258.2335ms - 200
[18:20:16 INF] System.Net.Http.HttpClient.IStockApiClient.LogicalHandler End processing HTTP request after 259.1816ms - 200
[18:20:25 INF] System.Net.Http.HttpClient.DeepSeek.LogicalHandler Start processing HTTP request POST https://api.deepseek.com/chat/completions
[18:20:25 INF] System.Net.Http.HttpClient.DeepSeek.ClientHandler Sending HTTP request POST https://api.deepseek.com/chat/completions
[18:20:25 INF] System.Net.Http.HttpClient.DeepSeek.LogicalHandler Start processing HTTP request POST https://api.deepseek.com/chat/completions
[18:20:25 INF] System.Net.Http.HttpClient.DeepSeek.ClientHandler Sending HTTP request POST https://api.deepseek.com/chat/completions
[18:20:25 INF] System.Net.Http.HttpClient.DeepSeek.LogicalHandler Start processing HTTP request POST https://api.deepseek.com/chat/completions
[18:20:25 INF] System.Net.Http.HttpClient.DeepSeek.ClientHandler Sending HTTP request POST https://api.deepseek.com/chat/completions
[18:20:25 INF] System.Net.Http.HttpClient.DeepSeek.LogicalHandler Start processing HTTP request POST https://api.deepseek.com/chat/completions
[18:20:25 INF] System.Net.Http.HttpClient.DeepSeek.ClientHandler Sending HTTP request POST https://api.deepseek.com/chat/completions
[18:20:25 INF] System.Net.Http.HttpClient.DeepSeek.LogicalHandler Start processing HTTP request POST https://api.deepseek.com/chat/completions
[18:20:25 INF] System.Net.Http.HttpClient.DeepSeek.ClientHandler Sending HTTP request POST https://api.deepseek.com/chat/completions
[18:20:25 INF] System.Net.Http.HttpClient.DeepSeek.LogicalHandler Start processing HTTP request POST https://api.deepseek.com/chat/completions
[18:20:25 INF] System.Net.Http.HttpClient.DeepSeek.ClientHandler Sending HTTP request POST https://api.deepseek.com/chat/completions
[18:20:26 INF] System.Net.Http.HttpClient.DeepSeek.ClientHandler Received HTTP response headers after 639.4942ms - 200
[18:20:26 INF] System.Net.Http.HttpClient.DeepSeek.LogicalHandler End processing HTTP request after 639.8487ms - 200
[18:20:26 INF] System.Net.Http.HttpClient.DeepSeek.ClientHandler Received HTTP response headers after 649.4425ms - 200
[18:20:26 INF] System.Net.Http.HttpClient.DeepSeek.LogicalHandler End processing HTTP request after 649.7282ms - 200
[18:20:26 INF] System.Net.Http.HttpClient.DeepSeek.ClientHandler Received HTTP response headers after 649.3365ms - 200
[18:20:26 INF] System.Net.Http.HttpClient.DeepSeek.LogicalHandler End processing HTTP request after 649.824ms - 200
[18:20:26 INF] System.Net.Http.HttpClient.DeepSeek.ClientHandler Received HTTP response headers after 657.5839ms - 200
[18:20:26 INF] System.Net.Http.HttpClient.DeepSeek.LogicalHandler End processing HTTP request after 658.1618ms - 200
[18:20:26 INF] System.Net.Http.HttpClient.DeepSeek.ClientHandler Received HTTP response headers after 658.2869ms - 200
[18:20:26 INF] System.Net.Http.HttpClient.DeepSeek.LogicalHandler End processing HTTP request after 658.443ms - 200
[18:20:26 INF] System.Net.Http.HttpClient.DeepSeek.ClientHandler Received HTTP response headers after 669.382ms - 200
[18:20:26 INF] System.Net.Http.HttpClient.DeepSeek.LogicalHandler End processing HTTP request after 669.5838ms - 200
[18:20:28 INF] System.Net.Http.HttpClient.DeepSeek.LogicalHandler Start processing HTTP request POST https://api.deepseek.com/chat/completions
[18:20:28 INF] System.Net.Http.HttpClient.DeepSeek.ClientHandler Sending HTTP request POST https://api.deepseek.com/chat/completions
[18:20:28 INF] System.Net.Http.HttpClient.DeepSeek.ClientHandler Received HTTP response headers after 305.6557ms - 200
[18:20:28 INF] System.Net.Http.HttpClient.DeepSeek.LogicalHandler End processing HTTP request after 306.5424ms - 200
[18:20:29 INF] System.Net.Http.HttpClient.DeepSeek.LogicalHandler Start processing HTTP request POST https://api.deepseek.com/chat/completions
[18:20:29 INF] System.Net.Http.HttpClient.DeepSeek.ClientHandler Sending HTTP request POST https://api.deepseek.com/chat/completions
[18:20:29 INF] System.Net.Http.HttpClient.DeepSeek.ClientHandler Received HTTP response headers after 308.7038ms - 200
[18:20:29 INF] System.Net.Http.HttpClient.DeepSeek.LogicalHandler Start processing HTTP request POST https://api.deepseek.com/chat/completions
[18:20:29 INF] System.Net.Http.HttpClient.DeepSeek.LogicalHandler End processing HTTP request after 309.1603ms - 200
[18:20:29 INF] System.Net.Http.HttpClient.DeepSeek.ClientHandler Sending HTTP request POST https://api.deepseek.com/chat/completions
[18:20:29 INF] System.Net.Http.HttpClient.DeepSeek.LogicalHandler Start processing HTTP request POST https://api.deepseek.com/chat/completions
[18:20:29 INF] System.Net.Http.HttpClient.DeepSeek.ClientHandler Sending HTTP request POST https://api.deepseek.com/chat/completions
[18:20:29 INF] System.Net.Http.HttpClient.DeepSeek.ClientHandler Received HTTP response headers after 274.0175ms - 200
[18:20:29 INF] System.Net.Http.HttpClient.DeepSeek.LogicalHandler End processing HTTP request after 274.5606ms - 200
[18:20:29 INF] System.Net.Http.HttpClient.DeepSeek.ClientHandler Received HTTP response headers after 282.9272ms - 200
[18:20:29 INF] System.Net.Http.HttpClient.DeepSeek.LogicalHandler End processing HTTP request after 283.3081ms - 200
[18:20:30 INF] System.Net.Http.HttpClient.DeepSeek.LogicalHandler Start processing HTTP request POST https://api.deepseek.com/chat/completions
[18:20:30 INF] System.Net.Http.HttpClient.DeepSeek.ClientHandler Sending HTTP request POST https://api.deepseek.com/chat/completions
[18:20:30 INF] System.Net.Http.HttpClient.DeepSeek.LogicalHandler Start processing HTTP request POST https://api.deepseek.com/chat/completions
[18:20:30 INF] System.Net.Http.HttpClient.DeepSeek.ClientHandler Sending HTTP request POST https://api.deepseek.com/chat/completions
[18:20:30 INF] System.Net.Http.HttpClient.DeepSeek.LogicalHandler Start processing HTTP request POST https://api.deepseek.com/chat/completions
[18:20:30 INF] System.Net.Http.HttpClient.DeepSeek.ClientHandler Sending HTTP request POST https://api.deepseek.com/chat/completions
[18:20:30 INF] System.Net.Http.HttpClient.DeepSeek.ClientHandler Received HTTP response headers after 284.6832ms - 200
[18:20:30 INF] System.Net.Http.HttpClient.DeepSeek.LogicalHandler End processing HTTP request after 285.1767ms - 200
[18:20:30 INF] System.Net.Http.HttpClient.DeepSeek.ClientHandler Received HTTP response headers after 294.1994ms - 200
[18:20:30 INF] System.Net.Http.HttpClient.DeepSeek.LogicalHandler End processing HTTP request after 294.6111ms - 200
[18:20:31 INF] System.Net.Http.HttpClient.DeepSeek.ClientHandler Received HTTP response headers after 288.3658ms - 200
[18:20:31 INF] System.Net.Http.HttpClient.DeepSeek.LogicalHandler End processing HTTP request after 308.626ms - 200
[18:20:31 INF] System.Net.Http.HttpClient.DeepSeek.LogicalHandler Start processing HTTP request POST https://api.deepseek.com/chat/completions
[18:20:31 INF] System.Net.Http.HttpClient.DeepSeek.ClientHandler Sending HTTP request POST https://api.deepseek.com/chat/completions
[18:20:31 INF] System.Net.Http.HttpClient.DeepSeek.ClientHandler Received HTTP response headers after 303.6124ms - 200
[18:20:31 INF] System.Net.Http.HttpClient.DeepSeek.LogicalHandler End processing HTTP request after 304.055ms - 200
[18:20:32 INF] System.Net.Http.HttpClient.DeepSeek.LogicalHandler Start processing HTTP request POST https://api.deepseek.com/chat/completions
[18:20:32 INF] System.Net.Http.HttpClient.DeepSeek.ClientHandler Sending HTTP request POST https://api.deepseek.com/chat/completions
[18:20:32 INF] System.Net.Http.HttpClient.DeepSeek.ClientHandler Received HTTP response headers after 307.1376ms - 200
[18:20:32 INF] System.Net.Http.HttpClient.DeepSeek.LogicalHandler End processing HTTP request after 307.9298ms - 200
[18:20:32 INF] System.Net.Http.HttpClient.DeepSeek.LogicalHandler Start processing HTTP request POST https://api.deepseek.com/chat/completions
[18:20:32 INF] System.Net.Http.HttpClient.DeepSeek.ClientHandler Sending HTTP request POST https://api.deepseek.com/chat/completions
[18:20:32 INF] System.Net.Http.HttpClient.DeepSeek.LogicalHandler Start processing HTTP request POST https://api.deepseek.com/chat/completions
[18:20:32 INF] System.Net.Http.HttpClient.DeepSeek.ClientHandler Sending HTTP request POST https://api.deepseek.com/chat/completions
[18:20:33 INF] System.Net.Http.HttpClient.DeepSeek.ClientHandler Received HTTP response headers after 317.7252ms - 200
[18:20:33 INF] System.Net.Http.HttpClient.DeepSeek.LogicalHandler Start processing HTTP request POST https://api.deepseek.com/chat/completions
[18:20:33 INF] System.Net.Http.HttpClient.DeepSeek.ClientHandler Received HTTP response headers after 372.2394ms - 200
[18:20:33 INF] System.Net.Http.HttpClient.DeepSeek.ClientHandler Sending HTTP request POST https://api.deepseek.com/chat/completions
[18:20:33 INF] System.Net.Http.HttpClient.DeepSeek.LogicalHandler End processing HTTP request after 372.8787ms - 200
[18:20:33 INF] System.Net.Http.HttpClient.DeepSeek.LogicalHandler End processing HTTP request after 318.1736ms - 200
[18:20:33 INF] System.Net.Http.HttpClient.DeepSeek.ClientHandler Received HTTP response headers after 294.6812ms - 200
[18:20:33 INF] System.Net.Http.HttpClient.DeepSeek.LogicalHandler End processing HTTP request after 295.256ms - 200
[18:20:34 INF] System.Net.Http.HttpClient.DeepSeek.LogicalHandler Start processing HTTP request POST https://api.deepseek.com/chat/completions
[18:20:34 INF] System.Net.Http.HttpClient.DeepSeek.ClientHandler Sending HTTP request POST https://api.deepseek.com/chat/completions
[18:20:34 INF] System.Net.Http.HttpClient.DeepSeek.ClientHandler Received HTTP response headers after 375.2067ms - 200
[18:20:34 INF] System.Net.Http.HttpClient.DeepSeek.LogicalHandler End processing HTTP request after 375.8302ms - 200
[18:20:34 INF] System.Net.Http.HttpClient.DeepSeek.LogicalHandler Start processing HTTP request POST https://api.deepseek.com/chat/completions
[18:20:34 INF] System.Net.Http.HttpClient.DeepSeek.ClientHandler Sending HTTP request POST https://api.deepseek.com/chat/completions
[18:20:35 INF] System.Net.Http.HttpClient.DeepSeek.ClientHandler Received HTTP response headers after 304.8407ms - 200
[18:20:35 INF] System.Net.Http.HttpClient.DeepSeek.LogicalHandler End processing HTTP request after 305.5445ms - 200
[18:20:35 INF] System.Net.Http.HttpClient.DeepSeek.LogicalHandler Start processing HTTP request POST https://api.deepseek.com/chat/completions
[18:20:35 INF] System.Net.Http.HttpClient.DeepSeek.ClientHandler Sending HTTP request POST https://api.deepseek.com/chat/completions
[18:20:35 INF] System.Net.Http.HttpClient.DeepSeek.ClientHandler Received HTTP response headers after 407.0825ms - 200
[18:20:35 INF] System.Net.Http.HttpClient.DeepSeek.LogicalHandler Start processing HTTP request POST https://api.deepseek.com/chat/completions
[18:20:35 INF] System.Net.Http.HttpClient.DeepSeek.LogicalHandler End processing HTTP request after 407.9671ms - 200
[18:20:35 INF] System.Net.Http.HttpClient.DeepSeek.ClientHandler Sending HTTP request POST https://api.deepseek.com/chat/completions
[18:20:35 INF] System.Net.Http.HttpClient.DeepSeek.ClientHandler Received HTTP response headers after 297.0991ms - 200
[18:20:35 INF] System.Net.Http.HttpClient.DeepSeek.LogicalHandler End processing HTTP request after 298.1362ms - 200
[18:20:36 INF] System.Net.Http.HttpClient.DeepSeek.LogicalHandler Start processing HTTP request POST https://api.deepseek.com/chat/completions
[18:20:36 INF] System.Net.Http.HttpClient.DeepSeek.ClientHandler Sending HTTP request POST https://api.deepseek.com/chat/completions
[18:20:36 INF] System.Net.Http.HttpClient.DeepSeek.ClientHandler Received HTTP response headers after 339.4799ms - 200
[18:20:36 INF] System.Net.Http.HttpClient.DeepSeek.LogicalHandler End processing HTTP request after 340.7322ms - 200
[18:20:36 INF] System.Net.Http.HttpClient.DeepSeek.LogicalHandler Start processing HTTP request POST https://api.deepseek.com/chat/completions
[18:20:36 INF] System.Net.Http.HttpClient.DeepSeek.LogicalHandler Start processing HTTP request POST https://api.deepseek.com/chat/completions
[18:20:36 INF] System.Net.Http.HttpClient.DeepSeek.ClientHandler Sending HTTP request POST https://api.deepseek.com/chat/completions
[18:20:36 INF] System.Net.Http.HttpClient.DeepSeek.ClientHandler Sending HTTP request POST https://api.deepseek.com/chat/completions
[18:20:37 INF] System.Net.Http.HttpClient.DeepSeek.ClientHandler Received HTTP response headers after 305.3383ms - 200
[18:20:37 INF] System.Net.Http.HttpClient.DeepSeek.ClientHandler Received HTTP response headers after 305.3173ms - 200
[18:20:37 INF] System.Net.Http.HttpClient.DeepSeek.LogicalHandler End processing HTTP request after 305.6257ms - 200
[18:20:37 INF] System.Net.Http.HttpClient.DeepSeek.LogicalHandler End processing HTTP request after 305.6582ms - 200
[18:20:37 INF] System.Net.Http.HttpClient.DeepSeek.LogicalHandler Start processing HTTP request POST https://api.deepseek.com/chat/completions
[18:20:37 INF] System.Net.Http.HttpClient.DeepSeek.ClientHandler Sending HTTP request POST https://api.deepseek.com/chat/completions
[18:20:37 INF] System.Net.Http.HttpClient.DeepSeek.LogicalHandler Start processing HTTP request POST https://api.deepseek.com/chat/completions
[18:20:37 INF] System.Net.Http.HttpClient.DeepSeek.ClientHandler Sending HTTP request POST https://api.deepseek.com/chat/completions
[18:20:37 INF] System.Net.Http.HttpClient.DeepSeek.ClientHandler Received HTTP response headers after 288.8245ms - 200
[18:20:37 INF] System.Net.Http.HttpClient.DeepSeek.LogicalHandler End processing HTTP request after 289.7613ms - 200
[18:20:37 INF] System.Net.Http.HttpClient.DeepSeek.ClientHandler Received HTTP response headers after 291.2006ms - 200
[18:20:37 INF] System.Net.Http.HttpClient.DeepSeek.LogicalHandler End processing HTTP request after 291.7442ms - 200
[18:20:38 INF] System.Net.Http.HttpClient.DeepSeek.LogicalHandler Start processing HTTP request POST https://api.deepseek.com/chat/completions
[18:20:38 INF] System.Net.Http.HttpClient.DeepSeek.ClientHandler Sending HTTP request POST https://api.deepseek.com/chat/completions
[18:20:38 INF] System.Net.Http.HttpClient.DeepSeek.LogicalHandler Start processing HTTP request POST https://api.deepseek.com/chat/completions
[18:20:38 INF] System.Net.Http.HttpClient.DeepSeek.ClientHandler Sending HTTP request POST https://api.deepseek.com/chat/completions
[18:20:38 INF] System.Net.Http.HttpClient.DeepSeek.ClientHandler Received HTTP response headers after 286.2407ms - 200
[18:20:38 INF] System.Net.Http.HttpClient.DeepSeek.LogicalHandler End processing HTTP request after 286.8593ms - 200
[18:20:38 INF] System.Net.Http.HttpClient.DeepSeek.ClientHandler Received HTTP response headers after 304.7729ms - 200
[18:20:38 INF] System.Net.Http.HttpClient.DeepSeek.LogicalHandler End processing HTTP request after 305.6297ms - 200
[18:20:38 INF] System.Net.Http.HttpClient.DeepSeek.LogicalHandler Start processing HTTP request POST https://api.deepseek.com/chat/completions
[18:20:38 INF] System.Net.Http.HttpClient.DeepSeek.ClientHandler Sending HTTP request POST https://api.deepseek.com/chat/completions
[18:20:39 INF] System.Net.Http.HttpClient.DeepSeek.ClientHandler Received HTTP response headers after 344.5742ms - 200
[18:20:39 INF] System.Net.Http.HttpClient.DeepSeek.LogicalHandler Start processing HTTP request POST https://api.deepseek.com/chat/completions
[18:20:39 INF] System.Net.Http.HttpClient.DeepSeek.LogicalHandler End processing HTTP request after 345.1993ms - 200
[18:20:39 INF] System.Net.Http.HttpClient.DeepSeek.ClientHandler Sending HTTP request POST https://api.deepseek.com/chat/completions
[18:20:39 INF] System.Net.Http.HttpClient.DeepSeek.ClientHandler Received HTTP response headers after 306.8022ms - 200
[18:20:39 INF] System.Net.Http.HttpClient.DeepSeek.LogicalHandler End processing HTTP request after 307.329ms - 200
[18:20:39 INF] System.Net.Http.HttpClient.DeepSeek.LogicalHandler Start processing HTTP request POST https://api.deepseek.com/chat/completions
[18:20:39 INF] System.Net.Http.HttpClient.DeepSeek.ClientHandler Sending HTTP request POST https://api.deepseek.com/chat/completions
[18:20:40 INF] System.Net.Http.HttpClient.DeepSeek.LogicalHandler Start processing HTTP request POST https://api.deepseek.com/chat/completions
[18:20:40 INF] System.Net.Http.HttpClient.DeepSeek.ClientHandler Sending HTTP request POST https://api.deepseek.com/chat/completions
[18:20:40 INF] System.Net.Http.HttpClient.DeepSeek.ClientHandler Received HTTP response headers after 290.5635ms - 200
[18:20:40 INF] System.Net.Http.HttpClient.DeepSeek.LogicalHandler End processing HTTP request after 291.3466ms - 200
[18:20:40 INF] System.Net.Http.HttpClient.DeepSeek.LogicalHandler Start processing HTTP request POST https://api.deepseek.com/chat/completions
[18:20:40 INF] System.Net.Http.HttpClient.DeepSeek.ClientHandler Sending HTTP request POST https://api.deepseek.com/chat/completions
[18:20:40 INF] System.Net.Http.HttpClient.DeepSeek.ClientHandler Received HTTP response headers after 290.002ms - 200
[18:20:40 INF] System.Net.Http.HttpClient.DeepSeek.LogicalHandler End processing HTTP request after 290.4394ms - 200
[18:20:40 INF] System.Net.Http.HttpClient.DeepSeek.ClientHandler Received HTTP response headers after 284.5962ms - 200
[18:20:40 INF] System.Net.Http.HttpClient.DeepSeek.LogicalHandler End processing HTTP request after 285.0894ms - 200
[18:20:41 INF] System.Net.Http.HttpClient.DeepSeek.LogicalHandler Start processing HTTP request POST https://api.deepseek.com/chat/completions
[18:20:41 INF] System.Net.Http.HttpClient.DeepSeek.ClientHandler Sending HTTP request POST https://api.deepseek.com/chat/completions
[18:20:41 INF] System.Net.Http.HttpClient.DeepSeek.ClientHandler Received HTTP response headers after 408.8407ms - 200
[18:20:41 INF] System.Net.Http.HttpClient.DeepSeek.LogicalHandler End processing HTTP request after 412.4669ms - 200
[18:20:42 INF] System.Net.Http.HttpClient.DeepSeek.LogicalHandler Start processing HTTP request POST https://api.deepseek.com/chat/completions
[18:20:42 INF] System.Net.Http.HttpClient.DeepSeek.ClientHandler Sending HTTP request POST https://api.deepseek.com/chat/completions
[18:20:42 INF] System.Net.Http.HttpClient.DeepSeek.ClientHandler Received HTTP response headers after 307.6108ms - 200
[18:20:42 INF] System.Net.Http.HttpClient.DeepSeek.LogicalHandler Start processing HTTP request POST https://api.deepseek.com/chat/completions
[18:20:42 INF] System.Net.Http.HttpClient.DeepSeek.ClientHandler Sending HTTP request POST https://api.deepseek.com/chat/completions
[18:20:42 INF] System.Net.Http.HttpClient.DeepSeek.LogicalHandler End processing HTTP request after 308.4072ms - 200
[18:20:43 INF] System.Net.Http.HttpClient.DeepSeek.ClientHandler Received HTTP response headers after 304.7008ms - 200
[18:20:43 INF] System.Net.Http.HttpClient.DeepSeek.LogicalHandler End processing HTTP request after 305.3589ms - 200
[18:20:43 INF] System.Net.Http.HttpClient.DeepSeek.LogicalHandler Start processing HTTP request POST https://api.deepseek.com/chat/completions
[18:20:43 INF] System.Net.Http.HttpClient.DeepSeek.ClientHandler Sending HTTP request POST https://api.deepseek.com/chat/completions
[18:20:43 INF] System.Net.Http.HttpClient.DeepSeek.ClientHandler Received HTTP response headers after 298.7599ms - 200
[18:20:43 INF] System.Net.Http.HttpClient.DeepSeek.LogicalHandler End processing HTTP request after 299.4294ms - 200
[18:20:44 INF] System.Net.Http.HttpClient.DeepSeek.LogicalHandler Start processing HTTP request POST https://api.deepseek.com/chat/completions
[18:20:44 INF] System.Net.Http.HttpClient.DeepSeek.LogicalHandler Start processing HTTP request POST https://api.deepseek.com/chat/completions
[18:20:44 INF] System.Net.Http.HttpClient.DeepSeek.ClientHandler Sending HTTP request POST https://api.deepseek.com/chat/completions
[18:20:44 INF] System.Net.Http.HttpClient.DeepSeek.ClientHandler Sending HTTP request POST https://api.deepseek.com/chat/completions
[18:20:45 INF] System.Net.Http.HttpClient.DeepSeek.ClientHandler Received HTTP response headers after 281.4806ms - 200
[18:20:45 INF] System.Net.Http.HttpClient.DeepSeek.LogicalHandler End processing HTTP request after 283.6791ms - 200
[18:20:45 INF] System.Net.Http.HttpClient.DeepSeek.ClientHandler Received HTTP response headers after 289.3511ms - 200
[18:20:45 INF] System.Net.Http.HttpClient.DeepSeek.LogicalHandler End processing HTTP request after 290.0824ms - 200
[18:20:45 INF] System.Net.Http.HttpClient.DeepSeek.LogicalHandler Start processing HTTP request POST https://api.deepseek.com/chat/completions
[18:20:45 INF] System.Net.Http.HttpClient.DeepSeek.ClientHandler Sending HTTP request POST https://api.deepseek.com/chat/completions
[18:20:45 INF] System.Net.Http.HttpClient.DeepSeek.ClientHandler Received HTTP response headers after 286.6087ms - 200
[18:20:45 INF] System.Net.Http.HttpClient.DeepSeek.LogicalHandler End processing HTTP request after 286.9188ms - 200
[18:20:46 INF] System.Net.Http.HttpClient.DeepSeek.LogicalHandler Start processing HTTP request POST https://api.deepseek.com/chat/completions
[18:20:46 INF] System.Net.Http.HttpClient.DeepSeek.ClientHandler Sending HTTP request POST https://api.deepseek.com/chat/completions
[18:20:46 INF] System.Net.Http.HttpClient.DeepSeek.ClientHandler Received HTTP response headers after 308.2458ms - 200
[18:20:46 INF] System.Net.Http.HttpClient.DeepSeek.LogicalHandler End processing HTTP request after 308.4932ms - 200
[18:20:46 INF] System.Net.Http.HttpClient.DeepSeek.LogicalHandler Start processing HTTP request POST https://api.deepseek.com/chat/completions
[18:20:46 INF] System.Net.Http.HttpClient.DeepSeek.ClientHandler Sending HTTP request POST https://api.deepseek.com/chat/completions
[18:20:47 INF] System.Net.Http.HttpClient.DeepSeek.ClientHandler Received HTTP response headers after 307.4808ms - 200
[18:20:47 INF] System.Net.Http.HttpClient.DeepSeek.LogicalHandler End processing HTTP request after 307.8051ms - 200
[18:20:48 INF] System.Net.Http.HttpClient.DeepSeek.LogicalHandler Start processing HTTP request POST https://api.deepseek.com/chat/completions
[18:20:48 INF] System.Net.Http.HttpClient.DeepSeek.ClientHandler Sending HTTP request POST https://api.deepseek.com/chat/completions
[18:20:48 INF] System.Net.Http.HttpClient.DeepSeek.ClientHandler Received HTTP response headers after 285.853ms - 200
[18:20:48 INF] System.Net.Http.HttpClient.DeepSeek.LogicalHandler End processing HTTP request after 286.2235ms - 200
[18:20:50 INF] System.Net.Http.HttpClient.DeepSeek.LogicalHandler Start processing HTTP request POST https://api.deepseek.com/chat/completions
[18:20:50 INF] System.Net.Http.HttpClient.DeepSeek.ClientHandler Sending HTTP request POST https://api.deepseek.com/chat/completions
[18:20:50 INF] System.Net.Http.HttpClient.DeepSeek.ClientHandler Received HTTP response headers after 313.5573ms - 200
[18:20:50 INF] System.Net.Http.HttpClient.DeepSeek.LogicalHandler End processing HTTP request after 313.9089ms - 200
[18:20:53 INF] System.Net.Http.HttpClient.DeepSeek.LogicalHandler Start processing HTTP request POST https://api.deepseek.com/chat/completions
[18:20:53 INF] System.Net.Http.HttpClient.DeepSeek.ClientHandler Sending HTTP request POST https://api.deepseek.com/chat/completions
[18:20:53 INF] System.Net.Http.HttpClient.DeepSeek.LogicalHandler Start processing HTTP request POST https://api.deepseek.com/chat/completions
[18:20:53 INF] System.Net.Http.HttpClient.DeepSeek.ClientHandler Sending HTTP request POST https://api.deepseek.com/chat/completions
[18:20:53 INF] System.Net.Http.HttpClient.DeepSeek.ClientHandler Received HTTP response headers after 288.5123ms - 200
[18:20:53 INF] System.Net.Http.HttpClient.DeepSeek.LogicalHandler End processing HTTP request after 289.5737ms - 200
[18:20:53 INF] System.Net.Http.HttpClient.DeepSeek.ClientHandler Received HTTP response headers after 277.2702ms - 200
[18:20:53 INF] System.Net.Http.HttpClient.DeepSeek.LogicalHandler End processing HTTP request after 277.5956ms - 200
[18:20:55 INF] System.Net.Http.HttpClient.DeepSeek.LogicalHandler Start processing HTTP request POST https://api.deepseek.com/chat/completions
[18:20:55 INF] System.Net.Http.HttpClient.DeepSeek.ClientHandler Sending HTTP request POST https://api.deepseek.com/chat/completions
[18:20:56 INF] System.Net.Http.HttpClient.DeepSeek.ClientHandler Received HTTP response headers after 303.8438ms - 200
[18:20:56 INF] System.Net.Http.HttpClient.DeepSeek.LogicalHandler End processing HTTP request after 304.6135ms - 200
[18:21:30 INF] simple_bloomberg_terminal.Services.Extraction.Measurement.CounterpartyMeasurementService Measurement lead agent starting for Super Micro Computer, Inc. run 1 using DeepSeek/deepseek-v4-pro | worker=directional-counterparty-worker-v2 | lead=counterparty-ledger-v2; digestChars=3122, contextChars=3124, maxTokens=16000
[18:21:30 INF] System.Net.Http.HttpClient.DeepSeek.LogicalHandler Start processing HTTP request POST https://api.deepseek.com/chat/completions
[18:21:30 INF] System.Net.Http.HttpClient.DeepSeek.ClientHandler Sending HTTP request POST https://api.deepseek.com/chat/completions
[18:21:31 INF] System.Net.Http.HttpClient.DeepSeek.ClientHandler Received HTTP response headers after 306.5265ms - 200
[18:21:31 INF] System.Net.Http.HttpClient.DeepSeek.LogicalHandler End processing HTTP request after 307.8131ms - 200
[18:22:32 INF] System.Net.Http.HttpClient.DeepSeek.LogicalHandler Start processing HTTP request POST https://api.deepseek.com/chat/completions
[18:22:32 INF] System.Net.Http.HttpClient.DeepSeek.ClientHandler Sending HTTP request POST https://api.deepseek.com/chat/completions
[18:22:32 INF] System.Net.Http.HttpClient.DeepSeek.LogicalHandler Start processing HTTP request POST https://api.deepseek.com/chat/completions
[18:22:32 INF] System.Net.Http.HttpClient.DeepSeek.ClientHandler Sending HTTP request POST https://api.deepseek.com/chat/completions
[18:22:32 INF] System.Net.Http.HttpClient.DeepSeek.LogicalHandler Start processing HTTP request POST https://api.deepseek.com/chat/completions
[18:22:32 INF] System.Net.Http.HttpClient.DeepSeek.ClientHandler Sending HTTP request POST https://api.deepseek.com/chat/completions
[18:22:32 INF] System.Net.Http.HttpClient.DeepSeek.LogicalHandler Start processing HTTP request POST https://api.deepseek.com/chat/completions
[18:22:32 INF] System.Net.Http.HttpClient.DeepSeek.ClientHandler Sending HTTP request POST https://api.deepseek.com/chat/completions
[18:22:32 INF] System.Net.Http.HttpClient.DeepSeek.LogicalHandler Start processing HTTP request POST https://api.deepseek.com/chat/completions
[18:22:32 INF] System.Net.Http.HttpClient.DeepSeek.ClientHandler Sending HTTP request POST https://api.deepseek.com/chat/completions
[18:22:32 INF] System.Net.Http.HttpClient.DeepSeek.LogicalHandler Start processing HTTP request POST https://api.deepseek.com/chat/completions
[18:22:32 INF] System.Net.Http.HttpClient.DeepSeek.ClientHandler Sending HTTP request POST https://api.deepseek.com/chat/completions
[18:22:33 INF] System.Net.Http.HttpClient.DeepSeek.ClientHandler Received HTTP response headers after 616.3674ms - 200
[18:22:33 INF] System.Net.Http.HttpClient.DeepSeek.ClientHandler Received HTTP response headers after 615.9706ms - 200
[18:22:33 INF] System.Net.Http.HttpClient.DeepSeek.ClientHandler Received HTTP response headers after 616.3016ms - 200
[18:22:33 INF] System.Net.Http.HttpClient.DeepSeek.ClientHandler Received HTTP response headers after 615.8319ms - 200
[18:22:33 INF] System.Net.Http.HttpClient.DeepSeek.LogicalHandler End processing HTTP request after 616.5632ms - 200
[18:22:33 INF] System.Net.Http.HttpClient.DeepSeek.LogicalHandler End processing HTTP request after 616.219ms - 200
[18:22:33 INF] System.Net.Http.HttpClient.DeepSeek.LogicalHandler End processing HTTP request after 616.5914ms - 200
[18:22:33 INF] System.Net.Http.HttpClient.DeepSeek.ClientHandler Received HTTP response headers after 616.7588ms - 200
[18:22:33 INF] System.Net.Http.HttpClient.DeepSeek.ClientHandler Received HTTP response headers after 615.9795ms - 200
[18:22:33 INF] System.Net.Http.HttpClient.DeepSeek.LogicalHandler End processing HTTP request after 616.2746ms - 200
[18:22:33 INF] System.Net.Http.HttpClient.DeepSeek.LogicalHandler End processing HTTP request after 617.86ms - 200
[18:22:33 INF] System.Net.Http.HttpClient.DeepSeek.LogicalHandler End processing HTTP request after 616.4271ms - 200
[18:22:34 INF] System.Net.Http.HttpClient.DeepSeek.LogicalHandler Start processing HTTP request POST https://api.deepseek.com/chat/completions
[18:22:34 INF] System.Net.Http.HttpClient.DeepSeek.ClientHandler Sending HTTP request POST https://api.deepseek.com/chat/completions
[18:22:34 INF] System.Net.Http.HttpClient.DeepSeek.LogicalHandler Start processing HTTP request POST https://api.deepseek.com/chat/completions
[18:22:34 INF] System.Net.Http.HttpClient.DeepSeek.ClientHandler Sending HTTP request POST https://api.deepseek.com/chat/completions
[18:22:34 INF] System.Net.Http.HttpClient.DeepSeek.LogicalHandler Start processing HTTP request POST https://api.deepseek.com/chat/completions
[18:22:34 INF] System.Net.Http.HttpClient.DeepSeek.ClientHandler Sending HTTP request POST https://api.deepseek.com/chat/completions
[18:22:34 INF] System.Net.Http.HttpClient.DeepSeek.LogicalHandler Start processing HTTP request POST https://api.deepseek.com/chat/completions
[18:22:34 INF] System.Net.Http.HttpClient.DeepSeek.ClientHandler Sending HTTP request POST https://api.deepseek.com/chat/completions
[18:22:34 INF] System.Net.Http.HttpClient.DeepSeek.LogicalHandler Start processing HTTP request POST https://api.deepseek.com/chat/completions
[18:22:34 INF] System.Net.Http.HttpClient.DeepSeek.ClientHandler Sending HTTP request POST https://api.deepseek.com/chat/completions
[18:22:34 INF] System.Net.Http.HttpClient.DeepSeek.LogicalHandler Start processing HTTP request POST https://api.deepseek.com/chat/completions
[18:22:34 INF] System.Net.Http.HttpClient.DeepSeek.ClientHandler Sending HTTP request POST https://api.deepseek.com/chat/completions
[18:22:34 INF] System.Net.Http.HttpClient.DeepSeek.LogicalHandler Start processing HTTP request POST https://api.deepseek.com/chat/completions
[18:22:34 INF] System.Net.Http.HttpClient.DeepSeek.ClientHandler Sending HTTP request POST https://api.deepseek.com/chat/completions
[18:22:34 INF] System.Net.Http.HttpClient.DeepSeek.ClientHandler Received HTTP response headers after 396.3732ms - 200
[18:22:34 INF] System.Net.Http.HttpClient.DeepSeek.LogicalHandler End processing HTTP request after 396.584ms - 200
[18:22:34 INF] System.Net.Http.HttpClient.DeepSeek.ClientHandler Received HTTP response headers after 528.0901ms - 200
[18:22:34 INF] System.Net.Http.HttpClient.DeepSeek.LogicalHandler End processing HTTP request after 528.3292ms - 200
[18:22:34 INF] System.Net.Http.HttpClient.DeepSeek.ClientHandler Received HTTP response headers after 530.1224ms - 200
[18:22:34 INF] System.Net.Http.HttpClient.DeepSeek.LogicalHandler End processing HTTP request after 530.2415ms - 200
[18:22:34 INF] System.Net.Http.HttpClient.DeepSeek.ClientHandler Received HTTP response headers after 530.0685ms - 200
[18:22:34 INF] System.Net.Http.HttpClient.DeepSeek.LogicalHandler End processing HTTP request after 530.2866ms - 200
[18:22:34 INF] System.Net.Http.HttpClient.DeepSeek.ClientHandler Received HTTP response headers after 502.6071ms - 200
[18:22:34 INF] System.Net.Http.HttpClient.DeepSeek.LogicalHandler End processing HTTP request after 502.8564ms - 200
[18:22:34 INF] System.Net.Http.HttpClient.DeepSeek.ClientHandler Received HTTP response headers after 537.8809ms - 200
[18:22:34 INF] System.Net.Http.HttpClient.DeepSeek.LogicalHandler End processing HTTP request after 538.2389ms - 200
[18:22:34 INF] System.Net.Http.HttpClient.DeepSeek.ClientHandler Received HTTP response headers after 556.584ms - 200
[18:22:34 INF] System.Net.Http.HttpClient.DeepSeek.LogicalHandler End processing HTTP request after 556.777ms - 200
[18:22:35 INF] System.Net.Http.HttpClient.DeepSeek.LogicalHandler Start processing HTTP request POST https://api.deepseek.com/chat/completions
[18:22:35 INF] System.Net.Http.HttpClient.DeepSeek.ClientHandler Sending HTTP request POST https://api.deepseek.com/chat/completions
[18:22:35 INF] System.Net.Http.HttpClient.DeepSeek.ClientHandler Received HTTP response headers after 284.7382ms - 200
[18:22:35 INF] System.Net.Http.HttpClient.DeepSeek.LogicalHandler End processing HTTP request after 285.0082ms - 200
[18:22:36 INF] System.Net.Http.HttpClient.DeepSeek.LogicalHandler Start processing HTTP request POST https://api.deepseek.com/chat/completions
[18:22:36 INF] System.Net.Http.HttpClient.DeepSeek.ClientHandler Sending HTTP request POST https://api.deepseek.com/chat/completions
[18:22:36 INF] System.Net.Http.HttpClient.DeepSeek.LogicalHandler Start processing HTTP request POST https://api.deepseek.com/chat/completions
[18:22:36 INF] System.Net.Http.HttpClient.DeepSeek.ClientHandler Sending HTTP request POST https://api.deepseek.com/chat/completions
[18:22:36 INF] System.Net.Http.HttpClient.DeepSeek.LogicalHandler Start processing HTTP request POST https://api.deepseek.com/chat/completions
[18:22:36 INF] System.Net.Http.HttpClient.DeepSeek.ClientHandler Sending HTTP request POST https://api.deepseek.com/chat/completions
[18:22:36 INF] System.Net.Http.HttpClient.DeepSeek.LogicalHandler Start processing HTTP request POST https://api.deepseek.com/chat/completions
[18:22:36 INF] System.Net.Http.HttpClient.DeepSeek.ClientHandler Sending HTTP request POST https://api.deepseek.com/chat/completions
[18:22:36 INF] System.Net.Http.HttpClient.DeepSeek.LogicalHandler Start processing HTTP request POST https://api.deepseek.com/chat/completions
[18:22:36 INF] System.Net.Http.HttpClient.DeepSeek.ClientHandler Sending HTTP request POST https://api.deepseek.com/chat/completions
[18:22:36 INF] System.Net.Http.HttpClient.DeepSeek.LogicalHandler Start processing HTTP request POST https://api.deepseek.com/chat/completions
[18:22:36 INF] System.Net.Http.HttpClient.DeepSeek.ClientHandler Sending HTTP request POST https://api.deepseek.com/chat/completions
[18:22:36 INF] System.Net.Http.HttpClient.DeepSeek.LogicalHandler Start processing HTTP request POST https://api.deepseek.com/chat/completions
[18:22:36 INF] System.Net.Http.HttpClient.DeepSeek.ClientHandler Sending HTTP request POST https://api.deepseek.com/chat/completions
[18:22:36 INF] System.Net.Http.HttpClient.DeepSeek.LogicalHandler Start processing HTTP request POST https://api.deepseek.com/chat/completions
[18:22:36 INF] System.Net.Http.HttpClient.DeepSeek.ClientHandler Sending HTTP request POST https://api.deepseek.com/chat/completions
[18:22:36 INF] System.Net.Http.HttpClient.DeepSeek.ClientHandler Received HTTP response headers after 295.511ms - 200
[18:22:36 INF] System.Net.Http.HttpClient.DeepSeek.LogicalHandler End processing HTTP request after 295.8599ms - 200
[18:22:36 INF] System.Net.Http.HttpClient.DeepSeek.LogicalHandler Start processing HTTP request POST https://api.deepseek.com/chat/completions
[18:22:36 INF] System.Net.Http.HttpClient.DeepSeek.ClientHandler Sending HTTP request POST https://api.deepseek.com/chat/completions
[18:22:36 INF] System.Net.Http.HttpClient.DeepSeek.ClientHandler Received HTTP response headers after 500.2582ms - 200
[18:22:36 INF] System.Net.Http.HttpClient.DeepSeek.LogicalHandler End processing HTTP request after 500.4381ms - 200
[18:22:36 INF] System.Net.Http.HttpClient.DeepSeek.ClientHandler Received HTTP response headers after 510.1006ms - 200
[18:22:36 INF] System.Net.Http.HttpClient.DeepSeek.LogicalHandler End processing HTTP request after 510.1985ms - 200
[18:22:36 INF] System.Net.Http.HttpClient.DeepSeek.ClientHandler Received HTTP response headers after 511.5702ms - 200
[18:22:36 INF] System.Net.Http.HttpClient.DeepSeek.LogicalHandler End processing HTTP request after 511.6755ms - 200
[18:22:36 INF] System.Net.Http.HttpClient.DeepSeek.ClientHandler Received HTTP response headers after 511.7852ms - 200
[18:22:36 INF] System.Net.Http.HttpClient.DeepSeek.LogicalHandler End processing HTTP request after 511.8716ms - 200
[18:22:36 INF] System.Net.Http.HttpClient.DeepSeek.ClientHandler Received HTTP response headers after 319.736ms - 200
[18:22:36 INF] System.Net.Http.HttpClient.DeepSeek.LogicalHandler End processing HTTP request after 319.9118ms - 200
[18:22:36 INF] System.Net.Http.HttpClient.DeepSeek.ClientHandler Received HTTP response headers after 516.0181ms - 200
[18:22:36 INF] System.Net.Http.HttpClient.DeepSeek.LogicalHandler End processing HTTP request after 516.1282ms - 200
[18:22:36 INF] System.Net.Http.HttpClient.DeepSeek.ClientHandler Received HTTP response headers after 533.2897ms - 200
[18:22:36 INF] System.Net.Http.HttpClient.DeepSeek.LogicalHandler End processing HTTP request after 533.5277ms - 200
[18:22:37 INF] System.Net.Http.HttpClient.DeepSeek.ClientHandler Received HTTP response headers after 308.8702ms - 200
[18:22:37 INF] System.Net.Http.HttpClient.DeepSeek.LogicalHandler End processing HTTP request after 309.0918ms - 200
[18:22:37 INF] System.Net.Http.HttpClient.DeepSeek.LogicalHandler Start processing HTTP request POST https://api.deepseek.com/chat/completions
[18:22:37 INF] System.Net.Http.HttpClient.DeepSeek.ClientHandler Sending HTTP request POST https://api.deepseek.com/chat/completions
[18:22:37 INF] System.Net.Http.HttpClient.DeepSeek.ClientHandler Received HTTP response headers after 289.2092ms - 200
[18:22:37 INF] System.Net.Http.HttpClient.DeepSeek.LogicalHandler End processing HTTP request after 289.4497ms - 200
[18:22:37 INF] System.Net.Http.HttpClient.DeepSeek.LogicalHandler Start processing HTTP request POST https://api.deepseek.com/chat/completions
[18:22:37 INF] System.Net.Http.HttpClient.DeepSeek.ClientHandler Sending HTTP request POST https://api.deepseek.com/chat/completions
[18:22:37 INF] System.Net.Http.HttpClient.DeepSeek.LogicalHandler Start processing HTTP request POST https://api.deepseek.com/chat/completions
[18:22:37 INF] System.Net.Http.HttpClient.DeepSeek.ClientHandler Sending HTTP request POST https://api.deepseek.com/chat/completions
[18:22:37 INF] System.Net.Http.HttpClient.DeepSeek.LogicalHandler Start processing HTTP request POST https://api.deepseek.com/chat/completions
[18:22:37 INF] System.Net.Http.HttpClient.DeepSeek.ClientHandler Sending HTTP request POST https://api.deepseek.com/chat/completions
[18:22:37 INF] System.Net.Http.HttpClient.DeepSeek.LogicalHandler Start processing HTTP request POST https://api.deepseek.com/chat/completions
[18:22:37 INF] System.Net.Http.HttpClient.DeepSeek.ClientHandler Sending HTTP request POST https://api.deepseek.com/chat/completions
[18:22:37 INF] System.Net.Http.HttpClient.DeepSeek.ClientHandler Received HTTP response headers after 278.4094ms - 200
[18:22:37 INF] System.Net.Http.HttpClient.DeepSeek.LogicalHandler End processing HTTP request after 278.6306ms - 200
[18:22:37 INF] System.Net.Http.HttpClient.DeepSeek.ClientHandler Received HTTP response headers after 290.3824ms - 200
[18:22:37 INF] System.Net.Http.HttpClient.DeepSeek.LogicalHandler End processing HTTP request after 290.6747ms - 200
[18:22:38 INF] System.Net.Http.HttpClient.DeepSeek.LogicalHandler Start processing HTTP request POST https://api.deepseek.com/chat/completions
[18:22:38 INF] System.Net.Http.HttpClient.DeepSeek.ClientHandler Sending HTTP request POST https://api.deepseek.com/chat/completions
[18:22:38 INF] System.Net.Http.HttpClient.DeepSeek.LogicalHandler Start processing HTTP request POST https://api.deepseek.com/chat/completions
[18:22:38 INF] System.Net.Http.HttpClient.DeepSeek.ClientHandler Sending HTTP request POST https://api.deepseek.com/chat/completions
[18:22:38 INF] System.Net.Http.HttpClient.DeepSeek.LogicalHandler Start processing HTTP request POST https://api.deepseek.com/chat/completions
[18:22:38 INF] System.Net.Http.HttpClient.DeepSeek.ClientHandler Sending HTTP request POST https://api.deepseek.com/chat/completions
[18:22:38 INF] System.Net.Http.HttpClient.DeepSeek.LogicalHandler Start processing HTTP request POST https://api.deepseek.com/chat/completions
[18:22:38 INF] System.Net.Http.HttpClient.DeepSeek.ClientHandler Sending HTTP request POST https://api.deepseek.com/chat/completions
[18:22:38 INF] System.Net.Http.HttpClient.DeepSeek.LogicalHandler Start processing HTTP request POST https://api.deepseek.com/chat/completions
[18:22:38 INF] System.Net.Http.HttpClient.DeepSeek.ClientHandler Sending HTTP request POST https://api.deepseek.com/chat/completions
[18:22:38 INF] System.Net.Http.HttpClient.DeepSeek.LogicalHandler Start processing HTTP request POST https://api.deepseek.com/chat/completions
[18:22:38 INF] System.Net.Http.HttpClient.DeepSeek.ClientHandler Sending HTTP request POST https://api.deepseek.com/chat/completions
[18:22:38 INF] System.Net.Http.HttpClient.DeepSeek.LogicalHandler Start processing HTTP request POST https://api.deepseek.com/chat/completions
[18:22:38 INF] System.Net.Http.HttpClient.DeepSeek.ClientHandler Sending HTTP request POST https://api.deepseek.com/chat/completions
[18:22:38 INF] System.Net.Http.HttpClient.DeepSeek.ClientHandler Received HTTP response headers after 275.495ms - 200
[18:22:38 INF] System.Net.Http.HttpClient.DeepSeek.LogicalHandler End processing HTTP request after 275.7492ms - 200
[18:22:38 INF] System.Net.Http.HttpClient.DeepSeek.ClientHandler Received HTTP response headers after 287.6ms - 200
[18:22:38 INF] System.Net.Http.HttpClient.DeepSeek.LogicalHandler End processing HTTP request after 287.988ms - 200
[18:22:38 INF] System.Net.Http.HttpClient.DeepSeek.LogicalHandler Start processing HTTP request POST https://api.deepseek.com/chat/completions
[18:22:38 INF] System.Net.Http.HttpClient.DeepSeek.ClientHandler Sending HTTP request POST https://api.deepseek.com/chat/completions
[18:22:38 INF] System.Net.Http.HttpClient.DeepSeek.ClientHandler Received HTTP response headers after 354.5664ms - 200
[18:22:38 INF] System.Net.Http.HttpClient.DeepSeek.LogicalHandler End processing HTTP request after 354.8519ms - 200
[18:22:38 INF] System.Net.Http.HttpClient.DeepSeek.LogicalHandler Start processing HTTP request POST https://api.deepseek.com/chat/completions
[18:22:38 INF] System.Net.Http.HttpClient.DeepSeek.ClientHandler Sending HTTP request POST https://api.deepseek.com/chat/completions
[18:22:38 INF] System.Net.Http.HttpClient.DeepSeek.ClientHandler Received HTTP response headers after 508.0992ms - 200
[18:22:38 INF] System.Net.Http.HttpClient.DeepSeek.LogicalHandler End processing HTTP request after 508.6605ms - 200
[18:22:38 INF] System.Net.Http.HttpClient.DeepSeek.ClientHandler Received HTTP response headers after 511.4627ms - 200
[18:22:38 INF] System.Net.Http.HttpClient.DeepSeek.LogicalHandler End processing HTTP request after 511.762ms - 200
[18:22:38 INF] System.Net.Http.HttpClient.DeepSeek.ClientHandler Received HTTP response headers after 513.8312ms - 200
[18:22:38 INF] System.Net.Http.HttpClient.DeepSeek.LogicalHandler End processing HTTP request after 514.2047ms - 200
[18:22:38 INF] System.Net.Http.HttpClient.DeepSeek.ClientHandler Received HTTP response headers after 513.7937ms - 200
[18:22:38 INF] System.Net.Http.HttpClient.DeepSeek.LogicalHandler End processing HTTP request after 514.0733ms - 200
[18:22:38 INF] System.Net.Http.HttpClient.DeepSeek.ClientHandler Received HTTP response headers after 300.0228ms - 200
[18:22:38 INF] System.Net.Http.HttpClient.DeepSeek.LogicalHandler End processing HTTP request after 300.3076ms - 200
[18:22:38 INF] System.Net.Http.HttpClient.DeepSeek.ClientHandler Received HTTP response headers after 497.3ms - 200
[18:22:38 INF] System.Net.Http.HttpClient.DeepSeek.LogicalHandler End processing HTTP request after 497.5228ms - 200
[18:22:38 INF] System.Net.Http.HttpClient.DeepSeek.ClientHandler Received HTTP response headers after 529.8139ms - 200
[18:22:38 INF] System.Net.Http.HttpClient.DeepSeek.LogicalHandler End processing HTTP request after 530.0247ms - 200
[18:22:38 INF] System.Net.Http.HttpClient.DeepSeek.LogicalHandler Start processing HTTP request POST https://api.deepseek.com/chat/completions
[18:22:38 INF] System.Net.Http.HttpClient.DeepSeek.ClientHandler Sending HTTP request POST https://api.deepseek.com/chat/completions
[18:22:38 INF] System.Net.Http.HttpClient.DeepSeek.LogicalHandler Start processing HTTP request POST https://api.deepseek.com/chat/completions
[18:22:38 INF] System.Net.Http.HttpClient.DeepSeek.ClientHandler Sending HTTP request POST https://api.deepseek.com/chat/completions
[18:22:38 INF] System.Net.Http.HttpClient.DeepSeek.ClientHandler Received HTTP response headers after 280.1634ms - 200
[18:22:38 INF] System.Net.Http.HttpClient.DeepSeek.LogicalHandler End processing HTTP request after 280.4097ms - 200
[18:22:38 INF] System.Net.Http.HttpClient.DeepSeek.ClientHandler Received HTTP response headers after 277.6709ms - 200
[18:22:38 INF] System.Net.Http.HttpClient.DeepSeek.LogicalHandler End processing HTTP request after 277.915ms - 200
[18:22:38 INF] System.Net.Http.HttpClient.DeepSeek.LogicalHandler Start processing HTTP request POST https://api.deepseek.com/chat/completions
[18:22:38 INF] System.Net.Http.HttpClient.DeepSeek.ClientHandler Sending HTTP request POST https://api.deepseek.com/chat/completions
[18:22:38 INF] System.Net.Http.HttpClient.DeepSeek.ClientHandler Received HTTP response headers after 279.9145ms - 200
[18:22:38 INF] System.Net.Http.HttpClient.DeepSeek.LogicalHandler End processing HTTP request after 280.1845ms - 200
[18:22:39 INF] System.Net.Http.HttpClient.DeepSeek.LogicalHandler Start processing HTTP request POST https://api.deepseek.com/chat/completions
[18:22:39 INF] System.Net.Http.HttpClient.DeepSeek.ClientHandler Sending HTTP request POST https://api.deepseek.com/chat/completions
[18:22:39 INF] System.Net.Http.HttpClient.DeepSeek.ClientHandler Received HTTP response headers after 295.936ms - 200
[18:22:39 INF] System.Net.Http.HttpClient.DeepSeek.LogicalHandler End processing HTTP request after 296.2993ms - 200
[18:22:39 INF] System.Net.Http.HttpClient.DeepSeek.LogicalHandler Start processing HTTP request POST https://api.deepseek.com/chat/completions
[18:22:39 INF] System.Net.Http.HttpClient.DeepSeek.ClientHandler Sending HTTP request POST https://api.deepseek.com/chat/completions
[18:22:39 INF] System.Net.Http.HttpClient.DeepSeek.LogicalHandler Start processing HTTP request POST https://api.deepseek.com/chat/completions
[18:22:39 INF] System.Net.Http.HttpClient.DeepSeek.ClientHandler Sending HTTP request POST https://api.deepseek.com/chat/completions
[18:22:39 INF] System.Net.Http.HttpClient.DeepSeek.ClientHandler Received HTTP response headers after 326.9823ms - 200
[18:22:39 INF] System.Net.Http.HttpClient.DeepSeek.LogicalHandler End processing HTTP request after 327.2544ms - 200
[18:22:39 INF] System.Net.Http.HttpClient.DeepSeek.LogicalHandler Start processing HTTP request POST https://api.deepseek.com/chat/completions
[18:22:39 INF] System.Net.Http.HttpClient.DeepSeek.ClientHandler Sending HTTP request POST https://api.deepseek.com/chat/completions
[18:22:39 INF] System.Net.Http.HttpClient.DeepSeek.LogicalHandler Start processing HTTP request POST https://api.deepseek.com/chat/completions
[18:22:39 INF] System.Net.Http.HttpClient.DeepSeek.ClientHandler Sending HTTP request POST https://api.deepseek.com/chat/completions
[18:22:39 INF] System.Net.Http.HttpClient.DeepSeek.LogicalHandler Start processing HTTP request POST https://api.deepseek.com/chat/completions
[18:22:39 INF] System.Net.Http.HttpClient.DeepSeek.ClientHandler Sending HTTP request POST https://api.deepseek.com/chat/completions
[18:22:39 INF] System.Net.Http.HttpClient.DeepSeek.LogicalHandler Start processing HTTP request POST https://api.deepseek.com/chat/completions
[18:22:39 INF] System.Net.Http.HttpClient.DeepSeek.ClientHandler Sending HTTP request POST https://api.deepseek.com/chat/completions
[18:22:39 INF] System.Net.Http.HttpClient.DeepSeek.ClientHandler Received HTTP response headers after 273.2162ms - 200
[18:22:39 INF] System.Net.Http.HttpClient.DeepSeek.LogicalHandler End processing HTTP request after 273.4777ms - 200
[18:22:39 INF] System.Net.Http.HttpClient.DeepSeek.ClientHandler Received HTTP response headers after 292.2529ms - 200
[18:22:39 INF] System.Net.Http.HttpClient.DeepSeek.LogicalHandler End processing HTTP request after 292.4545ms - 200
[18:22:39 INF] System.Net.Http.HttpClient.DeepSeek.ClientHandler Received HTTP response headers after 285.537ms - 200
[18:22:39 INF] System.Net.Http.HttpClient.DeepSeek.LogicalHandler End processing HTTP request after 285.7349ms - 200
[18:22:39 INF] System.Net.Http.HttpClient.DeepSeek.ClientHandler Received HTTP response headers after 281.4179ms - 200
[18:22:39 INF] System.Net.Http.HttpClient.DeepSeek.LogicalHandler End processing HTTP request after 281.7767ms - 200
[18:22:39 INF] System.Net.Http.HttpClient.DeepSeek.ClientHandler Received HTTP response headers after 326.5147ms - 200
[18:22:39 INF] System.Net.Http.HttpClient.DeepSeek.LogicalHandler End processing HTTP request after 326.7089ms - 200
[18:22:39 INF] System.Net.Http.HttpClient.DeepSeek.LogicalHandler Start processing HTTP request POST https://api.deepseek.com/chat/completions
[18:22:39 INF] System.Net.Http.HttpClient.DeepSeek.ClientHandler Sending HTTP request POST https://api.deepseek.com/chat/completions
[18:22:39 INF] System.Net.Http.HttpClient.DeepSeek.LogicalHandler Start processing HTTP request POST https://api.deepseek.com/chat/completions
[18:22:39 INF] System.Net.Http.HttpClient.DeepSeek.ClientHandler Sending HTTP request POST https://api.deepseek.com/chat/completions
[18:22:39 INF] System.Net.Http.HttpClient.DeepSeek.LogicalHandler Start processing HTTP request POST https://api.deepseek.com/chat/completions
[18:22:39 INF] System.Net.Http.HttpClient.DeepSeek.ClientHandler Sending HTTP request POST https://api.deepseek.com/chat/completions
[18:22:39 INF] System.Net.Http.HttpClient.DeepSeek.LogicalHandler Start processing HTTP request POST https://api.deepseek.com/chat/completions
[18:22:39 INF] System.Net.Http.HttpClient.DeepSeek.ClientHandler Sending HTTP request POST https://api.deepseek.com/chat/completions
[18:22:39 INF] System.Net.Http.HttpClient.DeepSeek.LogicalHandler Start processing HTTP request POST https://api.deepseek.com/chat/completions
[18:22:39 INF] System.Net.Http.HttpClient.DeepSeek.ClientHandler Sending HTTP request POST https://api.deepseek.com/chat/completions
[18:22:39 INF] System.Net.Http.HttpClient.DeepSeek.LogicalHandler Start processing HTTP request POST https://api.deepseek.com/chat/completions
[18:22:39 INF] System.Net.Http.HttpClient.DeepSeek.ClientHandler Sending HTTP request POST https://api.deepseek.com/chat/completions
[18:22:39 INF] System.Net.Http.HttpClient.DeepSeek.ClientHandler Received HTTP response headers after 299.152ms - 200
[18:22:39 INF] System.Net.Http.HttpClient.DeepSeek.LogicalHandler End processing HTTP request after 299.6624ms - 200
[18:22:39 INF] System.Net.Http.HttpClient.DeepSeek.LogicalHandler Start processing HTTP request POST https://api.deepseek.com/chat/completions
[18:22:39 INF] System.Net.Http.HttpClient.DeepSeek.ClientHandler Sending HTTP request POST https://api.deepseek.com/chat/completions
[18:22:40 INF] System.Net.Http.HttpClient.DeepSeek.LogicalHandler Start processing HTTP request POST https://api.deepseek.com/chat/completions
[18:22:40 INF] System.Net.Http.HttpClient.DeepSeek.ClientHandler Sending HTTP request POST https://api.deepseek.com/chat/completions
[18:22:40 INF] System.Net.Http.HttpClient.DeepSeek.LogicalHandler Start processing HTTP request POST https://api.deepseek.com/chat/completions
[18:22:40 INF] System.Net.Http.HttpClient.DeepSeek.ClientHandler Sending HTTP request POST https://api.deepseek.com/chat/completions
[18:22:40 INF] System.Net.Http.HttpClient.DeepSeek.LogicalHandler Start processing HTTP request POST https://api.deepseek.com/chat/completions
[18:22:40 INF] System.Net.Http.HttpClient.DeepSeek.ClientHandler Sending HTTP request POST https://api.deepseek.com/chat/completions
[18:22:40 INF] System.Net.Http.HttpClient.DeepSeek.ClientHandler Received HTTP response headers after 406.9853ms - 200
[18:22:40 INF] System.Net.Http.HttpClient.DeepSeek.LogicalHandler End processing HTTP request after 407.2124ms - 200
[18:22:40 INF] System.Net.Http.HttpClient.DeepSeek.LogicalHandler Start processing HTTP request POST https://api.deepseek.com/chat/completions
[18:22:40 INF] System.Net.Http.HttpClient.DeepSeek.ClientHandler Sending HTTP request POST https://api.deepseek.com/chat/completions
[18:22:40 INF] System.Net.Http.HttpClient.DeepSeek.LogicalHandler Start processing HTTP request POST https://api.deepseek.com/chat/completions
[18:22:40 INF] System.Net.Http.HttpClient.DeepSeek.ClientHandler Sending HTTP request POST https://api.deepseek.com/chat/completions
[18:22:40 INF] System.Net.Http.HttpClient.DeepSeek.LogicalHandler Start processing HTTP request POST https://api.deepseek.com/chat/completions
[18:22:40 INF] System.Net.Http.HttpClient.DeepSeek.ClientHandler Sending HTTP request POST https://api.deepseek.com/chat/completions
[18:22:40 INF] System.Net.Http.HttpClient.DeepSeek.ClientHandler Received HTTP response headers after 560.6863ms - 200
[18:22:40 INF] System.Net.Http.HttpClient.DeepSeek.LogicalHandler End processing HTTP request after 560.8938ms - 200
[18:22:40 INF] System.Net.Http.HttpClient.DeepSeek.ClientHandler Received HTTP response headers after 564.7141ms - 200
[18:22:40 INF] System.Net.Http.HttpClient.DeepSeek.LogicalHandler End processing HTTP request after 568.1035ms - 200
[18:22:40 INF] System.Net.Http.HttpClient.DeepSeek.ClientHandler Received HTTP response headers after 572.0764ms - 200
[18:22:40 INF] System.Net.Http.HttpClient.DeepSeek.LogicalHandler End processing HTTP request after 575.5125ms - 200
[18:22:40 INF] System.Net.Http.HttpClient.DeepSeek.ClientHandler Received HTTP response headers after 572.1284ms - 200
[18:22:40 INF] System.Net.Http.HttpClient.DeepSeek.LogicalHandler End processing HTTP request after 572.3425ms - 200
[18:22:40 INF] System.Net.Http.HttpClient.DeepSeek.ClientHandler Received HTTP response headers after 536.4764ms - 200
[18:22:40 INF] System.Net.Http.HttpClient.DeepSeek.LogicalHandler End processing HTTP request after 536.7378ms - 200
[18:22:40 INF] System.Net.Http.HttpClient.DeepSeek.ClientHandler Received HTTP response headers after 280.4987ms - 200
[18:22:40 INF] System.Net.Http.HttpClient.DeepSeek.LogicalHandler End processing HTTP request after 280.6833ms - 200
[18:22:40 INF] System.Net.Http.HttpClient.DeepSeek.ClientHandler Received HTTP response headers after 383.979ms - 200
[18:22:40 INF] System.Net.Http.HttpClient.DeepSeek.LogicalHandler End processing HTTP request after 384.3205ms - 200
[18:22:40 INF] System.Net.Http.HttpClient.DeepSeek.ClientHandler Received HTTP response headers after 287.0967ms - 200
[18:22:40 INF] System.Net.Http.HttpClient.DeepSeek.LogicalHandler End processing HTTP request after 287.3359ms - 200
[18:22:40 INF] System.Net.Http.HttpClient.DeepSeek.ClientHandler Received HTTP response headers after 650.2512ms - 200
[18:22:40 INF] System.Net.Http.HttpClient.DeepSeek.LogicalHandler End processing HTTP request after 653.8579ms - 200
[18:22:40 INF] System.Net.Http.HttpClient.DeepSeek.ClientHandler Received HTTP response headers after 276.2713ms - 200
[18:22:40 INF] System.Net.Http.HttpClient.DeepSeek.LogicalHandler End processing HTTP request after 276.4911ms - 200
[18:22:40 INF] System.Net.Http.HttpClient.DeepSeek.ClientHandler Received HTTP response headers after 288.5866ms - 200
[18:22:40 INF] System.Net.Http.HttpClient.DeepSeek.LogicalHandler End processing HTTP request after 288.7843ms - 200
[18:22:40 INF] System.Net.Http.HttpClient.DeepSeek.ClientHandler Received HTTP response headers after 286.0208ms - 200
[18:22:40 INF] System.Net.Http.HttpClient.DeepSeek.LogicalHandler End processing HTTP request after 286.2365ms - 200
[18:22:40 INF] System.Net.Http.HttpClient.DeepSeek.LogicalHandler Start processing HTTP request POST https://api.deepseek.com/chat/completions
[18:22:40 INF] System.Net.Http.HttpClient.DeepSeek.ClientHandler Sending HTTP request POST https://api.deepseek.com/chat/completions
[18:22:40 INF] System.Net.Http.HttpClient.DeepSeek.LogicalHandler Start processing HTTP request POST https://api.deepseek.com/chat/completions
[18:22:40 INF] System.Net.Http.HttpClient.DeepSeek.ClientHandler Sending HTTP request POST https://api.deepseek.com/chat/completions
[18:22:41 INF] System.Net.Http.HttpClient.DeepSeek.ClientHandler Received HTTP response headers after 285.3333ms - 200
[18:22:41 INF] System.Net.Http.HttpClient.DeepSeek.LogicalHandler End processing HTTP request after 285.5516ms - 200
[18:22:41 INF] System.Net.Http.HttpClient.DeepSeek.ClientHandler Received HTTP response headers after 284.3331ms - 200
[18:22:41 INF] System.Net.Http.HttpClient.DeepSeek.LogicalHandler End processing HTTP request after 284.6127ms - 200
[18:22:41 INF] System.Net.Http.HttpClient.DeepSeek.LogicalHandler Start processing HTTP request POST https://api.deepseek.com/chat/completions
[18:22:41 INF] System.Net.Http.HttpClient.DeepSeek.LogicalHandler Start processing HTTP request POST https://api.deepseek.com/chat/completions
[18:22:41 INF] System.Net.Http.HttpClient.DeepSeek.LogicalHandler Start processing HTTP request POST https://api.deepseek.com/chat/completions
[18:22:41 INF] System.Net.Http.HttpClient.DeepSeek.ClientHandler Sending HTTP request POST https://api.deepseek.com/chat/completions
[18:22:41 INF] System.Net.Http.HttpClient.DeepSeek.ClientHandler Sending HTTP request POST https://api.deepseek.com/chat/completions
[18:22:41 INF] System.Net.Http.HttpClient.DeepSeek.ClientHandler Sending HTTP request POST https://api.deepseek.com/chat/completions
[18:22:41 INF] System.Net.Http.HttpClient.DeepSeek.LogicalHandler Start processing HTTP request POST https://api.deepseek.com/chat/completions
[18:22:41 INF] System.Net.Http.HttpClient.DeepSeek.ClientHandler Sending HTTP request POST https://api.deepseek.com/chat/completions
[18:22:41 INF] System.Net.Http.HttpClient.DeepSeek.LogicalHandler Start processing HTTP request POST https://api.deepseek.com/chat/completions
[18:22:41 INF] System.Net.Http.HttpClient.DeepSeek.ClientHandler Sending HTTP request POST https://api.deepseek.com/chat/completions
[18:22:41 INF] System.Net.Http.HttpClient.DeepSeek.LogicalHandler Start processing HTTP request POST https://api.deepseek.com/chat/completions
[18:22:41 INF] System.Net.Http.HttpClient.DeepSeek.ClientHandler Sending HTTP request POST https://api.deepseek.com/chat/completions
[18:22:41 INF] System.Net.Http.HttpClient.DeepSeek.LogicalHandler Start processing HTTP request POST https://api.deepseek.com/chat/completions
[18:22:41 INF] System.Net.Http.HttpClient.DeepSeek.ClientHandler Sending HTTP request POST https://api.deepseek.com/chat/completions
[18:22:41 INF] System.Net.Http.HttpClient.DeepSeek.LogicalHandler Start processing HTTP request POST https://api.deepseek.com/chat/completions
[18:22:41 INF] System.Net.Http.HttpClient.DeepSeek.ClientHandler Sending HTTP request POST https://api.deepseek.com/chat/completions
[18:22:41 INF] System.Net.Http.HttpClient.DeepSeek.LogicalHandler Start processing HTTP request POST https://api.deepseek.com/chat/completions
[18:22:41 INF] System.Net.Http.HttpClient.DeepSeek.ClientHandler Sending HTTP request POST https://api.deepseek.com/chat/completions
[18:22:41 INF] System.Net.Http.HttpClient.DeepSeek.LogicalHandler Start processing HTTP request POST https://api.deepseek.com/chat/completions
[18:22:41 INF] System.Net.Http.HttpClient.DeepSeek.ClientHandler Sending HTTP request POST https://api.deepseek.com/chat/completions
[18:22:41 INF] System.Net.Http.HttpClient.DeepSeek.LogicalHandler Start processing HTTP request POST https://api.deepseek.com/chat/completions
[18:22:41 INF] System.Net.Http.HttpClient.DeepSeek.ClientHandler Sending HTTP request POST https://api.deepseek.com/chat/completions
[18:22:41 INF] System.Net.Http.HttpClient.DeepSeek.ClientHandler Received HTTP response headers after 281.6145ms - 200
[18:22:41 INF] System.Net.Http.HttpClient.DeepSeek.LogicalHandler End processing HTTP request after 282.03ms - 200
[18:22:41 INF] System.Net.Http.HttpClient.DeepSeek.ClientHandler Received HTTP response headers after 286.9342ms - 200
[18:22:41 INF] System.Net.Http.HttpClient.DeepSeek.LogicalHandler End processing HTTP request after 287.2718ms - 200
[18:22:41 INF] System.Net.Http.HttpClient.DeepSeek.ClientHandler Received HTTP response headers after 293.5733ms - 200
[18:22:41 INF] System.Net.Http.HttpClient.DeepSeek.LogicalHandler End processing HTTP request after 294.0149ms - 200
[18:22:41 INF] System.Net.Http.HttpClient.DeepSeek.ClientHandler Received HTTP response headers after 287.3017ms - 200
[18:22:41 INF] System.Net.Http.HttpClient.DeepSeek.LogicalHandler End processing HTTP request after 287.5467ms - 200
[18:22:42 INF] System.Net.Http.HttpClient.DeepSeek.LogicalHandler Start processing HTTP request POST https://api.deepseek.com/chat/completions
[18:22:42 INF] System.Net.Http.HttpClient.DeepSeek.ClientHandler Sending HTTP request POST https://api.deepseek.com/chat/completions
[18:22:42 INF] System.Net.Http.HttpClient.DeepSeek.LogicalHandler Start processing HTTP request POST https://api.deepseek.com/chat/completions
[18:22:42 INF] System.Net.Http.HttpClient.DeepSeek.ClientHandler Sending HTTP request POST https://api.deepseek.com/chat/completions
[18:22:42 INF] System.Net.Http.HttpClient.DeepSeek.ClientHandler Received HTTP response headers after 314.1835ms - 200
[18:22:42 INF] System.Net.Http.HttpClient.DeepSeek.LogicalHandler End processing HTTP request after 314.47ms - 200
[18:22:42 INF] System.Net.Http.HttpClient.DeepSeek.LogicalHandler Start processing HTTP request POST https://api.deepseek.com/chat/completions
[18:22:42 INF] System.Net.Http.HttpClient.DeepSeek.ClientHandler Sending HTTP request POST https://api.deepseek.com/chat/completions
[18:22:42 INF] System.Net.Http.HttpClient.DeepSeek.LogicalHandler Start processing HTTP request POST https://api.deepseek.com/chat/completions
[18:22:42 INF] System.Net.Http.HttpClient.DeepSeek.ClientHandler Sending HTTP request POST https://api.deepseek.com/chat/completions
[18:22:42 INF] System.Net.Http.HttpClient.DeepSeek.LogicalHandler Start processing HTTP request POST https://api.deepseek.com/chat/completions
[18:22:42 INF] System.Net.Http.HttpClient.DeepSeek.ClientHandler Sending HTTP request POST https://api.deepseek.com/chat/completions
[18:22:42 INF] System.Net.Http.HttpClient.DeepSeek.ClientHandler Received HTTP response headers after 500.2388ms - 200
[18:22:42 INF] System.Net.Http.HttpClient.DeepSeek.LogicalHandler End processing HTTP request after 500.3938ms - 200
[18:22:42 INF] System.Net.Http.HttpClient.DeepSeek.ClientHandler Received HTTP response headers after 501.5023ms - 200
[18:22:42 INF] System.Net.Http.HttpClient.DeepSeek.LogicalHandler End processing HTTP request after 501.6001ms - 200
[18:22:42 INF] System.Net.Http.HttpClient.DeepSeek.ClientHandler Received HTTP response headers after 503.1159ms - 200
[18:22:42 INF] System.Net.Http.HttpClient.DeepSeek.LogicalHandler End processing HTTP request after 503.2023ms - 200
[18:22:42 INF] System.Net.Http.HttpClient.DeepSeek.ClientHandler Received HTTP response headers after 512.0058ms - 200
[18:22:42 INF] System.Net.Http.HttpClient.DeepSeek.LogicalHandler End processing HTTP request after 512.1528ms - 200
[18:22:42 INF] System.Net.Http.HttpClient.DeepSeek.LogicalHandler Start processing HTTP request POST https://api.deepseek.com/chat/completions
[18:22:42 INF] System.Net.Http.HttpClient.DeepSeek.ClientHandler Sending HTTP request POST https://api.deepseek.com/chat/completions
[18:22:42 INF] System.Net.Http.HttpClient.DeepSeek.ClientHandler Received HTTP response headers after 512.9322ms - 200
[18:22:42 INF] System.Net.Http.HttpClient.DeepSeek.LogicalHandler End processing HTTP request after 513.0571ms - 200
[18:22:42 INF] System.Net.Http.HttpClient.DeepSeek.ClientHandler Received HTTP response headers after 515.2812ms - 200
[18:22:42 INF] System.Net.Http.HttpClient.DeepSeek.LogicalHandler End processing HTTP request after 515.4305ms - 200
[18:22:42 INF] System.Net.Http.HttpClient.DeepSeek.ClientHandler Received HTTP response headers after 279.6861ms - 200
[18:22:42 INF] System.Net.Http.HttpClient.DeepSeek.LogicalHandler End processing HTTP request after 279.9591ms - 200
[18:22:42 INF] System.Net.Http.HttpClient.DeepSeek.ClientHandler Received HTTP response headers after 281.841ms - 200
[18:22:42 INF] System.Net.Http.HttpClient.DeepSeek.LogicalHandler End processing HTTP request after 282.0514ms - 200
[18:22:42 INF] System.Net.Http.HttpClient.DeepSeek.ClientHandler Received HTTP response headers after 286.19ms - 200
[18:22:42 INF] System.Net.Http.HttpClient.DeepSeek.LogicalHandler End processing HTTP request after 286.4601ms - 200
[18:22:42 INF] System.Net.Http.HttpClient.DeepSeek.ClientHandler Received HTTP response headers after 286.8622ms - 200
[18:22:42 INF] System.Net.Http.HttpClient.DeepSeek.LogicalHandler End processing HTTP request after 287.0799ms - 200
[18:22:42 INF] System.Net.Http.HttpClient.DeepSeek.LogicalHandler Start processing HTTP request POST https://api.deepseek.com/chat/completions
[18:22:42 INF] System.Net.Http.HttpClient.DeepSeek.ClientHandler Sending HTTP request POST https://api.deepseek.com/chat/completions
[18:22:42 INF] System.Net.Http.HttpClient.DeepSeek.ClientHandler Received HTTP response headers after 276.2571ms - 200
[18:22:42 INF] System.Net.Http.HttpClient.DeepSeek.LogicalHandler End processing HTTP request after 276.4655ms - 200
[18:22:42 INF] System.Net.Http.HttpClient.DeepSeek.ClientHandler Received HTTP response headers after 282.6195ms - 200
[18:22:42 INF] System.Net.Http.HttpClient.DeepSeek.LogicalHandler End processing HTTP request after 282.968ms - 200
[18:22:42 INF] System.Net.Http.HttpClient.DeepSeek.LogicalHandler Start processing HTTP request POST https://api.deepseek.com/chat/completions
[18:22:42 INF] System.Net.Http.HttpClient.DeepSeek.ClientHandler Sending HTTP request POST https://api.deepseek.com/chat/completions
[18:22:42 INF] System.Net.Http.HttpClient.DeepSeek.ClientHandler Received HTTP response headers after 295.6004ms - 200
[18:22:42 INF] System.Net.Http.HttpClient.DeepSeek.LogicalHandler End processing HTTP request after 295.8373ms - 200
[18:22:42 INF] System.Net.Http.HttpClient.DeepSeek.LogicalHandler Start processing HTTP request POST https://api.deepseek.com/chat/completions
[18:22:42 INF] System.Net.Http.HttpClient.DeepSeek.ClientHandler Sending HTTP request POST https://api.deepseek.com/chat/completions
[18:22:43 INF] System.Net.Http.HttpClient.DeepSeek.ClientHandler Received HTTP response headers after 289.9606ms - 200
[18:22:43 INF] System.Net.Http.HttpClient.DeepSeek.LogicalHandler End processing HTTP request after 290.1939ms - 200
[18:22:43 INF] System.Net.Http.HttpClient.DeepSeek.ClientHandler Received HTTP response headers after 286.1875ms - 200
[18:22:43 INF] System.Net.Http.HttpClient.DeepSeek.LogicalHandler End processing HTTP request after 286.5982ms - 200
[18:22:43 INF] System.Net.Http.HttpClient.DeepSeek.LogicalHandler Start processing HTTP request POST https://api.deepseek.com/chat/completions
[18:22:43 INF] System.Net.Http.HttpClient.DeepSeek.ClientHandler Sending HTTP request POST https://api.deepseek.com/chat/completions
[18:22:43 INF] System.Net.Http.HttpClient.DeepSeek.LogicalHandler Start processing HTTP request POST https://api.deepseek.com/chat/completions
[18:22:43 INF] System.Net.Http.HttpClient.DeepSeek.ClientHandler Sending HTTP request POST https://api.deepseek.com/chat/completions
[18:22:43 INF] System.Net.Http.HttpClient.DeepSeek.ClientHandler Received HTTP response headers after 311.0381ms - 200
[18:22:43 INF] System.Net.Http.HttpClient.DeepSeek.LogicalHandler End processing HTTP request after 311.2576ms - 200
[18:22:43 INF] System.Net.Http.HttpClient.DeepSeek.ClientHandler Received HTTP response headers after 288.05ms - 200
[18:22:43 INF] System.Net.Http.HttpClient.DeepSeek.LogicalHandler End processing HTTP request after 288.1785ms - 200
[18:22:43 INF] System.Net.Http.HttpClient.DeepSeek.LogicalHandler Start processing HTTP request POST https://api.deepseek.com/chat/completions
[18:22:43 INF] System.Net.Http.HttpClient.DeepSeek.LogicalHandler Start processing HTTP request POST https://api.deepseek.com/chat/completions
[18:22:43 INF] System.Net.Http.HttpClient.DeepSeek.ClientHandler Sending HTTP request POST https://api.deepseek.com/chat/completions
[18:22:43 INF] System.Net.Http.HttpClient.DeepSeek.ClientHandler Sending HTTP request POST https://api.deepseek.com/chat/completions
[18:22:43 INF] System.Net.Http.HttpClient.DeepSeek.LogicalHandler Start processing HTTP request POST https://api.deepseek.com/chat/completions
[18:22:43 INF] System.Net.Http.HttpClient.DeepSeek.ClientHandler Sending HTTP request POST https://api.deepseek.com/chat/completions
[18:22:43 INF] System.Net.Http.HttpClient.DeepSeek.LogicalHandler Start processing HTTP request POST https://api.deepseek.com/chat/completions
[18:22:43 INF] System.Net.Http.HttpClient.DeepSeek.ClientHandler Sending HTTP request POST https://api.deepseek.com/chat/completions
[18:22:43 INF] System.Net.Http.HttpClient.DeepSeek.LogicalHandler Start processing HTTP request POST https://api.deepseek.com/chat/completions
[18:22:43 INF] System.Net.Http.HttpClient.DeepSeek.ClientHandler Sending HTTP request POST https://api.deepseek.com/chat/completions
[18:22:43 INF] System.Net.Http.HttpClient.DeepSeek.LogicalHandler Start processing HTTP request POST https://api.deepseek.com/chat/completions
[18:22:43 INF] System.Net.Http.HttpClient.DeepSeek.ClientHandler Sending HTTP request POST https://api.deepseek.com/chat/completions
[18:22:43 INF] System.Net.Http.HttpClient.DeepSeek.LogicalHandler Start processing HTTP request POST https://api.deepseek.com/chat/completions
[18:22:43 INF] System.Net.Http.HttpClient.DeepSeek.ClientHandler Sending HTTP request POST https://api.deepseek.com/chat/completions
[18:22:43 INF] System.Net.Http.HttpClient.DeepSeek.LogicalHandler Start processing HTTP request POST https://api.deepseek.com/chat/completions
[18:22:43 INF] System.Net.Http.HttpClient.DeepSeek.ClientHandler Sending HTTP request POST https://api.deepseek.com/chat/completions
[18:22:43 INF] System.Net.Http.HttpClient.DeepSeek.LogicalHandler Start processing HTTP request POST https://api.deepseek.com/chat/completions
[18:22:43 INF] System.Net.Http.HttpClient.DeepSeek.ClientHandler Sending HTTP request POST https://api.deepseek.com/chat/completions
[18:22:43 INF] System.Net.Http.HttpClient.DeepSeek.LogicalHandler Start processing HTTP request POST https://api.deepseek.com/chat/completions
[18:22:43 INF] System.Net.Http.HttpClient.DeepSeek.ClientHandler Sending HTTP request POST https://api.deepseek.com/chat/completions
[18:22:43 INF] System.Net.Http.HttpClient.DeepSeek.LogicalHandler Start processing HTTP request POST https://api.deepseek.com/chat/completions
[18:22:43 INF] System.Net.Http.HttpClient.DeepSeek.ClientHandler Sending HTTP request POST https://api.deepseek.com/chat/completions
[18:22:43 INF] System.Net.Http.HttpClient.DeepSeek.ClientHandler Received HTTP response headers after 276.5175ms - 200
[18:22:43 INF] System.Net.Http.HttpClient.DeepSeek.ClientHandler Received HTTP response headers after 276.6797ms - 200
[18:22:43 INF] System.Net.Http.HttpClient.DeepSeek.LogicalHandler End processing HTTP request after 276.9379ms - 200
[18:22:43 INF] System.Net.Http.HttpClient.DeepSeek.LogicalHandler End processing HTTP request after 277.1391ms - 200
[18:22:43 INF] System.Net.Http.HttpClient.DeepSeek.LogicalHandler Start processing HTTP request POST https://api.deepseek.com/chat/completions
[18:22:43 INF] System.Net.Http.HttpClient.DeepSeek.ClientHandler Sending HTTP request POST https://api.deepseek.com/chat/completions
[18:22:44 INF] System.Net.Http.HttpClient.DeepSeek.LogicalHandler Start processing HTTP request POST https://api.deepseek.com/chat/completions
[18:22:44 INF] System.Net.Http.HttpClient.DeepSeek.ClientHandler Sending HTTP request POST https://api.deepseek.com/chat/completions
[18:22:44 INF] System.Net.Http.HttpClient.DeepSeek.ClientHandler Received HTTP response headers after 461.1344ms - 200
[18:22:44 INF] System.Net.Http.HttpClient.DeepSeek.LogicalHandler End processing HTTP request after 461.371ms - 200
[18:22:44 INF] System.Net.Http.HttpClient.DeepSeek.LogicalHandler Start processing HTTP request POST https://api.deepseek.com/chat/completions
[18:22:44 INF] System.Net.Http.HttpClient.DeepSeek.ClientHandler Sending HTTP request POST https://api.deepseek.com/chat/completions
[18:22:44 INF] System.Net.Http.HttpClient.DeepSeek.ClientHandler Received HTTP response headers after 479.4357ms - 200
[18:22:44 INF] System.Net.Http.HttpClient.DeepSeek.ClientHandler Received HTTP response headers after 514.9716ms - 200
[18:22:44 INF] System.Net.Http.HttpClient.DeepSeek.LogicalHandler End processing HTTP request after 519.7536ms - 200
[18:22:44 INF] System.Net.Http.HttpClient.DeepSeek.ClientHandler Received HTTP response headers after 344.854ms - 200
[18:22:44 INF] System.Net.Http.HttpClient.DeepSeek.ClientHandler Received HTTP response headers after 477.6323ms - 200
[18:22:44 INF] System.Net.Http.HttpClient.DeepSeek.LogicalHandler End processing HTTP request after 519.8133ms - 200
[18:22:44 INF] System.Net.Http.HttpClient.DeepSeek.ClientHandler Received HTTP response headers after 515.0922ms - 200
[18:22:44 INF] System.Net.Http.HttpClient.DeepSeek.LogicalHandler End processing HTTP request after 519.8451ms - 200
[18:22:44 INF] System.Net.Http.HttpClient.DeepSeek.LogicalHandler End processing HTTP request after 345.7674ms - 200
[18:22:44 INF] System.Net.Http.HttpClient.DeepSeek.LogicalHandler End processing HTTP request after 519.3589ms - 200
[18:22:44 INF] System.Net.Http.HttpClient.DeepSeek.ClientHandler Received HTTP response headers after 348.035ms - 200
[18:22:44 INF] System.Net.Http.HttpClient.DeepSeek.LogicalHandler End processing HTTP request after 348.3092ms - 200
[18:22:44 INF] System.Net.Http.HttpClient.DeepSeek.ClientHandler Received HTTP response headers after 350.2236ms - 200
[18:22:44 INF] System.Net.Http.HttpClient.DeepSeek.LogicalHandler End processing HTTP request after 350.4184ms - 200
[18:22:44 INF] System.Net.Http.HttpClient.DeepSeek.LogicalHandler Start processing HTTP request POST https://api.deepseek.com/chat/completions
[18:22:44 INF] System.Net.Http.HttpClient.DeepSeek.ClientHandler Sending HTTP request POST https://api.deepseek.com/chat/completions
[18:22:44 INF] System.Net.Http.HttpClient.DeepSeek.ClientHandler Received HTTP response headers after 550.4979ms - 200
[18:22:44 INF] System.Net.Http.HttpClient.DeepSeek.LogicalHandler End processing HTTP request after 551.1733ms - 200
[18:22:44 INF] System.Net.Http.HttpClient.DeepSeek.LogicalHandler Start processing HTTP request POST https://api.deepseek.com/chat/completions
[18:22:44 INF] System.Net.Http.HttpClient.DeepSeek.ClientHandler Sending HTTP request POST https://api.deepseek.com/chat/completions
[18:22:44 INF] System.Net.Http.HttpClient.DeepSeek.ClientHandler Received HTTP response headers after 315.6755ms - 200
[18:22:44 INF] System.Net.Http.HttpClient.DeepSeek.LogicalHandler End processing HTTP request after 315.9639ms - 200
[18:22:44 INF] System.Net.Http.HttpClient.DeepSeek.ClientHandler Received HTTP response headers after 310.287ms - 200
[18:22:44 INF] System.Net.Http.HttpClient.DeepSeek.LogicalHandler End processing HTTP request after 310.5425ms - 200
[18:22:44 INF] System.Net.Http.HttpClient.DeepSeek.LogicalHandler Start processing HTTP request POST https://api.deepseek.com/chat/completions
[18:22:44 INF] System.Net.Http.HttpClient.DeepSeek.ClientHandler Sending HTTP request POST https://api.deepseek.com/chat/completions
[18:22:44 INF] System.Net.Http.HttpClient.DeepSeek.ClientHandler Received HTTP response headers after 288.6612ms - 200
[18:22:44 INF] System.Net.Http.HttpClient.DeepSeek.LogicalHandler End processing HTTP request after 338.8874ms - 200
[18:22:44 INF] System.Net.Http.HttpClient.DeepSeek.ClientHandler Received HTTP response headers after 313.666ms - 200
[18:22:44 INF] System.Net.Http.HttpClient.DeepSeek.LogicalHandler End processing HTTP request after 313.8343ms - 200
[18:22:44 INF] System.Net.Http.HttpClient.DeepSeek.LogicalHandler Start processing HTTP request POST https://api.deepseek.com/chat/completions
[18:22:44 INF] System.Net.Http.HttpClient.DeepSeek.ClientHandler Sending HTTP request POST https://api.deepseek.com/chat/completions
[18:22:44 INF] System.Net.Http.HttpClient.DeepSeek.ClientHandler Received HTTP response headers after 276.3621ms - 200
[18:22:44 INF] System.Net.Http.HttpClient.DeepSeek.LogicalHandler End processing HTTP request after 276.5665ms - 200
[18:22:44 INF] System.Net.Http.HttpClient.DeepSeek.ClientHandler Received HTTP response headers after 285.0712ms - 200
[18:22:44 INF] System.Net.Http.HttpClient.DeepSeek.LogicalHandler End processing HTTP request after 285.2453ms - 200
[18:22:44 INF] System.Net.Http.HttpClient.DeepSeek.LogicalHandler Start processing HTTP request POST https://api.deepseek.com/chat/completions
[18:22:44 INF] System.Net.Http.HttpClient.DeepSeek.ClientHandler Sending HTTP request POST https://api.deepseek.com/chat/completions
[18:22:44 INF] System.Net.Http.HttpClient.DeepSeek.ClientHandler Received HTTP response headers after 273.3134ms - 200
[18:22:44 INF] System.Net.Http.HttpClient.DeepSeek.LogicalHandler End processing HTTP request after 273.4862ms - 200
[18:22:44 INF] System.Net.Http.HttpClient.DeepSeek.LogicalHandler Start processing HTTP request POST https://api.deepseek.com/chat/completions
[18:22:44 INF] System.Net.Http.HttpClient.DeepSeek.ClientHandler Sending HTTP request POST https://api.deepseek.com/chat/completions
[18:22:44 INF] System.Net.Http.HttpClient.DeepSeek.LogicalHandler Start processing HTTP request POST https://api.deepseek.com/chat/completions
[18:22:44 INF] System.Net.Http.HttpClient.DeepSeek.ClientHandler Sending HTTP request POST https://api.deepseek.com/chat/completions
[18:22:44 INF] System.Net.Http.HttpClient.DeepSeek.LogicalHandler Start processing HTTP request POST https://api.deepseek.com/chat/completions
[18:22:44 INF] System.Net.Http.HttpClient.DeepSeek.ClientHandler Sending HTTP request POST https://api.deepseek.com/chat/completions
[18:22:44 INF] System.Net.Http.HttpClient.DeepSeek.ClientHandler Received HTTP response headers after 281.5332ms - 200
[18:22:44 INF] System.Net.Http.HttpClient.DeepSeek.LogicalHandler End processing HTTP request after 281.7487ms - 200
[18:22:45 INF] System.Net.Http.HttpClient.DeepSeek.LogicalHandler Start processing HTTP request POST https://api.deepseek.com/chat/completions
[18:22:45 INF] System.Net.Http.HttpClient.DeepSeek.ClientHandler Sending HTTP request POST https://api.deepseek.com/chat/completions
[18:22:45 INF] System.Net.Http.HttpClient.DeepSeek.LogicalHandler Start processing HTTP request POST https://api.deepseek.com/chat/completions
[18:22:45 INF] System.Net.Http.HttpClient.DeepSeek.ClientHandler Sending HTTP request POST https://api.deepseek.com/chat/completions
[18:22:45 INF] System.Net.Http.HttpClient.DeepSeek.LogicalHandler Start processing HTTP request POST https://api.deepseek.com/chat/completions
[18:22:45 INF] System.Net.Http.HttpClient.DeepSeek.ClientHandler Sending HTTP request POST https://api.deepseek.com/chat/completions
[18:22:45 INF] System.Net.Http.HttpClient.DeepSeek.ClientHandler Received HTTP response headers after 284.2029ms - 200
[18:22:45 INF] System.Net.Http.HttpClient.DeepSeek.LogicalHandler End processing HTTP request after 284.4073ms - 200
[18:22:45 INF] System.Net.Http.HttpClient.DeepSeek.ClientHandler Received HTTP response headers after 284.0119ms - 200
[18:22:45 INF] System.Net.Http.HttpClient.DeepSeek.LogicalHandler End processing HTTP request after 284.1975ms - 200
[18:22:45 INF] System.Net.Http.HttpClient.DeepSeek.LogicalHandler Start processing HTTP request POST https://api.deepseek.com/chat/completions
[18:22:45 INF] System.Net.Http.HttpClient.DeepSeek.ClientHandler Sending HTTP request POST https://api.deepseek.com/chat/completions
[18:22:45 INF] System.Net.Http.HttpClient.DeepSeek.ClientHandler Received HTTP response headers after 305.6461ms - 200
[18:22:45 INF] System.Net.Http.HttpClient.DeepSeek.LogicalHandler End processing HTTP request after 305.8205ms - 200
[18:22:45 INF] System.Net.Http.HttpClient.DeepSeek.LogicalHandler Start processing HTTP request POST https://api.deepseek.com/chat/completions
[18:22:45 INF] System.Net.Http.HttpClient.DeepSeek.ClientHandler Sending HTTP request POST https://api.deepseek.com/chat/completions
[18:22:45 INF] System.Net.Http.HttpClient.DeepSeek.ClientHandler Received HTTP response headers after 286.2091ms - 200
[18:22:45 INF] System.Net.Http.HttpClient.DeepSeek.LogicalHandler End processing HTTP request after 286.3938ms - 200
[18:22:45 INF] System.Net.Http.HttpClient.DeepSeek.ClientHandler Received HTTP response headers after 287.9498ms - 200
[18:22:45 INF] System.Net.Http.HttpClient.DeepSeek.LogicalHandler End processing HTTP request after 288.1187ms - 200
[18:22:45 INF] System.Net.Http.HttpClient.DeepSeek.LogicalHandler Start processing HTTP request POST https://api.deepseek.com/chat/completions
[18:22:45 INF] System.Net.Http.HttpClient.DeepSeek.ClientHandler Sending HTTP request POST https://api.deepseek.com/chat/completions
[18:22:45 INF] System.Net.Http.HttpClient.DeepSeek.ClientHandler Received HTTP response headers after 295.7709ms - 200
[18:22:45 INF] System.Net.Http.HttpClient.DeepSeek.LogicalHandler End processing HTTP request after 295.9293ms - 200
[18:22:45 INF] System.Net.Http.HttpClient.DeepSeek.LogicalHandler Start processing HTTP request POST https://api.deepseek.com/chat/completions
[18:22:45 INF] System.Net.Http.HttpClient.DeepSeek.ClientHandler Sending HTTP request POST https://api.deepseek.com/chat/completions
[18:22:45 INF] System.Net.Http.HttpClient.DeepSeek.ClientHandler Received HTTP response headers after 278.1516ms - 200
[18:22:45 INF] System.Net.Http.HttpClient.DeepSeek.LogicalHandler End processing HTTP request after 278.3376ms - 200
[18:22:45 INF] System.Net.Http.HttpClient.DeepSeek.LogicalHandler Start processing HTTP request POST https://api.deepseek.com/chat/completions
[18:22:45 INF] System.Net.Http.HttpClient.DeepSeek.ClientHandler Sending HTTP request POST https://api.deepseek.com/chat/completions
[18:22:45 INF] System.Net.Http.HttpClient.DeepSeek.LogicalHandler Start processing HTTP request POST https://api.deepseek.com/chat/completions
[18:22:45 INF] System.Net.Http.HttpClient.DeepSeek.ClientHandler Sending HTTP request POST https://api.deepseek.com/chat/completions
[18:22:45 INF] System.Net.Http.HttpClient.DeepSeek.ClientHandler Received HTTP response headers after 277.6405ms - 200
[18:22:45 INF] System.Net.Http.HttpClient.DeepSeek.LogicalHandler End processing HTTP request after 277.7767ms - 200
[18:22:45 INF] System.Net.Http.HttpClient.DeepSeek.LogicalHandler Start processing HTTP request POST https://api.deepseek.com/chat/completions
[18:22:45 INF] System.Net.Http.HttpClient.DeepSeek.ClientHandler Sending HTTP request POST https://api.deepseek.com/chat/completions
[18:22:45 INF] System.Net.Http.HttpClient.DeepSeek.LogicalHandler Start processing HTTP request POST https://api.deepseek.com/chat/completions
[18:22:45 INF] System.Net.Http.HttpClient.DeepSeek.ClientHandler Sending HTTP request POST https://api.deepseek.com/chat/completions
[18:22:45 INF] System.Net.Http.HttpClient.DeepSeek.LogicalHandler Start processing HTTP request POST https://api.deepseek.com/chat/completions
[18:22:45 INF] System.Net.Http.HttpClient.DeepSeek.ClientHandler Sending HTTP request POST https://api.deepseek.com/chat/completions
[18:22:45 INF] System.Net.Http.HttpClient.DeepSeek.LogicalHandler Start processing HTTP request POST https://api.deepseek.com/chat/completions
[18:22:45 INF] System.Net.Http.HttpClient.DeepSeek.ClientHandler Sending HTTP request POST https://api.deepseek.com/chat/completions
[18:22:45 INF] System.Net.Http.HttpClient.DeepSeek.LogicalHandler Start processing HTTP request POST https://api.deepseek.com/chat/completions
[18:22:45 INF] System.Net.Http.HttpClient.DeepSeek.ClientHandler Sending HTTP request POST https://api.deepseek.com/chat/completions
[18:22:45 INF] System.Net.Http.HttpClient.DeepSeek.LogicalHandler Start processing HTTP request POST https://api.deepseek.com/chat/completions
[18:22:45 INF] System.Net.Http.HttpClient.DeepSeek.ClientHandler Sending HTTP request POST https://api.deepseek.com/chat/completions
[18:22:45 INF] System.Net.Http.HttpClient.DeepSeek.LogicalHandler Start processing HTTP request POST https://api.deepseek.com/chat/completions
[18:22:45 INF] System.Net.Http.HttpClient.DeepSeek.ClientHandler Sending HTTP request POST https://api.deepseek.com/chat/completions
[18:22:45 INF] System.Net.Http.HttpClient.DeepSeek.LogicalHandler Start processing HTTP request POST https://api.deepseek.com/chat/completions
[18:22:45 INF] System.Net.Http.HttpClient.DeepSeek.ClientHandler Sending HTTP request POST https://api.deepseek.com/chat/completions
[18:22:45 INF] System.Net.Http.HttpClient.DeepSeek.LogicalHandler Start processing HTTP request POST https://api.deepseek.com/chat/completions
[18:22:45 INF] System.Net.Http.HttpClient.DeepSeek.ClientHandler Sending HTTP request POST https://api.deepseek.com/chat/completions
[18:22:45 INF] System.Net.Http.HttpClient.DeepSeek.ClientHandler Received HTTP response headers after 304.8379ms - 200
[18:22:45 INF] System.Net.Http.HttpClient.DeepSeek.LogicalHandler End processing HTTP request after 305.0247ms - 200
[18:22:45 INF] System.Net.Http.HttpClient.DeepSeek.LogicalHandler Start processing HTTP request POST https://api.deepseek.com/chat/completions
[18:22:45 INF] System.Net.Http.HttpClient.DeepSeek.ClientHandler Sending HTTP request POST https://api.deepseek.com/chat/completions
[18:22:45 INF] System.Net.Http.HttpClient.DeepSeek.ClientHandler Received HTTP response headers after 279.7374ms - 200
[18:22:45 INF] System.Net.Http.HttpClient.DeepSeek.LogicalHandler End processing HTTP request after 279.9057ms - 200
[18:22:45 INF] System.Net.Http.HttpClient.DeepSeek.LogicalHandler Start processing HTTP request POST https://api.deepseek.com/chat/completions
[18:22:45 INF] System.Net.Http.HttpClient.DeepSeek.ClientHandler Sending HTTP request POST https://api.deepseek.com/chat/completions
[18:22:45 INF] System.Net.Http.HttpClient.DeepSeek.ClientHandler Received HTTP response headers after 275.9752ms - 200
[18:22:45 INF] System.Net.Http.HttpClient.DeepSeek.LogicalHandler End processing HTTP request after 276.1845ms - 200
[18:22:45 INF] System.Net.Http.HttpClient.DeepSeek.ClientHandler Received HTTP response headers after 281.616ms - 200
[18:22:45 INF] System.Net.Http.HttpClient.DeepSeek.LogicalHandler End processing HTTP request after 281.8068ms - 200
[18:22:45 INF] System.Net.Http.HttpClient.DeepSeek.LogicalHandler Start processing HTTP request POST https://api.deepseek.com/chat/completions
[18:22:45 INF] System.Net.Http.HttpClient.DeepSeek.ClientHandler Sending HTTP request POST https://api.deepseek.com/chat/completions
[18:22:45 INF] System.Net.Http.HttpClient.DeepSeek.ClientHandler Received HTTP response headers after 281.9036ms - 200
[18:22:45 INF] System.Net.Http.HttpClient.DeepSeek.LogicalHandler End processing HTTP request after 282.0774ms - 200
[18:22:45 INF] System.Net.Http.HttpClient.DeepSeek.LogicalHandler Start processing HTTP request POST https://api.deepseek.com/chat/completions
[18:22:45 INF] System.Net.Http.HttpClient.DeepSeek.ClientHandler Sending HTTP request POST https://api.deepseek.com/chat/completions
[18:22:45 INF] System.Net.Http.HttpClient.DeepSeek.ClientHandler Received HTTP response headers after 367.1443ms - 200
[18:22:45 INF] System.Net.Http.HttpClient.DeepSeek.LogicalHandler End processing HTTP request after 367.3252ms - 200
[18:22:45 INF] System.Net.Http.HttpClient.DeepSeek.ClientHandler Received HTTP response headers after 367.8869ms - 200
[18:22:45 INF] System.Net.Http.HttpClient.DeepSeek.LogicalHandler End processing HTTP request after 367.984ms - 200
[18:22:45 INF] System.Net.Http.HttpClient.DeepSeek.ClientHandler Received HTTP response headers after 401.8325ms - 200
[18:22:45 INF] System.Net.Http.HttpClient.DeepSeek.LogicalHandler End processing HTTP request after 401.9273ms - 200
[18:22:46 INF] System.Net.Http.HttpClient.DeepSeek.ClientHandler Received HTTP response headers after 472.9637ms - 200
[18:22:46 INF] System.Net.Http.HttpClient.DeepSeek.LogicalHandler End processing HTTP request after 473.0912ms - 200
[18:22:46 INF] System.Net.Http.HttpClient.DeepSeek.ClientHandler Received HTTP response headers after 485.4853ms - 200
[18:22:46 INF] System.Net.Http.HttpClient.DeepSeek.LogicalHandler End processing HTTP request after 485.5841ms - 200
[18:22:46 INF] System.Net.Http.HttpClient.DeepSeek.ClientHandler Received HTTP response headers after 489.0892ms - 200
[18:22:46 INF] System.Net.Http.HttpClient.DeepSeek.LogicalHandler End processing HTTP request after 489.1721ms - 200
[18:22:46 INF] System.Net.Http.HttpClient.DeepSeek.ClientHandler Received HTTP response headers after 481.5285ms - 200
[18:22:46 INF] System.Net.Http.HttpClient.DeepSeek.LogicalHandler End processing HTTP request after 481.6747ms - 200
[18:22:46 INF] System.Net.Http.HttpClient.DeepSeek.ClientHandler Received HTTP response headers after 470.9865ms - 200
[18:22:46 INF] System.Net.Http.HttpClient.DeepSeek.LogicalHandler End processing HTTP request after 471.14ms - 200
[18:22:46 INF] System.Net.Http.HttpClient.DeepSeek.ClientHandler Received HTTP response headers after 377.1226ms - 200
[18:22:46 INF] System.Net.Http.HttpClient.DeepSeek.LogicalHandler End processing HTTP request after 377.464ms - 200
[18:22:46 INF] System.Net.Http.HttpClient.DeepSeek.ClientHandler Received HTTP response headers after 457.7703ms - 200
[18:22:46 INF] System.Net.Http.HttpClient.DeepSeek.LogicalHandler End processing HTTP request after 457.9687ms - 200
[18:22:46 INF] System.Net.Http.HttpClient.DeepSeek.ClientHandler Received HTTP response headers after 274.9025ms - 200
[18:22:46 INF] System.Net.Http.HttpClient.DeepSeek.LogicalHandler End processing HTTP request after 275.0293ms - 200
[18:22:46 INF] System.Net.Http.HttpClient.DeepSeek.LogicalHandler Start processing HTTP request POST https://api.deepseek.com/chat/completions
[18:22:46 INF] System.Net.Http.HttpClient.DeepSeek.ClientHandler Sending HTTP request POST https://api.deepseek.com/chat/completions
[18:22:46 INF] System.Net.Http.HttpClient.DeepSeek.ClientHandler Received HTTP response headers after 297.1838ms - 200
[18:22:46 INF] System.Net.Http.HttpClient.DeepSeek.LogicalHandler End processing HTTP request after 297.3684ms - 200
[18:22:46 INF] System.Net.Http.HttpClient.DeepSeek.LogicalHandler Start processing HTTP request POST https://api.deepseek.com/chat/completions
[18:22:46 INF] System.Net.Http.HttpClient.DeepSeek.ClientHandler Sending HTTP request POST https://api.deepseek.com/chat/completions
[18:22:46 INF] System.Net.Http.HttpClient.DeepSeek.LogicalHandler Start processing HTTP request POST https://api.deepseek.com/chat/completions
[18:22:46 INF] System.Net.Http.HttpClient.DeepSeek.ClientHandler Sending HTTP request POST https://api.deepseek.com/chat/completions
[18:22:46 INF] System.Net.Http.HttpClient.DeepSeek.LogicalHandler Start processing HTTP request POST https://api.deepseek.com/chat/completions
[18:22:46 INF] System.Net.Http.HttpClient.DeepSeek.ClientHandler Sending HTTP request POST https://api.deepseek.com/chat/completions
[18:22:46 INF] System.Net.Http.HttpClient.DeepSeek.ClientHandler Received HTTP response headers after 281.8839ms - 200
[18:22:46 INF] System.Net.Http.HttpClient.DeepSeek.LogicalHandler End processing HTTP request after 282.0666ms - 200
[18:22:46 INF] System.Net.Http.HttpClient.DeepSeek.ClientHandler Received HTTP response headers after 284.3266ms - 200
[18:22:46 INF] System.Net.Http.HttpClient.DeepSeek.LogicalHandler End processing HTTP request after 284.4924ms - 200
[18:22:46 INF] System.Net.Http.HttpClient.DeepSeek.ClientHandler Received HTTP response headers after 278.9346ms - 200
[18:22:46 INF] System.Net.Http.HttpClient.DeepSeek.LogicalHandler End processing HTTP request after 279.0946ms - 200
[18:22:46 INF] System.Net.Http.HttpClient.DeepSeek.LogicalHandler Start processing HTTP request POST https://api.deepseek.com/chat/completions
[18:22:46 INF] System.Net.Http.HttpClient.DeepSeek.ClientHandler Sending HTTP request POST https://api.deepseek.com/chat/completions
[18:22:46 INF] System.Net.Http.HttpClient.DeepSeek.ClientHandler Received HTTP response headers after 288.3965ms - 200
[18:22:46 INF] System.Net.Http.HttpClient.DeepSeek.LogicalHandler End processing HTTP request after 288.5732ms - 200
[18:22:46 INF] System.Net.Http.HttpClient.DeepSeek.ClientHandler Received HTTP response headers after 297.5669ms - 200
[18:22:46 INF] System.Net.Http.HttpClient.DeepSeek.LogicalHandler Start processing HTTP request POST https://api.deepseek.com/chat/completions
[18:22:46 INF] System.Net.Http.HttpClient.DeepSeek.LogicalHandler End processing HTTP request after 297.7807ms - 200
[18:22:46 INF] System.Net.Http.HttpClient.DeepSeek.ClientHandler Sending HTTP request POST https://api.deepseek.com/chat/completions
[18:22:46 INF] System.Net.Http.HttpClient.DeepSeek.LogicalHandler Start processing HTTP request POST https://api.deepseek.com/chat/completions
[18:22:46 INF] System.Net.Http.HttpClient.DeepSeek.ClientHandler Sending HTTP request POST https://api.deepseek.com/chat/completions
[18:22:46 INF] System.Net.Http.HttpClient.DeepSeek.LogicalHandler Start processing HTTP request POST https://api.deepseek.com/chat/completions
[18:22:46 INF] System.Net.Http.HttpClient.DeepSeek.ClientHandler Sending HTTP request POST https://api.deepseek.com/chat/completions
[18:22:46 INF] System.Net.Http.HttpClient.DeepSeek.LogicalHandler Start processing HTTP request POST https://api.deepseek.com/chat/completions
[18:22:46 INF] System.Net.Http.HttpClient.DeepSeek.ClientHandler Sending HTTP request POST https://api.deepseek.com/chat/completions
[18:22:47 INF] System.Net.Http.HttpClient.DeepSeek.LogicalHandler Start processing HTTP request POST https://api.deepseek.com/chat/completions
[18:22:47 INF] System.Net.Http.HttpClient.DeepSeek.ClientHandler Sending HTTP request POST https://api.deepseek.com/chat/completions
[18:22:47 INF] System.Net.Http.HttpClient.DeepSeek.LogicalHandler Start processing HTTP request POST https://api.deepseek.com/chat/completions
[18:22:47 INF] System.Net.Http.HttpClient.DeepSeek.ClientHandler Sending HTTP request POST https://api.deepseek.com/chat/completions
[18:22:47 INF] System.Net.Http.HttpClient.DeepSeek.LogicalHandler Start processing HTTP request POST https://api.deepseek.com/chat/completions
[18:22:47 INF] System.Net.Http.HttpClient.DeepSeek.ClientHandler Sending HTTP request POST https://api.deepseek.com/chat/completions
[18:22:47 INF] System.Net.Http.HttpClient.DeepSeek.LogicalHandler Start processing HTTP request POST https://api.deepseek.com/chat/completions
[18:22:47 INF] System.Net.Http.HttpClient.DeepSeek.ClientHandler Sending HTTP request POST https://api.deepseek.com/chat/completions
[18:22:47 INF] System.Net.Http.HttpClient.DeepSeek.ClientHandler Received HTTP response headers after 277.3426ms - 200
[18:22:47 INF] System.Net.Http.HttpClient.DeepSeek.LogicalHandler End processing HTTP request after 277.5693ms - 200
[18:22:47 INF] System.Net.Http.HttpClient.DeepSeek.ClientHandler Received HTTP response headers after 285.1487ms - 200
[18:22:47 INF] System.Net.Http.HttpClient.DeepSeek.LogicalHandler End processing HTTP request after 285.3152ms - 200
[18:22:47 INF] System.Net.Http.HttpClient.DeepSeek.LogicalHandler Start processing HTTP request POST https://api.deepseek.com/chat/completions
[18:22:47 INF] System.Net.Http.HttpClient.DeepSeek.ClientHandler Sending HTTP request POST https://api.deepseek.com/chat/completions
[18:22:47 INF] System.Net.Http.HttpClient.DeepSeek.LogicalHandler Start processing HTTP request POST https://api.deepseek.com/chat/completions
[18:22:47 INF] System.Net.Http.HttpClient.DeepSeek.ClientHandler Sending HTTP request POST https://api.deepseek.com/chat/completions
[18:22:47 INF] System.Net.Http.HttpClient.DeepSeek.ClientHandler Received HTTP response headers after 282.7543ms - 200
[18:22:47 INF] System.Net.Http.HttpClient.DeepSeek.ClientHandler Received HTTP response headers after 277.7971ms - 200
[18:22:47 INF] System.Net.Http.HttpClient.DeepSeek.LogicalHandler End processing HTTP request after 282.899ms - 200
[18:22:47 INF] System.Net.Http.HttpClient.DeepSeek.LogicalHandler End processing HTTP request after 277.9594ms - 200
[18:22:47 INF] System.Net.Http.HttpClient.DeepSeek.LogicalHandler Start processing HTTP request POST https://api.deepseek.com/chat/completions
[18:22:47 INF] System.Net.Http.HttpClient.DeepSeek.ClientHandler Sending HTTP request POST https://api.deepseek.com/chat/completions
[18:22:47 INF] System.Net.Http.HttpClient.DeepSeek.LogicalHandler Start processing HTTP request POST https://api.deepseek.com/chat/completions
[18:22:47 INF] System.Net.Http.HttpClient.DeepSeek.ClientHandler Sending HTTP request POST https://api.deepseek.com/chat/completions
[18:22:47 INF] System.Net.Http.HttpClient.DeepSeek.LogicalHandler Start processing HTTP request POST https://api.deepseek.com/chat/completions
[18:22:47 INF] System.Net.Http.HttpClient.DeepSeek.ClientHandler Sending HTTP request POST https://api.deepseek.com/chat/completions
[18:22:47 INF] System.Net.Http.HttpClient.DeepSeek.LogicalHandler Start processing HTTP request POST https://api.deepseek.com/chat/completions
[18:22:47 INF] System.Net.Http.HttpClient.DeepSeek.ClientHandler Sending HTTP request POST https://api.deepseek.com/chat/completions
[18:22:47 INF] System.Net.Http.HttpClient.DeepSeek.LogicalHandler Start processing HTTP request POST https://api.deepseek.com/chat/completions
[18:22:47 INF] System.Net.Http.HttpClient.DeepSeek.ClientHandler Sending HTTP request POST https://api.deepseek.com/chat/completions
[18:22:47 INF] System.Net.Http.HttpClient.DeepSeek.LogicalHandler Start processing HTTP request POST https://api.deepseek.com/chat/completions
[18:22:47 INF] System.Net.Http.HttpClient.DeepSeek.ClientHandler Sending HTTP request POST https://api.deepseek.com/chat/completions
[18:22:47 INF] System.Net.Http.HttpClient.DeepSeek.LogicalHandler Start processing HTTP request POST https://api.deepseek.com/chat/completions
[18:22:47 INF] System.Net.Http.HttpClient.DeepSeek.ClientHandler Sending HTTP request POST https://api.deepseek.com/chat/completions
[18:22:47 INF] System.Net.Http.HttpClient.DeepSeek.LogicalHandler Start processing HTTP request POST https://api.deepseek.com/chat/completions
[18:22:47 INF] System.Net.Http.HttpClient.DeepSeek.ClientHandler Sending HTTP request POST https://api.deepseek.com/chat/completions
[18:22:47 INF] System.Net.Http.HttpClient.DeepSeek.ClientHandler Received HTTP response headers after 288.1465ms - 200
[18:22:47 INF] System.Net.Http.HttpClient.DeepSeek.LogicalHandler End processing HTTP request after 288.2943ms - 200
[18:22:47 INF] System.Net.Http.HttpClient.DeepSeek.ClientHandler Received HTTP response headers after 287.5512ms - 200
[18:22:47 INF] System.Net.Http.HttpClient.DeepSeek.LogicalHandler End processing HTTP request after 287.6902ms - 200
[18:22:47 INF] System.Net.Http.HttpClient.DeepSeek.ClientHandler Received HTTP response headers after 272.1476ms - 200
[18:22:47 INF] System.Net.Http.HttpClient.DeepSeek.LogicalHandler End processing HTTP request after 272.2869ms - 200
[18:22:47 INF] System.Net.Http.HttpClient.DeepSeek.ClientHandler Received HTTP response headers after 281.2925ms - 200
[18:22:47 INF] System.Net.Http.HttpClient.DeepSeek.LogicalHandler End processing HTTP request after 281.5406ms - 200
[18:22:47 INF] System.Net.Http.HttpClient.DeepSeek.LogicalHandler Start processing HTTP request POST https://api.deepseek.com/chat/completions
[18:22:47 INF] System.Net.Http.HttpClient.DeepSeek.ClientHandler Sending HTTP request POST https://api.deepseek.com/chat/completions
[18:22:47 INF] System.Net.Http.HttpClient.DeepSeek.ClientHandler Received HTTP response headers after 279.9429ms - 200
[18:22:47 INF] System.Net.Http.HttpClient.DeepSeek.LogicalHandler End processing HTTP request after 280.295ms - 200
[18:22:47 INF] System.Net.Http.HttpClient.DeepSeek.ClientHandler Received HTTP response headers after 292.7215ms - 200
[18:22:47 INF] System.Net.Http.HttpClient.DeepSeek.LogicalHandler End processing HTTP request after 292.9741ms - 200
[18:22:47 INF] System.Net.Http.HttpClient.DeepSeek.ClientHandler Received HTTP response headers after 286.9846ms - 200
[18:22:47 INF] System.Net.Http.HttpClient.DeepSeek.LogicalHandler End processing HTTP request after 287.2555ms - 200
[18:22:47 INF] System.Net.Http.HttpClient.DeepSeek.ClientHandler Received HTTP response headers after 313.4971ms - 200
[18:22:47 INF] System.Net.Http.HttpClient.DeepSeek.LogicalHandler End processing HTTP request after 313.8502ms - 200
[18:22:47 INF] System.Net.Http.HttpClient.DeepSeek.LogicalHandler Start processing HTTP request POST https://api.deepseek.com/chat/completions
[18:22:47 INF] System.Net.Http.HttpClient.DeepSeek.ClientHandler Sending HTTP request POST https://api.deepseek.com/chat/completions
[18:22:47 INF] System.Net.Http.HttpClient.DeepSeek.LogicalHandler Start processing HTTP request POST https://api.deepseek.com/chat/completions
[18:22:47 INF] System.Net.Http.HttpClient.DeepSeek.ClientHandler Sending HTTP request POST https://api.deepseek.com/chat/completions
[18:22:47 INF] System.Net.Http.HttpClient.DeepSeek.LogicalHandler Start processing HTTP request POST https://api.deepseek.com/chat/completions
[18:22:47 INF] System.Net.Http.HttpClient.DeepSeek.ClientHandler Sending HTTP request POST https://api.deepseek.com/chat/completions
[18:22:47 INF] System.Net.Http.HttpClient.DeepSeek.LogicalHandler Start processing HTTP request POST https://api.deepseek.com/chat/completions
[18:22:47 INF] System.Net.Http.HttpClient.DeepSeek.ClientHandler Sending HTTP request POST https://api.deepseek.com/chat/completions
[18:22:47 INF] System.Net.Http.HttpClient.DeepSeek.LogicalHandler Start processing HTTP request POST https://api.deepseek.com/chat/completions
[18:22:47 INF] System.Net.Http.HttpClient.DeepSeek.ClientHandler Sending HTTP request POST https://api.deepseek.com/chat/completions
[18:22:47 INF] System.Net.Http.HttpClient.DeepSeek.ClientHandler Received HTTP response headers after 462.7859ms - 200
[18:22:47 INF] System.Net.Http.HttpClient.DeepSeek.LogicalHandler End processing HTTP request after 462.9832ms - 200
[18:22:47 INF] System.Net.Http.HttpClient.DeepSeek.ClientHandler Received HTTP response headers after 463.3583ms - 200
[18:22:47 INF] System.Net.Http.HttpClient.DeepSeek.LogicalHandler End processing HTTP request after 463.4447ms - 200
[18:22:47 INF] System.Net.Http.HttpClient.DeepSeek.ClientHandler Received HTTP response headers after 465.7891ms - 200
[18:22:47 INF] System.Net.Http.HttpClient.DeepSeek.LogicalHandler End processing HTTP request after 466.0043ms - 200
[18:22:47 INF] System.Net.Http.HttpClient.DeepSeek.ClientHandler Received HTTP response headers after 317.8171ms - 200
[18:22:47 INF] System.Net.Http.HttpClient.DeepSeek.LogicalHandler End processing HTTP request after 318.3262ms - 200
[18:22:47 INF] System.Net.Http.HttpClient.DeepSeek.ClientHandler Received HTTP response headers after 482.0879ms - 200
[18:22:47 INF] System.Net.Http.HttpClient.DeepSeek.LogicalHandler End processing HTTP request after 482.2196ms - 200
[18:22:47 INF] System.Net.Http.HttpClient.DeepSeek.ClientHandler Received HTTP response headers after 478.25ms - 200
[18:22:47 INF] System.Net.Http.HttpClient.DeepSeek.LogicalHandler End processing HTTP request after 478.3733ms - 200
[18:22:47 INF] System.Net.Http.HttpClient.DeepSeek.ClientHandler Received HTTP response headers after 494.6582ms - 200
[18:22:47 INF] System.Net.Http.HttpClient.DeepSeek.LogicalHandler End processing HTTP request after 495.007ms - 200
[18:22:47 INF] System.Net.Http.HttpClient.DeepSeek.LogicalHandler Start processing HTTP request POST https://api.deepseek.com/chat/completions
[18:22:47 INF] System.Net.Http.HttpClient.DeepSeek.ClientHandler Sending HTTP request POST https://api.deepseek.com/chat/completions
[18:22:47 INF] System.Net.Http.HttpClient.DeepSeek.LogicalHandler Start processing HTTP request POST https://api.deepseek.com/chat/completions
[18:22:47 INF] System.Net.Http.HttpClient.DeepSeek.ClientHandler Sending HTTP request POST https://api.deepseek.com/chat/completions
[18:22:47 INF] System.Net.Http.HttpClient.DeepSeek.LogicalHandler Start processing HTTP request POST https://api.deepseek.com/chat/completions
[18:22:47 INF] System.Net.Http.HttpClient.DeepSeek.ClientHandler Sending HTTP request POST https://api.deepseek.com/chat/completions
[18:22:47 INF] System.Net.Http.HttpClient.DeepSeek.LogicalHandler Start processing HTTP request POST https://api.deepseek.com/chat/completions
[18:22:47 INF] System.Net.Http.HttpClient.DeepSeek.ClientHandler Sending HTTP request POST https://api.deepseek.com/chat/completions
[18:22:47 INF] System.Net.Http.HttpClient.DeepSeek.ClientHandler Received HTTP response headers after 269.8811ms - 200
[18:22:47 INF] System.Net.Http.HttpClient.DeepSeek.LogicalHandler End processing HTTP request after 270.2262ms - 200
[18:22:47 INF] System.Net.Http.HttpClient.DeepSeek.ClientHandler Received HTTP response headers after 279.0585ms - 200
[18:22:47 INF] System.Net.Http.HttpClient.DeepSeek.LogicalHandler End processing HTTP request after 279.3505ms - 200
[18:22:47 INF] System.Net.Http.HttpClient.DeepSeek.ClientHandler Received HTTP response headers after 287.4693ms - 200
[18:22:47 INF] System.Net.Http.HttpClient.DeepSeek.LogicalHandler End processing HTTP request after 287.8023ms - 200
[18:22:47 INF] System.Net.Http.HttpClient.DeepSeek.LogicalHandler Start processing HTTP request POST https://api.deepseek.com/chat/completions
[18:22:47 INF] System.Net.Http.HttpClient.DeepSeek.ClientHandler Sending HTTP request POST https://api.deepseek.com/chat/completions
[18:22:48 INF] System.Net.Http.HttpClient.DeepSeek.ClientHandler Received HTTP response headers after 293.5649ms - 200
[18:22:48 INF] System.Net.Http.HttpClient.DeepSeek.LogicalHandler End processing HTTP request after 293.9767ms - 200
[18:22:48 INF] System.Net.Http.HttpClient.DeepSeek.ClientHandler Received HTTP response headers after 286.8801ms - 200
[18:22:48 INF] System.Net.Http.HttpClient.DeepSeek.LogicalHandler End processing HTTP request after 287.2149ms - 200
[18:22:48 INF] System.Net.Http.HttpClient.DeepSeek.LogicalHandler Start processing HTTP request POST https://api.deepseek.com/chat/completions
[18:22:48 INF] System.Net.Http.HttpClient.DeepSeek.ClientHandler Sending HTTP request POST https://api.deepseek.com/chat/completions
[18:22:48 INF] System.Net.Http.HttpClient.DeepSeek.ClientHandler Received HTTP response headers after 275.4455ms - 200
[18:22:48 INF] System.Net.Http.HttpClient.DeepSeek.LogicalHandler End processing HTTP request after 275.8383ms - 200
[18:22:48 INF] System.Net.Http.HttpClient.DeepSeek.ClientHandler Received HTTP response headers after 282.2523ms - 200
[18:22:48 INF] System.Net.Http.HttpClient.DeepSeek.LogicalHandler End processing HTTP request after 284.0684ms - 200
[18:22:48 INF] System.Net.Http.HttpClient.DeepSeek.ClientHandler Received HTTP response headers after 314.8402ms - 200
[18:22:48 INF] System.Net.Http.HttpClient.DeepSeek.LogicalHandler End processing HTTP request after 315.1009ms - 200
[18:22:48 INF] System.Net.Http.HttpClient.DeepSeek.LogicalHandler Start processing HTTP request POST https://api.deepseek.com/chat/completions
[18:22:48 INF] System.Net.Http.HttpClient.DeepSeek.ClientHandler Sending HTTP request POST https://api.deepseek.com/chat/completions
[18:22:48 INF] System.Net.Http.HttpClient.DeepSeek.ClientHandler Received HTTP response headers after 278.9769ms - 200
[18:22:48 INF] System.Net.Http.HttpClient.DeepSeek.LogicalHandler End processing HTTP request after 279.394ms - 200
[18:22:48 INF] System.Net.Http.HttpClient.DeepSeek.LogicalHandler Start processing HTTP request POST https://api.deepseek.com/chat/completions
[18:22:48 INF] System.Net.Http.HttpClient.DeepSeek.ClientHandler Sending HTTP request POST https://api.deepseek.com/chat/completions
[18:22:48 INF] System.Net.Http.HttpClient.DeepSeek.ClientHandler Received HTTP response headers after 323.103ms - 200
[18:22:48 INF] System.Net.Http.HttpClient.DeepSeek.LogicalHandler End processing HTTP request after 323.5378ms - 200
[18:22:48 INF] System.Net.Http.HttpClient.DeepSeek.ClientHandler Received HTTP response headers after 286.3263ms - 200
[18:22:48 INF] System.Net.Http.HttpClient.DeepSeek.LogicalHandler End processing HTTP request after 286.6794ms - 200
[18:22:48 INF] System.Net.Http.HttpClient.DeepSeek.LogicalHandler Start processing HTTP request POST https://api.deepseek.com/chat/completions
[18:22:48 INF] System.Net.Http.HttpClient.DeepSeek.ClientHandler Sending HTTP request POST https://api.deepseek.com/chat/completions
[18:22:48 INF] System.Net.Http.HttpClient.DeepSeek.ClientHandler Received HTTP response headers after 298.2353ms - 200
[18:22:48 INF] System.Net.Http.HttpClient.DeepSeek.LogicalHandler End processing HTTP request after 298.6127ms - 200
[18:22:48 INF] System.Net.Http.HttpClient.DeepSeek.LogicalHandler Start processing HTTP request POST https://api.deepseek.com/chat/completions
[18:22:48 INF] System.Net.Http.HttpClient.DeepSeek.ClientHandler Sending HTTP request POST https://api.deepseek.com/chat/completions
[18:22:48 INF] System.Net.Http.HttpClient.DeepSeek.ClientHandler Received HTTP response headers after 280.8238ms - 200
[18:22:48 INF] System.Net.Http.HttpClient.DeepSeek.LogicalHandler End processing HTTP request after 281.4945ms - 200
[18:22:48 INF] System.Net.Http.HttpClient.DeepSeek.LogicalHandler Start processing HTTP request POST https://api.deepseek.com/chat/completions
[18:22:48 INF] System.Net.Http.HttpClient.DeepSeek.ClientHandler Sending HTTP request POST https://api.deepseek.com/chat/completions
[18:22:48 INF] System.Net.Http.HttpClient.DeepSeek.ClientHandler Received HTTP response headers after 277.5941ms - 200
[18:22:48 INF] System.Net.Http.HttpClient.DeepSeek.LogicalHandler End processing HTTP request after 278.0366ms - 200
[18:22:48 INF] System.Net.Http.HttpClient.DeepSeek.ClientHandler Received HTTP response headers after 285.5772ms - 200
[18:22:48 INF] System.Net.Http.HttpClient.DeepSeek.LogicalHandler End processing HTTP request after 286.3077ms - 200
[18:22:48 INF] System.Net.Http.HttpClient.DeepSeek.LogicalHandler Start processing HTTP request POST https://api.deepseek.com/chat/completions
[18:22:48 INF] System.Net.Http.HttpClient.DeepSeek.ClientHandler Sending HTTP request POST https://api.deepseek.com/chat/completions
[18:22:48 INF] System.Net.Http.HttpClient.DeepSeek.ClientHandler Received HTTP response headers after 296.3137ms - 200
[18:22:48 INF] System.Net.Http.HttpClient.DeepSeek.LogicalHandler End processing HTTP request after 296.7434ms - 200
[18:22:49 INF] System.Net.Http.HttpClient.DeepSeek.LogicalHandler Start processing HTTP request POST https://api.deepseek.com/chat/completions
[18:22:49 INF] System.Net.Http.HttpClient.DeepSeek.ClientHandler Sending HTTP request POST https://api.deepseek.com/chat/completions
[18:22:49 INF] System.Net.Http.HttpClient.DeepSeek.LogicalHandler Start processing HTTP request POST https://api.deepseek.com/chat/completions
[18:22:49 INF] System.Net.Http.HttpClient.DeepSeek.ClientHandler Sending HTTP request POST https://api.deepseek.com/chat/completions
[18:22:49 INF] System.Net.Http.HttpClient.DeepSeek.LogicalHandler Start processing HTTP request POST https://api.deepseek.com/chat/completions
[18:22:49 INF] System.Net.Http.HttpClient.DeepSeek.ClientHandler Sending HTTP request POST https://api.deepseek.com/chat/completions
[18:22:49 INF] System.Net.Http.HttpClient.DeepSeek.LogicalHandler Start processing HTTP request POST https://api.deepseek.com/chat/completions
[18:22:49 INF] System.Net.Http.HttpClient.DeepSeek.ClientHandler Sending HTTP request POST https://api.deepseek.com/chat/completions
[18:22:49 INF] System.Net.Http.HttpClient.DeepSeek.ClientHandler Received HTTP response headers after 295.0227ms - 200
[18:22:49 INF] System.Net.Http.HttpClient.DeepSeek.LogicalHandler End processing HTTP request after 295.5954ms - 200
[18:22:49 INF] System.Net.Http.HttpClient.DeepSeek.LogicalHandler Start processing HTTP request POST https://api.deepseek.com/chat/completions
[18:22:49 INF] System.Net.Http.HttpClient.DeepSeek.ClientHandler Sending HTTP request POST https://api.deepseek.com/chat/completions
[18:22:49 INF] System.Net.Http.HttpClient.DeepSeek.LogicalHandler Start processing HTTP request POST https://api.deepseek.com/chat/completions
[18:22:49 INF] System.Net.Http.HttpClient.DeepSeek.ClientHandler Sending HTTP request POST https://api.deepseek.com/chat/completions
[18:22:49 INF] System.Net.Http.HttpClient.DeepSeek.LogicalHandler Start processing HTTP request POST https://api.deepseek.com/chat/completions
[18:22:49 INF] System.Net.Http.HttpClient.DeepSeek.ClientHandler Sending HTTP request POST https://api.deepseek.com/chat/completions
[18:22:49 INF] System.Net.Http.HttpClient.DeepSeek.ClientHandler Received HTTP response headers after 295.8666ms - 200
[18:22:49 INF] System.Net.Http.HttpClient.DeepSeek.LogicalHandler End processing HTTP request after 296.2581ms - 200
[18:22:49 INF] System.Net.Http.HttpClient.DeepSeek.LogicalHandler Start processing HTTP request POST https://api.deepseek.com/chat/completions
[18:22:49 INF] System.Net.Http.HttpClient.DeepSeek.ClientHandler Sending HTTP request POST https://api.deepseek.com/chat/completions
[18:22:49 INF] System.Net.Http.HttpClient.DeepSeek.ClientHandler Received HTTP response headers after 281.6893ms - 200
[18:22:49 INF] System.Net.Http.HttpClient.DeepSeek.LogicalHandler End processing HTTP request after 282.0431ms - 200
[18:22:49 INF] System.Net.Http.HttpClient.DeepSeek.ClientHandler Received HTTP response headers after 291.2609ms - 200
[18:22:49 INF] System.Net.Http.HttpClient.DeepSeek.LogicalHandler End processing HTTP request after 291.7201ms - 200
[18:22:49 INF] System.Net.Http.HttpClient.DeepSeek.LogicalHandler Start processing HTTP request POST https://api.deepseek.com/chat/completions
[18:22:49 INF] System.Net.Http.HttpClient.DeepSeek.ClientHandler Sending HTTP request POST https://api.deepseek.com/chat/completions
[18:22:49 INF] System.Net.Http.HttpClient.DeepSeek.ClientHandler Received HTTP response headers after 328.3041ms - 200
[18:22:49 INF] System.Net.Http.HttpClient.DeepSeek.LogicalHandler End processing HTTP request after 328.6919ms - 200
[18:22:49 INF] System.Net.Http.HttpClient.DeepSeek.ClientHandler Received HTTP response headers after 279.1824ms - 200
[18:22:49 INF] System.Net.Http.HttpClient.DeepSeek.LogicalHandler End processing HTTP request after 279.6492ms - 200
[18:22:49 INF] System.Net.Http.HttpClient.DeepSeek.LogicalHandler Start processing HTTP request POST https://api.deepseek.com/chat/completions
[18:22:49 INF] System.Net.Http.HttpClient.DeepSeek.ClientHandler Sending HTTP request POST https://api.deepseek.com/chat/completions
[18:22:49 INF] System.Net.Http.HttpClient.DeepSeek.ClientHandler Received HTTP response headers after 278.5929ms - 200
[18:22:49 INF] System.Net.Http.HttpClient.DeepSeek.LogicalHandler End processing HTTP request after 278.9762ms - 200
[18:22:49 INF] System.Net.Http.HttpClient.DeepSeek.LogicalHandler Start processing HTTP request POST https://api.deepseek.com/chat/completions
[18:22:49 INF] System.Net.Http.HttpClient.DeepSeek.ClientHandler Sending HTTP request POST https://api.deepseek.com/chat/completions
[18:22:49 INF] System.Net.Http.HttpClient.DeepSeek.ClientHandler Received HTTP response headers after 280.2889ms - 200
[18:22:49 INF] System.Net.Http.HttpClient.DeepSeek.LogicalHandler End processing HTTP request after 281.2012ms - 200
[18:22:49 INF] System.Net.Http.HttpClient.DeepSeek.ClientHandler Received HTTP response headers after 280.7521ms - 200
[18:22:49 INF] System.Net.Http.HttpClient.DeepSeek.LogicalHandler End processing HTTP request after 281.3427ms - 200
[18:22:49 INF] System.Net.Http.HttpClient.DeepSeek.LogicalHandler Start processing HTTP request POST https://api.deepseek.com/chat/completions
[18:22:49 INF] System.Net.Http.HttpClient.DeepSeek.ClientHandler Sending HTTP request POST https://api.deepseek.com/chat/completions
[18:22:49 INF] System.Net.Http.HttpClient.DeepSeek.LogicalHandler Start processing HTTP request POST https://api.deepseek.com/chat/completions
[18:22:49 INF] System.Net.Http.HttpClient.DeepSeek.ClientHandler Sending HTTP request POST https://api.deepseek.com/chat/completions
[18:22:49 INF] System.Net.Http.HttpClient.DeepSeek.ClientHandler Received HTTP response headers after 286.0493ms - 200
[18:22:49 INF] System.Net.Http.HttpClient.DeepSeek.LogicalHandler End processing HTTP request after 286.8841ms - 200
[18:22:49 INF] System.Net.Http.HttpClient.DeepSeek.ClientHandler Received HTTP response headers after 284.9821ms - 200
[18:22:49 INF] System.Net.Http.HttpClient.DeepSeek.LogicalHandler End processing HTTP request after 285.7414ms - 200
[18:22:49 INF] System.Net.Http.HttpClient.DeepSeek.LogicalHandler Start processing HTTP request POST https://api.deepseek.com/chat/completions
[18:22:49 INF] System.Net.Http.HttpClient.DeepSeek.ClientHandler Sending HTTP request POST https://api.deepseek.com/chat/completions
[18:22:49 INF] System.Net.Http.HttpClient.DeepSeek.LogicalHandler Start processing HTTP request POST https://api.deepseek.com/chat/completions
[18:22:49 INF] System.Net.Http.HttpClient.DeepSeek.ClientHandler Sending HTTP request POST https://api.deepseek.com/chat/completions
[18:22:49 INF] System.Net.Http.HttpClient.DeepSeek.ClientHandler Received HTTP response headers after 320.1663ms - 200
[18:22:49 INF] System.Net.Http.HttpClient.DeepSeek.LogicalHandler End processing HTTP request after 320.5343ms - 200
[18:22:49 INF] System.Net.Http.HttpClient.DeepSeek.LogicalHandler Start processing HTTP request POST https://api.deepseek.com/chat/completions
[18:22:49 INF] System.Net.Http.HttpClient.DeepSeek.ClientHandler Sending HTTP request POST https://api.deepseek.com/chat/completions
[18:22:49 INF] System.Net.Http.HttpClient.DeepSeek.LogicalHandler Start processing HTTP request POST https://api.deepseek.com/chat/completions
[18:22:49 INF] System.Net.Http.HttpClient.DeepSeek.ClientHandler Sending HTTP request POST https://api.deepseek.com/chat/completions
[18:22:49 INF] System.Net.Http.HttpClient.DeepSeek.LogicalHandler Start processing HTTP request POST https://api.deepseek.com/chat/completions
[18:22:49 INF] System.Net.Http.HttpClient.DeepSeek.ClientHandler Sending HTTP request POST https://api.deepseek.com/chat/completions
[18:22:49 INF] System.Net.Http.HttpClient.DeepSeek.LogicalHandler Start processing HTTP request POST https://api.deepseek.com/chat/completions
[18:22:49 INF] System.Net.Http.HttpClient.DeepSeek.ClientHandler Sending HTTP request POST https://api.deepseek.com/chat/completions
[18:22:49 INF] System.Net.Http.HttpClient.DeepSeek.LogicalHandler Start processing HTTP request POST https://api.deepseek.com/chat/completions
[18:22:49 INF] System.Net.Http.HttpClient.DeepSeek.ClientHandler Sending HTTP request POST https://api.deepseek.com/chat/completions
[18:22:49 INF] System.Net.Http.HttpClient.DeepSeek.ClientHandler Received HTTP response headers after 295.8023ms - 200
[18:22:49 INF] System.Net.Http.HttpClient.DeepSeek.LogicalHandler End processing HTTP request after 298.2241ms - 200
[18:22:49 INF] System.Net.Http.HttpClient.DeepSeek.ClientHandler Received HTTP response headers after 286.6459ms - 200
[18:22:49 INF] System.Net.Http.HttpClient.DeepSeek.LogicalHandler End processing HTTP request after 287.0217ms - 200
[18:22:49 INF] System.Net.Http.HttpClient.DeepSeek.ClientHandler Received HTTP response headers after 281.7782ms - 200
[18:22:49 INF] System.Net.Http.HttpClient.DeepSeek.LogicalHandler End processing HTTP request after 282.3522ms - 200
[18:22:50 INF] System.Net.Http.HttpClient.DeepSeek.ClientHandler Received HTTP response headers after 283.0164ms - 200
[18:22:50 INF] System.Net.Http.HttpClient.DeepSeek.LogicalHandler End processing HTTP request after 283.4867ms - 200
[18:22:50 INF] System.Net.Http.HttpClient.DeepSeek.ClientHandler Received HTTP response headers after 273.0318ms - 200
[18:22:50 INF] System.Net.Http.HttpClient.DeepSeek.LogicalHandler End processing HTTP request after 273.9193ms - 200
[18:22:50 INF] System.Net.Http.HttpClient.DeepSeek.ClientHandler Received HTTP response headers after 270.5858ms - 200
[18:22:50 INF] System.Net.Http.HttpClient.DeepSeek.ClientHandler Received HTTP response headers after 292.4341ms - 200
[18:22:50 INF] System.Net.Http.HttpClient.DeepSeek.LogicalHandler End processing HTTP request after 292.74ms - 200
[18:22:50 INF] System.Net.Http.HttpClient.DeepSeek.LogicalHandler End processing HTTP request after 270.8565ms - 200
[18:22:50 INF] System.Net.Http.HttpClient.DeepSeek.LogicalHandler Start processing HTTP request POST https://api.deepseek.com/chat/completions
[18:22:50 INF] System.Net.Http.HttpClient.DeepSeek.ClientHandler Sending HTTP request POST https://api.deepseek.com/chat/completions
[18:22:50 INF] System.Net.Http.HttpClient.DeepSeek.ClientHandler Received HTTP response headers after 277.4639ms - 200
[18:22:50 INF] System.Net.Http.HttpClient.DeepSeek.LogicalHandler End processing HTTP request after 277.9688ms - 200
[18:22:50 INF] System.Net.Http.HttpClient.DeepSeek.LogicalHandler Start processing HTTP request POST https://api.deepseek.com/chat/completions
[18:22:50 INF] System.Net.Http.HttpClient.DeepSeek.ClientHandler Sending HTTP request POST https://api.deepseek.com/chat/completions
[18:22:50 INF] System.Net.Http.HttpClient.DeepSeek.ClientHandler Received HTTP response headers after 280.1035ms - 200
[18:22:50 INF] System.Net.Http.HttpClient.DeepSeek.LogicalHandler End processing HTTP request after 280.4311ms - 200
[18:22:50 INF] System.Net.Http.HttpClient.DeepSeek.LogicalHandler Start processing HTTP request POST https://api.deepseek.com/chat/completions
[18:22:50 INF] System.Net.Http.HttpClient.DeepSeek.ClientHandler Sending HTTP request POST https://api.deepseek.com/chat/completions
[18:22:50 INF] System.Net.Http.HttpClient.DeepSeek.LogicalHandler Start processing HTTP request POST https://api.deepseek.com/chat/completions
[18:22:50 INF] System.Net.Http.HttpClient.DeepSeek.ClientHandler Sending HTTP request POST https://api.deepseek.com/chat/completions
[18:22:50 INF] System.Net.Http.HttpClient.DeepSeek.LogicalHandler Start processing HTTP request POST https://api.deepseek.com/chat/completions
[18:22:50 INF] System.Net.Http.HttpClient.DeepSeek.ClientHandler Sending HTTP request POST https://api.deepseek.com/chat/completions
[18:22:50 INF] System.Net.Http.HttpClient.DeepSeek.LogicalHandler Start processing HTTP request POST https://api.deepseek.com/chat/completions
[18:22:50 INF] System.Net.Http.HttpClient.DeepSeek.ClientHandler Sending HTTP request POST https://api.deepseek.com/chat/completions
[18:22:50 INF] System.Net.Http.HttpClient.DeepSeek.LogicalHandler Start processing HTTP request POST https://api.deepseek.com/chat/completions
[18:22:50 INF] System.Net.Http.HttpClient.DeepSeek.ClientHandler Sending HTTP request POST https://api.deepseek.com/chat/completions
[18:22:50 INF] System.Net.Http.HttpClient.DeepSeek.LogicalHandler Start processing HTTP request POST https://api.deepseek.com/chat/completions
[18:22:50 INF] System.Net.Http.HttpClient.DeepSeek.ClientHandler Sending HTTP request POST https://api.deepseek.com/chat/completions
[18:22:50 INF] System.Net.Http.HttpClient.DeepSeek.LogicalHandler Start processing HTTP request POST https://api.deepseek.com/chat/completions
[18:22:50 INF] System.Net.Http.HttpClient.DeepSeek.ClientHandler Sending HTTP request POST https://api.deepseek.com/chat/completions
[18:22:50 INF] System.Net.Http.HttpClient.DeepSeek.ClientHandler Received HTTP response headers after 282.7226ms - 200
[18:22:50 INF] System.Net.Http.HttpClient.DeepSeek.LogicalHandler End processing HTTP request after 283.1565ms - 200
[18:22:50 INF] System.Net.Http.HttpClient.DeepSeek.ClientHandler Received HTTP response headers after 293.6839ms - 200
[18:22:50 INF] System.Net.Http.HttpClient.DeepSeek.LogicalHandler End processing HTTP request after 294.1573ms - 200
[18:22:50 INF] System.Net.Http.HttpClient.DeepSeek.ClientHandler Received HTTP response headers after 283.1516ms - 200
[18:22:50 INF] System.Net.Http.HttpClient.DeepSeek.LogicalHandler End processing HTTP request after 286.7889ms - 200
[18:22:50 INF] System.Net.Http.HttpClient.DeepSeek.ClientHandler Received HTTP response headers after 279.1315ms - 200
[18:22:50 INF] System.Net.Http.HttpClient.DeepSeek.LogicalHandler End processing HTTP request after 279.7878ms - 200
[18:22:50 INF] System.Net.Http.HttpClient.DeepSeek.ClientHandler Received HTTP response headers after 279.8575ms - 200
[18:22:50 INF] System.Net.Http.HttpClient.DeepSeek.LogicalHandler End processing HTTP request after 280.6377ms - 200
[18:22:50 INF] System.Net.Http.HttpClient.DeepSeek.LogicalHandler Start processing HTTP request POST https://api.deepseek.com/chat/completions
[18:22:50 INF] System.Net.Http.HttpClient.DeepSeek.ClientHandler Sending HTTP request POST https://api.deepseek.com/chat/completions
[18:22:50 INF] System.Net.Http.HttpClient.DeepSeek.LogicalHandler Start processing HTTP request POST https://api.deepseek.com/chat/completions
[18:22:50 INF] System.Net.Http.HttpClient.DeepSeek.ClientHandler Sending HTTP request POST https://api.deepseek.com/chat/completions
[18:22:50 INF] System.Net.Http.HttpClient.DeepSeek.ClientHandler Received HTTP response headers after 285.4966ms - 200
[18:22:50 INF] System.Net.Http.HttpClient.DeepSeek.LogicalHandler End processing HTTP request after 285.9836ms - 200
[18:22:50 INF] System.Net.Http.HttpClient.DeepSeek.LogicalHandler Start processing HTTP request POST https://api.deepseek.com/chat/completions
[18:22:50 INF] System.Net.Http.HttpClient.DeepSeek.ClientHandler Sending HTTP request POST https://api.deepseek.com/chat/completions
[18:22:50 INF] System.Net.Http.HttpClient.DeepSeek.ClientHandler Received HTTP response headers after 291.5751ms - 200
[18:22:50 INF] System.Net.Http.HttpClient.DeepSeek.LogicalHandler End processing HTTP request after 292.0599ms - 200
[18:22:50 INF] System.Net.Http.HttpClient.DeepSeek.ClientHandler Received HTTP response headers after 297.6074ms - 200
[18:22:50 INF] System.Net.Http.HttpClient.DeepSeek.LogicalHandler End processing HTTP request after 298.1748ms - 200
[18:22:50 INF] System.Net.Http.HttpClient.DeepSeek.ClientHandler Received HTTP response headers after 284.054ms - 200
[18:22:50 INF] System.Net.Http.HttpClient.DeepSeek.LogicalHandler End processing HTTP request after 284.6372ms - 200
[18:22:50 INF] System.Net.Http.HttpClient.DeepSeek.LogicalHandler Start processing HTTP request POST https://api.deepseek.com/chat/completions
[18:22:50 INF] System.Net.Http.HttpClient.DeepSeek.ClientHandler Sending HTTP request POST https://api.deepseek.com/chat/completions
[18:22:50 INF] System.Net.Http.HttpClient.DeepSeek.LogicalHandler Start processing HTTP request POST https://api.deepseek.com/chat/completions
[18:22:50 INF] System.Net.Http.HttpClient.DeepSeek.ClientHandler Sending HTTP request POST https://api.deepseek.com/chat/completions
[18:22:50 INF] System.Net.Http.HttpClient.DeepSeek.LogicalHandler Start processing HTTP request POST https://api.deepseek.com/chat/completions
[18:22:50 INF] System.Net.Http.HttpClient.DeepSeek.ClientHandler Sending HTTP request POST https://api.deepseek.com/chat/completions
[18:22:50 INF] System.Net.Http.HttpClient.DeepSeek.ClientHandler Received HTTP response headers after 287.461ms - 200
[18:22:50 INF] System.Net.Http.HttpClient.DeepSeek.LogicalHandler Start processing HTTP request POST https://api.deepseek.com/chat/completions
[18:22:50 INF] System.Net.Http.HttpClient.DeepSeek.LogicalHandler End processing HTTP request after 287.8239ms - 200
[18:22:50 INF] System.Net.Http.HttpClient.DeepSeek.ClientHandler Sending HTTP request POST https://api.deepseek.com/chat/completions
[18:22:50 INF] System.Net.Http.HttpClient.DeepSeek.ClientHandler Received HTTP response headers after 292.4317ms - 200
[18:22:50 INF] System.Net.Http.HttpClient.DeepSeek.LogicalHandler End processing HTTP request after 292.8381ms - 200
[18:22:50 INF] System.Net.Http.HttpClient.DeepSeek.ClientHandler Received HTTP response headers after 273.2675ms - 200
[18:22:50 INF] System.Net.Http.HttpClient.DeepSeek.LogicalHandler End processing HTTP request after 273.8807ms - 200
[18:22:50 INF] System.Net.Http.HttpClient.DeepSeek.LogicalHandler Start processing HTTP request POST https://api.deepseek.com/chat/completions
[18:22:50 INF] System.Net.Http.HttpClient.DeepSeek.ClientHandler Sending HTTP request POST https://api.deepseek.com/chat/completions
[18:22:50 INF] System.Net.Http.HttpClient.DeepSeek.ClientHandler Received HTTP response headers after 285.109ms - 200
[18:22:50 INF] System.Net.Http.HttpClient.DeepSeek.LogicalHandler End processing HTTP request after 285.6415ms - 200
[18:22:50 INF] System.Net.Http.HttpClient.DeepSeek.ClientHandler Received HTTP response headers after 277.3493ms - 200
[18:22:50 INF] System.Net.Http.HttpClient.DeepSeek.LogicalHandler End processing HTTP request after 277.9205ms - 200
[18:22:51 INF] System.Net.Http.HttpClient.DeepSeek.LogicalHandler Start processing HTTP request POST https://api.deepseek.com/chat/completions
[18:22:51 INF] System.Net.Http.HttpClient.DeepSeek.ClientHandler Sending HTTP request POST https://api.deepseek.com/chat/completions
[18:22:51 INF] System.Net.Http.HttpClient.DeepSeek.ClientHandler Received HTTP response headers after 292.4565ms - 200
[18:22:51 INF] System.Net.Http.HttpClient.DeepSeek.LogicalHandler End processing HTTP request after 298.9261ms - 200
[18:22:51 INF] System.Net.Http.HttpClient.DeepSeek.ClientHandler Received HTTP response headers after 275.4902ms - 200
[18:22:51 INF] System.Net.Http.HttpClient.DeepSeek.LogicalHandler End processing HTTP request after 275.7817ms - 200
[18:22:51 INF] System.Net.Http.HttpClient.DeepSeek.LogicalHandler Start processing HTTP request POST https://api.deepseek.com/chat/completions
[18:22:51 INF] System.Net.Http.HttpClient.DeepSeek.ClientHandler Sending HTTP request POST https://api.deepseek.com/chat/completions
[18:22:51 INF] System.Net.Http.HttpClient.DeepSeek.LogicalHandler Start processing HTTP request POST https://api.deepseek.com/chat/completions
[18:22:51 INF] System.Net.Http.HttpClient.DeepSeek.ClientHandler Sending HTTP request POST https://api.deepseek.com/chat/completions
[18:22:51 INF] System.Net.Http.HttpClient.DeepSeek.ClientHandler Received HTTP response headers after 289.6744ms - 200
[18:22:51 INF] System.Net.Http.HttpClient.DeepSeek.LogicalHandler End processing HTTP request after 290.091ms - 200
[18:22:51 INF] System.Net.Http.HttpClient.DeepSeek.LogicalHandler Start processing HTTP request POST https://api.deepseek.com/chat/completions
[18:22:51 INF] System.Net.Http.HttpClient.DeepSeek.ClientHandler Sending HTTP request POST https://api.deepseek.com/chat/completions
[18:22:51 INF] System.Net.Http.HttpClient.DeepSeek.LogicalHandler Start processing HTTP request POST https://api.deepseek.com/chat/completions
[18:22:51 INF] System.Net.Http.HttpClient.DeepSeek.ClientHandler Sending HTTP request POST https://api.deepseek.com/chat/completions
[18:22:51 INF] System.Net.Http.HttpClient.DeepSeek.LogicalHandler Start processing HTTP request POST https://api.deepseek.com/chat/completions
[18:22:51 INF] System.Net.Http.HttpClient.DeepSeek.ClientHandler Sending HTTP request POST https://api.deepseek.com/chat/completions
[18:22:51 INF] System.Net.Http.HttpClient.DeepSeek.ClientHandler Received HTTP response headers after 282.4881ms - 200
[18:22:51 INF] System.Net.Http.HttpClient.DeepSeek.LogicalHandler End processing HTTP request after 282.9957ms - 200
[18:22:51 INF] System.Net.Http.HttpClient.DeepSeek.LogicalHandler Start processing HTTP request POST https://api.deepseek.com/chat/completions
[18:22:51 INF] System.Net.Http.HttpClient.DeepSeek.ClientHandler Sending HTTP request POST https://api.deepseek.com/chat/completions
[18:22:51 INF] System.Net.Http.HttpClient.DeepSeek.ClientHandler Received HTTP response headers after 278.6414ms - 200
[18:22:51 INF] System.Net.Http.HttpClient.DeepSeek.ClientHandler Received HTTP response headers after 281.2967ms - 200
[18:22:51 INF] System.Net.Http.HttpClient.DeepSeek.LogicalHandler End processing HTTP request after 278.9682ms - 200
[18:22:51 INF] System.Net.Http.HttpClient.DeepSeek.LogicalHandler End processing HTTP request after 281.6575ms - 200
[18:22:51 INF] System.Net.Http.HttpClient.DeepSeek.LogicalHandler Start processing HTTP request POST https://api.deepseek.com/chat/completions
[18:22:51 INF] System.Net.Http.HttpClient.DeepSeek.ClientHandler Sending HTTP request POST https://api.deepseek.com/chat/completions
[18:22:51 INF] System.Net.Http.HttpClient.DeepSeek.LogicalHandler Start processing HTTP request POST https://api.deepseek.com/chat/completions
[18:22:51 INF] System.Net.Http.HttpClient.DeepSeek.ClientHandler Sending HTTP request POST https://api.deepseek.com/chat/completions
[18:22:51 INF] System.Net.Http.HttpClient.DeepSeek.LogicalHandler Start processing HTTP request POST https://api.deepseek.com/chat/completions
[18:22:51 INF] System.Net.Http.HttpClient.DeepSeek.ClientHandler Sending HTTP request POST https://api.deepseek.com/chat/completions
[18:22:51 INF] System.Net.Http.HttpClient.DeepSeek.LogicalHandler Start processing HTTP request POST https://api.deepseek.com/chat/completions
[18:22:51 INF] System.Net.Http.HttpClient.DeepSeek.ClientHandler Sending HTTP request POST https://api.deepseek.com/chat/completions
[18:22:51 INF] System.Net.Http.HttpClient.DeepSeek.ClientHandler Received HTTP response headers after 293.1959ms - 200
[18:22:51 INF] System.Net.Http.HttpClient.DeepSeek.LogicalHandler End processing HTTP request after 293.7148ms - 200
[18:22:51 INF] System.Net.Http.HttpClient.DeepSeek.ClientHandler Received HTTP response headers after 285.4995ms - 200
[18:22:51 INF] System.Net.Http.HttpClient.DeepSeek.LogicalHandler End processing HTTP request after 285.9453ms - 200
[18:22:51 INF] System.Net.Http.HttpClient.DeepSeek.LogicalHandler Start processing HTTP request POST https://api.deepseek.com/chat/completions
[18:22:51 INF] System.Net.Http.HttpClient.DeepSeek.ClientHandler Sending HTTP request POST https://api.deepseek.com/chat/completions
[18:22:51 INF] System.Net.Http.HttpClient.DeepSeek.ClientHandler Received HTTP response headers after 276.1012ms - 200
[18:22:51 INF] System.Net.Http.HttpClient.DeepSeek.LogicalHandler End processing HTTP request after 276.5904ms - 200
[18:22:51 INF] System.Net.Http.HttpClient.DeepSeek.LogicalHandler Start processing HTTP request POST https://api.deepseek.com/chat/completions
[18:22:51 INF] System.Net.Http.HttpClient.DeepSeek.ClientHandler Sending HTTP request POST https://api.deepseek.com/chat/completions
[18:22:51 INF] System.Net.Http.HttpClient.DeepSeek.ClientHandler Received HTTP response headers after 276.0987ms - 200
[18:22:51 INF] System.Net.Http.HttpClient.DeepSeek.LogicalHandler End processing HTTP request after 276.6574ms - 200
[18:22:51 INF] System.Net.Http.HttpClient.DeepSeek.LogicalHandler Start processing HTTP request POST https://api.deepseek.com/chat/completions
[18:22:51 INF] System.Net.Http.HttpClient.DeepSeek.ClientHandler Sending HTTP request POST https://api.deepseek.com/chat/completions
[18:22:51 INF] System.Net.Http.HttpClient.DeepSeek.ClientHandler Received HTTP response headers after 286.5586ms - 200
[18:22:51 INF] System.Net.Http.HttpClient.DeepSeek.LogicalHandler End processing HTTP request after 287.1413ms - 200
[18:22:51 INF] System.Net.Http.HttpClient.DeepSeek.LogicalHandler Start processing HTTP request POST https://api.deepseek.com/chat/completions
[18:22:51 INF] System.Net.Http.HttpClient.DeepSeek.ClientHandler Sending HTTP request POST https://api.deepseek.com/chat/completions
[18:22:51 INF] System.Net.Http.HttpClient.DeepSeek.LogicalHandler Start processing HTTP request POST https://api.deepseek.com/chat/completions
[18:22:51 INF] System.Net.Http.HttpClient.DeepSeek.ClientHandler Sending HTTP request POST https://api.deepseek.com/chat/completions
[18:22:51 INF] System.Net.Http.HttpClient.DeepSeek.ClientHandler Received HTTP response headers after 357.7666ms - 200
[18:22:51 INF] System.Net.Http.HttpClient.DeepSeek.LogicalHandler End processing HTTP request after 358.2817ms - 200
[18:22:51 INF] System.Net.Http.HttpClient.DeepSeek.ClientHandler Received HTTP response headers after 297.5381ms - 200
[18:22:51 INF] System.Net.Http.HttpClient.DeepSeek.LogicalHandler End processing HTTP request after 298.0378ms - 200
[18:22:51 INF] System.Net.Http.HttpClient.DeepSeek.LogicalHandler Start processing HTTP request POST https://api.deepseek.com/chat/completions
[18:22:51 INF] System.Net.Http.HttpClient.DeepSeek.ClientHandler Sending HTTP request POST https://api.deepseek.com/chat/completions
[18:22:51 INF] System.Net.Http.HttpClient.DeepSeek.ClientHandler Received HTTP response headers after 283.4017ms - 200
[18:22:51 INF] System.Net.Http.HttpClient.DeepSeek.LogicalHandler End processing HTTP request after 284.0732ms - 200
[18:22:51 INF] System.Net.Http.HttpClient.DeepSeek.ClientHandler Received HTTP response headers after 279.0114ms - 200
[18:22:51 INF] System.Net.Http.HttpClient.DeepSeek.LogicalHandler End processing HTTP request after 281.478ms - 200
[18:22:51 INF] System.Net.Http.HttpClient.DeepSeek.LogicalHandler Start processing HTTP request POST https://api.deepseek.com/chat/completions
[18:22:51 INF] System.Net.Http.HttpClient.DeepSeek.ClientHandler Sending HTTP request POST https://api.deepseek.com/chat/completions
[18:22:51 INF] System.Net.Http.HttpClient.DeepSeek.ClientHandler Received HTTP response headers after 272.048ms - 200
[18:22:51 INF] System.Net.Http.HttpClient.DeepSeek.LogicalHandler End processing HTTP request after 272.6102ms - 200
[18:22:51 INF] System.Net.Http.HttpClient.DeepSeek.ClientHandler Received HTTP response headers after 291.0552ms - 200
[18:22:51 INF] System.Net.Http.HttpClient.DeepSeek.LogicalHandler End processing HTTP request after 291.4161ms - 200
[18:22:52 INF] System.Net.Http.HttpClient.DeepSeek.ClientHandler Received HTTP response headers after 275.6151ms - 200
[18:22:52 INF] System.Net.Http.HttpClient.DeepSeek.LogicalHandler End processing HTTP request after 276.0393ms - 200
[18:22:52 INF] System.Net.Http.HttpClient.DeepSeek.ClientHandler Received HTTP response headers after 278.7431ms - 200
[18:22:52 INF] System.Net.Http.HttpClient.DeepSeek.LogicalHandler End processing HTTP request after 279.1284ms - 200
[18:22:52 INF] System.Net.Http.HttpClient.DeepSeek.ClientHandler Received HTTP response headers after 300.1643ms - 200
[18:22:52 INF] System.Net.Http.HttpClient.DeepSeek.LogicalHandler End processing HTTP request after 300.724ms - 200
[18:22:52 INF] System.Net.Http.HttpClient.DeepSeek.ClientHandler Received HTTP response headers after 284.5302ms - 200
[18:22:52 INF] System.Net.Http.HttpClient.DeepSeek.LogicalHandler End processing HTTP request after 284.891ms - 200
[18:22:52 INF] System.Net.Http.HttpClient.DeepSeek.LogicalHandler Start processing HTTP request POST https://api.deepseek.com/chat/completions
[18:22:52 INF] System.Net.Http.HttpClient.DeepSeek.LogicalHandler Start processing HTTP request POST https://api.deepseek.com/chat/completions
[18:22:52 INF] System.Net.Http.HttpClient.DeepSeek.ClientHandler Sending HTTP request POST https://api.deepseek.com/chat/completions
[18:22:52 INF] System.Net.Http.HttpClient.DeepSeek.ClientHandler Sending HTTP request POST https://api.deepseek.com/chat/completions
[18:22:52 INF] System.Net.Http.HttpClient.DeepSeek.LogicalHandler Start processing HTTP request POST https://api.deepseek.com/chat/completions
[18:22:52 INF] System.Net.Http.HttpClient.DeepSeek.ClientHandler Sending HTTP request POST https://api.deepseek.com/chat/completions
[18:22:52 INF] System.Net.Http.HttpClient.DeepSeek.LogicalHandler Start processing HTTP request POST https://api.deepseek.com/chat/completions
[18:22:52 INF] System.Net.Http.HttpClient.DeepSeek.ClientHandler Sending HTTP request POST https://api.deepseek.com/chat/completions
[18:22:52 INF] System.Net.Http.HttpClient.DeepSeek.LogicalHandler Start processing HTTP request POST https://api.deepseek.com/chat/completions
[18:22:52 INF] System.Net.Http.HttpClient.DeepSeek.ClientHandler Sending HTTP request POST https://api.deepseek.com/chat/completions
[18:22:52 INF] System.Net.Http.HttpClient.DeepSeek.LogicalHandler Start processing HTTP request POST https://api.deepseek.com/chat/completions
[18:22:52 INF] System.Net.Http.HttpClient.DeepSeek.ClientHandler Sending HTTP request POST https://api.deepseek.com/chat/completions
[18:22:52 INF] System.Net.Http.HttpClient.DeepSeek.LogicalHandler Start processing HTTP request POST https://api.deepseek.com/chat/completions
[18:22:52 INF] System.Net.Http.HttpClient.DeepSeek.ClientHandler Sending HTTP request POST https://api.deepseek.com/chat/completions
[18:22:52 INF] System.Net.Http.HttpClient.DeepSeek.LogicalHandler Start processing HTTP request POST https://api.deepseek.com/chat/completions
[18:22:52 INF] System.Net.Http.HttpClient.DeepSeek.ClientHandler Sending HTTP request POST https://api.deepseek.com/chat/completions
[18:22:52 INF] System.Net.Http.HttpClient.DeepSeek.LogicalHandler Start processing HTTP request POST https://api.deepseek.com/chat/completions
[18:22:52 INF] System.Net.Http.HttpClient.DeepSeek.ClientHandler Sending HTTP request POST https://api.deepseek.com/chat/completions
[18:22:52 INF] System.Net.Http.HttpClient.DeepSeek.ClientHandler Received HTTP response headers after 282.3064ms - 200
[18:22:52 INF] System.Net.Http.HttpClient.DeepSeek.LogicalHandler End processing HTTP request after 283.088ms - 200
[18:22:52 INF] System.Net.Http.HttpClient.DeepSeek.ClientHandler Received HTTP response headers after 283.3387ms - 200
[18:22:52 INF] System.Net.Http.HttpClient.DeepSeek.LogicalHandler End processing HTTP request after 283.7146ms - 200
[18:22:52 INF] System.Net.Http.HttpClient.DeepSeek.ClientHandler Received HTTP response headers after 285.8448ms - 200
[18:22:52 INF] System.Net.Http.HttpClient.DeepSeek.LogicalHandler End processing HTTP request after 286.3979ms - 200
[18:22:52 INF] System.Net.Http.HttpClient.DeepSeek.ClientHandler Received HTTP response headers after 280.37ms - 200
[18:22:52 INF] System.Net.Http.HttpClient.DeepSeek.LogicalHandler End processing HTTP request after 281.6851ms - 200
[18:22:52 INF] System.Net.Http.HttpClient.DeepSeek.ClientHandler Received HTTP response headers after 361.1616ms - 200
[18:22:52 INF] System.Net.Http.HttpClient.DeepSeek.LogicalHandler End processing HTTP request after 361.5338ms - 200
[18:22:52 INF] System.Net.Http.HttpClient.DeepSeek.ClientHandler Received HTTP response headers after 273.437ms - 200
[18:22:52 INF] System.Net.Http.HttpClient.DeepSeek.LogicalHandler End processing HTTP request after 273.9391ms - 200
[18:22:52 INF] System.Net.Http.HttpClient.DeepSeek.LogicalHandler Start processing HTTP request POST https://api.deepseek.com/chat/completions
[18:22:52 INF] System.Net.Http.HttpClient.DeepSeek.ClientHandler Sending HTTP request POST https://api.deepseek.com/chat/completions
[18:22:52 INF] System.Net.Http.HttpClient.DeepSeek.LogicalHandler Start processing HTTP request POST https://api.deepseek.com/chat/completions
[18:22:52 INF] System.Net.Http.HttpClient.DeepSeek.ClientHandler Sending HTTP request POST https://api.deepseek.com/chat/completions
[18:22:52 INF] System.Net.Http.HttpClient.DeepSeek.ClientHandler Received HTTP response headers after 290.7826ms - 200
[18:22:52 INF] System.Net.Http.HttpClient.DeepSeek.LogicalHandler End processing HTTP request after 291.316ms - 200
[18:22:52 INF] System.Net.Http.HttpClient.DeepSeek.ClientHandler Received HTTP response headers after 274.9965ms - 200
[18:22:52 INF] System.Net.Http.HttpClient.DeepSeek.LogicalHandler End processing HTTP request after 275.4753ms - 200
[18:22:52 INF] System.Net.Http.HttpClient.DeepSeek.ClientHandler Received HTTP response headers after 274.9465ms - 200
[18:22:52 INF] System.Net.Http.HttpClient.DeepSeek.LogicalHandler End processing HTTP request after 275.43ms - 200
[18:22:52 INF] System.Net.Http.HttpClient.DeepSeek.LogicalHandler Start processing HTTP request POST https://api.deepseek.com/chat/completions
[18:22:52 INF] System.Net.Http.HttpClient.DeepSeek.ClientHandler Sending HTTP request POST https://api.deepseek.com/chat/completions
[18:22:52 INF] System.Net.Http.HttpClient.DeepSeek.LogicalHandler Start processing HTTP request POST https://api.deepseek.com/chat/completions
[18:22:52 INF] System.Net.Http.HttpClient.DeepSeek.ClientHandler Sending HTTP request POST https://api.deepseek.com/chat/completions
[18:22:52 INF] System.Net.Http.HttpClient.DeepSeek.LogicalHandler Start processing HTTP request POST https://api.deepseek.com/chat/completions
[18:22:52 INF] System.Net.Http.HttpClient.DeepSeek.ClientHandler Sending HTTP request POST https://api.deepseek.com/chat/completions
[18:22:52 INF] System.Net.Http.HttpClient.DeepSeek.LogicalHandler Start processing HTTP request POST https://api.deepseek.com/chat/completions
[18:22:52 INF] System.Net.Http.HttpClient.DeepSeek.ClientHandler Sending HTTP request POST https://api.deepseek.com/chat/completions
[18:22:52 INF] System.Net.Http.HttpClient.DeepSeek.LogicalHandler Start processing HTTP request POST https://api.deepseek.com/chat/completions
[18:22:52 INF] System.Net.Http.HttpClient.DeepSeek.ClientHandler Sending HTTP request POST https://api.deepseek.com/chat/completions
[18:22:52 INF] System.Net.Http.HttpClient.DeepSeek.ClientHandler Received HTTP response headers after 285.7312ms - 200
[18:22:52 INF] System.Net.Http.HttpClient.DeepSeek.LogicalHandler End processing HTTP request after 286.0966ms - 200
[18:22:53 INF] System.Net.Http.HttpClient.DeepSeek.ClientHandler Received HTTP response headers after 285.7471ms - 200
[18:22:53 INF] System.Net.Http.HttpClient.DeepSeek.LogicalHandler End processing HTTP request after 286.0884ms - 200
[18:22:53 INF] System.Net.Http.HttpClient.DeepSeek.ClientHandler Received HTTP response headers after 289.6498ms - 200
[18:22:53 INF] System.Net.Http.HttpClient.DeepSeek.LogicalHandler Start processing HTTP request POST https://api.deepseek.com/chat/completions
[18:22:53 INF] System.Net.Http.HttpClient.DeepSeek.LogicalHandler End processing HTTP request after 290.2706ms - 200
[18:22:53 INF] System.Net.Http.HttpClient.DeepSeek.ClientHandler Sending HTTP request POST https://api.deepseek.com/chat/completions
[18:22:53 INF] System.Net.Http.HttpClient.DeepSeek.ClientHandler Received HTTP response headers after 296.3306ms - 200
[18:22:53 INF] System.Net.Http.HttpClient.DeepSeek.LogicalHandler End processing HTTP request after 296.7578ms - 200
[18:22:53 INF] System.Net.Http.HttpClient.DeepSeek.LogicalHandler Start processing HTTP request POST https://api.deepseek.com/chat/completions
[18:22:53 INF] System.Net.Http.HttpClient.DeepSeek.ClientHandler Sending HTTP request POST https://api.deepseek.com/chat/completions
[18:22:53 INF] System.Net.Http.HttpClient.DeepSeek.LogicalHandler Start processing HTTP request POST https://api.deepseek.com/chat/completions
[18:22:53 INF] System.Net.Http.HttpClient.DeepSeek.ClientHandler Sending HTTP request POST https://api.deepseek.com/chat/completions
[18:22:53 INF] System.Net.Http.HttpClient.DeepSeek.LogicalHandler Start processing HTTP request POST https://api.deepseek.com/chat/completions
[18:22:53 INF] System.Net.Http.HttpClient.DeepSeek.ClientHandler Sending HTTP request POST https://api.deepseek.com/chat/completions
[18:22:53 INF] System.Net.Http.HttpClient.DeepSeek.ClientHandler Received HTTP response headers after 275.2765ms - 200
[18:22:53 INF] System.Net.Http.HttpClient.DeepSeek.LogicalHandler End processing HTTP request after 275.6217ms - 200
[18:22:53 INF] System.Net.Http.HttpClient.DeepSeek.LogicalHandler Start processing HTTP request POST https://api.deepseek.com/chat/completions
[18:22:53 INF] System.Net.Http.HttpClient.DeepSeek.ClientHandler Sending HTTP request POST https://api.deepseek.com/chat/completions
[18:22:53 INF] System.Net.Http.HttpClient.DeepSeek.LogicalHandler Start processing HTTP request POST https://api.deepseek.com/chat/completions
[18:22:53 INF] System.Net.Http.HttpClient.DeepSeek.ClientHandler Sending HTTP request POST https://api.deepseek.com/chat/completions
[18:22:53 INF] System.Net.Http.HttpClient.DeepSeek.ClientHandler Received HTTP response headers after 277.2786ms - 200
[18:22:53 INF] System.Net.Http.HttpClient.DeepSeek.LogicalHandler End processing HTTP request after 277.7279ms - 200
[18:22:53 INF] System.Net.Http.HttpClient.DeepSeek.ClientHandler Received HTTP response headers after 367.1413ms - 200
[18:22:53 INF] System.Net.Http.HttpClient.DeepSeek.LogicalHandler End processing HTTP request after 367.6135ms - 200
[18:22:53 INF] System.Net.Http.HttpClient.DeepSeek.LogicalHandler Start processing HTTP request POST https://api.deepseek.com/chat/completions
[18:22:53 INF] System.Net.Http.HttpClient.DeepSeek.ClientHandler Sending HTTP request POST https://api.deepseek.com/chat/completions
[18:22:53 INF] System.Net.Http.HttpClient.DeepSeek.LogicalHandler Start processing HTTP request POST https://api.deepseek.com/chat/completions
[18:22:53 INF] System.Net.Http.HttpClient.DeepSeek.ClientHandler Sending HTTP request POST https://api.deepseek.com/chat/completions
[18:22:53 INF] System.Net.Http.HttpClient.DeepSeek.ClientHandler Received HTTP response headers after 278.2171ms - 200
[18:22:53 INF] System.Net.Http.HttpClient.DeepSeek.LogicalHandler End processing HTTP request after 278.6215ms - 200
[18:22:53 INF] System.Net.Http.HttpClient.DeepSeek.LogicalHandler Start processing HTTP request POST https://api.deepseek.com/chat/completions
[18:22:53 INF] System.Net.Http.HttpClient.DeepSeek.ClientHandler Sending HTTP request POST https://api.deepseek.com/chat/completions
[18:22:53 INF] System.Net.Http.HttpClient.DeepSeek.ClientHandler Received HTTP response headers after 282.3134ms - 200
[18:22:53 INF] System.Net.Http.HttpClient.DeepSeek.LogicalHandler Start processing HTTP request POST https://api.deepseek.com/chat/completions
[18:22:53 INF] System.Net.Http.HttpClient.DeepSeek.ClientHandler Sending HTTP request POST https://api.deepseek.com/chat/completions
[18:22:53 INF] System.Net.Http.HttpClient.DeepSeek.LogicalHandler End processing HTTP request after 282.9315ms - 200
[18:22:53 INF] System.Net.Http.HttpClient.DeepSeek.ClientHandler Received HTTP response headers after 280.0032ms - 200
[18:22:53 INF] System.Net.Http.HttpClient.DeepSeek.LogicalHandler End processing HTTP request after 280.3645ms - 200
[18:22:53 INF] System.Net.Http.HttpClient.DeepSeek.ClientHandler Received HTTP response headers after 283.4873ms - 200
[18:22:53 INF] System.Net.Http.HttpClient.DeepSeek.LogicalHandler End processing HTTP request after 283.8727ms - 200
[18:22:53 INF] System.Net.Http.HttpClient.DeepSeek.ClientHandler Received HTTP response headers after 277.7304ms - 200
[18:22:53 INF] System.Net.Http.HttpClient.DeepSeek.LogicalHandler End processing HTTP request after 278.0768ms - 200
[18:22:53 INF] System.Net.Http.HttpClient.DeepSeek.ClientHandler Received HTTP response headers after 280.8937ms - 200
[18:22:53 INF] System.Net.Http.HttpClient.DeepSeek.LogicalHandler End processing HTTP request after 281.3572ms - 200
[18:22:53 INF] System.Net.Http.HttpClient.DeepSeek.LogicalHandler Start processing HTTP request POST https://api.deepseek.com/chat/completions
[18:22:53 INF] System.Net.Http.HttpClient.DeepSeek.ClientHandler Sending HTTP request POST https://api.deepseek.com/chat/completions
[18:22:53 INF] System.Net.Http.HttpClient.DeepSeek.ClientHandler Received HTTP response headers after 285.4425ms - 200
[18:22:53 INF] System.Net.Http.HttpClient.DeepSeek.LogicalHandler End processing HTTP request after 286.0807ms - 200
[18:22:53 INF] System.Net.Http.HttpClient.DeepSeek.ClientHandler Received HTTP response headers after 291.4057ms - 200
[18:22:53 INF] System.Net.Http.HttpClient.DeepSeek.LogicalHandler End processing HTTP request after 292.0502ms - 200
[18:22:53 INF] System.Net.Http.HttpClient.DeepSeek.ClientHandler Received HTTP response headers after 283.0194ms - 200
[18:22:53 INF] System.Net.Http.HttpClient.DeepSeek.LogicalHandler End processing HTTP request after 283.6445ms - 200
[18:22:53 INF] System.Net.Http.HttpClient.DeepSeek.ClientHandler Received HTTP response headers after 295.596ms - 200
[18:22:53 INF] System.Net.Http.HttpClient.DeepSeek.LogicalHandler End processing HTTP request after 298.9716ms - 200
[18:22:53 INF] System.Net.Http.HttpClient.DeepSeek.LogicalHandler Start processing HTTP request POST https://api.deepseek.com/chat/completions
[18:22:53 INF] System.Net.Http.HttpClient.DeepSeek.ClientHandler Sending HTTP request POST https://api.deepseek.com/chat/completions
[18:22:53 INF] System.Net.Http.HttpClient.DeepSeek.ClientHandler Received HTTP response headers after 279.3761ms - 200
[18:22:53 INF] System.Net.Http.HttpClient.DeepSeek.LogicalHandler End processing HTTP request after 280.0757ms - 200
[18:22:53 INF] System.Net.Http.HttpClient.DeepSeek.LogicalHandler Start processing HTTP request POST https://api.deepseek.com/chat/completions
[18:22:53 INF] System.Net.Http.HttpClient.DeepSeek.ClientHandler Sending HTTP request POST https://api.deepseek.com/chat/completions
[18:22:53 INF] System.Net.Http.HttpClient.DeepSeek.LogicalHandler Start processing HTTP request POST https://api.deepseek.com/chat/completions
[18:22:53 INF] System.Net.Http.HttpClient.DeepSeek.ClientHandler Sending HTTP request POST https://api.deepseek.com/chat/completions
[18:22:54 INF] System.Net.Http.HttpClient.DeepSeek.LogicalHandler Start processing HTTP request POST https://api.deepseek.com/chat/completions
[18:22:54 INF] System.Net.Http.HttpClient.DeepSeek.ClientHandler Sending HTTP request POST https://api.deepseek.com/chat/completions
[18:22:54 INF] System.Net.Http.HttpClient.DeepSeek.LogicalHandler Start processing HTTP request POST https://api.deepseek.com/chat/completions
[18:22:54 INF] System.Net.Http.HttpClient.DeepSeek.ClientHandler Sending HTTP request POST https://api.deepseek.com/chat/completions
[18:22:54 INF] System.Net.Http.HttpClient.DeepSeek.ClientHandler Received HTTP response headers after 280.276ms - 200
[18:22:54 INF] System.Net.Http.HttpClient.DeepSeek.LogicalHandler End processing HTTP request after 280.6904ms - 200
[18:22:54 INF] System.Net.Http.HttpClient.DeepSeek.ClientHandler Received HTTP response headers after 288.8937ms - 200
[18:22:54 INF] System.Net.Http.HttpClient.DeepSeek.LogicalHandler End processing HTTP request after 289.3025ms - 200
[18:22:54 INF] System.Net.Http.HttpClient.DeepSeek.LogicalHandler Start processing HTTP request POST https://api.deepseek.com/chat/completions
[18:22:54 INF] System.Net.Http.HttpClient.DeepSeek.ClientHandler Sending HTTP request POST https://api.deepseek.com/chat/completions
[18:22:54 INF] System.Net.Http.HttpClient.DeepSeek.ClientHandler Received HTTP response headers after 290.4996ms - 200
[18:22:54 INF] System.Net.Http.HttpClient.DeepSeek.LogicalHandler End processing HTTP request after 293.9644ms - 200
[18:22:54 INF] System.Net.Http.HttpClient.DeepSeek.LogicalHandler Start processing HTTP request POST https://api.deepseek.com/chat/completions
[18:22:54 INF] System.Net.Http.HttpClient.DeepSeek.ClientHandler Sending HTTP request POST https://api.deepseek.com/chat/completions
[18:22:54 INF] System.Net.Http.HttpClient.DeepSeek.LogicalHandler Start processing HTTP request POST https://api.deepseek.com/chat/completions
[18:22:54 INF] System.Net.Http.HttpClient.DeepSeek.ClientHandler Sending HTTP request POST https://api.deepseek.com/chat/completions
[18:22:54 INF] System.Net.Http.HttpClient.DeepSeek.ClientHandler Received HTTP response headers after 287.8025ms - 200
[18:22:54 INF] System.Net.Http.HttpClient.DeepSeek.LogicalHandler End processing HTTP request after 288.0916ms - 200
[18:22:54 INF] System.Net.Http.HttpClient.DeepSeek.LogicalHandler Start processing HTTP request POST https://api.deepseek.com/chat/completions
[18:22:54 INF] System.Net.Http.HttpClient.DeepSeek.ClientHandler Sending HTTP request POST https://api.deepseek.com/chat/completions
[18:22:54 INF] System.Net.Http.HttpClient.DeepSeek.ClientHandler Received HTTP response headers after 279.8602ms - 200
[18:22:54 INF] System.Net.Http.HttpClient.DeepSeek.LogicalHandler End processing HTTP request after 280.2199ms - 200
[18:22:54 INF] System.Net.Http.HttpClient.DeepSeek.LogicalHandler Start processing HTTP request POST https://api.deepseek.com/chat/completions
[18:22:54 INF] System.Net.Http.HttpClient.DeepSeek.ClientHandler Sending HTTP request POST https://api.deepseek.com/chat/completions
[18:22:54 INF] System.Net.Http.HttpClient.DeepSeek.LogicalHandler Start processing HTTP request POST https://api.deepseek.com/chat/completions
[18:22:54 INF] System.Net.Http.HttpClient.DeepSeek.LogicalHandler Start processing HTTP request POST https://api.deepseek.com/chat/completions
[18:22:54 INF] System.Net.Http.HttpClient.DeepSeek.ClientHandler Sending HTTP request POST https://api.deepseek.com/chat/completions
[18:22:54 INF] System.Net.Http.HttpClient.DeepSeek.ClientHandler Sending HTTP request POST https://api.deepseek.com/chat/completions
[18:22:54 INF] System.Net.Http.HttpClient.DeepSeek.ClientHandler Received HTTP response headers after 293.0947ms - 200
[18:22:54 INF] System.Net.Http.HttpClient.DeepSeek.LogicalHandler End processing HTTP request after 293.7032ms - 200
[18:22:54 INF] System.Net.Http.HttpClient.DeepSeek.ClientHandler Received HTTP response headers after 293.0985ms - 200
[18:22:54 INF] System.Net.Http.HttpClient.DeepSeek.LogicalHandler End processing HTTP request after 293.6063ms - 200
[18:22:54 INF] System.Net.Http.HttpClient.DeepSeek.ClientHandler Received HTTP response headers after 292.531ms - 200
[18:22:54 INF] System.Net.Http.HttpClient.DeepSeek.LogicalHandler End processing HTTP request after 292.9899ms - 200
[18:22:54 INF] System.Net.Http.HttpClient.DeepSeek.LogicalHandler Start processing HTTP request POST https://api.deepseek.com/chat/completions
[18:22:54 INF] System.Net.Http.HttpClient.DeepSeek.ClientHandler Sending HTTP request POST https://api.deepseek.com/chat/completions
[18:22:54 INF] System.Net.Http.HttpClient.DeepSeek.ClientHandler Received HTTP response headers after 283.6893ms - 200
[18:22:54 INF] System.Net.Http.HttpClient.DeepSeek.LogicalHandler End processing HTTP request after 284.5181ms - 200
[18:22:54 INF] System.Net.Http.HttpClient.DeepSeek.ClientHandler Received HTTP response headers after 283.6923ms - 200
[18:22:54 INF] System.Net.Http.HttpClient.DeepSeek.LogicalHandler End processing HTTP request after 284.2211ms - 200
[18:22:54 INF] System.Net.Http.HttpClient.DeepSeek.ClientHandler Received HTTP response headers after 272.9479ms - 200
[18:22:54 INF] System.Net.Http.HttpClient.DeepSeek.LogicalHandler End processing HTTP request after 273.4314ms - 200
[18:22:54 INF] System.Net.Http.HttpClient.DeepSeek.ClientHandler Received HTTP response headers after 314.7627ms - 200
[18:22:54 INF] System.Net.Http.HttpClient.DeepSeek.LogicalHandler End processing HTTP request after 315.2834ms - 200
[18:22:54 INF] System.Net.Http.HttpClient.DeepSeek.LogicalHandler Start processing HTTP request POST https://api.deepseek.com/chat/completions
[18:22:54 INF] System.Net.Http.HttpClient.DeepSeek.ClientHandler Sending HTTP request POST https://api.deepseek.com/chat/completions
[18:22:54 INF] System.Net.Http.HttpClient.DeepSeek.ClientHandler Received HTTP response headers after 292.1311ms - 200
[18:22:54 INF] System.Net.Http.HttpClient.DeepSeek.LogicalHandler End processing HTTP request after 292.6242ms - 200
[18:22:54 INF] System.Net.Http.HttpClient.DeepSeek.LogicalHandler Start processing HTTP request POST https://api.deepseek.com/chat/completions
[18:22:54 INF] System.Net.Http.HttpClient.DeepSeek.ClientHandler Sending HTTP request POST https://api.deepseek.com/chat/completions
[18:22:54 INF] System.Net.Http.HttpClient.DeepSeek.LogicalHandler Start processing HTTP request POST https://api.deepseek.com/chat/completions
[18:22:54 INF] System.Net.Http.HttpClient.DeepSeek.ClientHandler Sending HTTP request POST https://api.deepseek.com/chat/completions
[18:22:54 INF] System.Net.Http.HttpClient.DeepSeek.LogicalHandler Start processing HTTP request POST https://api.deepseek.com/chat/completions
[18:22:54 INF] System.Net.Http.HttpClient.DeepSeek.ClientHandler Sending HTTP request POST https://api.deepseek.com/chat/completions
[18:22:55 INF] System.Net.Http.HttpClient.DeepSeek.LogicalHandler Start processing HTTP request POST https://api.deepseek.com/chat/completions
[18:22:55 INF] System.Net.Http.HttpClient.DeepSeek.ClientHandler Sending HTTP request POST https://api.deepseek.com/chat/completions
[18:22:55 INF] System.Net.Http.HttpClient.DeepSeek.LogicalHandler Start processing HTTP request POST https://api.deepseek.com/chat/completions
[18:22:55 INF] System.Net.Http.HttpClient.DeepSeek.ClientHandler Sending HTTP request POST https://api.deepseek.com/chat/completions
[18:22:55 INF] System.Net.Http.HttpClient.DeepSeek.ClientHandler Received HTTP response headers after 280.5839ms - 200
[18:22:55 INF] System.Net.Http.HttpClient.DeepSeek.LogicalHandler End processing HTTP request after 283.9361ms - 200
[18:22:55 INF] System.Net.Http.HttpClient.DeepSeek.ClientHandler Received HTTP response headers after 283.3975ms - 200
[18:22:55 INF] System.Net.Http.HttpClient.DeepSeek.LogicalHandler End processing HTTP request after 284.1278ms - 200
[18:22:55 INF] System.Net.Http.HttpClient.DeepSeek.ClientHandler Received HTTP response headers after 284.624ms - 200
[18:22:55 INF] System.Net.Http.HttpClient.DeepSeek.ClientHandler Received HTTP response headers after 277.1023ms - 200
[18:22:55 INF] System.Net.Http.HttpClient.DeepSeek.LogicalHandler End processing HTTP request after 284.879ms - 200
[18:22:55 INF] System.Net.Http.HttpClient.DeepSeek.LogicalHandler End processing HTTP request after 277.4312ms - 200
[18:22:55 INF] System.Net.Http.HttpClient.DeepSeek.LogicalHandler Start processing HTTP request POST https://api.deepseek.com/chat/completions
[18:22:55 INF] System.Net.Http.HttpClient.DeepSeek.ClientHandler Sending HTTP request POST https://api.deepseek.com/chat/completions
[18:22:55 INF] System.Net.Http.HttpClient.DeepSeek.LogicalHandler Start processing HTTP request POST https://api.deepseek.com/chat/completions
[18:22:55 INF] System.Net.Http.HttpClient.DeepSeek.ClientHandler Sending HTTP request POST https://api.deepseek.com/chat/completions
[18:22:55 INF] System.Net.Http.HttpClient.DeepSeek.LogicalHandler Start processing HTTP request POST https://api.deepseek.com/chat/completions
[18:22:55 INF] System.Net.Http.HttpClient.DeepSeek.ClientHandler Sending HTTP request POST https://api.deepseek.com/chat/completions
[18:22:55 INF] System.Net.Http.HttpClient.DeepSeek.LogicalHandler Start processing HTTP request POST https://api.deepseek.com/chat/completions
[18:22:55 INF] System.Net.Http.HttpClient.DeepSeek.ClientHandler Sending HTTP request POST https://api.deepseek.com/chat/completions
[18:22:55 INF] System.Net.Http.HttpClient.DeepSeek.ClientHandler Received HTTP response headers after 280.8795ms - 200
[18:22:55 INF] System.Net.Http.HttpClient.DeepSeek.LogicalHandler End processing HTTP request after 281.6382ms - 200
[18:22:55 INF] System.Net.Http.HttpClient.DeepSeek.ClientHandler Received HTTP response headers after 291.7871ms - 200
[18:22:55 INF] System.Net.Http.HttpClient.DeepSeek.LogicalHandler End processing HTTP request after 292.0985ms - 200
[18:22:55 INF] System.Net.Http.HttpClient.DeepSeek.LogicalHandler Start processing HTTP request POST https://api.deepseek.com/chat/completions
[18:22:55 INF] System.Net.Http.HttpClient.DeepSeek.ClientHandler Sending HTTP request POST https://api.deepseek.com/chat/completions
[18:22:55 INF] System.Net.Http.HttpClient.DeepSeek.LogicalHandler Start processing HTTP request POST https://api.deepseek.com/chat/completions
[18:22:55 INF] System.Net.Http.HttpClient.DeepSeek.ClientHandler Sending HTTP request POST https://api.deepseek.com/chat/completions
[18:22:55 INF] System.Net.Http.HttpClient.DeepSeek.ClientHandler Received HTTP response headers after 277.8541ms - 200
[18:22:55 INF] System.Net.Http.HttpClient.DeepSeek.LogicalHandler End processing HTTP request after 278.2149ms - 200
[18:22:55 INF] System.Net.Http.HttpClient.DeepSeek.ClientHandler Received HTTP response headers after 287.3821ms - 200
[18:22:55 INF] System.Net.Http.HttpClient.DeepSeek.LogicalHandler End processing HTTP request after 287.9555ms - 200
[18:22:55 INF] System.Net.Http.HttpClient.DeepSeek.LogicalHandler Start processing HTTP request POST https://api.deepseek.com/chat/completions
[18:22:55 INF] System.Net.Http.HttpClient.DeepSeek.ClientHandler Sending HTTP request POST https://api.deepseek.com/chat/completions
[18:22:55 INF] System.Net.Http.HttpClient.DeepSeek.ClientHandler Received HTTP response headers after 300.1953ms - 200
[18:22:55 INF] System.Net.Http.HttpClient.DeepSeek.LogicalHandler End processing HTTP request after 300.9374ms - 200
[18:22:55 INF] System.Net.Http.HttpClient.DeepSeek.ClientHandler Received HTTP response headers after 383.8536ms - 200
[18:22:55 INF] System.Net.Http.HttpClient.DeepSeek.LogicalHandler End processing HTTP request after 384.4972ms - 200
[18:22:55 INF] System.Net.Http.HttpClient.DeepSeek.LogicalHandler Start processing HTTP request POST https://api.deepseek.com/chat/completions
[18:22:55 INF] System.Net.Http.HttpClient.DeepSeek.ClientHandler Sending HTTP request POST https://api.deepseek.com/chat/completions
[18:22:55 INF] System.Net.Http.HttpClient.DeepSeek.ClientHandler Received HTTP response headers after 290.8232ms - 200
[18:22:55 INF] System.Net.Http.HttpClient.DeepSeek.LogicalHandler End processing HTTP request after 291.5002ms - 200
[18:22:55 INF] System.Net.Http.HttpClient.DeepSeek.LogicalHandler Start processing HTTP request POST https://api.deepseek.com/chat/completions
[18:22:55 INF] System.Net.Http.HttpClient.DeepSeek.ClientHandler Sending HTTP request POST https://api.deepseek.com/chat/completions
[18:22:55 INF] System.Net.Http.HttpClient.DeepSeek.ClientHandler Received HTTP response headers after 288.6414ms - 200
[18:22:55 INF] System.Net.Http.HttpClient.DeepSeek.LogicalHandler End processing HTTP request after 289.194ms - 200
[18:22:55 INF] System.Net.Http.HttpClient.DeepSeek.LogicalHandler Start processing HTTP request POST https://api.deepseek.com/chat/completions
[18:22:55 INF] System.Net.Http.HttpClient.DeepSeek.ClientHandler Sending HTTP request POST https://api.deepseek.com/chat/completions
[18:22:55 INF] System.Net.Http.HttpClient.DeepSeek.ClientHandler Received HTTP response headers after 288.7757ms - 200
[18:22:55 INF] System.Net.Http.HttpClient.DeepSeek.LogicalHandler End processing HTTP request after 289.9709ms - 200
[18:22:55 INF] System.Net.Http.HttpClient.DeepSeek.ClientHandler Received HTTP response headers after 281.0015ms - 200
[18:22:55 INF] System.Net.Http.HttpClient.DeepSeek.LogicalHandler End processing HTTP request after 281.353ms - 200
[18:22:55 INF] System.Net.Http.HttpClient.DeepSeek.LogicalHandler Start processing HTTP request POST https://api.deepseek.com/chat/completions
[18:22:55 INF] System.Net.Http.HttpClient.DeepSeek.ClientHandler Sending HTTP request POST https://api.deepseek.com/chat/completions
[18:22:56 INF] System.Net.Http.HttpClient.DeepSeek.LogicalHandler Start processing HTTP request POST https://api.deepseek.com/chat/completions
[18:22:56 INF] System.Net.Http.HttpClient.DeepSeek.ClientHandler Sending HTTP request POST https://api.deepseek.com/chat/completions
[18:22:56 INF] System.Net.Http.HttpClient.DeepSeek.ClientHandler Received HTTP response headers after 283.4595ms - 200
[18:22:56 INF] System.Net.Http.HttpClient.DeepSeek.LogicalHandler End processing HTTP request after 283.8029ms - 200
[18:22:56 INF] System.Net.Http.HttpClient.DeepSeek.LogicalHandler Start processing HTTP request POST https://api.deepseek.com/chat/completions
[18:22:56 INF] System.Net.Http.HttpClient.DeepSeek.ClientHandler Sending HTTP request POST https://api.deepseek.com/chat/completions
[18:22:56 INF] System.Net.Http.HttpClient.DeepSeek.LogicalHandler Start processing HTTP request POST https://api.deepseek.com/chat/completions
[18:22:56 INF] System.Net.Http.HttpClient.DeepSeek.ClientHandler Sending HTTP request POST https://api.deepseek.com/chat/completions
[18:22:56 INF] System.Net.Http.HttpClient.DeepSeek.ClientHandler Received HTTP response headers after 285.1491ms - 200
[18:22:56 INF] System.Net.Http.HttpClient.DeepSeek.LogicalHandler End processing HTTP request after 285.6394ms - 200
[18:22:56 INF] System.Net.Http.HttpClient.DeepSeek.ClientHandler Received HTTP response headers after 300.6222ms - 200
[18:22:56 INF] System.Net.Http.HttpClient.DeepSeek.LogicalHandler End processing HTTP request after 301.668ms - 200
[18:22:56 INF] System.Net.Http.HttpClient.DeepSeek.ClientHandler Received HTTP response headers after 289.1303ms - 200
[18:22:56 INF] System.Net.Http.HttpClient.DeepSeek.LogicalHandler End processing HTTP request after 289.4599ms - 200
[18:22:56 INF] System.Net.Http.HttpClient.DeepSeek.ClientHandler Received HTTP response headers after 284.0353ms - 200
[18:22:56 INF] System.Net.Http.HttpClient.DeepSeek.LogicalHandler End processing HTTP request after 284.473ms - 200
[18:22:56 INF] System.Net.Http.HttpClient.DeepSeek.LogicalHandler Start processing HTTP request POST https://api.deepseek.com/chat/completions
[18:22:56 INF] System.Net.Http.HttpClient.DeepSeek.ClientHandler Sending HTTP request POST https://api.deepseek.com/chat/completions
[18:22:56 INF] System.Net.Http.HttpClient.DeepSeek.ClientHandler Received HTTP response headers after 290.9538ms - 200
[18:22:56 INF] System.Net.Http.HttpClient.DeepSeek.LogicalHandler End processing HTTP request after 291.6533ms - 200
[18:22:56 INF] System.Net.Http.HttpClient.DeepSeek.LogicalHandler Start processing HTTP request POST https://api.deepseek.com/chat/completions
[18:22:56 INF] System.Net.Http.HttpClient.DeepSeek.ClientHandler Sending HTTP request POST https://api.deepseek.com/chat/completions
[18:22:56 INF] System.Net.Http.HttpClient.DeepSeek.LogicalHandler Start processing HTTP request POST https://api.deepseek.com/chat/completions
[18:22:56 INF] System.Net.Http.HttpClient.DeepSeek.ClientHandler Sending HTTP request POST https://api.deepseek.com/chat/completions
[18:22:56 INF] System.Net.Http.HttpClient.DeepSeek.LogicalHandler Start processing HTTP request POST https://api.deepseek.com/chat/completions
[18:22:56 INF] System.Net.Http.HttpClient.DeepSeek.ClientHandler Sending HTTP request POST https://api.deepseek.com/chat/completions
[18:22:56 INF] System.Net.Http.HttpClient.DeepSeek.ClientHandler Received HTTP response headers after 279.6432ms - 200
[18:22:56 INF] System.Net.Http.HttpClient.DeepSeek.LogicalHandler End processing HTTP request after 280.1902ms - 200
[18:22:56 INF] System.Net.Http.HttpClient.DeepSeek.ClientHandler Received HTTP response headers after 284.0642ms - 200
[18:22:56 INF] System.Net.Http.HttpClient.DeepSeek.LogicalHandler End processing HTTP request after 284.5957ms - 200
[18:22:56 INF] System.Net.Http.HttpClient.DeepSeek.LogicalHandler Start processing HTTP request POST https://api.deepseek.com/chat/completions
[18:22:56 INF] System.Net.Http.HttpClient.DeepSeek.ClientHandler Sending HTTP request POST https://api.deepseek.com/chat/completions
[18:22:56 INF] System.Net.Http.HttpClient.DeepSeek.ClientHandler Received HTTP response headers after 284.8658ms - 200
[18:22:56 INF] System.Net.Http.HttpClient.DeepSeek.LogicalHandler End processing HTTP request after 287.4629ms - 200
[18:22:56 INF] System.Net.Http.HttpClient.DeepSeek.LogicalHandler Start processing HTTP request POST https://api.deepseek.com/chat/completions
[18:22:56 INF] System.Net.Http.HttpClient.DeepSeek.ClientHandler Sending HTTP request POST https://api.deepseek.com/chat/completions
[18:22:56 INF] System.Net.Http.HttpClient.DeepSeek.LogicalHandler Start processing HTTP request POST https://api.deepseek.com/chat/completions
[18:22:56 INF] System.Net.Http.HttpClient.DeepSeek.ClientHandler Sending HTTP request POST https://api.deepseek.com/chat/completions
[18:22:56 INF] System.Net.Http.HttpClient.DeepSeek.LogicalHandler Start processing HTTP request POST https://api.deepseek.com/chat/completions
[18:22:56 INF] System.Net.Http.HttpClient.DeepSeek.ClientHandler Sending HTTP request POST https://api.deepseek.com/chat/completions
[18:22:56 INF] System.Net.Http.HttpClient.DeepSeek.LogicalHandler Start processing HTTP request POST https://api.deepseek.com/chat/completions
[18:22:56 INF] System.Net.Http.HttpClient.DeepSeek.ClientHandler Sending HTTP request POST https://api.deepseek.com/chat/completions
[18:22:56 INF] System.Net.Http.HttpClient.DeepSeek.ClientHandler Received HTTP response headers after 279.6629ms - 200
[18:22:56 INF] System.Net.Http.HttpClient.DeepSeek.LogicalHandler End processing HTTP request after 280.099ms - 200
[18:22:56 INF] System.Net.Http.HttpClient.DeepSeek.LogicalHandler Start processing HTTP request POST https://api.deepseek.com/chat/completions
[18:22:56 INF] System.Net.Http.HttpClient.DeepSeek.ClientHandler Sending HTTP request POST https://api.deepseek.com/chat/completions
[18:22:57 INF] System.Net.Http.HttpClient.DeepSeek.ClientHandler Received HTTP response headers after 277.5855ms - 200
[18:22:57 INF] System.Net.Http.HttpClient.DeepSeek.LogicalHandler End processing HTTP request after 277.9847ms - 200
[18:22:57 INF] System.Net.Http.HttpClient.DeepSeek.LogicalHandler Start processing HTTP request POST https://api.deepseek.com/chat/completions
[18:22:57 INF] System.Net.Http.HttpClient.DeepSeek.ClientHandler Sending HTTP request POST https://api.deepseek.com/chat/completions
[18:22:57 INF] System.Net.Http.HttpClient.DeepSeek.LogicalHandler Start processing HTTP request POST https://api.deepseek.com/chat/completions
[18:22:57 INF] System.Net.Http.HttpClient.DeepSeek.ClientHandler Sending HTTP request POST https://api.deepseek.com/chat/completions
[18:22:57 INF] System.Net.Http.HttpClient.DeepSeek.ClientHandler Received HTTP response headers after 279.5501ms - 200
[18:22:57 INF] System.Net.Http.HttpClient.DeepSeek.LogicalHandler End processing HTTP request after 280.0275ms - 200
[18:22:57 INF] System.Net.Http.HttpClient.DeepSeek.ClientHandler Received HTTP response headers after 290.9285ms - 200
[18:22:57 INF] System.Net.Http.HttpClient.DeepSeek.LogicalHandler End processing HTTP request after 291.5977ms - 200
[18:22:57 INF] System.Net.Http.HttpClient.DeepSeek.ClientHandler Received HTTP response headers after 290.7066ms - 200
[18:22:57 INF] System.Net.Http.HttpClient.DeepSeek.LogicalHandler End processing HTTP request after 291.1936ms - 200
[18:22:57 INF] System.Net.Http.HttpClient.DeepSeek.LogicalHandler Start processing HTTP request POST https://api.deepseek.com/chat/completions
[18:22:57 INF] System.Net.Http.HttpClient.DeepSeek.ClientHandler Sending HTTP request POST https://api.deepseek.com/chat/completions
[18:22:57 INF] System.Net.Http.HttpClient.DeepSeek.ClientHandler Received HTTP response headers after 295.3692ms - 200
[18:22:57 INF] System.Net.Http.HttpClient.DeepSeek.LogicalHandler End processing HTTP request after 299.3306ms - 200
[18:22:57 INF] System.Net.Http.HttpClient.DeepSeek.ClientHandler Received HTTP response headers after 282.3634ms - 200
[18:22:57 INF] System.Net.Http.HttpClient.DeepSeek.LogicalHandler End processing HTTP request after 282.6699ms - 200
[18:22:57 INF] System.Net.Http.HttpClient.DeepSeek.LogicalHandler Start processing HTTP request POST https://api.deepseek.com/chat/completions
[18:22:57 INF] System.Net.Http.HttpClient.DeepSeek.ClientHandler Sending HTTP request POST https://api.deepseek.com/chat/completions
[18:22:57 INF] System.Net.Http.HttpClient.DeepSeek.LogicalHandler Start processing HTTP request POST https://api.deepseek.com/chat/completions
[18:22:57 INF] System.Net.Http.HttpClient.DeepSeek.ClientHandler Sending HTTP request POST https://api.deepseek.com/chat/completions
[18:22:57 INF] System.Net.Http.HttpClient.DeepSeek.LogicalHandler Start processing HTTP request POST https://api.deepseek.com/chat/completions
[18:22:57 INF] System.Net.Http.HttpClient.DeepSeek.ClientHandler Sending HTTP request POST https://api.deepseek.com/chat/completions
[18:22:57 INF] System.Net.Http.HttpClient.DeepSeek.ClientHandler Received HTTP response headers after 290.365ms - 200
[18:22:57 INF] System.Net.Http.HttpClient.DeepSeek.LogicalHandler End processing HTTP request after 290.6968ms - 200
[18:22:57 INF] System.Net.Http.HttpClient.DeepSeek.ClientHandler Received HTTP response headers after 275.9858ms - 200
[18:22:57 INF] System.Net.Http.HttpClient.DeepSeek.LogicalHandler End processing HTTP request after 278.3785ms - 200
[18:22:57 INF] System.Net.Http.HttpClient.DeepSeek.LogicalHandler Start processing HTTP request POST https://api.deepseek.com/chat/completions
[18:22:57 INF] System.Net.Http.HttpClient.DeepSeek.ClientHandler Sending HTTP request POST https://api.deepseek.com/chat/completions
[18:22:57 INF] System.Net.Http.HttpClient.DeepSeek.ClientHandler Received HTTP response headers after 285.6874ms - 200
[18:22:57 INF] System.Net.Http.HttpClient.DeepSeek.LogicalHandler End processing HTTP request after 286.12ms - 200
[18:22:57 INF] System.Net.Http.HttpClient.DeepSeek.LogicalHandler Start processing HTTP request POST https://api.deepseek.com/chat/completions
[18:22:57 INF] System.Net.Http.HttpClient.DeepSeek.ClientHandler Sending HTTP request POST https://api.deepseek.com/chat/completions
[18:22:57 INF] System.Net.Http.HttpClient.DeepSeek.ClientHandler Received HTTP response headers after 292.503ms - 200
[18:22:57 INF] System.Net.Http.HttpClient.DeepSeek.LogicalHandler End processing HTTP request after 293.0754ms - 200
[18:22:57 INF] System.Net.Http.HttpClient.DeepSeek.ClientHandler Received HTTP response headers after 281.2681ms - 200
[18:22:57 INF] System.Net.Http.HttpClient.DeepSeek.LogicalHandler End processing HTTP request after 281.6619ms - 200
[18:22:57 INF] System.Net.Http.HttpClient.DeepSeek.LogicalHandler Start processing HTTP request POST https://api.deepseek.com/chat/completions
[18:22:57 INF] System.Net.Http.HttpClient.DeepSeek.ClientHandler Sending HTTP request POST https://api.deepseek.com/chat/completions
[18:22:57 INF] System.Net.Http.HttpClient.DeepSeek.LogicalHandler Start processing HTTP request POST https://api.deepseek.com/chat/completions
[18:22:57 INF] System.Net.Http.HttpClient.DeepSeek.ClientHandler Sending HTTP request POST https://api.deepseek.com/chat/completions
[18:22:57 INF] System.Net.Http.HttpClient.DeepSeek.LogicalHandler Start processing HTTP request POST https://api.deepseek.com/chat/completions
[18:22:57 INF] System.Net.Http.HttpClient.DeepSeek.ClientHandler Sending HTTP request POST https://api.deepseek.com/chat/completions
[18:22:57 INF] System.Net.Http.HttpClient.DeepSeek.ClientHandler Received HTTP response headers after 273.2948ms - 200
[18:22:57 INF] System.Net.Http.HttpClient.DeepSeek.LogicalHandler End processing HTTP request after 273.8908ms - 200
[18:22:57 INF] System.Net.Http.HttpClient.DeepSeek.LogicalHandler Start processing HTTP request POST https://api.deepseek.com/chat/completions
[18:22:57 INF] System.Net.Http.HttpClient.DeepSeek.ClientHandler Sending HTTP request POST https://api.deepseek.com/chat/completions
[18:22:57 INF] System.Net.Http.HttpClient.DeepSeek.ClientHandler Received HTTP response headers after 273.4545ms - 200
[18:22:57 INF] System.Net.Http.HttpClient.DeepSeek.LogicalHandler End processing HTTP request after 274.0389ms - 200
[18:22:57 INF] System.Net.Http.HttpClient.DeepSeek.LogicalHandler Start processing HTTP request POST https://api.deepseek.com/chat/completions
[18:22:57 INF] System.Net.Http.HttpClient.DeepSeek.ClientHandler Sending HTTP request POST https://api.deepseek.com/chat/completions
[18:22:57 INF] System.Net.Http.HttpClient.DeepSeek.ClientHandler Received HTTP response headers after 283.0054ms - 200
[18:22:57 INF] System.Net.Http.HttpClient.DeepSeek.LogicalHandler End processing HTTP request after 283.6271ms - 200
[18:22:57 INF] System.Net.Http.HttpClient.DeepSeek.ClientHandler Received HTTP response headers after 268.2695ms - 200
[18:22:57 INF] System.Net.Http.HttpClient.DeepSeek.LogicalHandler End processing HTTP request after 268.6689ms - 200
[18:22:57 INF] System.Net.Http.HttpClient.DeepSeek.ClientHandler Received HTTP response headers after 275.3047ms - 200
[18:22:57 INF] System.Net.Http.HttpClient.DeepSeek.LogicalHandler End processing HTTP request after 275.698ms - 200
[18:22:57 INF] System.Net.Http.HttpClient.DeepSeek.LogicalHandler Start processing HTTP request POST https://api.deepseek.com/chat/completions
[18:22:57 INF] System.Net.Http.HttpClient.DeepSeek.ClientHandler Sending HTTP request POST https://api.deepseek.com/chat/completions
[18:22:57 INF] System.Net.Http.HttpClient.DeepSeek.ClientHandler Received HTTP response headers after 287.4263ms - 200
[18:22:57 INF] System.Net.Http.HttpClient.DeepSeek.LogicalHandler End processing HTTP request after 287.891ms - 200
[18:22:57 INF] System.Net.Http.HttpClient.DeepSeek.LogicalHandler Start processing HTTP request POST https://api.deepseek.com/chat/completions
[18:22:57 INF] System.Net.Http.HttpClient.DeepSeek.ClientHandler Sending HTTP request POST https://api.deepseek.com/chat/completions
[18:22:58 INF] System.Net.Http.HttpClient.DeepSeek.LogicalHandler Start processing HTTP request POST https://api.deepseek.com/chat/completions
[18:22:58 INF] System.Net.Http.HttpClient.DeepSeek.ClientHandler Sending HTTP request POST https://api.deepseek.com/chat/completions
[18:22:58 INF] System.Net.Http.HttpClient.DeepSeek.LogicalHandler Start processing HTTP request POST https://api.deepseek.com/chat/completions
[18:22:58 INF] System.Net.Http.HttpClient.DeepSeek.ClientHandler Sending HTTP request POST https://api.deepseek.com/chat/completions
[18:22:58 INF] System.Net.Http.HttpClient.DeepSeek.LogicalHandler Start processing HTTP request POST https://api.deepseek.com/chat/completions
[18:22:58 INF] System.Net.Http.HttpClient.DeepSeek.ClientHandler Sending HTTP request POST https://api.deepseek.com/chat/completions
[18:22:58 INF] System.Net.Http.HttpClient.DeepSeek.ClientHandler Received HTTP response headers after 285.6493ms - 200
[18:22:58 INF] System.Net.Http.HttpClient.DeepSeek.LogicalHandler End processing HTTP request after 286.0108ms - 200
[18:22:58 INF] System.Net.Http.HttpClient.DeepSeek.ClientHandler Received HTTP response headers after 367.1784ms - 200
[18:22:58 INF] System.Net.Http.HttpClient.DeepSeek.LogicalHandler End processing HTTP request after 367.5814ms - 200
[18:22:58 INF] System.Net.Http.HttpClient.DeepSeek.LogicalHandler Start processing HTTP request POST https://api.deepseek.com/chat/completions
[18:22:58 INF] System.Net.Http.HttpClient.DeepSeek.ClientHandler Sending HTTP request POST https://api.deepseek.com/chat/completions
[18:22:58 INF] System.Net.Http.HttpClient.DeepSeek.LogicalHandler Start processing HTTP request POST https://api.deepseek.com/chat/completions
[18:22:58 INF] System.Net.Http.HttpClient.DeepSeek.ClientHandler Sending HTTP request POST https://api.deepseek.com/chat/completions
[18:22:58 INF] System.Net.Http.HttpClient.DeepSeek.LogicalHandler Start processing HTTP request POST https://api.deepseek.com/chat/completions
[18:22:58 INF] System.Net.Http.HttpClient.DeepSeek.ClientHandler Sending HTTP request POST https://api.deepseek.com/chat/completions
[18:22:58 INF] System.Net.Http.HttpClient.DeepSeek.ClientHandler Received HTTP response headers after 284.5146ms - 200
[18:22:58 INF] System.Net.Http.HttpClient.DeepSeek.LogicalHandler End processing HTTP request after 284.9416ms - 200
[18:22:58 INF] System.Net.Http.HttpClient.DeepSeek.ClientHandler Received HTTP response headers after 291.4383ms - 200
[18:22:58 INF] System.Net.Http.HttpClient.DeepSeek.LogicalHandler End processing HTTP request after 291.9687ms - 200
[18:22:58 INF] System.Net.Http.HttpClient.DeepSeek.ClientHandler Received HTTP response headers after 277.5232ms - 200
[18:22:58 INF] System.Net.Http.HttpClient.DeepSeek.LogicalHandler End processing HTTP request after 277.8237ms - 200
[18:22:58 INF] System.Net.Http.HttpClient.DeepSeek.ClientHandler Received HTTP response headers after 297.3338ms - 200
[18:22:58 INF] System.Net.Http.HttpClient.DeepSeek.LogicalHandler End processing HTTP request after 297.6595ms - 200
[18:22:58 INF] System.Net.Http.HttpClient.DeepSeek.ClientHandler Received HTTP response headers after 288.3534ms - 200
[18:22:58 INF] System.Net.Http.HttpClient.DeepSeek.LogicalHandler End processing HTTP request after 288.6799ms - 200
[18:22:58 INF] System.Net.Http.HttpClient.DeepSeek.LogicalHandler Start processing HTTP request POST https://api.deepseek.com/chat/completions
[18:22:58 INF] System.Net.Http.HttpClient.DeepSeek.ClientHandler Sending HTTP request POST https://api.deepseek.com/chat/completions
[18:22:58 INF] System.Net.Http.HttpClient.DeepSeek.ClientHandler Received HTTP response headers after 280.8853ms - 200
[18:22:58 INF] System.Net.Http.HttpClient.DeepSeek.LogicalHandler End processing HTTP request after 281.1391ms - 200
[18:22:58 INF] System.Net.Http.HttpClient.DeepSeek.ClientHandler Received HTTP response headers after 282.8527ms - 200
[18:22:58 INF] System.Net.Http.HttpClient.DeepSeek.LogicalHandler End processing HTTP request after 283.2017ms - 200
[18:22:58 INF] System.Net.Http.HttpClient.DeepSeek.LogicalHandler Start processing HTTP request POST https://api.deepseek.com/chat/completions
[18:22:58 INF] System.Net.Http.HttpClient.DeepSeek.ClientHandler Sending HTTP request POST https://api.deepseek.com/chat/completions
[18:22:58 INF] System.Net.Http.HttpClient.DeepSeek.ClientHandler Received HTTP response headers after 275.8684ms - 200
[18:22:58 INF] System.Net.Http.HttpClient.DeepSeek.LogicalHandler End processing HTTP request after 276.2485ms - 200
[18:22:58 INF] System.Net.Http.HttpClient.DeepSeek.LogicalHandler Start processing HTTP request POST https://api.deepseek.com/chat/completions
[18:22:58 INF] System.Net.Http.HttpClient.DeepSeek.ClientHandler Sending HTTP request POST https://api.deepseek.com/chat/completions
[18:22:58 INF] System.Net.Http.HttpClient.DeepSeek.LogicalHandler Start processing HTTP request POST https://api.deepseek.com/chat/completions
[18:22:58 INF] System.Net.Http.HttpClient.DeepSeek.ClientHandler Sending HTTP request POST https://api.deepseek.com/chat/completions
[18:22:58 INF] System.Net.Http.HttpClient.DeepSeek.LogicalHandler Start processing HTTP request POST https://api.deepseek.com/chat/completions
[18:22:58 INF] System.Net.Http.HttpClient.DeepSeek.ClientHandler Sending HTTP request POST https://api.deepseek.com/chat/completions
[18:22:58 INF] System.Net.Http.HttpClient.DeepSeek.LogicalHandler Start processing HTTP request POST https://api.deepseek.com/chat/completions
[18:22:58 INF] System.Net.Http.HttpClient.DeepSeek.ClientHandler Sending HTTP request POST https://api.deepseek.com/chat/completions
[18:22:58 INF] System.Net.Http.HttpClient.DeepSeek.LogicalHandler Start processing HTTP request POST https://api.deepseek.com/chat/completions
[18:22:58 INF] System.Net.Http.HttpClient.DeepSeek.ClientHandler Sending HTTP request POST https://api.deepseek.com/chat/completions
[18:22:58 INF] System.Net.Http.HttpClient.DeepSeek.ClientHandler Received HTTP response headers after 286.5243ms - 200
[18:22:58 INF] System.Net.Http.HttpClient.DeepSeek.LogicalHandler End processing HTTP request after 287.2602ms - 200
[18:22:58 INF] System.Net.Http.HttpClient.DeepSeek.ClientHandler Received HTTP response headers after 377.8428ms - 200
[18:22:58 INF] System.Net.Http.HttpClient.DeepSeek.LogicalHandler End processing HTTP request after 378.1588ms - 200
[18:22:58 INF] System.Net.Http.HttpClient.DeepSeek.LogicalHandler Start processing HTTP request POST https://api.deepseek.com/chat/completions
[18:22:58 INF] System.Net.Http.HttpClient.DeepSeek.ClientHandler Sending HTTP request POST https://api.deepseek.com/chat/completions
[18:22:58 INF] System.Net.Http.HttpClient.DeepSeek.LogicalHandler Start processing HTTP request POST https://api.deepseek.com/chat/completions
[18:22:58 INF] System.Net.Http.HttpClient.DeepSeek.ClientHandler Sending HTTP request POST https://api.deepseek.com/chat/completions
[18:22:58 INF] System.Net.Http.HttpClient.DeepSeek.ClientHandler Received HTTP response headers after 285.0855ms - 200
[18:22:58 INF] System.Net.Http.HttpClient.DeepSeek.LogicalHandler End processing HTTP request after 285.6112ms - 200
[18:22:58 INF] System.Net.Http.HttpClient.DeepSeek.ClientHandler Received HTTP response headers after 291.829ms - 200
[18:22:58 INF] System.Net.Http.HttpClient.DeepSeek.LogicalHandler End processing HTTP request after 292.4893ms - 200
[18:22:58 INF] System.Net.Http.HttpClient.DeepSeek.ClientHandler Received HTTP response headers after 277.916ms - 200
[18:22:58 INF] System.Net.Http.HttpClient.DeepSeek.LogicalHandler End processing HTTP request after 278.5715ms - 200
[18:22:58 INF] System.Net.Http.HttpClient.DeepSeek.LogicalHandler Start processing HTTP request POST https://api.deepseek.com/chat/completions
[18:22:58 INF] System.Net.Http.HttpClient.DeepSeek.ClientHandler Sending HTTP request POST https://api.deepseek.com/chat/completions
[18:22:58 INF] System.Net.Http.HttpClient.DeepSeek.ClientHandler Received HTTP response headers after 284.9019ms - 200
[18:22:58 INF] System.Net.Http.HttpClient.DeepSeek.LogicalHandler End processing HTTP request after 285.4574ms - 200
[18:22:58 INF] System.Net.Http.HttpClient.DeepSeek.ClientHandler Received HTTP response headers after 276.6166ms - 200
[18:22:58 INF] System.Net.Http.HttpClient.DeepSeek.LogicalHandler End processing HTTP request after 277.0397ms - 200
[18:22:58 INF] System.Net.Http.HttpClient.DeepSeek.LogicalHandler Start processing HTTP request POST https://api.deepseek.com/chat/completions
[18:22:58 INF] System.Net.Http.HttpClient.DeepSeek.ClientHandler Sending HTTP request POST https://api.deepseek.com/chat/completions
[18:22:59 INF] System.Net.Http.HttpClient.DeepSeek.LogicalHandler Start processing HTTP request POST https://api.deepseek.com/chat/completions
[18:22:59 INF] System.Net.Http.HttpClient.DeepSeek.ClientHandler Sending HTTP request POST https://api.deepseek.com/chat/completions
[18:22:59 INF] System.Net.Http.HttpClient.DeepSeek.LogicalHandler Start processing HTTP request POST https://api.deepseek.com/chat/completions
[18:22:59 INF] System.Net.Http.HttpClient.DeepSeek.ClientHandler Sending HTTP request POST https://api.deepseek.com/chat/completions
[18:22:59 INF] System.Net.Http.HttpClient.DeepSeek.ClientHandler Received HTTP response headers after 283.1366ms - 200
[18:22:59 INF] System.Net.Http.HttpClient.DeepSeek.LogicalHandler End processing HTTP request after 283.4454ms - 200
[18:22:59 INF] System.Net.Http.HttpClient.DeepSeek.ClientHandler Received HTTP response headers after 296.3284ms - 200
[18:22:59 INF] System.Net.Http.HttpClient.DeepSeek.LogicalHandler End processing HTTP request after 296.5439ms - 200
[18:22:59 INF] System.Net.Http.HttpClient.DeepSeek.LogicalHandler Start processing HTTP request POST https://api.deepseek.com/chat/completions
[18:22:59 INF] System.Net.Http.HttpClient.DeepSeek.ClientHandler Sending HTTP request POST https://api.deepseek.com/chat/completions
[18:22:59 INF] System.Net.Http.HttpClient.DeepSeek.ClientHandler Received HTTP response headers after 275.2219ms - 200
[18:22:59 INF] System.Net.Http.HttpClient.DeepSeek.LogicalHandler End processing HTTP request after 275.5627ms - 200
[18:22:59 INF] System.Net.Http.HttpClient.DeepSeek.ClientHandler Received HTTP response headers after 280.0021ms - 200
[18:22:59 INF] System.Net.Http.HttpClient.DeepSeek.LogicalHandler End processing HTTP request after 280.302ms - 200
[18:22:59 INF] System.Net.Http.HttpClient.DeepSeek.ClientHandler Received HTTP response headers after 287.874ms - 200
[18:22:59 INF] System.Net.Http.HttpClient.DeepSeek.LogicalHandler End processing HTTP request after 288.4846ms - 200
[18:22:59 INF] System.Net.Http.HttpClient.DeepSeek.ClientHandler Received HTTP response headers after 289.0068ms - 200
[18:22:59 INF] System.Net.Http.HttpClient.DeepSeek.LogicalHandler End processing HTTP request after 289.5378ms - 200
[18:22:59 INF] System.Net.Http.HttpClient.DeepSeek.ClientHandler Received HTTP response headers after 276.8143ms - 200
[18:22:59 INF] System.Net.Http.HttpClient.DeepSeek.LogicalHandler End processing HTTP request after 277.2716ms - 200
[18:22:59 INF] System.Net.Http.HttpClient.DeepSeek.LogicalHandler Start processing HTTP request POST https://api.deepseek.com/chat/completions
[18:22:59 INF] System.Net.Http.HttpClient.DeepSeek.ClientHandler Sending HTTP request POST https://api.deepseek.com/chat/completions
[18:22:59 INF] System.Net.Http.HttpClient.DeepSeek.LogicalHandler Start processing HTTP request POST https://api.deepseek.com/chat/completions
[18:22:59 INF] System.Net.Http.HttpClient.DeepSeek.ClientHandler Sending HTTP request POST https://api.deepseek.com/chat/completions
[18:22:59 INF] System.Net.Http.HttpClient.DeepSeek.LogicalHandler Start processing HTTP request POST https://api.deepseek.com/chat/completions
[18:22:59 INF] System.Net.Http.HttpClient.DeepSeek.ClientHandler Sending HTTP request POST https://api.deepseek.com/chat/completions
[18:22:59 INF] System.Net.Http.HttpClient.DeepSeek.LogicalHandler Start processing HTTP request POST https://api.deepseek.com/chat/completions
[18:22:59 INF] System.Net.Http.HttpClient.DeepSeek.ClientHandler Sending HTTP request POST https://api.deepseek.com/chat/completions
[18:22:59 INF] System.Net.Http.HttpClient.DeepSeek.ClientHandler Received HTTP response headers after 284.4223ms - 200
[18:22:59 INF] System.Net.Http.HttpClient.DeepSeek.ClientHandler Received HTTP response headers after 281.984ms - 200
[18:22:59 INF] System.Net.Http.HttpClient.DeepSeek.LogicalHandler End processing HTTP request after 282.5265ms - 200
[18:22:59 INF] System.Net.Http.HttpClient.DeepSeek.LogicalHandler End processing HTTP request after 284.9223ms - 200
[18:22:59 INF] System.Net.Http.HttpClient.DeepSeek.ClientHandler Received HTTP response headers after 284.0984ms - 200
[18:22:59 INF] System.Net.Http.HttpClient.DeepSeek.LogicalHandler End processing HTTP request after 286.6043ms - 200
[18:22:59 INF] System.Net.Http.HttpClient.DeepSeek.LogicalHandler Start processing HTTP request POST https://api.deepseek.com/chat/completions
[18:22:59 INF] System.Net.Http.HttpClient.DeepSeek.ClientHandler Sending HTTP request POST https://api.deepseek.com/chat/completions
[18:22:59 INF] System.Net.Http.HttpClient.DeepSeek.LogicalHandler Start processing HTTP request POST https://api.deepseek.com/chat/completions
[18:22:59 INF] System.Net.Http.HttpClient.DeepSeek.ClientHandler Sending HTTP request POST https://api.deepseek.com/chat/completions
[18:22:59 INF] System.Net.Http.HttpClient.DeepSeek.ClientHandler Received HTTP response headers after 274.9346ms - 200
[18:22:59 INF] System.Net.Http.HttpClient.DeepSeek.LogicalHandler End processing HTTP request after 275.6313ms - 200
[18:22:59 INF] System.Net.Http.HttpClient.DeepSeek.LogicalHandler Start processing HTTP request POST https://api.deepseek.com/chat/completions
[18:22:59 INF] System.Net.Http.HttpClient.DeepSeek.ClientHandler Sending HTTP request POST https://api.deepseek.com/chat/completions
[18:22:59 INF] System.Net.Http.HttpClient.DeepSeek.LogicalHandler Start processing HTTP request POST https://api.deepseek.com/chat/completions
[18:22:59 INF] System.Net.Http.HttpClient.DeepSeek.ClientHandler Sending HTTP request POST https://api.deepseek.com/chat/completions
[18:23:00 INF] System.Net.Http.HttpClient.DeepSeek.LogicalHandler Start processing HTTP request POST https://api.deepseek.com/chat/completions
[18:23:00 INF] System.Net.Http.HttpClient.DeepSeek.ClientHandler Sending HTTP request POST https://api.deepseek.com/chat/completions
[18:23:00 INF] System.Net.Http.HttpClient.DeepSeek.ClientHandler Received HTTP response headers after 273.5885ms - 200
[18:23:00 INF] System.Net.Http.HttpClient.DeepSeek.LogicalHandler End processing HTTP request after 274.0167ms - 200
[18:23:00 INF] System.Net.Http.HttpClient.DeepSeek.ClientHandler Received HTTP response headers after 297.1884ms - 200
[18:23:00 INF] System.Net.Http.HttpClient.DeepSeek.LogicalHandler End processing HTTP request after 297.6273ms - 200
[18:23:00 INF] System.Net.Http.HttpClient.DeepSeek.LogicalHandler Start processing HTTP request POST https://api.deepseek.com/chat/completions
[18:23:00 INF] System.Net.Http.HttpClient.DeepSeek.ClientHandler Sending HTTP request POST https://api.deepseek.com/chat/completions
[18:23:00 INF] System.Net.Http.HttpClient.DeepSeek.LogicalHandler Start processing HTTP request POST https://api.deepseek.com/chat/completions
[18:23:00 INF] System.Net.Http.HttpClient.DeepSeek.ClientHandler Sending HTTP request POST https://api.deepseek.com/chat/completions
[18:23:00 INF] System.Net.Http.HttpClient.DeepSeek.ClientHandler Received HTTP response headers after 288.0299ms - 200
[18:23:00 INF] System.Net.Http.HttpClient.DeepSeek.LogicalHandler End processing HTTP request after 288.3862ms - 200
[18:23:00 INF] System.Net.Http.HttpClient.DeepSeek.ClientHandler Received HTTP response headers after 351.8062ms - 200
[18:23:00 INF] System.Net.Http.HttpClient.DeepSeek.LogicalHandler End processing HTTP request after 352.1394ms - 200
[18:23:00 INF] System.Net.Http.HttpClient.DeepSeek.ClientHandler Received HTTP response headers after 369.6554ms - 200
[18:23:00 INF] System.Net.Http.HttpClient.DeepSeek.LogicalHandler End processing HTTP request after 370.0593ms - 200
[18:23:00 INF] System.Net.Http.HttpClient.DeepSeek.ClientHandler Received HTTP response headers after 274.8533ms - 200
[18:23:00 INF] System.Net.Http.HttpClient.DeepSeek.LogicalHandler End processing HTTP request after 275.2153ms - 200
[18:23:00 INF] System.Net.Http.HttpClient.DeepSeek.ClientHandler Received HTTP response headers after 281.0749ms - 200
[18:23:00 INF] System.Net.Http.HttpClient.DeepSeek.LogicalHandler End processing HTTP request after 281.5885ms - 200
[18:23:00 INF] System.Net.Http.HttpClient.DeepSeek.LogicalHandler Start processing HTTP request POST https://api.deepseek.com/chat/completions
[18:23:00 INF] System.Net.Http.HttpClient.DeepSeek.ClientHandler Sending HTTP request POST https://api.deepseek.com/chat/completions
[18:23:00 INF] System.Net.Http.HttpClient.DeepSeek.LogicalHandler Start processing HTTP request POST https://api.deepseek.com/chat/completions
[18:23:00 INF] System.Net.Http.HttpClient.DeepSeek.ClientHandler Sending HTTP request POST https://api.deepseek.com/chat/completions
[18:23:00 INF] System.Net.Http.HttpClient.DeepSeek.LogicalHandler Start processing HTTP request POST https://api.deepseek.com/chat/completions
[18:23:00 INF] System.Net.Http.HttpClient.DeepSeek.ClientHandler Sending HTTP request POST https://api.deepseek.com/chat/completions
[18:23:00 INF] System.Net.Http.HttpClient.DeepSeek.ClientHandler Received HTTP response headers after 283.309ms - 200
[18:23:00 INF] System.Net.Http.HttpClient.DeepSeek.LogicalHandler End processing HTTP request after 283.8967ms - 200
[18:23:00 INF] System.Net.Http.HttpClient.DeepSeek.LogicalHandler Start processing HTTP request POST https://api.deepseek.com/chat/completions
[18:23:00 INF] System.Net.Http.HttpClient.DeepSeek.ClientHandler Sending HTTP request POST https://api.deepseek.com/chat/completions
[18:23:00 INF] System.Net.Http.HttpClient.DeepSeek.LogicalHandler Start processing HTTP request POST https://api.deepseek.com/chat/completions
[18:23:00 INF] System.Net.Http.HttpClient.DeepSeek.ClientHandler Sending HTTP request POST https://api.deepseek.com/chat/completions
[18:23:01 INF] System.Net.Http.HttpClient.DeepSeek.LogicalHandler Start processing HTTP request POST https://api.deepseek.com/chat/completions
[18:23:01 INF] System.Net.Http.HttpClient.DeepSeek.ClientHandler Sending HTTP request POST https://api.deepseek.com/chat/completions
[18:23:01 INF] System.Net.Http.HttpClient.DeepSeek.ClientHandler Received HTTP response headers after 289.3618ms - 200
[18:23:01 INF] System.Net.Http.HttpClient.DeepSeek.LogicalHandler End processing HTTP request after 289.9907ms - 200
[18:23:01 INF] System.Net.Http.HttpClient.DeepSeek.ClientHandler Received HTTP response headers after 276.126ms - 200
[18:23:01 INF] System.Net.Http.HttpClient.DeepSeek.LogicalHandler End processing HTTP request after 279.7442ms - 200
[18:23:01 INF] System.Net.Http.HttpClient.DeepSeek.LogicalHandler Start processing HTTP request POST https://api.deepseek.com/chat/completions
[18:23:01 INF] System.Net.Http.HttpClient.DeepSeek.ClientHandler Sending HTTP request POST https://api.deepseek.com/chat/completions
[18:23:01 INF] System.Net.Http.HttpClient.DeepSeek.ClientHandler Received HTTP response headers after 285.1695ms - 200
[18:23:01 INF] System.Net.Http.HttpClient.DeepSeek.ClientHandler Received HTTP response headers after 281.1023ms - 200
[18:23:01 INF] System.Net.Http.HttpClient.DeepSeek.LogicalHandler End processing HTTP request after 281.5187ms - 200
[18:23:01 INF] System.Net.Http.HttpClient.DeepSeek.LogicalHandler End processing HTTP request after 285.5503ms - 200
[18:23:01 INF] System.Net.Http.HttpClient.DeepSeek.LogicalHandler Start processing HTTP request POST https://api.deepseek.com/chat/completions
[18:23:01 INF] System.Net.Http.HttpClient.DeepSeek.ClientHandler Sending HTTP request POST https://api.deepseek.com/chat/completions
[18:23:01 INF] System.Net.Http.HttpClient.DeepSeek.ClientHandler Received HTTP response headers after 321.8052ms - 200
[18:23:01 INF] System.Net.Http.HttpClient.DeepSeek.LogicalHandler End processing HTTP request after 322.1927ms - 200
[18:23:01 INF] System.Net.Http.HttpClient.DeepSeek.LogicalHandler Start processing HTTP request POST https://api.deepseek.com/chat/completions
[18:23:01 INF] System.Net.Http.HttpClient.DeepSeek.ClientHandler Sending HTTP request POST https://api.deepseek.com/chat/completions
[18:23:01 INF] System.Net.Http.HttpClient.DeepSeek.ClientHandler Received HTTP response headers after 282.6168ms - 200
[18:23:01 INF] System.Net.Http.HttpClient.DeepSeek.LogicalHandler End processing HTTP request after 282.9544ms - 200
[18:23:01 INF] System.Net.Http.HttpClient.DeepSeek.ClientHandler Received HTTP response headers after 272.5886ms - 200
[18:23:01 INF] System.Net.Http.HttpClient.DeepSeek.LogicalHandler End processing HTTP request after 272.9978ms - 200
[18:23:01 INF] System.Net.Http.HttpClient.DeepSeek.LogicalHandler Start processing HTTP request POST https://api.deepseek.com/chat/completions
[18:23:01 INF] System.Net.Http.HttpClient.DeepSeek.ClientHandler Sending HTTP request POST https://api.deepseek.com/chat/completions
[18:23:01 INF] System.Net.Http.HttpClient.DeepSeek.LogicalHandler Start processing HTTP request POST https://api.deepseek.com/chat/completions
[18:23:01 INF] System.Net.Http.HttpClient.DeepSeek.ClientHandler Sending HTTP request POST https://api.deepseek.com/chat/completions
[18:23:01 INF] System.Net.Http.HttpClient.DeepSeek.ClientHandler Received HTTP response headers after 280.9564ms - 200
[18:23:01 INF] System.Net.Http.HttpClient.DeepSeek.LogicalHandler End processing HTTP request after 281.709ms - 200
[18:23:01 INF] System.Net.Http.HttpClient.DeepSeek.ClientHandler Received HTTP response headers after 282.6929ms - 200
[18:23:01 INF] System.Net.Http.HttpClient.DeepSeek.LogicalHandler Start processing HTTP request POST https://api.deepseek.com/chat/completions
[18:23:01 INF] System.Net.Http.HttpClient.DeepSeek.ClientHandler Sending HTTP request POST https://api.deepseek.com/chat/completions
[18:23:01 INF] System.Net.Http.HttpClient.DeepSeek.LogicalHandler End processing HTTP request after 283.7993ms - 200
[18:23:01 INF] System.Net.Http.HttpClient.DeepSeek.LogicalHandler Start processing HTTP request POST https://api.deepseek.com/chat/completions
[18:23:01 INF] System.Net.Http.HttpClient.DeepSeek.ClientHandler Sending HTTP request POST https://api.deepseek.com/chat/completions
[18:23:01 INF] System.Net.Http.HttpClient.DeepSeek.ClientHandler Received HTTP response headers after 283.0765ms - 200
[18:23:01 INF] System.Net.Http.HttpClient.DeepSeek.LogicalHandler End processing HTTP request after 283.4471ms - 200
[18:23:02 INF] System.Net.Http.HttpClient.DeepSeek.LogicalHandler Start processing HTTP request POST https://api.deepseek.com/chat/completions
[18:23:02 INF] System.Net.Http.HttpClient.DeepSeek.ClientHandler Sending HTTP request POST https://api.deepseek.com/chat/completions
[18:23:02 INF] System.Net.Http.HttpClient.DeepSeek.LogicalHandler Start processing HTTP request POST https://api.deepseek.com/chat/completions
[18:23:02 INF] System.Net.Http.HttpClient.DeepSeek.ClientHandler Sending HTTP request POST https://api.deepseek.com/chat/completions
[18:23:02 INF] System.Net.Http.HttpClient.DeepSeek.ClientHandler Received HTTP response headers after 307.0815ms - 200
[18:23:02 INF] System.Net.Http.HttpClient.DeepSeek.LogicalHandler End processing HTTP request after 307.6306ms - 200
[18:23:02 INF] System.Net.Http.HttpClient.DeepSeek.ClientHandler Received HTTP response headers after 300.436ms - 200
[18:23:02 INF] System.Net.Http.HttpClient.DeepSeek.LogicalHandler End processing HTTP request after 301.0458ms - 200
[18:23:02 INF] System.Net.Http.HttpClient.DeepSeek.LogicalHandler Start processing HTTP request POST https://api.deepseek.com/chat/completions
[18:23:02 INF] System.Net.Http.HttpClient.DeepSeek.ClientHandler Sending HTTP request POST https://api.deepseek.com/chat/completions
[18:23:02 INF] System.Net.Http.HttpClient.DeepSeek.LogicalHandler Start processing HTTP request POST https://api.deepseek.com/chat/completions
[18:23:02 INF] System.Net.Http.HttpClient.DeepSeek.ClientHandler Sending HTTP request POST https://api.deepseek.com/chat/completions
[18:23:02 INF] System.Net.Http.HttpClient.DeepSeek.ClientHandler Received HTTP response headers after 276.71ms - 200
[18:23:02 INF] System.Net.Http.HttpClient.DeepSeek.LogicalHandler End processing HTTP request after 277.006ms - 200
[18:23:02 INF] System.Net.Http.HttpClient.DeepSeek.ClientHandler Received HTTP response headers after 277.722ms - 200
[18:23:02 INF] System.Net.Http.HttpClient.DeepSeek.LogicalHandler End processing HTTP request after 278.0919ms - 200
[18:23:02 INF] System.Net.Http.HttpClient.DeepSeek.LogicalHandler Start processing HTTP request POST https://api.deepseek.com/chat/completions
[18:23:02 INF] System.Net.Http.HttpClient.DeepSeek.ClientHandler Sending HTTP request POST https://api.deepseek.com/chat/completions
[18:23:02 INF] System.Net.Http.HttpClient.DeepSeek.LogicalHandler Start processing HTTP request POST https://api.deepseek.com/chat/completions
[18:23:02 INF] System.Net.Http.HttpClient.DeepSeek.ClientHandler Sending HTTP request POST https://api.deepseek.com/chat/completions
[18:23:02 INF] System.Net.Http.HttpClient.DeepSeek.LogicalHandler Start processing HTTP request POST https://api.deepseek.com/chat/completions
[18:23:02 INF] System.Net.Http.HttpClient.DeepSeek.ClientHandler Sending HTTP request POST https://api.deepseek.com/chat/completions
[18:23:02 INF] System.Net.Http.HttpClient.DeepSeek.ClientHandler Received HTTP response headers after 295.6957ms - 200
[18:23:02 INF] System.Net.Http.HttpClient.DeepSeek.LogicalHandler End processing HTTP request after 296.0598ms - 200
[18:23:02 INF] System.Net.Http.HttpClient.DeepSeek.LogicalHandler Start processing HTTP request POST https://api.deepseek.com/chat/completions
[18:23:02 INF] System.Net.Http.HttpClient.DeepSeek.ClientHandler Sending HTTP request POST https://api.deepseek.com/chat/completions
[18:23:02 INF] System.Net.Http.HttpClient.DeepSeek.ClientHandler Received HTTP response headers after 305.373ms - 200
[18:23:02 INF] System.Net.Http.HttpClient.DeepSeek.LogicalHandler End processing HTTP request after 305.6573ms - 200
[18:23:02 INF] System.Net.Http.HttpClient.DeepSeek.LogicalHandler Start processing HTTP request POST https://api.deepseek.com/chat/completions
[18:23:02 INF] System.Net.Http.HttpClient.DeepSeek.ClientHandler Sending HTTP request POST https://api.deepseek.com/chat/completions
[18:23:02 INF] System.Net.Http.HttpClient.DeepSeek.LogicalHandler Start processing HTTP request POST https://api.deepseek.com/chat/completions
[18:23:02 INF] System.Net.Http.HttpClient.DeepSeek.ClientHandler Sending HTTP request POST https://api.deepseek.com/chat/completions
[18:23:02 INF] System.Net.Http.HttpClient.DeepSeek.LogicalHandler Start processing HTTP request POST https://api.deepseek.com/chat/completions
[18:23:02 INF] System.Net.Http.HttpClient.DeepSeek.ClientHandler Sending HTTP request POST https://api.deepseek.com/chat/completions
[18:23:02 INF] System.Net.Http.HttpClient.DeepSeek.ClientHandler Received HTTP response headers after 278.9745ms - 200
[18:23:02 INF] System.Net.Http.HttpClient.DeepSeek.LogicalHandler End processing HTTP request after 279.35ms - 200
[18:23:02 INF] System.Net.Http.HttpClient.DeepSeek.ClientHandler Received HTTP response headers after 285.7858ms - 200
[18:23:02 INF] System.Net.Http.HttpClient.DeepSeek.LogicalHandler End processing HTTP request after 288.5986ms - 200
[18:23:02 INF] System.Net.Http.HttpClient.DeepSeek.ClientHandler Received HTTP response headers after 297.7612ms - 200
[18:23:02 INF] System.Net.Http.HttpClient.DeepSeek.LogicalHandler End processing HTTP request after 298.1359ms - 200
[18:23:02 INF] System.Net.Http.HttpClient.DeepSeek.ClientHandler Received HTTP response headers after 290.6097ms - 200
[18:23:02 INF] System.Net.Http.HttpClient.DeepSeek.LogicalHandler End processing HTTP request after 291.3832ms - 200
[18:23:02 INF] System.Net.Http.HttpClient.DeepSeek.ClientHandler Received HTTP response headers after 287.8978ms - 200
[18:23:02 INF] System.Net.Http.HttpClient.DeepSeek.LogicalHandler End processing HTTP request after 288.3367ms - 200
[18:23:02 INF] System.Net.Http.HttpClient.DeepSeek.ClientHandler Received HTTP response headers after 289.3946ms - 200
[18:23:02 INF] System.Net.Http.HttpClient.DeepSeek.LogicalHandler End processing HTTP request after 289.9033ms - 200
[18:23:02 INF] System.Net.Http.HttpClient.DeepSeek.LogicalHandler Start processing HTTP request POST https://api.deepseek.com/chat/completions
[18:23:02 INF] System.Net.Http.HttpClient.DeepSeek.ClientHandler Sending HTTP request POST https://api.deepseek.com/chat/completions
[18:23:02 INF] System.Net.Http.HttpClient.DeepSeek.ClientHandler Received HTTP response headers after 297.5315ms - 200
[18:23:02 INF] System.Net.Http.HttpClient.DeepSeek.LogicalHandler End processing HTTP request after 298.3197ms - 200
[18:23:02 INF] System.Net.Http.HttpClient.DeepSeek.LogicalHandler Start processing HTTP request POST https://api.deepseek.com/chat/completions
[18:23:02 INF] System.Net.Http.HttpClient.DeepSeek.ClientHandler Sending HTTP request POST https://api.deepseek.com/chat/completions
[18:23:03 INF] System.Net.Http.HttpClient.DeepSeek.LogicalHandler Start processing HTTP request POST https://api.deepseek.com/chat/completions
[18:23:03 INF] System.Net.Http.HttpClient.DeepSeek.ClientHandler Sending HTTP request POST https://api.deepseek.com/chat/completions
[18:23:03 INF] System.Net.Http.HttpClient.DeepSeek.ClientHandler Received HTTP response headers after 283.1751ms - 200
[18:23:03 INF] System.Net.Http.HttpClient.DeepSeek.LogicalHandler End processing HTTP request after 283.4547ms - 200
[18:23:03 INF] System.Net.Http.HttpClient.DeepSeek.LogicalHandler Start processing HTTP request POST https://api.deepseek.com/chat/completions
[18:23:03 INF] System.Net.Http.HttpClient.DeepSeek.ClientHandler Sending HTTP request POST https://api.deepseek.com/chat/completions
[18:23:03 INF] System.Net.Http.HttpClient.DeepSeek.ClientHandler Received HTTP response headers after 282.2167ms - 200
[18:23:03 INF] System.Net.Http.HttpClient.DeepSeek.LogicalHandler End processing HTTP request after 282.6209ms - 200
[18:23:03 INF] System.Net.Http.HttpClient.DeepSeek.ClientHandler Received HTTP response headers after 290.5707ms - 200
[18:23:03 INF] System.Net.Http.HttpClient.DeepSeek.LogicalHandler End processing HTTP request after 291.0721ms - 200
[18:23:03 INF] System.Net.Http.HttpClient.DeepSeek.ClientHandler Received HTTP response headers after 292.9391ms - 200
[18:23:03 INF] System.Net.Http.HttpClient.DeepSeek.LogicalHandler End processing HTTP request after 293.2922ms - 200
[18:23:04 INF] System.Net.Http.HttpClient.DeepSeek.LogicalHandler Start processing HTTP request POST https://api.deepseek.com/chat/completions
[18:23:04 INF] System.Net.Http.HttpClient.DeepSeek.ClientHandler Sending HTTP request POST https://api.deepseek.com/chat/completions
[18:23:04 INF] System.Net.Http.HttpClient.DeepSeek.ClientHandler Received HTTP response headers after 281.3653ms - 200
[18:23:04 INF] System.Net.Http.HttpClient.DeepSeek.LogicalHandler End processing HTTP request after 281.7193ms - 200
[18:23:04 INF] System.Net.Http.HttpClient.DeepSeek.LogicalHandler Start processing HTTP request POST https://api.deepseek.com/chat/completions
[18:23:04 INF] System.Net.Http.HttpClient.DeepSeek.ClientHandler Sending HTTP request POST https://api.deepseek.com/chat/completions
[18:23:04 INF] System.Net.Http.HttpClient.DeepSeek.LogicalHandler Start processing HTTP request POST https://api.deepseek.com/chat/completions
[18:23:04 INF] System.Net.Http.HttpClient.DeepSeek.ClientHandler Sending HTTP request POST https://api.deepseek.com/chat/completions
[18:23:04 INF] System.Net.Http.HttpClient.DeepSeek.LogicalHandler Start processing HTTP request POST https://api.deepseek.com/chat/completions
[18:23:04 INF] System.Net.Http.HttpClient.DeepSeek.ClientHandler Sending HTTP request POST https://api.deepseek.com/chat/completions
[18:23:04 INF] System.Net.Http.HttpClient.DeepSeek.LogicalHandler Start processing HTTP request POST https://api.deepseek.com/chat/completions
[18:23:04 INF] System.Net.Http.HttpClient.DeepSeek.ClientHandler Sending HTTP request POST https://api.deepseek.com/chat/completions
[18:23:04 INF] System.Net.Http.HttpClient.DeepSeek.LogicalHandler Start processing HTTP request POST https://api.deepseek.com/chat/completions
[18:23:04 INF] System.Net.Http.HttpClient.DeepSeek.ClientHandler Sending HTTP request POST https://api.deepseek.com/chat/completions
[18:23:05 INF] System.Net.Http.HttpClient.DeepSeek.ClientHandler Received HTTP response headers after 277.1011ms - 200
[18:23:05 INF] System.Net.Http.HttpClient.DeepSeek.LogicalHandler End processing HTTP request after 277.5063ms - 200
[18:23:05 INF] System.Net.Http.HttpClient.DeepSeek.ClientHandler Received HTTP response headers after 288.2466ms - 200
[18:23:05 INF] System.Net.Http.HttpClient.DeepSeek.LogicalHandler End processing HTTP request after 288.7741ms - 200
[18:23:05 INF] System.Net.Http.HttpClient.DeepSeek.ClientHandler Received HTTP response headers after 287.0923ms - 200
[18:23:05 INF] System.Net.Http.HttpClient.DeepSeek.LogicalHandler End processing HTTP request after 287.5126ms - 200
[18:23:05 INF] System.Net.Http.HttpClient.DeepSeek.ClientHandler Received HTTP response headers after 301.5501ms - 200
[18:23:05 INF] System.Net.Http.HttpClient.DeepSeek.LogicalHandler End processing HTTP request after 302.2176ms - 200
[18:23:05 INF] System.Net.Http.HttpClient.DeepSeek.LogicalHandler Start processing HTTP request POST https://api.deepseek.com/chat/completions
[18:23:05 INF] System.Net.Http.HttpClient.DeepSeek.ClientHandler Sending HTTP request POST https://api.deepseek.com/chat/completions
[18:23:05 INF] System.Net.Http.HttpClient.DeepSeek.ClientHandler Received HTTP response headers after 301.5107ms - 200
[18:23:05 INF] System.Net.Http.HttpClient.DeepSeek.LogicalHandler End processing HTTP request after 301.8836ms - 200
[18:23:05 INF] System.Net.Http.HttpClient.DeepSeek.LogicalHandler Start processing HTTP request POST https://api.deepseek.com/chat/completions
[18:23:05 INF] System.Net.Http.HttpClient.DeepSeek.ClientHandler Sending HTTP request POST https://api.deepseek.com/chat/completions
[18:23:05 INF] System.Net.Http.HttpClient.DeepSeek.ClientHandler Received HTTP response headers after 283.5615ms - 200
[18:23:05 INF] System.Net.Http.HttpClient.DeepSeek.LogicalHandler End processing HTTP request after 283.8402ms - 200
[18:23:05 INF] System.Net.Http.HttpClient.DeepSeek.LogicalHandler Start processing HTTP request POST https://api.deepseek.com/chat/completions
[18:23:05 INF] System.Net.Http.HttpClient.DeepSeek.ClientHandler Sending HTTP request POST https://api.deepseek.com/chat/completions
[18:23:05 INF] System.Net.Http.HttpClient.DeepSeek.ClientHandler Received HTTP response headers after 278.182ms - 200
[18:23:05 INF] System.Net.Http.HttpClient.DeepSeek.LogicalHandler End processing HTTP request after 278.5659ms - 200
[18:23:05 INF] System.Net.Http.HttpClient.DeepSeek.ClientHandler Received HTTP response headers after 276.2186ms - 200
[18:23:05 INF] System.Net.Http.HttpClient.DeepSeek.LogicalHandler End processing HTTP request after 277.0176ms - 200
[18:23:05 INF] System.Net.Http.HttpClient.DeepSeek.LogicalHandler Start processing HTTP request POST https://api.deepseek.com/chat/completions
[18:23:05 INF] System.Net.Http.HttpClient.DeepSeek.ClientHandler Sending HTTP request POST https://api.deepseek.com/chat/completions
[18:23:06 INF] System.Net.Http.HttpClient.DeepSeek.LogicalHandler Start processing HTTP request POST https://api.deepseek.com/chat/completions
[18:23:06 INF] System.Net.Http.HttpClient.DeepSeek.ClientHandler Sending HTTP request POST https://api.deepseek.com/chat/completions
[18:23:06 INF] System.Net.Http.HttpClient.DeepSeek.LogicalHandler Start processing HTTP request POST https://api.deepseek.com/chat/completions
[18:23:06 INF] System.Net.Http.HttpClient.DeepSeek.ClientHandler Sending HTTP request POST https://api.deepseek.com/chat/completions
[18:23:06 INF] System.Net.Http.HttpClient.DeepSeek.ClientHandler Received HTTP response headers after 280.5976ms - 200
[18:23:06 INF] System.Net.Http.HttpClient.DeepSeek.LogicalHandler End processing HTTP request after 281.1452ms - 200
[18:23:06 INF] System.Net.Http.HttpClient.DeepSeek.ClientHandler Received HTTP response headers after 285.2468ms - 200
[18:23:06 INF] System.Net.Http.HttpClient.DeepSeek.LogicalHandler End processing HTTP request after 288.5969ms - 200
[18:23:06 INF] System.Net.Http.HttpClient.DeepSeek.ClientHandler Received HTTP response headers after 275.7553ms - 200
[18:23:06 INF] System.Net.Http.HttpClient.DeepSeek.LogicalHandler End processing HTTP request after 276.1484ms - 200
[18:23:06 INF] System.Net.Http.HttpClient.DeepSeek.LogicalHandler Start processing HTTP request POST https://api.deepseek.com/chat/completions
[18:23:06 INF] System.Net.Http.HttpClient.DeepSeek.ClientHandler Sending HTTP request POST https://api.deepseek.com/chat/completions
[18:23:06 INF] System.Net.Http.HttpClient.DeepSeek.LogicalHandler Start processing HTTP request POST https://api.deepseek.com/chat/completions
[18:23:06 INF] System.Net.Http.HttpClient.DeepSeek.ClientHandler Sending HTTP request POST https://api.deepseek.com/chat/completions
[18:23:06 INF] System.Net.Http.HttpClient.DeepSeek.LogicalHandler Start processing HTTP request POST https://api.deepseek.com/chat/completions
[18:23:06 INF] System.Net.Http.HttpClient.DeepSeek.ClientHandler Sending HTTP request POST https://api.deepseek.com/chat/completions
[18:23:06 INF] System.Net.Http.HttpClient.DeepSeek.LogicalHandler Start processing HTTP request POST https://api.deepseek.com/chat/completions
[18:23:06 INF] System.Net.Http.HttpClient.DeepSeek.ClientHandler Sending HTTP request POST https://api.deepseek.com/chat/completions
[18:23:06 INF] System.Net.Http.HttpClient.DeepSeek.ClientHandler Received HTTP response headers after 286.0645ms - 200
[18:23:06 INF] System.Net.Http.HttpClient.DeepSeek.LogicalHandler End processing HTTP request after 286.4676ms - 200
[18:23:06 INF] System.Net.Http.HttpClient.DeepSeek.ClientHandler Received HTTP response headers after 289.0075ms - 200
[18:23:06 INF] System.Net.Http.HttpClient.DeepSeek.LogicalHandler End processing HTTP request after 289.3886ms - 200
[18:23:06 INF] System.Net.Http.HttpClient.DeepSeek.ClientHandler Received HTTP response headers after 278.2184ms - 200
[18:23:06 INF] System.Net.Http.HttpClient.DeepSeek.LogicalHandler End processing HTTP request after 278.95ms - 200
[18:23:06 INF] System.Net.Http.HttpClient.DeepSeek.ClientHandler Received HTTP response headers after 285.525ms - 200
[18:23:06 INF] System.Net.Http.HttpClient.DeepSeek.LogicalHandler End processing HTTP request after 286.2999ms - 200
[18:23:06 INF] System.Net.Http.HttpClient.DeepSeek.LogicalHandler Start processing HTTP request POST https://api.deepseek.com/chat/completions
[18:23:06 INF] System.Net.Http.HttpClient.DeepSeek.ClientHandler Sending HTTP request POST https://api.deepseek.com/chat/completions
[18:23:06 INF] System.Net.Http.HttpClient.DeepSeek.LogicalHandler Start processing HTTP request POST https://api.deepseek.com/chat/completions
[18:23:06 INF] System.Net.Http.HttpClient.DeepSeek.ClientHandler Sending HTTP request POST https://api.deepseek.com/chat/completions
[18:23:07 INF] System.Net.Http.HttpClient.DeepSeek.ClientHandler Received HTTP response headers after 274.3759ms - 200
[18:23:07 INF] System.Net.Http.HttpClient.DeepSeek.LogicalHandler End processing HTTP request after 274.8045ms - 200
[18:23:07 INF] System.Net.Http.HttpClient.DeepSeek.LogicalHandler Start processing HTTP request POST https://api.deepseek.com/chat/completions
[18:23:07 INF] System.Net.Http.HttpClient.DeepSeek.ClientHandler Sending HTTP request POST https://api.deepseek.com/chat/completions
[18:23:07 INF] System.Net.Http.HttpClient.DeepSeek.ClientHandler Received HTTP response headers after 286.657ms - 200
[18:23:07 INF] System.Net.Http.HttpClient.DeepSeek.LogicalHandler End processing HTTP request after 287.1078ms - 200
[18:23:07 INF] System.Net.Http.HttpClient.DeepSeek.ClientHandler Received HTTP response headers after 290.2395ms - 200
[18:23:07 INF] System.Net.Http.HttpClient.DeepSeek.LogicalHandler End processing HTTP request after 290.6245ms - 200
[18:23:07 INF] System.Net.Http.HttpClient.DeepSeek.LogicalHandler Start processing HTTP request POST https://api.deepseek.com/chat/completions
[18:23:07 INF] System.Net.Http.HttpClient.DeepSeek.ClientHandler Sending HTTP request POST https://api.deepseek.com/chat/completions
[18:23:07 INF] System.Net.Http.HttpClient.DeepSeek.LogicalHandler Start processing HTTP request POST https://api.deepseek.com/chat/completions
[18:23:07 INF] System.Net.Http.HttpClient.DeepSeek.ClientHandler Sending HTTP request POST https://api.deepseek.com/chat/completions
[18:23:07 INF] System.Net.Http.HttpClient.DeepSeek.LogicalHandler Start processing HTTP request POST https://api.deepseek.com/chat/completions
[18:23:07 INF] System.Net.Http.HttpClient.DeepSeek.ClientHandler Sending HTTP request POST https://api.deepseek.com/chat/completions
[18:23:07 INF] System.Net.Http.HttpClient.DeepSeek.LogicalHandler Start processing HTTP request POST https://api.deepseek.com/chat/completions
[18:23:07 INF] System.Net.Http.HttpClient.DeepSeek.ClientHandler Sending HTTP request POST https://api.deepseek.com/chat/completions
[18:23:07 INF] System.Net.Http.HttpClient.DeepSeek.LogicalHandler Start processing HTTP request POST https://api.deepseek.com/chat/completions
[18:23:07 INF] System.Net.Http.HttpClient.DeepSeek.ClientHandler Sending HTTP request POST https://api.deepseek.com/chat/completions
[18:23:07 INF] System.Net.Http.HttpClient.DeepSeek.LogicalHandler Start processing HTTP request POST https://api.deepseek.com/chat/completions
[18:23:07 INF] System.Net.Http.HttpClient.DeepSeek.ClientHandler Sending HTTP request POST https://api.deepseek.com/chat/completions
[18:23:07 INF] System.Net.Http.HttpClient.DeepSeek.LogicalHandler Start processing HTTP request POST https://api.deepseek.com/chat/completions
[18:23:07 INF] System.Net.Http.HttpClient.DeepSeek.ClientHandler Sending HTTP request POST https://api.deepseek.com/chat/completions
[18:23:07 INF] System.Net.Http.HttpClient.DeepSeek.ClientHandler Received HTTP response headers after 299.2142ms - 200
[18:23:07 INF] System.Net.Http.HttpClient.DeepSeek.LogicalHandler End processing HTTP request after 299.654ms - 200
[18:23:07 INF] System.Net.Http.HttpClient.DeepSeek.ClientHandler Received HTTP response headers after 283.4278ms - 200
[18:23:07 INF] System.Net.Http.HttpClient.DeepSeek.LogicalHandler End processing HTTP request after 284.1129ms - 200
[18:23:07 INF] System.Net.Http.HttpClient.DeepSeek.LogicalHandler Start processing HTTP request POST https://api.deepseek.com/chat/completions
[18:23:07 INF] System.Net.Http.HttpClient.DeepSeek.ClientHandler Sending HTTP request POST https://api.deepseek.com/chat/completions
[18:23:07 INF] System.Net.Http.HttpClient.DeepSeek.ClientHandler Received HTTP response headers after 330.8545ms - 200
[18:23:07 INF] System.Net.Http.HttpClient.DeepSeek.LogicalHandler End processing HTTP request after 331.418ms - 200
[18:23:07 INF] System.Net.Http.HttpClient.DeepSeek.ClientHandler Received HTTP response headers after 280.6222ms - 200
[18:23:07 INF] System.Net.Http.HttpClient.DeepSeek.LogicalHandler End processing HTTP request after 281.1968ms - 200
[18:23:07 INF] System.Net.Http.HttpClient.DeepSeek.LogicalHandler Start processing HTTP request POST https://api.deepseek.com/chat/completions
[18:23:07 INF] System.Net.Http.HttpClient.DeepSeek.ClientHandler Sending HTTP request POST https://api.deepseek.com/chat/completions
[18:23:07 INF] System.Net.Http.HttpClient.DeepSeek.ClientHandler Received HTTP response headers after 277.3552ms - 200
[18:23:07 INF] System.Net.Http.HttpClient.DeepSeek.LogicalHandler End processing HTTP request after 277.9165ms - 200
[18:23:07 INF] System.Net.Http.HttpClient.DeepSeek.ClientHandler Received HTTP response headers after 294.9641ms - 200
[18:23:07 INF] System.Net.Http.HttpClient.DeepSeek.LogicalHandler End processing HTTP request after 295.4998ms - 200
[18:23:08 INF] System.Net.Http.HttpClient.DeepSeek.ClientHandler Received HTTP response headers after 284.5269ms - 200
[18:23:08 INF] System.Net.Http.HttpClient.DeepSeek.LogicalHandler End processing HTTP request after 288.5292ms - 200
[18:23:08 INF] System.Net.Http.HttpClient.DeepSeek.LogicalHandler Start processing HTTP request POST https://api.deepseek.com/chat/completions
[18:23:08 INF] System.Net.Http.HttpClient.DeepSeek.ClientHandler Sending HTTP request POST https://api.deepseek.com/chat/completions
[18:23:08 INF] System.Net.Http.HttpClient.DeepSeek.ClientHandler Received HTTP response headers after 292.0602ms - 200
[18:23:08 INF] System.Net.Http.HttpClient.DeepSeek.LogicalHandler End processing HTTP request after 292.652ms - 200
[18:23:08 INF] System.Net.Http.HttpClient.DeepSeek.ClientHandler Received HTTP response headers after 275.2967ms - 200
[18:23:08 INF] System.Net.Http.HttpClient.DeepSeek.LogicalHandler End processing HTTP request after 275.7847ms - 200
[18:23:08 INF] System.Net.Http.HttpClient.DeepSeek.ClientHandler Received HTTP response headers after 366.7338ms - 200
[18:23:08 INF] System.Net.Http.HttpClient.DeepSeek.LogicalHandler End processing HTTP request after 367.2029ms - 200
[18:23:08 INF] System.Net.Http.HttpClient.DeepSeek.LogicalHandler Start processing HTTP request POST https://api.deepseek.com/chat/completions
[18:23:08 INF] System.Net.Http.HttpClient.DeepSeek.ClientHandler Sending HTTP request POST https://api.deepseek.com/chat/completions
[18:23:08 INF] System.Net.Http.HttpClient.DeepSeek.LogicalHandler Start processing HTTP request POST https://api.deepseek.com/chat/completions
[18:23:08 INF] System.Net.Http.HttpClient.DeepSeek.ClientHandler Sending HTTP request POST https://api.deepseek.com/chat/completions
[18:23:08 INF] System.Net.Http.HttpClient.DeepSeek.LogicalHandler Start processing HTTP request POST https://api.deepseek.com/chat/completions
[18:23:08 INF] System.Net.Http.HttpClient.DeepSeek.ClientHandler Sending HTTP request POST https://api.deepseek.com/chat/completions
[18:23:08 INF] System.Net.Http.HttpClient.DeepSeek.ClientHandler Received HTTP response headers after 281.2787ms - 200
[18:23:08 INF] System.Net.Http.HttpClient.DeepSeek.LogicalHandler End processing HTTP request after 281.7134ms - 200
[18:23:08 INF] System.Net.Http.HttpClient.DeepSeek.LogicalHandler Start processing HTTP request POST https://api.deepseek.com/chat/completions
[18:23:08 INF] System.Net.Http.HttpClient.DeepSeek.ClientHandler Sending HTTP request POST https://api.deepseek.com/chat/completions
[18:23:08 INF] System.Net.Http.HttpClient.DeepSeek.LogicalHandler Start processing HTTP request POST https://api.deepseek.com/chat/completions
[18:23:08 INF] System.Net.Http.HttpClient.DeepSeek.ClientHandler Sending HTTP request POST https://api.deepseek.com/chat/completions
[18:23:09 INF] System.Net.Http.HttpClient.DeepSeek.ClientHandler Received HTTP response headers after 292.0474ms - 200
[18:23:09 INF] System.Net.Http.HttpClient.DeepSeek.LogicalHandler End processing HTTP request after 292.8476ms - 200
[18:23:09 INF] System.Net.Http.HttpClient.DeepSeek.ClientHandler Received HTTP response headers after 284.6052ms - 200
[18:23:09 INF] System.Net.Http.HttpClient.DeepSeek.LogicalHandler End processing HTTP request after 285.438ms - 200
[18:23:09 INF] System.Net.Http.HttpClient.DeepSeek.ClientHandler Received HTTP response headers after 286.6957ms - 200
[18:23:09 INF] System.Net.Http.HttpClient.DeepSeek.LogicalHandler End processing HTTP request after 287.296ms - 200
[18:23:09 INF] System.Net.Http.HttpClient.DeepSeek.ClientHandler Received HTTP response headers after 281.5759ms - 200
[18:23:09 INF] System.Net.Http.HttpClient.DeepSeek.LogicalHandler End processing HTTP request after 282.0843ms - 200
[18:23:09 INF] System.Net.Http.HttpClient.DeepSeek.LogicalHandler Start processing HTTP request POST https://api.deepseek.com/chat/completions
[18:23:09 INF] System.Net.Http.HttpClient.DeepSeek.ClientHandler Sending HTTP request POST https://api.deepseek.com/chat/completions
[18:23:09 INF] System.Net.Http.HttpClient.DeepSeek.ClientHandler Received HTTP response headers after 288.6432ms - 200
[18:23:09 INF] System.Net.Http.HttpClient.DeepSeek.LogicalHandler End processing HTTP request after 289.1011ms - 200
[18:23:10 INF] System.Net.Http.HttpClient.DeepSeek.LogicalHandler Start processing HTTP request POST https://api.deepseek.com/chat/completions
[18:23:10 INF] System.Net.Http.HttpClient.DeepSeek.ClientHandler Sending HTTP request POST https://api.deepseek.com/chat/completions
[18:23:10 INF] System.Net.Http.HttpClient.DeepSeek.ClientHandler Received HTTP response headers after 282.276ms - 200
[18:23:10 INF] System.Net.Http.HttpClient.DeepSeek.LogicalHandler End processing HTTP request after 282.7102ms - 200
[18:23:10 INF] System.Net.Http.HttpClient.DeepSeek.LogicalHandler Start processing HTTP request POST https://api.deepseek.com/chat/completions
[18:23:10 INF] System.Net.Http.HttpClient.DeepSeek.ClientHandler Sending HTTP request POST https://api.deepseek.com/chat/completions
[18:23:10 INF] System.Net.Http.HttpClient.DeepSeek.LogicalHandler Start processing HTTP request POST https://api.deepseek.com/chat/completions
[18:23:10 INF] System.Net.Http.HttpClient.DeepSeek.ClientHandler Sending HTTP request POST https://api.deepseek.com/chat/completions
[18:23:10 INF] System.Net.Http.HttpClient.DeepSeek.LogicalHandler Start processing HTTP request POST https://api.deepseek.com/chat/completions
[18:23:10 INF] System.Net.Http.HttpClient.DeepSeek.ClientHandler Sending HTTP request POST https://api.deepseek.com/chat/completions
[18:23:10 INF] System.Net.Http.HttpClient.DeepSeek.LogicalHandler Start processing HTTP request POST https://api.deepseek.com/chat/completions
[18:23:10 INF] System.Net.Http.HttpClient.DeepSeek.ClientHandler Sending HTTP request POST https://api.deepseek.com/chat/completions
[18:23:10 INF] System.Net.Http.HttpClient.DeepSeek.ClientHandler Received HTTP response headers after 292.9553ms - 200
[18:23:10 INF] System.Net.Http.HttpClient.DeepSeek.LogicalHandler End processing HTTP request after 293.3806ms - 200
[18:23:10 INF] System.Net.Http.HttpClient.DeepSeek.LogicalHandler Start processing HTTP request POST https://api.deepseek.com/chat/completions
[18:23:10 INF] System.Net.Http.HttpClient.DeepSeek.ClientHandler Sending HTTP request POST https://api.deepseek.com/chat/completions
[18:23:10 INF] System.Net.Http.HttpClient.DeepSeek.ClientHandler Received HTTP response headers after 291.8946ms - 200
[18:23:10 INF] System.Net.Http.HttpClient.DeepSeek.LogicalHandler End processing HTTP request after 292.9297ms - 200
[18:23:10 INF] System.Net.Http.HttpClient.DeepSeek.ClientHandler Received HTTP response headers after 286.2928ms - 200
[18:23:10 INF] System.Net.Http.HttpClient.DeepSeek.LogicalHandler End processing HTTP request after 286.9072ms - 200
[18:23:11 INF] System.Net.Http.HttpClient.DeepSeek.ClientHandler Received HTTP response headers after 274.4875ms - 200
[18:23:11 INF] System.Net.Http.HttpClient.DeepSeek.LogicalHandler End processing HTTP request after 275.0885ms - 200
[18:23:11 INF] System.Net.Http.HttpClient.DeepSeek.ClientHandler Received HTTP response headers after 287.2617ms - 200
[18:23:11 INF] System.Net.Http.HttpClient.DeepSeek.LogicalHandler End processing HTTP request after 287.7838ms - 200
[18:23:11 INF] System.Net.Http.HttpClient.DeepSeek.LogicalHandler Start processing HTTP request POST https://api.deepseek.com/chat/completions
[18:23:11 INF] System.Net.Http.HttpClient.DeepSeek.ClientHandler Sending HTTP request POST https://api.deepseek.com/chat/completions
[18:23:11 INF] System.Net.Http.HttpClient.DeepSeek.ClientHandler Received HTTP response headers after 360.8872ms - 200
[18:23:11 INF] System.Net.Http.HttpClient.DeepSeek.LogicalHandler End processing HTTP request after 361.196ms - 200
[18:23:11 INF] System.Net.Http.HttpClient.DeepSeek.LogicalHandler Start processing HTTP request POST https://api.deepseek.com/chat/completions
[18:23:11 INF] System.Net.Http.HttpClient.DeepSeek.ClientHandler Sending HTTP request POST https://api.deepseek.com/chat/completions
[18:23:11 INF] System.Net.Http.HttpClient.DeepSeek.LogicalHandler Start processing HTTP request POST https://api.deepseek.com/chat/completions
[18:23:11 INF] System.Net.Http.HttpClient.DeepSeek.ClientHandler Sending HTTP request POST https://api.deepseek.com/chat/completions
[18:23:11 INF] System.Net.Http.HttpClient.DeepSeek.ClientHandler Received HTTP response headers after 276.7292ms - 200
[18:23:11 INF] System.Net.Http.HttpClient.DeepSeek.LogicalHandler End processing HTTP request after 277.0825ms - 200
[18:23:11 INF] System.Net.Http.HttpClient.DeepSeek.LogicalHandler Start processing HTTP request POST https://api.deepseek.com/chat/completions
[18:23:11 INF] System.Net.Http.HttpClient.DeepSeek.ClientHandler Sending HTTP request POST https://api.deepseek.com/chat/completions
[18:23:11 INF] System.Net.Http.HttpClient.DeepSeek.ClientHandler Received HTTP response headers after 290.5921ms - 200
[18:23:11 INF] System.Net.Http.HttpClient.DeepSeek.LogicalHandler End processing HTTP request after 291.5619ms - 200
[18:23:11 INF] System.Net.Http.HttpClient.DeepSeek.LogicalHandler Start processing HTTP request POST https://api.deepseek.com/chat/completions
[18:23:11 INF] System.Net.Http.HttpClient.DeepSeek.ClientHandler Sending HTTP request POST https://api.deepseek.com/chat/completions
[18:23:12 INF] System.Net.Http.HttpClient.DeepSeek.ClientHandler Received HTTP response headers after 285.2109ms - 200
[18:23:12 INF] System.Net.Http.HttpClient.DeepSeek.LogicalHandler End processing HTTP request after 285.867ms - 200
[18:23:12 INF] System.Net.Http.HttpClient.DeepSeek.LogicalHandler Start processing HTTP request POST https://api.deepseek.com/chat/completions
[18:23:12 INF] System.Net.Http.HttpClient.DeepSeek.ClientHandler Sending HTTP request POST https://api.deepseek.com/chat/completions
[18:23:12 INF] System.Net.Http.HttpClient.DeepSeek.ClientHandler Received HTTP response headers after 295.4562ms - 200
[18:23:12 INF] System.Net.Http.HttpClient.DeepSeek.LogicalHandler End processing HTTP request after 296.4448ms - 200
[18:23:12 INF] System.Net.Http.HttpClient.DeepSeek.ClientHandler Received HTTP response headers after 288.0909ms - 200
[18:23:12 INF] System.Net.Http.HttpClient.DeepSeek.LogicalHandler End processing HTTP request after 288.4757ms - 200
[18:23:12 INF] System.Net.Http.HttpClient.DeepSeek.LogicalHandler Start processing HTTP request POST https://api.deepseek.com/chat/completions
[18:23:12 INF] System.Net.Http.HttpClient.DeepSeek.ClientHandler Sending HTTP request POST https://api.deepseek.com/chat/completions
[18:23:12 INF] System.Net.Http.HttpClient.DeepSeek.ClientHandler Received HTTP response headers after 283.2004ms - 200
[18:23:12 INF] System.Net.Http.HttpClient.DeepSeek.LogicalHandler End processing HTTP request after 283.6687ms - 200
[18:23:13 INF] System.Net.Http.HttpClient.DeepSeek.LogicalHandler Start processing HTTP request POST https://api.deepseek.com/chat/completions
[18:23:13 INF] System.Net.Http.HttpClient.DeepSeek.ClientHandler Sending HTTP request POST https://api.deepseek.com/chat/completions
[18:23:13 INF] System.Net.Http.HttpClient.DeepSeek.ClientHandler Received HTTP response headers after 354.0462ms - 200
[18:23:13 INF] System.Net.Http.HttpClient.DeepSeek.LogicalHandler End processing HTTP request after 354.4757ms - 200
[18:23:13 INF] System.Net.Http.HttpClient.DeepSeek.LogicalHandler Start processing HTTP request POST https://api.deepseek.com/chat/completions
[18:23:13 INF] System.Net.Http.HttpClient.DeepSeek.ClientHandler Sending HTTP request POST https://api.deepseek.com/chat/completions
[18:23:13 INF] System.Net.Http.HttpClient.DeepSeek.LogicalHandler Start processing HTTP request POST https://api.deepseek.com/chat/completions
[18:23:13 INF] System.Net.Http.HttpClient.DeepSeek.ClientHandler Sending HTTP request POST https://api.deepseek.com/chat/completions
[18:23:13 INF] System.Net.Http.HttpClient.DeepSeek.ClientHandler Received HTTP response headers after 284.3212ms - 200
[18:23:13 INF] System.Net.Http.HttpClient.DeepSeek.LogicalHandler End processing HTTP request after 284.6138ms - 200
[18:23:13 INF] System.Net.Http.HttpClient.DeepSeek.LogicalHandler Start processing HTTP request POST https://api.deepseek.com/chat/completions
[18:23:13 INF] System.Net.Http.HttpClient.DeepSeek.ClientHandler Sending HTTP request POST https://api.deepseek.com/chat/completions
[18:23:13 INF] System.Net.Http.HttpClient.DeepSeek.ClientHandler Received HTTP response headers after 288.1281ms - 200
[18:23:13 INF] System.Net.Http.HttpClient.DeepSeek.LogicalHandler End processing HTTP request after 288.5882ms - 200
[18:23:14 INF] System.Net.Http.HttpClient.DeepSeek.ClientHandler Received HTTP response headers after 291.7024ms - 200
[18:23:14 INF] System.Net.Http.HttpClient.DeepSeek.LogicalHandler End processing HTTP request after 295.9931ms - 200
[18:23:14 INF] System.Net.Http.HttpClient.DeepSeek.LogicalHandler Start processing HTTP request POST https://api.deepseek.com/chat/completions
[18:23:14 INF] System.Net.Http.HttpClient.DeepSeek.ClientHandler Sending HTTP request POST https://api.deepseek.com/chat/completions
[18:23:15 INF] System.Net.Http.HttpClient.DeepSeek.ClientHandler Received HTTP response headers after 288.5349ms - 200
[18:23:15 INF] System.Net.Http.HttpClient.DeepSeek.LogicalHandler End processing HTTP request after 289.3514ms - 200
[18:23:15 INF] System.Net.Http.HttpClient.DeepSeek.LogicalHandler Start processing HTTP request POST https://api.deepseek.com/chat/completions
[18:23:15 INF] System.Net.Http.HttpClient.DeepSeek.ClientHandler Sending HTTP request POST https://api.deepseek.com/chat/completions
[18:23:15 INF] System.Net.Http.HttpClient.DeepSeek.ClientHandler Received HTTP response headers after 310.2593ms - 200
[18:23:15 INF] System.Net.Http.HttpClient.DeepSeek.LogicalHandler End processing HTTP request after 314.0884ms - 200
[18:23:15 INF] System.Net.Http.HttpClient.DeepSeek.LogicalHandler Start processing HTTP request POST https://api.deepseek.com/chat/completions
[18:23:15 INF] System.Net.Http.HttpClient.DeepSeek.ClientHandler Sending HTTP request POST https://api.deepseek.com/chat/completions
[18:23:15 INF] System.Net.Http.HttpClient.DeepSeek.LogicalHandler Start processing HTTP request POST https://api.deepseek.com/chat/completions
[18:23:15 INF] System.Net.Http.HttpClient.DeepSeek.ClientHandler Sending HTTP request POST https://api.deepseek.com/chat/completions
[18:23:15 INF] System.Net.Http.HttpClient.DeepSeek.ClientHandler Received HTTP response headers after 295.8683ms - 200
[18:23:15 INF] System.Net.Http.HttpClient.DeepSeek.LogicalHandler End processing HTTP request after 296.2805ms - 200
[18:23:15 INF] System.Net.Http.HttpClient.DeepSeek.ClientHandler Received HTTP response headers after 274.7813ms - 200
[18:23:15 INF] System.Net.Http.HttpClient.DeepSeek.LogicalHandler End processing HTTP request after 277.6941ms - 200
[18:23:16 INF] System.Net.Http.HttpClient.DeepSeek.LogicalHandler Start processing HTTP request POST https://api.deepseek.com/chat/completions
[18:23:16 INF] System.Net.Http.HttpClient.DeepSeek.ClientHandler Sending HTTP request POST https://api.deepseek.com/chat/completions
[18:23:16 INF] System.Net.Http.HttpClient.DeepSeek.ClientHandler Received HTTP response headers after 281.0177ms - 200
[18:23:16 INF] System.Net.Http.HttpClient.DeepSeek.LogicalHandler End processing HTTP request after 281.4582ms - 200
[18:23:16 INF] System.Net.Http.HttpClient.DeepSeek.LogicalHandler Start processing HTTP request POST https://api.deepseek.com/chat/completions
[18:23:16 INF] System.Net.Http.HttpClient.DeepSeek.ClientHandler Sending HTTP request POST https://api.deepseek.com/chat/completions
[18:23:16 INF] System.Net.Http.HttpClient.DeepSeek.LogicalHandler Start processing HTTP request POST https://api.deepseek.com/chat/completions
[18:23:16 INF] System.Net.Http.HttpClient.DeepSeek.ClientHandler Sending HTTP request POST https://api.deepseek.com/chat/completions
[18:23:16 INF] System.Net.Http.HttpClient.DeepSeek.ClientHandler Received HTTP response headers after 277.1429ms - 200
[18:23:16 INF] System.Net.Http.HttpClient.DeepSeek.LogicalHandler End processing HTTP request after 277.6023ms - 200
[18:23:17 INF] System.Net.Http.HttpClient.DeepSeek.ClientHandler Received HTTP response headers after 280.1484ms - 200
[18:23:17 INF] System.Net.Http.HttpClient.DeepSeek.LogicalHandler End processing HTTP request after 280.8185ms - 200
[18:23:18 INF] System.Net.Http.HttpClient.DeepSeek.LogicalHandler Start processing HTTP request POST https://api.deepseek.com/chat/completions
[18:23:18 INF] System.Net.Http.HttpClient.DeepSeek.ClientHandler Sending HTTP request POST https://api.deepseek.com/chat/completions
[18:23:18 INF] System.Net.Http.HttpClient.DeepSeek.ClientHandler Received HTTP response headers after 370.5634ms - 200
[18:23:18 INF] System.Net.Http.HttpClient.DeepSeek.LogicalHandler End processing HTTP request after 371.0792ms - 200
[18:23:18 INF] System.Net.Http.HttpClient.DeepSeek.LogicalHandler Start processing HTTP request POST https://api.deepseek.com/chat/completions
[18:23:18 INF] System.Net.Http.HttpClient.DeepSeek.ClientHandler Sending HTTP request POST https://api.deepseek.com/chat/completions
[18:23:18 INF] System.Net.Http.HttpClient.DeepSeek.ClientHandler Received HTTP response headers after 285.1001ms - 200
[18:23:18 INF] System.Net.Http.HttpClient.DeepSeek.LogicalHandler End processing HTTP request after 285.4659ms - 200
[18:23:19 INF] System.Net.Http.HttpClient.DeepSeek.LogicalHandler Start processing HTTP request POST https://api.deepseek.com/chat/completions
[18:23:19 INF] System.Net.Http.HttpClient.DeepSeek.ClientHandler Sending HTTP request POST https://api.deepseek.com/chat/completions
[18:23:19 INF] System.Net.Http.HttpClient.DeepSeek.ClientHandler Received HTTP response headers after 283.2497ms - 200
[18:23:19 INF] System.Net.Http.HttpClient.DeepSeek.LogicalHandler End processing HTTP request after 283.6301ms - 200
[18:23:23 INF] System.Net.Http.HttpClient.DeepSeek.LogicalHandler Start processing HTTP request POST https://api.deepseek.com/chat/completions
[18:23:23 INF] System.Net.Http.HttpClient.DeepSeek.ClientHandler Sending HTTP request POST https://api.deepseek.com/chat/completions
[18:23:23 INF] System.Net.Http.HttpClient.DeepSeek.ClientHandler Received HTTP response headers after 301.6517ms - 200
[18:23:23 INF] System.Net.Http.HttpClient.DeepSeek.LogicalHandler End processing HTTP request after 305.229ms - 200
[18:23:24 INF] System.Net.Http.HttpClient.DeepSeek.LogicalHandler Start processing HTTP request POST https://api.deepseek.com/chat/completions
[18:23:24 INF] System.Net.Http.HttpClient.DeepSeek.ClientHandler Sending HTTP request POST https://api.deepseek.com/chat/completions
[18:23:25 INF] System.Net.Http.HttpClient.DeepSeek.ClientHandler Received HTTP response headers after 291.7472ms - 200
[18:23:25 INF] System.Net.Http.HttpClient.DeepSeek.LogicalHandler End processing HTTP request after 292.2345ms - 200
[18:23:32 INF] simple_bloomberg_terminal.Services.Extraction.Measurement.CounterpartyMeasurementService Measurement lead agent starting for Super Micro Computer, Inc. run 4 using DeepSeek/deepseek-v4-pro | worker=directional-counterparty-worker-v2 | lead=counterparty-ledger-v2; digestChars=4056, contextChars=4058, maxTokens=16000
[18:23:32 INF] System.Net.Http.HttpClient.DeepSeek.LogicalHandler Start processing HTTP request POST https://api.deepseek.com/chat/completions
[18:23:32 INF] System.Net.Http.HttpClient.DeepSeek.ClientHandler Sending HTTP request POST https://api.deepseek.com/chat/completions
[18:23:32 INF] System.Net.Http.HttpClient.DeepSeek.ClientHandler Received HTTP response headers after 308.1112ms - 200
[18:23:32 INF] System.Net.Http.HttpClient.DeepSeek.LogicalHandler End processing HTTP request after 308.8542ms - 200
[18:23:45 INF] simple_bloomberg_terminal.Services.Extraction.Measurement.CounterpartyMeasurementService Measurement lead agent starting for Super Micro Computer, Inc. run 7 using DeepSeek/deepseek-v4-pro | worker=directional-counterparty-worker-v2 | lead=counterparty-ledger-v2; digestChars=5203, contextChars=5205, maxTokens=16000
[18:23:45 INF] System.Net.Http.HttpClient.DeepSeek.LogicalHandler Start processing HTTP request POST https://api.deepseek.com/chat/completions
[18:23:45 INF] System.Net.Http.HttpClient.DeepSeek.ClientHandler Sending HTTP request POST https://api.deepseek.com/chat/completions
[18:23:45 INF] System.Net.Http.HttpClient.DeepSeek.ClientHandler Received HTTP response headers after 309.5432ms - 200
[18:23:45 INF] System.Net.Http.HttpClient.DeepSeek.LogicalHandler End processing HTTP request after 310.106ms - 200
[18:23:55 INF] simple_bloomberg_terminal.Services.Extraction.Measurement.CounterpartyMeasurementService Measurement lead agent starting for Super Micro Computer, Inc. run 10 using DeepSeek/deepseek-v4-pro | worker=directional-counterparty-worker-v2 | lead=counterparty-ledger-v2; digestChars=2915, contextChars=2917, maxTokens=16000
[18:23:55 INF] System.Net.Http.HttpClient.DeepSeek.LogicalHandler Start processing HTTP request POST https://api.deepseek.com/chat/completions
[18:23:55 INF] System.Net.Http.HttpClient.DeepSeek.ClientHandler Sending HTTP request POST https://api.deepseek.com/chat/completions
[18:23:55 INF] System.Net.Http.HttpClient.DeepSeek.ClientHandler Received HTTP response headers after 400.6512ms - 200
[18:23:55 INF] System.Net.Http.HttpClient.DeepSeek.LogicalHandler End processing HTTP request after 401.066ms - 200
[18:23:57 INF] simple_bloomberg_terminal.Services.Extraction.Measurement.CounterpartyMeasurementService Measurement lead agent starting for Super Micro Computer, Inc. run 3 using DeepSeek/deepseek-v4-pro | worker=directional-counterparty-worker-v2 | lead=counterparty-ledger-v2; digestChars=4572, contextChars=4574, maxTokens=16000
[18:23:57 INF] System.Net.Http.HttpClient.DeepSeek.LogicalHandler Start processing HTTP request POST https://api.deepseek.com/chat/completions
[18:23:57 INF] System.Net.Http.HttpClient.DeepSeek.ClientHandler Sending HTTP request POST https://api.deepseek.com/chat/completions
[18:23:57 INF] System.Net.Http.HttpClient.DeepSeek.ClientHandler Received HTTP response headers after 285.4386ms - 200
[18:23:57 INF] System.Net.Http.HttpClient.DeepSeek.LogicalHandler End processing HTTP request after 285.763ms - 200
[18:24:01 INF] simple_bloomberg_terminal.Services.Extraction.Measurement.CounterpartyMeasurementService Measurement lead agent starting for Super Micro Computer, Inc. run 6 using DeepSeek/deepseek-v4-pro | worker=directional-counterparty-worker-v2 | lead=counterparty-ledger-v2; digestChars=5089, contextChars=5091, maxTokens=16000
[18:24:01 INF] System.Net.Http.HttpClient.DeepSeek.LogicalHandler Start processing HTTP request POST https://api.deepseek.com/chat/completions
[18:24:01 INF] System.Net.Http.HttpClient.DeepSeek.ClientHandler Sending HTTP request POST https://api.deepseek.com/chat/completions
[18:24:01 INF] simple_bloomberg_terminal.Services.Extraction.Measurement.CounterpartyMeasurementService Measurement lead agent starting for Super Micro Computer, Inc. run 9 using DeepSeek/deepseek-v4-pro | worker=directional-counterparty-worker-v2 | lead=counterparty-ledger-v2; digestChars=4865, contextChars=4867, maxTokens=16000
[18:24:01 INF] System.Net.Http.HttpClient.DeepSeek.LogicalHandler Start processing HTTP request POST https://api.deepseek.com/chat/completions
[18:24:01 INF] System.Net.Http.HttpClient.DeepSeek.ClientHandler Sending HTTP request POST https://api.deepseek.com/chat/completions
[18:24:01 INF] System.Net.Http.HttpClient.DeepSeek.ClientHandler Received HTTP response headers after 285.3006ms - 200
[18:24:01 INF] System.Net.Http.HttpClient.DeepSeek.LogicalHandler End processing HTTP request after 285.5933ms - 200
[18:24:01 INF] System.Net.Http.HttpClient.DeepSeek.ClientHandler Received HTTP response headers after 288.8757ms - 200
[18:24:01 INF] System.Net.Http.HttpClient.DeepSeek.LogicalHandler End processing HTTP request after 289.1808ms - 200
[18:24:12 INF] simple_bloomberg_terminal.Services.Extraction.Measurement.CounterpartyMeasurementService Measurement lead agent starting for Super Micro Computer, Inc. run 8 using DeepSeek/deepseek-v4-pro | worker=directional-counterparty-worker-v2 | lead=counterparty-ledger-v2; digestChars=3671, contextChars=3673, maxTokens=16000
[18:24:12 INF] System.Net.Http.HttpClient.DeepSeek.LogicalHandler Start processing HTTP request POST https://api.deepseek.com/chat/completions
[18:24:12 INF] System.Net.Http.HttpClient.DeepSeek.ClientHandler Sending HTTP request POST https://api.deepseek.com/chat/completions
[18:24:13 INF] System.Net.Http.HttpClient.DeepSeek.ClientHandler Received HTTP response headers after 340.6931ms - 200
[18:24:13 INF] System.Net.Http.HttpClient.DeepSeek.LogicalHandler End processing HTTP request after 341.0869ms - 200
[18:24:48 INF] simple_bloomberg_terminal.Services.Extraction.Measurement.CounterpartyMeasurementService Measurement lead agent starting for Super Micro Computer, Inc. run 5 using DeepSeek/deepseek-v4-pro | worker=directional-counterparty-worker-v2 | lead=counterparty-ledger-v2; digestChars=4622, contextChars=4624, maxTokens=16000
[18:24:48 INF] System.Net.Http.HttpClient.DeepSeek.LogicalHandler Start processing HTTP request POST https://api.deepseek.com/chat/completions
[18:24:48 INF] System.Net.Http.HttpClient.DeepSeek.ClientHandler Sending HTTP request POST https://api.deepseek.com/chat/completions
[18:24:49 INF] System.Net.Http.HttpClient.DeepSeek.ClientHandler Received HTTP response headers after 504.8055ms - 200
[18:24:49 INF] System.Net.Http.HttpClient.DeepSeek.LogicalHandler End processing HTTP request after 505.2537ms - 200
[18:24:49 INF] simple_bloomberg_terminal.Services.Extraction.Measurement.CounterpartyMeasurementService Measurement lead agent starting for Super Micro Computer, Inc. run 2 using DeepSeek/deepseek-v4-pro | worker=directional-counterparty-worker-v2 | lead=counterparty-ledger-v2; digestChars=3957, contextChars=3959, maxTokens=16000
[18:24:49 INF] System.Net.Http.HttpClient.DeepSeek.LogicalHandler Start processing HTTP request POST https://api.deepseek.com/chat/completions
[18:24:49 INF] System.Net.Http.HttpClient.DeepSeek.ClientHandler Sending HTTP request POST https://api.deepseek.com/chat/completions
[18:24:49 INF] System.Net.Http.HttpClient.DeepSeek.ClientHandler Received HTTP response headers after 385.5399ms - 200
[18:24:49 INF] System.Net.Http.HttpClient.DeepSeek.LogicalHandler End processing HTTP request after 385.777ms - 200
